Player Name - Slate Type,Contest IDs,Player ID,Draftable ID,Player Name,First Name,Last Name,Salary,Position,Team,Game,Game Start Time,Player Image,Tournament,Slate Type,Game Type,Date,Role,Contest Names,Contest IDs (Full),Slate Header
Jahmyr Gibbs - Showdown Captain Mode (Captain),196285049;196285047;196285046;196285050;196285056;196285071;196285042;196285064;196285065;196285048;196285095;196285096;196285083;196285089;196285107;196285108;196285105;196285106;196285090;196285094,Jahmyr Gibbs|DET,44358497,Jahmyr Gibbs,Jahmyr,Gibbs,18000,CPT,DET,DET @ CAR,10/04/2026 08:20 PM,,DET @ CAR,Showdown Captain Mode,NFL,10/4,Captain,"NFL Showdown $1M Sunday Night Showdown [$250K to 1st] (DET @ CAR);NFL Showdown $500K Wildcat [$100K to 1st] (DET @ CAR);NFL Showdown $402K Luxury Box [$100K to 1st] (DET @ CAR);NFL Showdown $200K Play-Action [20 Entry Max] (DET @ CAR);NFL Showdown $140K Four-Point Stance [$30K to 1st, 5 Entry Max] (DET @ CAR);NFL Showdown $60K Huddle [Single Entry] (DET @ CAR);NFL Showdown $10K Huddle [Single Entry] (DET @ CAR);NFL Showdown $75K Spy [$15K to 1st, Single Entry] (DET @ CAR);NFL Showdown $25K Spy [Single Entry] (DET @ CAR);NFL Showdown $70K Bootleg [$20K to 1st] (DET @ CAR)",196285049;196285047;196285046;196285050;196285056;196285071;196285042;196285064;196285065;196285048;196285095;196285096;196285083;196285089;196285107;196285108;196285105;196285106;196285090;196285094,10/4 8:20PM (DET @ CAR)
Jahmyr Gibbs - Showdown 2nd Half (Captain),196297427;196297821;196297824;196297424;196297431;196297428;196297426;196297698;196297429;196297822;196297825;196297820;196297827;196297823;196402607;196297697;196297425;196297430;196297432;196297828,Jahmyr Gibbs|DET,44358955,Jahmyr Gibbs,Jahmyr,Gibbs,18000,CPT,DET,DET @ CAR,10/04/2026 09:20 PM,,DET @ CAR,Showdown 2nd Half,NFL,10/4,Captain,"NFL In-Game $15K 2nd Half Clash [$5K to 1st] (2H DET @ CAR);NFL In-Game $20K Thunderdome [Must Fill] (2H DET @ CAR);NFL In-Game $10,170 2026 FFWC Qualifier Satellite [Must Fill] (2H DET @ CAR);NFL In-Game $1.8K Deep Threat [Single Entry] (2H DET @ CAR);NFL In-Game $1K Huddle [Single Entry] (2H DET @ CAR);NFL In-Game $500 Play-Action (2H DET @ CAR);NFL In-Game $600 Bootleg [Single Entry] (2H DET @ CAR);NFL In-Game $267 Winner Take All [$1K to 1st] (2H DET @ CAR);NFL In-Game $500 First Down (2H DET @ CAR);NFL In-Game Satellite to NFL $4,444 Fantasy Football MEGA Millionaire [Must Fill] (2H DET @ CAR)",196297427;196297821;196297824;196297424;196297431;196297428;196297426;196297698;196297429;196297822;196297825;196297820;196297827;196297823;196402607;196297697;196297425;196297430;196297432;196297828,10/4 9:20PM 2H (DET @ CAR)
Jahmyr Gibbs - Showdown 4th Quarter (Captain),196297920;196297923;196297434;196297921;196297924;196297433;196297919;196297926;196297922;196297435;196297436;196297927;196297705;196297704;196297856;196297925;196297829;196297834;196297830;196297835,Jahmyr Gibbs|DET,44359055,Jahmyr Gibbs,Jahmyr,Gibbs,18000,CPT,DET,DET @ CAR,10/04/2026 09:50 PM,,DET @ CAR,Showdown 4th Quarter,NFL,10/4,Captain,"NFL In-Game $20K Thunderdome [Must Fill] (4Q DET @ CAR);NFL In-Game $10,170 2026 FFWC Qualifier Satellite [Must Fill] (4Q DET @ CAR);NFL In-Game $3K 4th Quarter Finish [$1K to 1st] (4Q DET @ CAR);NFL In-Game Satellite to NFL $4,444 Fantasy Football MEGA Millionaire [Must Fill] (4Q DET @ CAR);NFL In-Game Satellite to NFL 10-12 $4,444 Showdown MEGA Millionaire [Must Fill] (4Q DET @ CAR);NFL In-Game $285 Bootleg [Single Entry] (4Q DET @ CAR);NFL In-Game $1,060 Winner Take All [$4K to 1st] (Must Fill) (4Q DET @ CAR);NFL In-Game Satellite to NFL 11-1 Midseason Main Event [Must Fill] (4Q DET @ CAR);NFL In-Game Satellite to NFL $555 Fantasy Football Millionaire [Must Fill] (4Q DET @ CAR);NFL In-Game $150 First Down (4Q DET @ CAR)",196297920;196297923;196297434;196297921;196297924;196297433;196297919;196297926;196297922;196297435;196297436;196297927;196297705;196297704;196297856;196297925;196297829;196297834;196297830;196297835,10/4 9:50PM Q4 (DET @ CAR)
Bijan Robinson - Showdown Captain Mode (Captain),196285155;196285153;196285138;196285157;196285156;196285154;196285212;196285175;196285176;196285170;196285171;196285187;196285188;196285189;196285218;196285219;196285220;196285221;196285182;196285183,Bijan Robinson|ATL,44358603,Bijan Robinson,Bijan,Robinson,17700,CPT,ATL,ATL @ NO,10/05/2026 08:15 PM,,ATL @ NO,Showdown Captain Mode,NFL,10/5,Captain,"NFL Showdown $1.5M Monday Night Showdown [$500K to 1st] (ATL @ NO);NFL Showdown $600K Wildcat [$150K to 1st] (ATL @ NO);NFL Showdown $402K Luxury Box [$100K to 1st] (ATL @ NO);NFL Showdown $300K Play-Action [20 Entry Max] (ATL @ NO);NFL Showdown $250K Flea Flicker [$50K to 1st] (ATL @ NO);NFL Showdown $150K Bootleg [$50K to 1st] (ATL @ NO);NFL Showdown $160K Four-Point Stance [$50K to 1st, 5 Entry Max] (ATL @ NO);NFL Showdown $80K Huddle [$10K to 1st, Single Entry] (ATL @ NO);NFL Showdown $20K Huddle [Single Entry] (ATL @ NO);NFL Showdown $100K Spy [$20K to 1st, Single Entry] (ATL @ NO)",196285155;196285153;196285138;196285157;196285156;196285154;196285212;196285175;196285176;196285170;196285171;196285187;196285188;196285189;196285218;196285219;196285220;196285221;196285182;196285183,10/5 8:15PM (ATL @ NO)
Bijan Robinson - Showdown 2nd Half (Captain),196297440;196298019;196298022;196297437;196297444;196297441;196297439;196297702;196297442;196298020;196298023;196298018;196298025;196298021;196297701;196297438;196297443;196297445;196298026;196297700,Bijan Robinson|ATL,44359155,Bijan Robinson,Bijan,Robinson,17700,CPT,ATL,ATL @ NO,10/05/2026 09:15 PM,,ATL @ NO,Showdown 2nd Half,NFL,10/5,Captain,"NFL In-Game $15K 2nd Half Clash [$5K to 1st] (2H ATL @ NO);NFL In-Game $20K Thunderdome [Must Fill] (2H ATL @ NO);NFL In-Game $10,170 2026 FFWC Qualifier Satellite [Must Fill] (2H ATL @ NO);NFL In-Game $1.8K Deep Threat [Single Entry] (2H ATL @ NO);NFL In-Game $1K Huddle [Single Entry] (2H ATL @ NO);NFL In-Game $500 Play-Action (2H ATL @ NO);NFL In-Game $600 Bootleg [Single Entry] (2H ATL @ NO);NFL In-Game $267 Winner Take All [$1K to 1st] (2H ATL @ NO);NFL In-Game $500 First Down (2H ATL @ NO);NFL In-Game Satellite to NFL $4,444 Fantasy Football MEGA Millionaire [Must Fill] (2H ATL @ NO)",196297440;196298019;196298022;196297437;196297444;196297441;196297439;196297702;196297442;196298020;196298023;196298018;196298025;196298021;196297701;196297438;196297443;196297445;196298026;196297700,10/5 9:15PM 2H (ATL @ NO)
Bijan Robinson - Showdown 4th Quarter (Captain),196298118;196298121;196297447;196298119;196298122;196297446;196298117;196298124;196298120;196297448;196297449;196298125;196297707;196297706;196298037;196298109;196298080;196298081;196317157;196298123,Bijan Robinson|ATL,44359267,Bijan Robinson,Bijan,Robinson,17700,CPT,ATL,ATL @ NO,10/05/2026 09:45 PM,,ATL @ NO,Showdown 4th Quarter,NFL,10/5,Captain,"NFL In-Game $20K Thunderdome [Must Fill] (4Q ATL @ NO);NFL In-Game $10,170 2026 FFWC Qualifier Satellite [Must Fill] (4Q ATL @ NO);NFL In-Game $3K 4th Quarter Finish [$1K to 1st] (4Q ATL @ NO);NFL In-Game Satellite to NFL $4,444 Fantasy Football MEGA Millionaire [Must Fill] (4Q ATL @ NO);NFL In-Game Satellite to NFL 10-12 $4,444 Showdown MEGA Millionaire [Must Fill] (4Q ATL @ NO);NFL In-Game $285 Bootleg [Single Entry] (4Q ATL @ NO);NFL In-Game $1,060 Winner Take All [$4K to 1st] (Must Fill) (4Q ATL @ NO);NFL In-Game Satellite to NFL 11-1 Midseason Main Event [Must Fill] (4Q ATL @ NO);NFL In-Game Satellite to NFL $555 Fantasy Football Millionaire [Must Fill] (4Q ATL @ NO);NFL In-Game $150 First Down (4Q ATL @ NO)",196298118;196298121;196297447;196298119;196298122;196297446;196298117;196298124;196298120;196297448;196297449;196298125;196297707;196297706;196298037;196298109;196298080;196298081;196317157;196298123,10/5 9:45PM Q4 (ATL @ NO)
Amon-Ra St. Brown - Showdown Captain Mode (Captain),196285049;196285047;196285046;196285050;196285056;196285071;196285042;196285064;196285065;196285048;196285095;196285096;196285083;196285089;196285107;196285108;196285105;196285106;196285090;196285094,Amon-Ra St. Brown|DET,44358498,Amon-Ra St. Brown,Amon-Ra,St. Brown,16500,CPT,DET,DET @ CAR,10/04/2026 08:20 PM,,DET @ CAR,Showdown Captain Mode,NFL,10/4,Captain,"NFL Showdown $1M Sunday Night Showdown [$250K to 1st] (DET @ CAR);NFL Showdown $500K Wildcat [$100K to 1st] (DET @ CAR);NFL Showdown $402K Luxury Box [$100K to 1st] (DET @ CAR);NFL Showdown $200K Play-Action [20 Entry Max] (DET @ CAR);NFL Showdown $140K Four-Point Stance [$30K to 1st, 5 Entry Max] (DET @ CAR);NFL Showdown $60K Huddle [Single Entry] (DET @ CAR);NFL Showdown $10K Huddle [Single Entry] (DET @ CAR);NFL Showdown $75K Spy [$15K to 1st, Single Entry] (DET @ CAR);NFL Showdown $25K Spy [Single Entry] (DET @ CAR);NFL Showdown $70K Bootleg [$20K to 1st] (DET @ CAR)",196285049;196285047;196285046;196285050;196285056;196285071;196285042;196285064;196285065;196285048;196285095;196285096;196285083;196285089;196285107;196285108;196285105;196285106;196285090;196285094,10/4 8:20PM (DET @ CAR)
Amon-Ra St. Brown - Showdown 2nd Half (Captain),196297427;196297821;196297824;196297424;196297431;196297428;196297426;196297698;196297429;196297822;196297825;196297820;196297827;196297823;196402607;196297697;196297425;196297430;196297432;196297828,Amon-Ra St. Brown|DET,44358956,Amon-Ra St. Brown,Amon-Ra,St. Brown,16500,CPT,DET,DET @ CAR,10/04/2026 09:20 PM,,DET @ CAR,Showdown 2nd Half,NFL,10/4,Captain,"NFL In-Game $15K 2nd Half Clash [$5K to 1st] (2H DET @ CAR);NFL In-Game $20K Thunderdome [Must Fill] (2H DET @ CAR);NFL In-Game $10,170 2026 FFWC Qualifier Satellite [Must Fill] (2H DET @ CAR);NFL In-Game $1.8K Deep Threat [Single Entry] (2H DET @ CAR);NFL In-Game $1K Huddle [Single Entry] (2H DET @ CAR);NFL In-Game $500 Play-Action (2H DET @ CAR);NFL In-Game $600 Bootleg [Single Entry] (2H DET @ CAR);NFL In-Game $267 Winner Take All [$1K to 1st] (2H DET @ CAR);NFL In-Game $500 First Down (2H DET @ CAR);NFL In-Game Satellite to NFL $4,444 Fantasy Football MEGA Millionaire [Must Fill] (2H DET @ CAR)",196297427;196297821;196297824;196297424;196297431;196297428;196297426;196297698;196297429;196297822;196297825;196297820;196297827;196297823;196402607;196297697;196297425;196297430;196297432;196297828,10/4 9:20PM 2H (DET @ CAR)
Amon-Ra St. Brown - Showdown 4th Quarter (Captain),196297920;196297923;196297434;196297921;196297924;196297433;196297919;196297926;196297922;196297435;196297436;196297927;196297705;196297704;196297856;196297925;196297829;196297834;196297830;196297835,Amon-Ra St. Brown|DET,44359056,Amon-Ra St. Brown,Amon-Ra,St. Brown,16500,CPT,DET,DET @ CAR,10/04/2026 09:50 PM,,DET @ CAR,Showdown 4th Quarter,NFL,10/4,Captain,"NFL In-Game $20K Thunderdome [Must Fill] (4Q DET @ CAR);NFL In-Game $10,170 2026 FFWC Qualifier Satellite [Must Fill] (4Q DET @ CAR);NFL In-Game $3K 4th Quarter Finish [$1K to 1st] (4Q DET @ CAR);NFL In-Game Satellite to NFL $4,444 Fantasy Football MEGA Millionaire [Must Fill] (4Q DET @ CAR);NFL In-Game Satellite to NFL 10-12 $4,444 Showdown MEGA Millionaire [Must Fill] (4Q DET @ CAR);NFL In-Game $285 Bootleg [Single Entry] (4Q DET @ CAR);NFL In-Game $1,060 Winner Take All [$4K to 1st] (Must Fill) (4Q DET @ CAR);NFL In-Game Satellite to NFL 11-1 Midseason Main Event [Must Fill] (4Q DET @ CAR);NFL In-Game Satellite to NFL $555 Fantasy Football Millionaire [Must Fill] (4Q DET @ CAR);NFL In-Game $150 First Down (4Q DET @ CAR)",196297920;196297923;196297434;196297921;196297924;196297433;196297919;196297926;196297922;196297435;196297436;196297927;196297705;196297704;196297856;196297925;196297829;196297834;196297830;196297835,10/4 9:50PM Q4 (DET @ CAR)
Chris Olave - Showdown Captain Mode (Captain),196285155;196285153;196285138;196285157;196285156;196285154;196285212;196285175;196285176;196285170;196285171;196285187;196285188;196285189;196285218;196285219;196285220;196285221;196285182;196285183,Chris Olave|NO,44358604,Chris Olave,Chris,Olave,16200,CPT,NO,ATL @ NO,10/05/2026 08:15 PM,,ATL @ NO,Showdown Captain Mode,NFL,10/5,Captain,"NFL Showdown $1.5M Monday Night Showdown [$500K to 1st] (ATL @ NO);NFL Showdown $600K Wildcat [$150K to 1st] (ATL @ NO);NFL Showdown $402K Luxury Box [$100K to 1st] (ATL @ NO);NFL Showdown $300K Play-Action [20 Entry Max] (ATL @ NO);NFL Showdown $250K Flea Flicker [$50K to 1st] (ATL @ NO);NFL Showdown $150K Bootleg [$50K to 1st] (ATL @ NO);NFL Showdown $160K Four-Point Stance [$50K to 1st, 5 Entry Max] (ATL @ NO);NFL Showdown $80K Huddle [$10K to 1st, Single Entry] (ATL @ NO);NFL Showdown $20K Huddle [Single Entry] (ATL @ NO);NFL Showdown $100K Spy [$20K to 1st, Single Entry] (ATL @ NO)",196285155;196285153;196285138;196285157;196285156;196285154;196285212;196285175;196285176;196285170;196285171;196285187;196285188;196285189;196285218;196285219;196285220;196285221;196285182;196285183,10/5 8:15PM (ATL @ NO)
Chris Olave - Showdown 2nd Half (Captain),196297440;196298019;196298022;196297437;196297444;196297441;196297439;196297702;196297442;196298020;196298023;196298018;196298025;196298021;196297701;196297438;196297443;196297445;196298026;196297700,Chris Olave|NO,44359156,Chris Olave,Chris,Olave,16200,CPT,NO,ATL @ NO,10/05/2026 09:15 PM,,ATL @ NO,Showdown 2nd Half,NFL,10/5,Captain,"NFL In-Game $15K 2nd Half Clash [$5K to 1st] (2H ATL @ NO);NFL In-Game $20K Thunderdome [Must Fill] (2H ATL @ NO);NFL In-Game $10,170 2026 FFWC Qualifier Satellite [Must Fill] (2H ATL @ NO);NFL In-Game $1.8K Deep Threat [Single Entry] (2H ATL @ NO);NFL In-Game $1K Huddle [Single Entry] (2H ATL @ NO);NFL In-Game $500 Play-Action (2H ATL @ NO);NFL In-Game $600 Bootleg [Single Entry] (2H ATL @ NO);NFL In-Game $267 Winner Take All [$1K to 1st] (2H ATL @ NO);NFL In-Game $500 First Down (2H ATL @ NO);NFL In-Game Satellite to NFL $4,444 Fantasy Football MEGA Millionaire [Must Fill] (2H ATL @ NO)",196297440;196298019;196298022;196297437;196297444;196297441;196297439;196297702;196297442;196298020;196298023;196298018;196298025;196298021;196297701;196297438;196297443;196297445;196298026;196297700,10/5 9:15PM 2H (ATL @ NO)
Chris Olave - Showdown 4th Quarter (Captain),196298118;196298121;196297447;196298119;196298122;196297446;196298117;196298124;196298120;196297448;196297449;196298125;196297707;196297706;196298037;196298109;196298080;196298081;196317157;196298123,Chris Olave|NO,44359268,Chris Olave,Chris,Olave,16200,CPT,NO,ATL @ NO,10/05/2026 09:45 PM,,ATL @ NO,Showdown 4th Quarter,NFL,10/5,Captain,"NFL In-Game $20K Thunderdome [Must Fill] (4Q ATL @ NO);NFL In-Game $10,170 2026 FFWC Qualifier Satellite [Must Fill] (4Q ATL @ NO);NFL In-Game $3K 4th Quarter Finish [$1K to 1st] (4Q ATL @ NO);NFL In-Game Satellite to NFL $4,444 Fantasy Football MEGA Millionaire [Must Fill] (4Q ATL @ NO);NFL In-Game Satellite to NFL 10-12 $4,444 Showdown MEGA Millionaire [Must Fill] (4Q ATL @ NO);NFL In-Game $285 Bootleg [Single Entry] (4Q ATL @ NO);NFL In-Game $1,060 Winner Take All [$4K to 1st] (Must Fill) (4Q ATL @ NO);NFL In-Game Satellite to NFL 11-1 Midseason Main Event [Must Fill] (4Q ATL @ NO);NFL In-Game Satellite to NFL $555 Fantasy Football Millionaire [Must Fill] (4Q ATL @ NO);NFL In-Game $150 First Down (4Q ATL @ NO)",196298118;196298121;196297447;196298119;196298122;196297446;196298117;196298124;196298120;196297448;196297449;196298125;196297707;196297706;196298037;196298109;196298080;196298081;196317157;196298123,10/5 9:45PM Q4 (ATL @ NO)
Jared Goff - Showdown Captain Mode (Captain),196285049;196285047;196285046;196285050;196285056;196285071;196285042;196285064;196285065;196285048;196285095;196285096;196285083;196285089;196285107;196285108;196285105;196285106;196285090;196285094,Jared Goff|DET,44358499,Jared Goff,Jared,Goff,15000,CPT,DET,DET @ CAR,10/04/2026 08:20 PM,,DET @ CAR,Showdown Captain Mode,NFL,10/4,Captain,"NFL Showdown $1M Sunday Night Showdown [$250K to 1st] (DET @ CAR);NFL Showdown $500K Wildcat [$100K to 1st] (DET @ CAR);NFL Showdown $402K Luxury Box [$100K to 1st] (DET @ CAR);NFL Showdown $200K Play-Action [20 Entry Max] (DET @ CAR);NFL Showdown $140K Four-Point Stance [$30K to 1st, 5 Entry Max] (DET @ CAR);NFL Showdown $60K Huddle [Single Entry] (DET @ CAR);NFL Showdown $10K Huddle [Single Entry] (DET @ CAR);NFL Showdown $75K Spy [$15K to 1st, Single Entry] (DET @ CAR);NFL Showdown $25K Spy [Single Entry] (DET @ CAR);NFL Showdown $70K Bootleg [$20K to 1st] (DET @ CAR)",196285049;196285047;196285046;196285050;196285056;196285071;196285042;196285064;196285065;196285048;196285095;196285096;196285083;196285089;196285107;196285108;196285105;196285106;196285090;196285094,10/4 8:20PM (DET @ CAR)
Drake London - Showdown Captain Mode (Captain),196285155;196285153;196285138;196285157;196285156;196285154;196285212;196285175;196285176;196285170;196285171;196285187;196285188;196285189;196285218;196285219;196285220;196285221;196285182;196285183,Drake London|ATL,44358605,Drake London,Drake,London,15000,CPT,ATL,ATL @ NO,10/05/2026 08:15 PM,,ATL @ NO,Showdown Captain Mode,NFL,10/5,Captain,"NFL Showdown $1.5M Monday Night Showdown [$500K to 1st] (ATL @ NO);NFL Showdown $600K Wildcat [$150K to 1st] (ATL @ NO);NFL Showdown $402K Luxury Box [$100K to 1st] (ATL @ NO);NFL Showdown $300K Play-Action [20 Entry Max] (ATL @ NO);NFL Showdown $250K Flea Flicker [$50K to 1st] (ATL @ NO);NFL Showdown $150K Bootleg [$50K to 1st] (ATL @ NO);NFL Showdown $160K Four-Point Stance [$50K to 1st, 5 Entry Max] (ATL @ NO);NFL Showdown $80K Huddle [$10K to 1st, Single Entry] (ATL @ NO);NFL Showdown $20K Huddle [Single Entry] (ATL @ NO);NFL Showdown $100K Spy [$20K to 1st, Single Entry] (ATL @ NO)",196285155;196285153;196285138;196285157;196285156;196285154;196285212;196285175;196285176;196285170;196285171;196285187;196285188;196285189;196285218;196285219;196285220;196285221;196285182;196285183,10/5 8:15PM (ATL @ NO)
Jared Goff - Showdown 2nd Half (Captain),196297427;196297821;196297824;196297424;196297431;196297428;196297426;196297698;196297429;196297822;196297825;196297820;196297827;196297823;196402607;196297697;196297425;196297430;196297432;196297828,Jared Goff|DET,44358957,Jared Goff,Jared,Goff,15000,CPT,DET,DET @ CAR,10/04/2026 09:20 PM,,DET @ CAR,Showdown 2nd Half,NFL,10/4,Captain,"NFL In-Game $15K 2nd Half Clash [$5K to 1st] (2H DET @ CAR);NFL In-Game $20K Thunderdome [Must Fill] (2H DET @ CAR);NFL In-Game $10,170 2026 FFWC Qualifier Satellite [Must Fill] (2H DET @ CAR);NFL In-Game $1.8K Deep Threat [Single Entry] (2H DET @ CAR);NFL In-Game $1K Huddle [Single Entry] (2H DET @ CAR);NFL In-Game $500 Play-Action (2H DET @ CAR);NFL In-Game $600 Bootleg [Single Entry] (2H DET @ CAR);NFL In-Game $267 Winner Take All [$1K to 1st] (2H DET @ CAR);NFL In-Game $500 First Down (2H DET @ CAR);NFL In-Game Satellite to NFL $4,444 Fantasy Football MEGA Millionaire [Must Fill] (2H DET @ CAR)",196297427;196297821;196297824;196297424;196297431;196297428;196297426;196297698;196297429;196297822;196297825;196297820;196297827;196297823;196402607;196297697;196297425;196297430;196297432;196297828,10/4 9:20PM 2H (DET @ CAR)
Jared Goff - Showdown 4th Quarter (Captain),196297920;196297923;196297434;196297921;196297924;196297433;196297919;196297926;196297922;196297435;196297436;196297927;196297705;196297704;196297856;196297925;196297829;196297834;196297830;196297835,Jared Goff|DET,44359057,Jared Goff,Jared,Goff,15000,CPT,DET,DET @ CAR,10/04/2026 09:50 PM,,DET @ CAR,Showdown 4th Quarter,NFL,10/4,Captain,"NFL In-Game $20K Thunderdome [Must Fill] (4Q DET @ CAR);NFL In-Game $10,170 2026 FFWC Qualifier Satellite [Must Fill] (4Q DET @ CAR);NFL In-Game $3K 4th Quarter Finish [$1K to 1st] (4Q DET @ CAR);NFL In-Game Satellite to NFL $4,444 Fantasy Football MEGA Millionaire [Must Fill] (4Q DET @ CAR);NFL In-Game Satellite to NFL 10-12 $4,444 Showdown MEGA Millionaire [Must Fill] (4Q DET @ CAR);NFL In-Game $285 Bootleg [Single Entry] (4Q DET @ CAR);NFL In-Game $1,060 Winner Take All [$4K to 1st] (Must Fill) (4Q DET @ CAR);NFL In-Game Satellite to NFL 11-1 Midseason Main Event [Must Fill] (4Q DET @ CAR);NFL In-Game Satellite to NFL $555 Fantasy Football Millionaire [Must Fill] (4Q DET @ CAR);NFL In-Game $150 First Down (4Q DET @ CAR)",196297920;196297923;196297434;196297921;196297924;196297433;196297919;196297926;196297922;196297435;196297436;196297927;196297705;196297704;196297856;196297925;196297829;196297834;196297830;196297835,10/4 9:50PM Q4 (DET @ CAR)
Drake London - Showdown 2nd Half (Captain),196297440;196298019;196298022;196297437;196297444;196297441;196297439;196297702;196297442;196298020;196298023;196298018;196298025;196298021;196297701;196297438;196297443;196297445;196298026;196297700,Drake London|ATL,44359157,Drake London,Drake,London,15000,CPT,ATL,ATL @ NO,10/05/2026 09:15 PM,,ATL @ NO,Showdown 2nd Half,NFL,10/5,Captain,"NFL In-Game $15K 2nd Half Clash [$5K to 1st] (2H ATL @ NO);NFL In-Game $20K Thunderdome [Must Fill] (2H ATL @ NO);NFL In-Game $10,170 2026 FFWC Qualifier Satellite [Must Fill] (2H ATL @ NO);NFL In-Game $1.8K Deep Threat [Single Entry] (2H ATL @ NO);NFL In-Game $1K Huddle [Single Entry] (2H ATL @ NO);NFL In-Game $500 Play-Action (2H ATL @ NO);NFL In-Game $600 Bootleg [Single Entry] (2H ATL @ NO);NFL In-Game $267 Winner Take All [$1K to 1st] (2H ATL @ NO);NFL In-Game $500 First Down (2H ATL @ NO);NFL In-Game Satellite to NFL $4,444 Fantasy Football MEGA Millionaire [Must Fill] (2H ATL @ NO)",196297440;196298019;196298022;196297437;196297444;196297441;196297439;196297702;196297442;196298020;196298023;196298018;196298025;196298021;196297701;196297438;196297443;196297445;196298026;196297700,10/5 9:15PM 2H (ATL @ NO)
Drake London - Showdown 4th Quarter (Captain),196298118;196298121;196297447;196298119;196298122;196297446;196298117;196298124;196298120;196297448;196297449;196298125;196297707;196297706;196298037;196298109;196298080;196298081;196317157;196298123,Drake London|ATL,44359269,Drake London,Drake,London,15000,CPT,ATL,ATL @ NO,10/05/2026 09:45 PM,,ATL @ NO,Showdown 4th Quarter,NFL,10/5,Captain,"NFL In-Game $20K Thunderdome [Must Fill] (4Q ATL @ NO);NFL In-Game $10,170 2026 FFWC Qualifier Satellite [Must Fill] (4Q ATL @ NO);NFL In-Game $3K 4th Quarter Finish [$1K to 1st] (4Q ATL @ NO);NFL In-Game Satellite to NFL $4,444 Fantasy Football MEGA Millionaire [Must Fill] (4Q ATL @ NO);NFL In-Game Satellite to NFL 10-12 $4,444 Showdown MEGA Millionaire [Must Fill] (4Q ATL @ NO);NFL In-Game $285 Bootleg [Single Entry] (4Q ATL @ NO);NFL In-Game $1,060 Winner Take All [$4K to 1st] (Must Fill) (4Q ATL @ NO);NFL In-Game Satellite to NFL 11-1 Midseason Main Event [Must Fill] (4Q ATL @ NO);NFL In-Game Satellite to NFL $555 Fantasy Football Millionaire [Must Fill] (4Q ATL @ NO);NFL In-Game $150 First Down (4Q ATL @ NO)",196298118;196298121;196297447;196298119;196298122;196297446;196298117;196298124;196298120;196297448;196297449;196298125;196297707;196297706;196298037;196298109;196298080;196298081;196317157;196298123,10/5 9:45PM Q4 (ATL @ NO)
Bryce Young - Showdown Captain Mode (Captain),196285049;196285047;196285046;196285050;196285056;196285071;196285042;196285064;196285065;196285048;196285095;196285096;196285083;196285089;196285107;196285108;196285105;196285106;196285090;196285094,Bryce Young|CAR,44358500,Bryce Young,Bryce,Young,14700,CPT,CAR,DET @ CAR,10/04/2026 08:20 PM,,DET @ CAR,Showdown Captain Mode,NFL,10/4,Captain,"NFL Showdown $1M Sunday Night Showdown [$250K to 1st] (DET @ CAR);NFL Showdown $500K Wildcat [$100K to 1st] (DET @ CAR);NFL Showdown $402K Luxury Box [$100K to 1st] (DET @ CAR);NFL Showdown $200K Play-Action [20 Entry Max] (DET @ CAR);NFL Showdown $140K Four-Point Stance [$30K to 1st, 5 Entry Max] (DET @ CAR);NFL Showdown $60K Huddle [Single Entry] (DET @ CAR);NFL Showdown $10K Huddle [Single Entry] (DET @ CAR);NFL Showdown $75K Spy [$15K to 1st, Single Entry] (DET @ CAR);NFL Showdown $25K Spy [Single Entry] (DET @ CAR);NFL Showdown $70K Bootleg [$20K to 1st] (DET @ CAR)",196285049;196285047;196285046;196285050;196285056;196285071;196285042;196285064;196285065;196285048;196285095;196285096;196285083;196285089;196285107;196285108;196285105;196285106;196285090;196285094,10/4 8:20PM (DET @ CAR)
Bryce Young - Showdown 2nd Half (Captain),196297427;196297821;196297824;196297424;196297431;196297428;196297426;196297698;196297429;196297822;196297825;196297820;196297827;196297823;196402607;196297697;196297425;196297430;196297432;196297828,Bryce Young|CAR,44358958,Bryce Young,Bryce,Young,14700,CPT,CAR,DET @ CAR,10/04/2026 09:20 PM,,DET @ CAR,Showdown 2nd Half,NFL,10/4,Captain,"NFL In-Game $15K 2nd Half Clash [$5K to 1st] (2H DET @ CAR);NFL In-Game $20K Thunderdome [Must Fill] (2H DET @ CAR);NFL In-Game $10,170 2026 FFWC Qualifier Satellite [Must Fill] (2H DET @ CAR);NFL In-Game $1.8K Deep Threat [Single Entry] (2H DET @ CAR);NFL In-Game $1K Huddle [Single Entry] (2H DET @ CAR);NFL In-Game $500 Play-Action (2H DET @ CAR);NFL In-Game $600 Bootleg [Single Entry] (2H DET @ CAR);NFL In-Game $267 Winner Take All [$1K to 1st] (2H DET @ CAR);NFL In-Game $500 First Down (2H DET @ CAR);NFL In-Game Satellite to NFL $4,444 Fantasy Football MEGA Millionaire [Must Fill] (2H DET @ CAR)",196297427;196297821;196297824;196297424;196297431;196297428;196297426;196297698;196297429;196297822;196297825;196297820;196297827;196297823;196402607;196297697;196297425;196297430;196297432;196297828,10/4 9:20PM 2H (DET @ CAR)
Bryce Young - Showdown 4th Quarter (Captain),196297920;196297923;196297434;196297921;196297924;196297433;196297919;196297926;196297922;196297435;196297436;196297927;196297705;196297704;196297856;196297925;196297829;196297834;196297830;196297835,Bryce Young|CAR,44359058,Bryce Young,Bryce,Young,14700,CPT,CAR,DET @ CAR,10/04/2026 09:50 PM,,DET @ CAR,Showdown 4th Quarter,NFL,10/4,Captain,"NFL In-Game $20K Thunderdome [Must Fill] (4Q DET @ CAR);NFL In-Game $10,170 2026 FFWC Qualifier Satellite [Must Fill] (4Q DET @ CAR);NFL In-Game $3K 4th Quarter Finish [$1K to 1st] (4Q DET @ CAR);NFL In-Game Satellite to NFL $4,444 Fantasy Football MEGA Millionaire [Must Fill] (4Q DET @ CAR);NFL In-Game Satellite to NFL 10-12 $4,444 Showdown MEGA Millionaire [Must Fill] (4Q DET @ CAR);NFL In-Game $285 Bootleg [Single Entry] (4Q DET @ CAR);NFL In-Game $1,060 Winner Take All [$4K to 1st] (Must Fill) (4Q DET @ CAR);NFL In-Game Satellite to NFL 11-1 Midseason Main Event [Must Fill] (4Q DET @ CAR);NFL In-Game Satellite to NFL $555 Fantasy Football Millionaire [Must Fill] (4Q DET @ CAR);NFL In-Game $150 First Down (4Q DET @ CAR)",196297920;196297923;196297434;196297921;196297924;196297433;196297919;196297926;196297922;196297435;196297436;196297927;196297705;196297704;196297856;196297925;196297829;196297834;196297830;196297835,10/4 9:50PM Q4 (DET @ CAR)
Tyler Shough - Showdown Captain Mode (Captain),196285155;196285153;196285138;196285157;196285156;196285154;196285212;196285175;196285176;196285170;196285171;196285187;196285188;196285189;196285218;196285219;196285220;196285221;196285182;196285183,Tyler Shough|NO,44358606,Tyler Shough,Tyler,Shough,14400,CPT,NO,ATL @ NO,10/05/2026 08:15 PM,,ATL @ NO,Showdown Captain Mode,NFL,10/5,Captain,"NFL Showdown $1.5M Monday Night Showdown [$500K to 1st] (ATL @ NO);NFL Showdown $600K Wildcat [$150K to 1st] (ATL @ NO);NFL Showdown $402K Luxury Box [$100K to 1st] (ATL @ NO);NFL Showdown $300K Play-Action [20 Entry Max] (ATL @ NO);NFL Showdown $250K Flea Flicker [$50K to 1st] (ATL @ NO);NFL Showdown $150K Bootleg [$50K to 1st] (ATL @ NO);NFL Showdown $160K Four-Point Stance [$50K to 1st, 5 Entry Max] (ATL @ NO);NFL Showdown $80K Huddle [$10K to 1st, Single Entry] (ATL @ NO);NFL Showdown $20K Huddle [Single Entry] (ATL @ NO);NFL Showdown $100K Spy [$20K to 1st, Single Entry] (ATL @ NO)",196285155;196285153;196285138;196285157;196285156;196285154;196285212;196285175;196285176;196285170;196285171;196285187;196285188;196285189;196285218;196285219;196285220;196285221;196285182;196285183,10/5 8:15PM (ATL @ NO)
Tyler Shough - Showdown 2nd Half (Captain),196297440;196298019;196298022;196297437;196297444;196297441;196297439;196297702;196297442;196298020;196298023;196298018;196298025;196298021;196297701;196297438;196297443;196297445;196298026;196297700,Tyler Shough|NO,44359158,Tyler Shough,Tyler,Shough,14400,CPT,NO,ATL @ NO,10/05/2026 09:15 PM,,ATL @ NO,Showdown 2nd Half,NFL,10/5,Captain,"NFL In-Game $15K 2nd Half Clash [$5K to 1st] (2H ATL @ NO);NFL In-Game $20K Thunderdome [Must Fill] (2H ATL @ NO);NFL In-Game $10,170 2026 FFWC Qualifier Satellite [Must Fill] (2H ATL @ NO);NFL In-Game $1.8K Deep Threat [Single Entry] (2H ATL @ NO);NFL In-Game $1K Huddle [Single Entry] (2H ATL @ NO);NFL In-Game $500 Play-Action (2H ATL @ NO);NFL In-Game $600 Bootleg [Single Entry] (2H ATL @ NO);NFL In-Game $267 Winner Take All [$1K to 1st] (2H ATL @ NO);NFL In-Game $500 First Down (2H ATL @ NO);NFL In-Game Satellite to NFL $4,444 Fantasy Football MEGA Millionaire [Must Fill] (2H ATL @ NO)",196297440;196298019;196298022;196297437;196297444;196297441;196297439;196297702;196297442;196298020;196298023;196298018;196298025;196298021;196297701;196297438;196297443;196297445;196298026;196297700,10/5 9:15PM 2H (ATL @ NO)
Tyler Shough - Showdown 4th Quarter (Captain),196298118;196298121;196297447;196298119;196298122;196297446;196298117;196298124;196298120;196297448;196297449;196298125;196297707;196297706;196298037;196298109;196298080;196298081;196317157;196298123,Tyler Shough|NO,44359270,Tyler Shough,Tyler,Shough,14400,CPT,NO,ATL @ NO,10/05/2026 09:45 PM,,ATL @ NO,Showdown 4th Quarter,NFL,10/5,Captain,"NFL In-Game $20K Thunderdome [Must Fill] (4Q ATL @ NO);NFL In-Game $10,170 2026 FFWC Qualifier Satellite [Must Fill] (4Q ATL @ NO);NFL In-Game $3K 4th Quarter Finish [$1K to 1st] (4Q ATL @ NO);NFL In-Game Satellite to NFL $4,444 Fantasy Football MEGA Millionaire [Must Fill] (4Q ATL @ NO);NFL In-Game Satellite to NFL 10-12 $4,444 Showdown MEGA Millionaire [Must Fill] (4Q ATL @ NO);NFL In-Game $285 Bootleg [Single Entry] (4Q ATL @ NO);NFL In-Game $1,060 Winner Take All [$4K to 1st] (Must Fill) (4Q ATL @ NO);NFL In-Game Satellite to NFL 11-1 Midseason Main Event [Must Fill] (4Q ATL @ NO);NFL In-Game Satellite to NFL $555 Fantasy Football Millionaire [Must Fill] (4Q ATL @ NO);NFL In-Game $150 First Down (4Q ATL @ NO)",196298118;196298121;196297447;196298119;196298122;196297446;196298117;196298124;196298120;196297448;196297449;196298125;196297707;196297706;196298037;196298109;196298080;196298081;196317157;196298123,10/5 9:45PM Q4 (ATL @ NO)
Chuba Hubbard - Showdown Captain Mode (Captain),196285049;196285047;196285046;196285050;196285056;196285071;196285042;196285064;196285065;196285048;196285095;196285096;196285083;196285089;196285107;196285108;196285105;196285106;196285090;196285094,Chuba Hubbard|CAR,44358501,Chuba Hubbard,Chuba,Hubbard,14100,CPT,CAR,DET @ CAR,10/04/2026 08:20 PM,,DET @ CAR,Showdown Captain Mode,NFL,10/4,Captain,"NFL Showdown $1M Sunday Night Showdown [$250K to 1st] (DET @ CAR);NFL Showdown $500K Wildcat [$100K to 1st] (DET @ CAR);NFL Showdown $402K Luxury Box [$100K to 1st] (DET @ CAR);NFL Showdown $200K Play-Action [20 Entry Max] (DET @ CAR);NFL Showdown $140K Four-Point Stance [$30K to 1st, 5 Entry Max] (DET @ CAR);NFL Showdown $60K Huddle [Single Entry] (DET @ CAR);NFL Showdown $10K Huddle [Single Entry] (DET @ CAR);NFL Showdown $75K Spy [$15K to 1st, Single Entry] (DET @ CAR);NFL Showdown $25K Spy [Single Entry] (DET @ CAR);NFL Showdown $70K Bootleg [$20K to 1st] (DET @ CAR)",196285049;196285047;196285046;196285050;196285056;196285071;196285042;196285064;196285065;196285048;196285095;196285096;196285083;196285089;196285107;196285108;196285105;196285106;196285090;196285094,10/4 8:20PM (DET @ CAR)
Chuba Hubbard - Showdown 2nd Half (Captain),196297427;196297821;196297824;196297424;196297431;196297428;196297426;196297698;196297429;196297822;196297825;196297820;196297827;196297823;196402607;196297697;196297425;196297430;196297432;196297828,Chuba Hubbard|CAR,44358959,Chuba Hubbard,Chuba,Hubbard,14100,CPT,CAR,DET @ CAR,10/04/2026 09:20 PM,,DET @ CAR,Showdown 2nd Half,NFL,10/4,Captain,"NFL In-Game $15K 2nd Half Clash [$5K to 1st] (2H DET @ CAR);NFL In-Game $20K Thunderdome [Must Fill] (2H DET @ CAR);NFL In-Game $10,170 2026 FFWC Qualifier Satellite [Must Fill] (2H DET @ CAR);NFL In-Game $1.8K Deep Threat [Single Entry] (2H DET @ CAR);NFL In-Game $1K Huddle [Single Entry] (2H DET @ CAR);NFL In-Game $500 Play-Action (2H DET @ CAR);NFL In-Game $600 Bootleg [Single Entry] (2H DET @ CAR);NFL In-Game $267 Winner Take All [$1K to 1st] (2H DET @ CAR);NFL In-Game $500 First Down (2H DET @ CAR);NFL In-Game Satellite to NFL $4,444 Fantasy Football MEGA Millionaire [Must Fill] (2H DET @ CAR)",196297427;196297821;196297824;196297424;196297431;196297428;196297426;196297698;196297429;196297822;196297825;196297820;196297827;196297823;196402607;196297697;196297425;196297430;196297432;196297828,10/4 9:20PM 2H (DET @ CAR)
Chuba Hubbard - Showdown 4th Quarter (Captain),196297920;196297923;196297434;196297921;196297924;196297433;196297919;196297926;196297922;196297435;196297436;196297927;196297705;196297704;196297856;196297925;196297829;196297834;196297830;196297835,Chuba Hubbard|CAR,44359059,Chuba Hubbard,Chuba,Hubbard,14100,CPT,CAR,DET @ CAR,10/04/2026 09:50 PM,,DET @ CAR,Showdown 4th Quarter,NFL,10/4,Captain,"NFL In-Game $20K Thunderdome [Must Fill] (4Q DET @ CAR);NFL In-Game $10,170 2026 FFWC Qualifier Satellite [Must Fill] (4Q DET @ CAR);NFL In-Game $3K 4th Quarter Finish [$1K to 1st] (4Q DET @ CAR);NFL In-Game Satellite to NFL $4,444 Fantasy Football MEGA Millionaire [Must Fill] (4Q DET @ CAR);NFL In-Game Satellite to NFL 10-12 $4,444 Showdown MEGA Millionaire [Must Fill] (4Q DET @ CAR);NFL In-Game $285 Bootleg [Single Entry] (4Q DET @ CAR);NFL In-Game $1,060 Winner Take All [$4K to 1st] (Must Fill) (4Q DET @ CAR);NFL In-Game Satellite to NFL 11-1 Midseason Main Event [Must Fill] (4Q DET @ CAR);NFL In-Game Satellite to NFL $555 Fantasy Football Millionaire [Must Fill] (4Q DET @ CAR);NFL In-Game $150 First Down (4Q DET @ CAR)",196297920;196297923;196297434;196297921;196297924;196297433;196297919;196297926;196297922;196297435;196297436;196297927;196297705;196297704;196297856;196297925;196297829;196297834;196297830;196297835,10/4 9:50PM Q4 (DET @ CAR)
Tetairoa McMillan - Showdown Captain Mode (Captain),196285049;196285047;196285046;196285050;196285056;196285071;196285042;196285064;196285065;196285048;196285095;196285096;196285083;196285089;196285107;196285108;196285105;196285106;196285090;196285094,Tetairoa McMillan|CAR,44358502,Tetairoa McMillan,Tetairoa,McMillan,13500,CPT,CAR,DET @ CAR,10/04/2026 08:20 PM,,DET @ CAR,Showdown Captain Mode,NFL,10/4,Captain,"NFL Showdown $1M Sunday Night Showdown [$250K to 1st] (DET @ CAR);NFL Showdown $500K Wildcat [$100K to 1st] (DET @ CAR);NFL Showdown $402K Luxury Box [$100K to 1st] (DET @ CAR);NFL Showdown $200K Play-Action [20 Entry Max] (DET @ CAR);NFL Showdown $140K Four-Point Stance [$30K to 1st, 5 Entry Max] (DET @ CAR);NFL Showdown $60K Huddle [Single Entry] (DET @ CAR);NFL Showdown $10K Huddle [Single Entry] (DET @ CAR);NFL Showdown $75K Spy [$15K to 1st, Single Entry] (DET @ CAR);NFL Showdown $25K Spy [Single Entry] (DET @ CAR);NFL Showdown $70K Bootleg [$20K to 1st] (DET @ CAR)",196285049;196285047;196285046;196285050;196285056;196285071;196285042;196285064;196285065;196285048;196285095;196285096;196285083;196285089;196285107;196285108;196285105;196285106;196285090;196285094,10/4 8:20PM (DET @ CAR)
Michael Penix Jr. - Showdown Captain Mode (Captain),196285155;196285153;196285138;196285157;196285156;196285154;196285212;196285175;196285176;196285170;196285171;196285187;196285188;196285189;196285218;196285219;196285220;196285221;196285182;196285183,Michael Penix Jr.|ATL,44358607,Michael Penix Jr.,Michael,Penix Jr.,13500,CPT,ATL,ATL @ NO,10/05/2026 08:15 PM,,ATL @ NO,Showdown Captain Mode,NFL,10/5,Captain,"NFL Showdown $1.5M Monday Night Showdown [$500K to 1st] (ATL @ NO);NFL Showdown $600K Wildcat [$150K to 1st] (ATL @ NO);NFL Showdown $402K Luxury Box [$100K to 1st] (ATL @ NO);NFL Showdown $300K Play-Action [20 Entry Max] (ATL @ NO);NFL Showdown $250K Flea Flicker [$50K to 1st] (ATL @ NO);NFL Showdown $150K Bootleg [$50K to 1st] (ATL @ NO);NFL Showdown $160K Four-Point Stance [$50K to 1st, 5 Entry Max] (ATL @ NO);NFL Showdown $80K Huddle [$10K to 1st, Single Entry] (ATL @ NO);NFL Showdown $20K Huddle [Single Entry] (ATL @ NO);NFL Showdown $100K Spy [$20K to 1st, Single Entry] (ATL @ NO)",196285155;196285153;196285138;196285157;196285156;196285154;196285212;196285175;196285176;196285170;196285171;196285187;196285188;196285189;196285218;196285219;196285220;196285221;196285182;196285183,10/5 8:15PM (ATL @ NO)
Tetairoa McMillan - Showdown 2nd Half (Captain),196297427;196297821;196297824;196297424;196297431;196297428;196297426;196297698;196297429;196297822;196297825;196297820;196297827;196297823;196402607;196297697;196297425;196297430;196297432;196297828,Tetairoa McMillan|CAR,44358960,Tetairoa McMillan,Tetairoa,McMillan,13500,CPT,CAR,DET @ CAR,10/04/2026 09:20 PM,,DET @ CAR,Showdown 2nd Half,NFL,10/4,Captain,"NFL In-Game $15K 2nd Half Clash [$5K to 1st] (2H DET @ CAR);NFL In-Game $20K Thunderdome [Must Fill] (2H DET @ CAR);NFL In-Game $10,170 2026 FFWC Qualifier Satellite [Must Fill] (2H DET @ CAR);NFL In-Game $1.8K Deep Threat [Single Entry] (2H DET @ CAR);NFL In-Game $1K Huddle [Single Entry] (2H DET @ CAR);NFL In-Game $500 Play-Action (2H DET @ CAR);NFL In-Game $600 Bootleg [Single Entry] (2H DET @ CAR);NFL In-Game $267 Winner Take All [$1K to 1st] (2H DET @ CAR);NFL In-Game $500 First Down (2H DET @ CAR);NFL In-Game Satellite to NFL $4,444 Fantasy Football MEGA Millionaire [Must Fill] (2H DET @ CAR)",196297427;196297821;196297824;196297424;196297431;196297428;196297426;196297698;196297429;196297822;196297825;196297820;196297827;196297823;196402607;196297697;196297425;196297430;196297432;196297828,10/4 9:20PM 2H (DET @ CAR)
Tetairoa McMillan - Showdown 4th Quarter (Captain),196297920;196297923;196297434;196297921;196297924;196297433;196297919;196297926;196297922;196297435;196297436;196297927;196297705;196297704;196297856;196297925;196297829;196297834;196297830;196297835,Tetairoa McMillan|CAR,44359060,Tetairoa McMillan,Tetairoa,McMillan,13500,CPT,CAR,DET @ CAR,10/04/2026 09:50 PM,,DET @ CAR,Showdown 4th Quarter,NFL,10/4,Captain,"NFL In-Game $20K Thunderdome [Must Fill] (4Q DET @ CAR);NFL In-Game $10,170 2026 FFWC Qualifier Satellite [Must Fill] (4Q DET @ CAR);NFL In-Game $3K 4th Quarter Finish [$1K to 1st] (4Q DET @ CAR);NFL In-Game Satellite to NFL $4,444 Fantasy Football MEGA Millionaire [Must Fill] (4Q DET @ CAR);NFL In-Game Satellite to NFL 10-12 $4,444 Showdown MEGA Millionaire [Must Fill] (4Q DET @ CAR);NFL In-Game $285 Bootleg [Single Entry] (4Q DET @ CAR);NFL In-Game $1,060 Winner Take All [$4K to 1st] (Must Fill) (4Q DET @ CAR);NFL In-Game Satellite to NFL 11-1 Midseason Main Event [Must Fill] (4Q DET @ CAR);NFL In-Game Satellite to NFL $555 Fantasy Football Millionaire [Must Fill] (4Q DET @ CAR);NFL In-Game $150 First Down (4Q DET @ CAR)",196297920;196297923;196297434;196297921;196297924;196297433;196297919;196297926;196297922;196297435;196297436;196297927;196297705;196297704;196297856;196297925;196297829;196297834;196297830;196297835,10/4 9:50PM Q4 (DET @ CAR)
Michael Penix Jr. - Showdown 2nd Half (Captain),196297440;196298019;196298022;196297437;196297444;196297441;196297439;196297702;196297442;196298020;196298023;196298018;196298025;196298021;196297701;196297438;196297443;196297445;196298026;196297700,Michael Penix Jr.|ATL,44359159,Michael Penix Jr.,Michael,Penix Jr.,13500,CPT,ATL,ATL @ NO,10/05/2026 09:15 PM,,ATL @ NO,Showdown 2nd Half,NFL,10/5,Captain,"NFL In-Game $15K 2nd Half Clash [$5K to 1st] (2H ATL @ NO);NFL In-Game $20K Thunderdome [Must Fill] (2H ATL @ NO);NFL In-Game $10,170 2026 FFWC Qualifier Satellite [Must Fill] (2H ATL @ NO);NFL In-Game $1.8K Deep Threat [Single Entry] (2H ATL @ NO);NFL In-Game $1K Huddle [Single Entry] (2H ATL @ NO);NFL In-Game $500 Play-Action (2H ATL @ NO);NFL In-Game $600 Bootleg [Single Entry] (2H ATL @ NO);NFL In-Game $267 Winner Take All [$1K to 1st] (2H ATL @ NO);NFL In-Game $500 First Down (2H ATL @ NO);NFL In-Game Satellite to NFL $4,444 Fantasy Football MEGA Millionaire [Must Fill] (2H ATL @ NO)",196297440;196298019;196298022;196297437;196297444;196297441;196297439;196297702;196297442;196298020;196298023;196298018;196298025;196298021;196297701;196297438;196297443;196297445;196298026;196297700,10/5 9:15PM 2H (ATL @ NO)
Michael Penix Jr. - Showdown 4th Quarter (Captain),196298118;196298121;196297447;196298119;196298122;196297446;196298117;196298124;196298120;196297448;196297449;196298125;196297707;196297706;196298037;196298109;196298080;196298081;196317157;196298123,Michael Penix Jr.|ATL,44359271,Michael Penix Jr.,Michael,Penix Jr.,13500,CPT,ATL,ATL @ NO,10/05/2026 09:45 PM,,ATL @ NO,Showdown 4th Quarter,NFL,10/5,Captain,"NFL In-Game $20K Thunderdome [Must Fill] (4Q ATL @ NO);NFL In-Game $10,170 2026 FFWC Qualifier Satellite [Must Fill] (4Q ATL @ NO);NFL In-Game $3K 4th Quarter Finish [$1K to 1st] (4Q ATL @ NO);NFL In-Game Satellite to NFL $4,444 Fantasy Football MEGA Millionaire [Must Fill] (4Q ATL @ NO);NFL In-Game Satellite to NFL 10-12 $4,444 Showdown MEGA Millionaire [Must Fill] (4Q ATL @ NO);NFL In-Game $285 Bootleg [Single Entry] (4Q ATL @ NO);NFL In-Game $1,060 Winner Take All [$4K to 1st] (Must Fill) (4Q ATL @ NO);NFL In-Game Satellite to NFL 11-1 Midseason Main Event [Must Fill] (4Q ATL @ NO);NFL In-Game Satellite to NFL $555 Fantasy Football Millionaire [Must Fill] (4Q ATL @ NO);NFL In-Game $150 First Down (4Q ATL @ NO)",196298118;196298121;196297447;196298119;196298122;196297446;196298117;196298124;196298120;196297448;196297449;196298125;196297707;196297706;196298037;196298109;196298080;196298081;196317157;196298123,10/5 9:45PM Q4 (ATL @ NO)
Jahmyr Gibbs - Showdown Captain Mode (Flex),196285049;196285047;196285046;196285050;196285056;196285071;196285042;196285064;196285065;196285048;196285095;196285096;196285083;196285089;196285107;196285108;196285105;196285106;196285090;196285094,Jahmyr Gibbs|DET,44358447,Jahmyr Gibbs,Jahmyr,Gibbs,12000,RB,DET,DET @ CAR,10/04/2026 08:20 PM,,DET @ CAR,Showdown Captain Mode,NFL,10/4,Flex,"NFL Showdown $1M Sunday Night Showdown [$250K to 1st] (DET @ CAR);NFL Showdown $500K Wildcat [$100K to 1st] (DET @ CAR);NFL Showdown $402K Luxury Box [$100K to 1st] (DET @ CAR);NFL Showdown $200K Play-Action [20 Entry Max] (DET @ CAR);NFL Showdown $140K Four-Point Stance [$30K to 1st, 5 Entry Max] (DET @ CAR);NFL Showdown $60K Huddle [Single Entry] (DET @ CAR);NFL Showdown $10K Huddle [Single Entry] (DET @ CAR);NFL Showdown $75K Spy [$15K to 1st, Single Entry] (DET @ CAR);NFL Showdown $25K Spy [Single Entry] (DET @ CAR);NFL Showdown $70K Bootleg [$20K to 1st] (DET @ CAR)",196285049;196285047;196285046;196285050;196285056;196285071;196285042;196285064;196285065;196285048;196285095;196285096;196285083;196285089;196285107;196285108;196285105;196285106;196285090;196285094,10/4 8:20PM (DET @ CAR)
Travis Etienne Jr. - Showdown Captain Mode (Captain),196285155;196285153;196285138;196285157;196285156;196285154;196285212;196285175;196285176;196285170;196285171;196285187;196285188;196285189;196285218;196285219;196285220;196285221;196285182;196285183,Travis Etienne Jr.|NO,44358608,Travis Etienne Jr.,Travis,Etienne Jr.,12000,CPT,NO,ATL @ NO,10/05/2026 08:15 PM,,ATL @ NO,Showdown Captain Mode,NFL,10/5,Captain,"NFL Showdown $1.5M Monday Night Showdown [$500K to 1st] (ATL @ NO);NFL Showdown $600K Wildcat [$150K to 1st] (ATL @ NO);NFL Showdown $402K Luxury Box [$100K to 1st] (ATL @ NO);NFL Showdown $300K Play-Action [20 Entry Max] (ATL @ NO);NFL Showdown $250K Flea Flicker [$50K to 1st] (ATL @ NO);NFL Showdown $150K Bootleg [$50K to 1st] (ATL @ NO);NFL Showdown $160K Four-Point Stance [$50K to 1st, 5 Entry Max] (ATL @ NO);NFL Showdown $80K Huddle [$10K to 1st, Single Entry] (ATL @ NO);NFL Showdown $20K Huddle [Single Entry] (ATL @ NO);NFL Showdown $100K Spy [$20K to 1st, Single Entry] (ATL @ NO)",196285155;196285153;196285138;196285157;196285156;196285154;196285212;196285175;196285176;196285170;196285171;196285187;196285188;196285189;196285218;196285219;196285220;196285221;196285182;196285183,10/5 8:15PM (ATL @ NO)
Jahmyr Gibbs - Showdown 2nd Half (Flex),196297427;196297821;196297824;196297424;196297431;196297428;196297426;196297698;196297429;196297822;196297825;196297820;196297827;196297823;196402607;196297697;196297425;196297430;196297432;196297828,Jahmyr Gibbs|DET,44359005,Jahmyr Gibbs,Jahmyr,Gibbs,12000,RB,DET,DET @ CAR,10/04/2026 09:20 PM,,DET @ CAR,Showdown 2nd Half,NFL,10/4,Flex,"NFL In-Game $15K 2nd Half Clash [$5K to 1st] (2H DET @ CAR);NFL In-Game $20K Thunderdome [Must Fill] (2H DET @ CAR);NFL In-Game $10,170 2026 FFWC Qualifier Satellite [Must Fill] (2H DET @ CAR);NFL In-Game $1.8K Deep Threat [Single Entry] (2H DET @ CAR);NFL In-Game $1K Huddle [Single Entry] (2H DET @ CAR);NFL In-Game $500 Play-Action (2H DET @ CAR);NFL In-Game $600 Bootleg [Single Entry] (2H DET @ CAR);NFL In-Game $267 Winner Take All [$1K to 1st] (2H DET @ CAR);NFL In-Game $500 First Down (2H DET @ CAR);NFL In-Game Satellite to NFL $4,444 Fantasy Football MEGA Millionaire [Must Fill] (2H DET @ CAR)",196297427;196297821;196297824;196297424;196297431;196297428;196297426;196297698;196297429;196297822;196297825;196297820;196297827;196297823;196402607;196297697;196297425;196297430;196297432;196297828,10/4 9:20PM 2H (DET @ CAR)
Jahmyr Gibbs - Showdown 4th Quarter (Flex),196297920;196297923;196297434;196297921;196297924;196297433;196297919;196297926;196297922;196297435;196297436;196297927;196297705;196297704;196297856;196297925;196297829;196297834;196297830;196297835,Jahmyr Gibbs|DET,44359105,Jahmyr Gibbs,Jahmyr,Gibbs,12000,RB,DET,DET @ CAR,10/04/2026 09:50 PM,,DET @ CAR,Showdown 4th Quarter,NFL,10/4,Flex,"NFL In-Game $20K Thunderdome [Must Fill] (4Q DET @ CAR);NFL In-Game $10,170 2026 FFWC Qualifier Satellite [Must Fill] (4Q DET @ CAR);NFL In-Game $3K 4th Quarter Finish [$1K to 1st] (4Q DET @ CAR);NFL In-Game Satellite to NFL $4,444 Fantasy Football MEGA Millionaire [Must Fill] (4Q DET @ CAR);NFL In-Game Satellite to NFL 10-12 $4,444 Showdown MEGA Millionaire [Must Fill] (4Q DET @ CAR);NFL In-Game $285 Bootleg [Single Entry] (4Q DET @ CAR);NFL In-Game $1,060 Winner Take All [$4K to 1st] (Must Fill) (4Q DET @ CAR);NFL In-Game Satellite to NFL 11-1 Midseason Main Event [Must Fill] (4Q DET @ CAR);NFL In-Game Satellite to NFL $555 Fantasy Football Millionaire [Must Fill] (4Q DET @ CAR);NFL In-Game $150 First Down (4Q DET @ CAR)",196297920;196297923;196297434;196297921;196297924;196297433;196297919;196297926;196297922;196297435;196297436;196297927;196297705;196297704;196297856;196297925;196297829;196297834;196297830;196297835,10/4 9:50PM Q4 (DET @ CAR)
Travis Etienne Jr. - Showdown 2nd Half (Captain),196297440;196298019;196298022;196297437;196297444;196297441;196297439;196297702;196297442;196298020;196298023;196298018;196298025;196298021;196297701;196297438;196297443;196297445;196298026;196297700,Travis Etienne Jr.|NO,44359160,Travis Etienne Jr.,Travis,Etienne Jr.,12000,CPT,NO,ATL @ NO,10/05/2026 09:15 PM,,ATL @ NO,Showdown 2nd Half,NFL,10/5,Captain,"NFL In-Game $15K 2nd Half Clash [$5K to 1st] (2H ATL @ NO);NFL In-Game $20K Thunderdome [Must Fill] (2H ATL @ NO);NFL In-Game $10,170 2026 FFWC Qualifier Satellite [Must Fill] (2H ATL @ NO);NFL In-Game $1.8K Deep Threat [Single Entry] (2H ATL @ NO);NFL In-Game $1K Huddle [Single Entry] (2H ATL @ NO);NFL In-Game $500 Play-Action (2H ATL @ NO);NFL In-Game $600 Bootleg [Single Entry] (2H ATL @ NO);NFL In-Game $267 Winner Take All [$1K to 1st] (2H ATL @ NO);NFL In-Game $500 First Down (2H ATL @ NO);NFL In-Game Satellite to NFL $4,444 Fantasy Football MEGA Millionaire [Must Fill] (2H ATL @ NO)",196297440;196298019;196298022;196297437;196297444;196297441;196297439;196297702;196297442;196298020;196298023;196298018;196298025;196298021;196297701;196297438;196297443;196297445;196298026;196297700,10/5 9:15PM 2H (ATL @ NO)
Travis Etienne Jr. - Showdown 4th Quarter (Captain),196298118;196298121;196297447;196298119;196298122;196297446;196298117;196298124;196298120;196297448;196297449;196298125;196297707;196297706;196298037;196298109;196298080;196298081;196317157;196298123,Travis Etienne Jr.|NO,44359272,Travis Etienne Jr.,Travis,Etienne Jr.,12000,CPT,NO,ATL @ NO,10/05/2026 09:45 PM,,ATL @ NO,Showdown 4th Quarter,NFL,10/5,Captain,"NFL In-Game $20K Thunderdome [Must Fill] (4Q ATL @ NO);NFL In-Game $10,170 2026 FFWC Qualifier Satellite [Must Fill] (4Q ATL @ NO);NFL In-Game $3K 4th Quarter Finish [$1K to 1st] (4Q ATL @ NO);NFL In-Game Satellite to NFL $4,444 Fantasy Football MEGA Millionaire [Must Fill] (4Q ATL @ NO);NFL In-Game Satellite to NFL 10-12 $4,444 Showdown MEGA Millionaire [Must Fill] (4Q ATL @ NO);NFL In-Game $285 Bootleg [Single Entry] (4Q ATL @ NO);NFL In-Game $1,060 Winner Take All [$4K to 1st] (Must Fill) (4Q ATL @ NO);NFL In-Game Satellite to NFL 11-1 Midseason Main Event [Must Fill] (4Q ATL @ NO);NFL In-Game Satellite to NFL $555 Fantasy Football Millionaire [Must Fill] (4Q ATL @ NO);NFL In-Game $150 First Down (4Q ATL @ NO)",196298118;196298121;196297447;196298119;196298122;196297446;196298117;196298124;196298120;196297448;196297449;196298125;196297707;196297706;196298037;196298109;196298080;196298081;196317157;196298123,10/5 9:45PM Q4 (ATL @ NO)
Bijan Robinson - Showdown Captain Mode (Flex),196285155;196285153;196285138;196285157;196285156;196285154;196285212;196285175;196285176;196285170;196285171;196285187;196285188;196285189;196285218;196285219;196285220;196285221;196285182;196285183,Bijan Robinson|ATL,44358547,Bijan Robinson,Bijan,Robinson,11800,RB,ATL,ATL @ NO,10/05/2026 08:15 PM,,ATL @ NO,Showdown Captain Mode,NFL,10/5,Flex,"NFL Showdown $1.5M Monday Night Showdown [$500K to 1st] (ATL @ NO);NFL Showdown $600K Wildcat [$150K to 1st] (ATL @ NO);NFL Showdown $402K Luxury Box [$100K to 1st] (ATL @ NO);NFL Showdown $300K Play-Action [20 Entry Max] (ATL @ NO);NFL Showdown $250K Flea Flicker [$50K to 1st] (ATL @ NO);NFL Showdown $150K Bootleg [$50K to 1st] (ATL @ NO);NFL Showdown $160K Four-Point Stance [$50K to 1st, 5 Entry Max] (ATL @ NO);NFL Showdown $80K Huddle [$10K to 1st, Single Entry] (ATL @ NO);NFL Showdown $20K Huddle [Single Entry] (ATL @ NO);NFL Showdown $100K Spy [$20K to 1st, Single Entry] (ATL @ NO)",196285155;196285153;196285138;196285157;196285156;196285154;196285212;196285175;196285176;196285170;196285171;196285187;196285188;196285189;196285218;196285219;196285220;196285221;196285182;196285183,10/5 8:15PM (ATL @ NO)
Bijan Robinson - Showdown 2nd Half (Flex),196297440;196298019;196298022;196297437;196297444;196297441;196297439;196297702;196297442;196298020;196298023;196298018;196298025;196298021;196297701;196297438;196297443;196297445;196298026;196297700,Bijan Robinson|ATL,44359211,Bijan Robinson,Bijan,Robinson,11800,RB,ATL,ATL @ NO,10/05/2026 09:15 PM,,ATL @ NO,Showdown 2nd Half,NFL,10/5,Flex,"NFL In-Game $15K 2nd Half Clash [$5K to 1st] (2H ATL @ NO);NFL In-Game $20K Thunderdome [Must Fill] (2H ATL @ NO);NFL In-Game $10,170 2026 FFWC Qualifier Satellite [Must Fill] (2H ATL @ NO);NFL In-Game $1.8K Deep Threat [Single Entry] (2H ATL @ NO);NFL In-Game $1K Huddle [Single Entry] (2H ATL @ NO);NFL In-Game $500 Play-Action (2H ATL @ NO);NFL In-Game $600 Bootleg [Single Entry] (2H ATL @ NO);NFL In-Game $267 Winner Take All [$1K to 1st] (2H ATL @ NO);NFL In-Game $500 First Down (2H ATL @ NO);NFL In-Game Satellite to NFL $4,444 Fantasy Football MEGA Millionaire [Must Fill] (2H ATL @ NO)",196297440;196298019;196298022;196297437;196297444;196297441;196297439;196297702;196297442;196298020;196298023;196298018;196298025;196298021;196297701;196297438;196297443;196297445;196298026;196297700,10/5 9:15PM 2H (ATL @ NO)
Bijan Robinson - Showdown 4th Quarter (Flex),196298118;196298121;196297447;196298119;196298122;196297446;196298117;196298124;196298120;196297448;196297449;196298125;196297707;196297706;196298037;196298109;196298080;196298081;196317157;196298123,Bijan Robinson|ATL,44359323,Bijan Robinson,Bijan,Robinson,11800,RB,ATL,ATL @ NO,10/05/2026 09:45 PM,,ATL @ NO,Showdown 4th Quarter,NFL,10/5,Flex,"NFL In-Game $20K Thunderdome [Must Fill] (4Q ATL @ NO);NFL In-Game $10,170 2026 FFWC Qualifier Satellite [Must Fill] (4Q ATL @ NO);NFL In-Game $3K 4th Quarter Finish [$1K to 1st] (4Q ATL @ NO);NFL In-Game Satellite to NFL $4,444 Fantasy Football MEGA Millionaire [Must Fill] (4Q ATL @ NO);NFL In-Game Satellite to NFL 10-12 $4,444 Showdown MEGA Millionaire [Must Fill] (4Q ATL @ NO);NFL In-Game $285 Bootleg [Single Entry] (4Q ATL @ NO);NFL In-Game $1,060 Winner Take All [$4K to 1st] (Must Fill) (4Q ATL @ NO);NFL In-Game Satellite to NFL 11-1 Midseason Main Event [Must Fill] (4Q ATL @ NO);NFL In-Game Satellite to NFL $555 Fantasy Football Millionaire [Must Fill] (4Q ATL @ NO);NFL In-Game $150 First Down (4Q ATL @ NO)",196298118;196298121;196297447;196298119;196298122;196297446;196298117;196298124;196298120;196297448;196297449;196298125;196297707;196297706;196298037;196298109;196298080;196298081;196317157;196298123,10/5 9:45PM Q4 (ATL @ NO)
Devaughn Vele - Showdown Captain Mode (Captain),196285155;196285153;196285138;196285157;196285156;196285154;196285212;196285175;196285176;196285170;196285171;196285187;196285188;196285189;196285218;196285219;196285220;196285221;196285182;196285183,Devaughn Vele|NO,44358609,Devaughn Vele,Devaughn,Vele,11700,CPT,NO,ATL @ NO,10/05/2026 08:15 PM,,ATL @ NO,Showdown Captain Mode,NFL,10/5,Captain,"NFL Showdown $1.5M Monday Night Showdown [$500K to 1st] (ATL @ NO);NFL Showdown $600K Wildcat [$150K to 1st] (ATL @ NO);NFL Showdown $402K Luxury Box [$100K to 1st] (ATL @ NO);NFL Showdown $300K Play-Action [20 Entry Max] (ATL @ NO);NFL Showdown $250K Flea Flicker [$50K to 1st] (ATL @ NO);NFL Showdown $150K Bootleg [$50K to 1st] (ATL @ NO);NFL Showdown $160K Four-Point Stance [$50K to 1st, 5 Entry Max] (ATL @ NO);NFL Showdown $80K Huddle [$10K to 1st, Single Entry] (ATL @ NO);NFL Showdown $20K Huddle [Single Entry] (ATL @ NO);NFL Showdown $100K Spy [$20K to 1st, Single Entry] (ATL @ NO)",196285155;196285153;196285138;196285157;196285156;196285154;196285212;196285175;196285176;196285170;196285171;196285187;196285188;196285189;196285218;196285219;196285220;196285221;196285182;196285183,10/5 8:15PM (ATL @ NO)
Devaughn Vele - Showdown 2nd Half (Captain),196297440;196298019;196298022;196297437;196297444;196297441;196297439;196297702;196297442;196298020;196298023;196298018;196298025;196298021;196297701;196297438;196297443;196297445;196298026;196297700,Devaughn Vele|NO,44359161,Devaughn Vele,Devaughn,Vele,11700,CPT,NO,ATL @ NO,10/05/2026 09:15 PM,,ATL @ NO,Showdown 2nd Half,NFL,10/5,Captain,"NFL In-Game $15K 2nd Half Clash [$5K to 1st] (2H ATL @ NO);NFL In-Game $20K Thunderdome [Must Fill] (2H ATL @ NO);NFL In-Game $10,170 2026 FFWC Qualifier Satellite [Must Fill] (2H ATL @ NO);NFL In-Game $1.8K Deep Threat [Single Entry] (2H ATL @ NO);NFL In-Game $1K Huddle [Single Entry] (2H ATL @ NO);NFL In-Game $500 Play-Action (2H ATL @ NO);NFL In-Game $600 Bootleg [Single Entry] (2H ATL @ NO);NFL In-Game $267 Winner Take All [$1K to 1st] (2H ATL @ NO);NFL In-Game $500 First Down (2H ATL @ NO);NFL In-Game Satellite to NFL $4,444 Fantasy Football MEGA Millionaire [Must Fill] (2H ATL @ NO)",196297440;196298019;196298022;196297437;196297444;196297441;196297439;196297702;196297442;196298020;196298023;196298018;196298025;196298021;196297701;196297438;196297443;196297445;196298026;196297700,10/5 9:15PM 2H (ATL @ NO)
Devaughn Vele - Showdown 4th Quarter (Captain),196298118;196298121;196297447;196298119;196298122;196297446;196298117;196298124;196298120;196297448;196297449;196298125;196297707;196297706;196298037;196298109;196298080;196298081;196317157;196298123,Devaughn Vele|NO,44359273,Devaughn Vele,Devaughn,Vele,11700,CPT,NO,ATL @ NO,10/05/2026 09:45 PM,,ATL @ NO,Showdown 4th Quarter,NFL,10/5,Captain,"NFL In-Game $20K Thunderdome [Must Fill] (4Q ATL @ NO);NFL In-Game $10,170 2026 FFWC Qualifier Satellite [Must Fill] (4Q ATL @ NO);NFL In-Game $3K 4th Quarter Finish [$1K to 1st] (4Q ATL @ NO);NFL In-Game Satellite to NFL $4,444 Fantasy Football MEGA Millionaire [Must Fill] (4Q ATL @ NO);NFL In-Game Satellite to NFL 10-12 $4,444 Showdown MEGA Millionaire [Must Fill] (4Q ATL @ NO);NFL In-Game $285 Bootleg [Single Entry] (4Q ATL @ NO);NFL In-Game $1,060 Winner Take All [$4K to 1st] (Must Fill) (4Q ATL @ NO);NFL In-Game Satellite to NFL 11-1 Midseason Main Event [Must Fill] (4Q ATL @ NO);NFL In-Game Satellite to NFL $555 Fantasy Football Millionaire [Must Fill] (4Q ATL @ NO);NFL In-Game $150 First Down (4Q ATL @ NO)",196298118;196298121;196297447;196298119;196298122;196297446;196298117;196298124;196298120;196297448;196297449;196298125;196297707;196297706;196298037;196298109;196298080;196298081;196317157;196298123,10/5 9:45PM Q4 (ATL @ NO)
Jalen Coker - Showdown Captain Mode (Captain),196285049;196285047;196285046;196285050;196285056;196285071;196285042;196285064;196285065;196285048;196285095;196285096;196285083;196285089;196285107;196285108;196285105;196285106;196285090;196285094,Jalen Coker|CAR,44358503,Jalen Coker,Jalen,Coker,11100,CPT,CAR,DET @ CAR,10/04/2026 08:20 PM,,DET @ CAR,Showdown Captain Mode,NFL,10/4,Captain,"NFL Showdown $1M Sunday Night Showdown [$250K to 1st] (DET @ CAR);NFL Showdown $500K Wildcat [$100K to 1st] (DET @ CAR);NFL Showdown $402K Luxury Box [$100K to 1st] (DET @ CAR);NFL Showdown $200K Play-Action [20 Entry Max] (DET @ CAR);NFL Showdown $140K Four-Point Stance [$30K to 1st, 5 Entry Max] (DET @ CAR);NFL Showdown $60K Huddle [Single Entry] (DET @ CAR);NFL Showdown $10K Huddle [Single Entry] (DET @ CAR);NFL Showdown $75K Spy [$15K to 1st, Single Entry] (DET @ CAR);NFL Showdown $25K Spy [Single Entry] (DET @ CAR);NFL Showdown $70K Bootleg [$20K to 1st] (DET @ CAR)",196285049;196285047;196285046;196285050;196285056;196285071;196285042;196285064;196285065;196285048;196285095;196285096;196285083;196285089;196285107;196285108;196285105;196285106;196285090;196285094,10/4 8:20PM (DET @ CAR)
Juwan Johnson - Showdown Captain Mode (Captain),196285155;196285153;196285138;196285157;196285156;196285154;196285212;196285175;196285176;196285170;196285171;196285187;196285188;196285189;196285218;196285219;196285220;196285221;196285182;196285183,Juwan Johnson|NO,44358610,Juwan Johnson,Juwan,Johnson,11100,CPT,NO,ATL @ NO,10/05/2026 08:15 PM,,ATL @ NO,Showdown Captain Mode,NFL,10/5,Captain,"NFL Showdown $1.5M Monday Night Showdown [$500K to 1st] (ATL @ NO);NFL Showdown $600K Wildcat [$150K to 1st] (ATL @ NO);NFL Showdown $402K Luxury Box [$100K to 1st] (ATL @ NO);NFL Showdown $300K Play-Action [20 Entry Max] (ATL @ NO);NFL Showdown $250K Flea Flicker [$50K to 1st] (ATL @ NO);NFL Showdown $150K Bootleg [$50K to 1st] (ATL @ NO);NFL Showdown $160K Four-Point Stance [$50K to 1st, 5 Entry Max] (ATL @ NO);NFL Showdown $80K Huddle [$10K to 1st, Single Entry] (ATL @ NO);NFL Showdown $20K Huddle [Single Entry] (ATL @ NO);NFL Showdown $100K Spy [$20K to 1st, Single Entry] (ATL @ NO)",196285155;196285153;196285138;196285157;196285156;196285154;196285212;196285175;196285176;196285170;196285171;196285187;196285188;196285189;196285218;196285219;196285220;196285221;196285182;196285183,10/5 8:15PM (ATL @ NO)
Jalen Coker - Showdown 2nd Half (Captain),196297427;196297821;196297824;196297424;196297431;196297428;196297426;196297698;196297429;196297822;196297825;196297820;196297827;196297823;196402607;196297697;196297425;196297430;196297432;196297828,Jalen Coker|CAR,44358961,Jalen Coker,Jalen,Coker,11100,CPT,CAR,DET @ CAR,10/04/2026 09:20 PM,,DET @ CAR,Showdown 2nd Half,NFL,10/4,Captain,"NFL In-Game $15K 2nd Half Clash [$5K to 1st] (2H DET @ CAR);NFL In-Game $20K Thunderdome [Must Fill] (2H DET @ CAR);NFL In-Game $10,170 2026 FFWC Qualifier Satellite [Must Fill] (2H DET @ CAR);NFL In-Game $1.8K Deep Threat [Single Entry] (2H DET @ CAR);NFL In-Game $1K Huddle [Single Entry] (2H DET @ CAR);NFL In-Game $500 Play-Action (2H DET @ CAR);NFL In-Game $600 Bootleg [Single Entry] (2H DET @ CAR);NFL In-Game $267 Winner Take All [$1K to 1st] (2H DET @ CAR);NFL In-Game $500 First Down (2H DET @ CAR);NFL In-Game Satellite to NFL $4,444 Fantasy Football MEGA Millionaire [Must Fill] (2H DET @ CAR)",196297427;196297821;196297824;196297424;196297431;196297428;196297426;196297698;196297429;196297822;196297825;196297820;196297827;196297823;196402607;196297697;196297425;196297430;196297432;196297828,10/4 9:20PM 2H (DET @ CAR)
Jalen Coker - Showdown 4th Quarter (Captain),196297920;196297923;196297434;196297921;196297924;196297433;196297919;196297926;196297922;196297435;196297436;196297927;196297705;196297704;196297856;196297925;196297829;196297834;196297830;196297835,Jalen Coker|CAR,44359061,Jalen Coker,Jalen,Coker,11100,CPT,CAR,DET @ CAR,10/04/2026 09:50 PM,,DET @ CAR,Showdown 4th Quarter,NFL,10/4,Captain,"NFL In-Game $20K Thunderdome [Must Fill] (4Q DET @ CAR);NFL In-Game $10,170 2026 FFWC Qualifier Satellite [Must Fill] (4Q DET @ CAR);NFL In-Game $3K 4th Quarter Finish [$1K to 1st] (4Q DET @ CAR);NFL In-Game Satellite to NFL $4,444 Fantasy Football MEGA Millionaire [Must Fill] (4Q DET @ CAR);NFL In-Game Satellite to NFL 10-12 $4,444 Showdown MEGA Millionaire [Must Fill] (4Q DET @ CAR);NFL In-Game $285 Bootleg [Single Entry] (4Q DET @ CAR);NFL In-Game $1,060 Winner Take All [$4K to 1st] (Must Fill) (4Q DET @ CAR);NFL In-Game Satellite to NFL 11-1 Midseason Main Event [Must Fill] (4Q DET @ CAR);NFL In-Game Satellite to NFL $555 Fantasy Football Millionaire [Must Fill] (4Q DET @ CAR);NFL In-Game $150 First Down (4Q DET @ CAR)",196297920;196297923;196297434;196297921;196297924;196297433;196297919;196297926;196297922;196297435;196297436;196297927;196297705;196297704;196297856;196297925;196297829;196297834;196297830;196297835,10/4 9:50PM Q4 (DET @ CAR)
Juwan Johnson - Showdown 2nd Half (Captain),196297440;196298019;196298022;196297437;196297444;196297441;196297439;196297702;196297442;196298020;196298023;196298018;196298025;196298021;196297701;196297438;196297443;196297445;196298026;196297700,Juwan Johnson|NO,44359162,Juwan Johnson,Juwan,Johnson,11100,CPT,NO,ATL @ NO,10/05/2026 09:15 PM,,ATL @ NO,Showdown 2nd Half,NFL,10/5,Captain,"NFL In-Game $15K 2nd Half Clash [$5K to 1st] (2H ATL @ NO);NFL In-Game $20K Thunderdome [Must Fill] (2H ATL @ NO);NFL In-Game $10,170 2026 FFWC Qualifier Satellite [Must Fill] (2H ATL @ NO);NFL In-Game $1.8K Deep Threat [Single Entry] (2H ATL @ NO);NFL In-Game $1K Huddle [Single Entry] (2H ATL @ NO);NFL In-Game $500 Play-Action (2H ATL @ NO);NFL In-Game $600 Bootleg [Single Entry] (2H ATL @ NO);NFL In-Game $267 Winner Take All [$1K to 1st] (2H ATL @ NO);NFL In-Game $500 First Down (2H ATL @ NO);NFL In-Game Satellite to NFL $4,444 Fantasy Football MEGA Millionaire [Must Fill] (2H ATL @ NO)",196297440;196298019;196298022;196297437;196297444;196297441;196297439;196297702;196297442;196298020;196298023;196298018;196298025;196298021;196297701;196297438;196297443;196297445;196298026;196297700,10/5 9:15PM 2H (ATL @ NO)
Juwan Johnson - Showdown 4th Quarter (Captain),196298118;196298121;196297447;196298119;196298122;196297446;196298117;196298124;196298120;196297448;196297449;196298125;196297707;196297706;196298037;196298109;196298080;196298081;196317157;196298123,Juwan Johnson|NO,44359274,Juwan Johnson,Juwan,Johnson,11100,CPT,NO,ATL @ NO,10/05/2026 09:45 PM,,ATL @ NO,Showdown 4th Quarter,NFL,10/5,Captain,"NFL In-Game $20K Thunderdome [Must Fill] (4Q ATL @ NO);NFL In-Game $10,170 2026 FFWC Qualifier Satellite [Must Fill] (4Q ATL @ NO);NFL In-Game $3K 4th Quarter Finish [$1K to 1st] (4Q ATL @ NO);NFL In-Game Satellite to NFL $4,444 Fantasy Football MEGA Millionaire [Must Fill] (4Q ATL @ NO);NFL In-Game Satellite to NFL 10-12 $4,444 Showdown MEGA Millionaire [Must Fill] (4Q ATL @ NO);NFL In-Game $285 Bootleg [Single Entry] (4Q ATL @ NO);NFL In-Game $1,060 Winner Take All [$4K to 1st] (Must Fill) (4Q ATL @ NO);NFL In-Game Satellite to NFL 11-1 Midseason Main Event [Must Fill] (4Q ATL @ NO);NFL In-Game Satellite to NFL $555 Fantasy Football Millionaire [Must Fill] (4Q ATL @ NO);NFL In-Game $150 First Down (4Q ATL @ NO)",196298118;196298121;196297447;196298119;196298122;196297446;196298117;196298124;196298120;196297448;196297449;196298125;196297707;196297706;196298037;196298109;196298080;196298081;196317157;196298123,10/5 9:45PM Q4 (ATL @ NO)
Amon-Ra St. Brown - Showdown Captain Mode (Flex),196285049;196285047;196285046;196285050;196285056;196285071;196285042;196285064;196285065;196285048;196285095;196285096;196285083;196285089;196285107;196285108;196285105;196285106;196285090;196285094,Amon-Ra St. Brown|DET,44358448,Amon-Ra St. Brown,Amon-Ra,St. Brown,11000,WR,DET,DET @ CAR,10/04/2026 08:20 PM,,DET @ CAR,Showdown Captain Mode,NFL,10/4,Flex,"NFL Showdown $1M Sunday Night Showdown [$250K to 1st] (DET @ CAR);NFL Showdown $500K Wildcat [$100K to 1st] (DET @ CAR);NFL Showdown $402K Luxury Box [$100K to 1st] (DET @ CAR);NFL Showdown $200K Play-Action [20 Entry Max] (DET @ CAR);NFL Showdown $140K Four-Point Stance [$30K to 1st, 5 Entry Max] (DET @ CAR);NFL Showdown $60K Huddle [Single Entry] (DET @ CAR);NFL Showdown $10K Huddle [Single Entry] (DET @ CAR);NFL Showdown $75K Spy [$15K to 1st, Single Entry] (DET @ CAR);NFL Showdown $25K Spy [Single Entry] (DET @ CAR);NFL Showdown $70K Bootleg [$20K to 1st] (DET @ CAR)",196285049;196285047;196285046;196285050;196285056;196285071;196285042;196285064;196285065;196285048;196285095;196285096;196285083;196285089;196285107;196285108;196285105;196285106;196285090;196285094,10/4 8:20PM (DET @ CAR)
Amon-Ra St. Brown - Showdown 2nd Half (Flex),196297427;196297821;196297824;196297424;196297431;196297428;196297426;196297698;196297429;196297822;196297825;196297820;196297827;196297823;196402607;196297697;196297425;196297430;196297432;196297828,Amon-Ra St. Brown|DET,44359006,Amon-Ra St. Brown,Amon-Ra,St. Brown,11000,WR,DET,DET @ CAR,10/04/2026 09:20 PM,,DET @ CAR,Showdown 2nd Half,NFL,10/4,Flex,"NFL In-Game $15K 2nd Half Clash [$5K to 1st] (2H DET @ CAR);NFL In-Game $20K Thunderdome [Must Fill] (2H DET @ CAR);NFL In-Game $10,170 2026 FFWC Qualifier Satellite [Must Fill] (2H DET @ CAR);NFL In-Game $1.8K Deep Threat [Single Entry] (2H DET @ CAR);NFL In-Game $1K Huddle [Single Entry] (2H DET @ CAR);NFL In-Game $500 Play-Action (2H DET @ CAR);NFL In-Game $600 Bootleg [Single Entry] (2H DET @ CAR);NFL In-Game $267 Winner Take All [$1K to 1st] (2H DET @ CAR);NFL In-Game $500 First Down (2H DET @ CAR);NFL In-Game Satellite to NFL $4,444 Fantasy Football MEGA Millionaire [Must Fill] (2H DET @ CAR)",196297427;196297821;196297824;196297424;196297431;196297428;196297426;196297698;196297429;196297822;196297825;196297820;196297827;196297823;196402607;196297697;196297425;196297430;196297432;196297828,10/4 9:20PM 2H (DET @ CAR)
Amon-Ra St. Brown - Showdown 4th Quarter (Flex),196297920;196297923;196297434;196297921;196297924;196297433;196297919;196297926;196297922;196297435;196297436;196297927;196297705;196297704;196297856;196297925;196297829;196297834;196297830;196297835,Amon-Ra St. Brown|DET,44359106,Amon-Ra St. Brown,Amon-Ra,St. Brown,11000,WR,DET,DET @ CAR,10/04/2026 09:50 PM,,DET @ CAR,Showdown 4th Quarter,NFL,10/4,Flex,"NFL In-Game $20K Thunderdome [Must Fill] (4Q DET @ CAR);NFL In-Game $10,170 2026 FFWC Qualifier Satellite [Must Fill] (4Q DET @ CAR);NFL In-Game $3K 4th Quarter Finish [$1K to 1st] (4Q DET @ CAR);NFL In-Game Satellite to NFL $4,444 Fantasy Football MEGA Millionaire [Must Fill] (4Q DET @ CAR);NFL In-Game Satellite to NFL 10-12 $4,444 Showdown MEGA Millionaire [Must Fill] (4Q DET @ CAR);NFL In-Game $285 Bootleg [Single Entry] (4Q DET @ CAR);NFL In-Game $1,060 Winner Take All [$4K to 1st] (Must Fill) (4Q DET @ CAR);NFL In-Game Satellite to NFL 11-1 Midseason Main Event [Must Fill] (4Q DET @ CAR);NFL In-Game Satellite to NFL $555 Fantasy Football Millionaire [Must Fill] (4Q DET @ CAR);NFL In-Game $150 First Down (4Q DET @ CAR)",196297920;196297923;196297434;196297921;196297924;196297433;196297919;196297926;196297922;196297435;196297436;196297927;196297705;196297704;196297856;196297925;196297829;196297834;196297830;196297835,10/4 9:50PM Q4 (DET @ CAR)
Chris Olave - Showdown Captain Mode (Flex),196285155;196285153;196285138;196285157;196285156;196285154;196285212;196285175;196285176;196285170;196285171;196285187;196285188;196285189;196285218;196285219;196285220;196285221;196285182;196285183,Chris Olave|NO,44358548,Chris Olave,Chris,Olave,10800,WR,NO,ATL @ NO,10/05/2026 08:15 PM,,ATL @ NO,Showdown Captain Mode,NFL,10/5,Flex,"NFL Showdown $1.5M Monday Night Showdown [$500K to 1st] (ATL @ NO);NFL Showdown $600K Wildcat [$150K to 1st] (ATL @ NO);NFL Showdown $402K Luxury Box [$100K to 1st] (ATL @ NO);NFL Showdown $300K Play-Action [20 Entry Max] (ATL @ NO);NFL Showdown $250K Flea Flicker [$50K to 1st] (ATL @ NO);NFL Showdown $150K Bootleg [$50K to 1st] (ATL @ NO);NFL Showdown $160K Four-Point Stance [$50K to 1st, 5 Entry Max] (ATL @ NO);NFL Showdown $80K Huddle [$10K to 1st, Single Entry] (ATL @ NO);NFL Showdown $20K Huddle [Single Entry] (ATL @ NO);NFL Showdown $100K Spy [$20K to 1st, Single Entry] (ATL @ NO)",196285155;196285153;196285138;196285157;196285156;196285154;196285212;196285175;196285176;196285170;196285171;196285187;196285188;196285189;196285218;196285219;196285220;196285221;196285182;196285183,10/5 8:15PM (ATL @ NO)
Chris Olave - Showdown 2nd Half (Flex),196297440;196298019;196298022;196297437;196297444;196297441;196297439;196297702;196297442;196298020;196298023;196298018;196298025;196298021;196297701;196297438;196297443;196297445;196298026;196297700,Chris Olave|NO,44359212,Chris Olave,Chris,Olave,10800,WR,NO,ATL @ NO,10/05/2026 09:15 PM,,ATL @ NO,Showdown 2nd Half,NFL,10/5,Flex,"NFL In-Game $15K 2nd Half Clash [$5K to 1st] (2H ATL @ NO);NFL In-Game $20K Thunderdome [Must Fill] (2H ATL @ NO);NFL In-Game $10,170 2026 FFWC Qualifier Satellite [Must Fill] (2H ATL @ NO);NFL In-Game $1.8K Deep Threat [Single Entry] (2H ATL @ NO);NFL In-Game $1K Huddle [Single Entry] (2H ATL @ NO);NFL In-Game $500 Play-Action (2H ATL @ NO);NFL In-Game $600 Bootleg [Single Entry] (2H ATL @ NO);NFL In-Game $267 Winner Take All [$1K to 1st] (2H ATL @ NO);NFL In-Game $500 First Down (2H ATL @ NO);NFL In-Game Satellite to NFL $4,444 Fantasy Football MEGA Millionaire [Must Fill] (2H ATL @ NO)",196297440;196298019;196298022;196297437;196297444;196297441;196297439;196297702;196297442;196298020;196298023;196298018;196298025;196298021;196297701;196297438;196297443;196297445;196298026;196297700,10/5 9:15PM 2H (ATL @ NO)
Chris Olave - Showdown 4th Quarter (Flex),196298118;196298121;196297447;196298119;196298122;196297446;196298117;196298124;196298120;196297448;196297449;196298125;196297707;196297706;196298037;196298109;196298080;196298081;196317157;196298123,Chris Olave|NO,44359324,Chris Olave,Chris,Olave,10800,WR,NO,ATL @ NO,10/05/2026 09:45 PM,,ATL @ NO,Showdown 4th Quarter,NFL,10/5,Flex,"NFL In-Game $20K Thunderdome [Must Fill] (4Q ATL @ NO);NFL In-Game $10,170 2026 FFWC Qualifier Satellite [Must Fill] (4Q ATL @ NO);NFL In-Game $3K 4th Quarter Finish [$1K to 1st] (4Q ATL @ NO);NFL In-Game Satellite to NFL $4,444 Fantasy Football MEGA Millionaire [Must Fill] (4Q ATL @ NO);NFL In-Game Satellite to NFL 10-12 $4,444 Showdown MEGA Millionaire [Must Fill] (4Q ATL @ NO);NFL In-Game $285 Bootleg [Single Entry] (4Q ATL @ NO);NFL In-Game $1,060 Winner Take All [$4K to 1st] (Must Fill) (4Q ATL @ NO);NFL In-Game Satellite to NFL 11-1 Midseason Main Event [Must Fill] (4Q ATL @ NO);NFL In-Game Satellite to NFL $555 Fantasy Football Millionaire [Must Fill] (4Q ATL @ NO);NFL In-Game $150 First Down (4Q ATL @ NO)",196298118;196298121;196297447;196298119;196298122;196297446;196298117;196298124;196298120;196297448;196297449;196298125;196297707;196297706;196298037;196298109;196298080;196298081;196317157;196298123,10/5 9:45PM Q4 (ATL @ NO)
Jameson Williams - Showdown Captain Mode (Captain),196285049;196285047;196285046;196285050;196285056;196285071;196285042;196285064;196285065;196285048;196285095;196285096;196285083;196285089;196285107;196285108;196285105;196285106;196285090;196285094,Jameson Williams|DET,44358504,Jameson Williams,Jameson,Williams,10500,CPT,DET,DET @ CAR,10/04/2026 08:20 PM,,DET @ CAR,Showdown Captain Mode,NFL,10/4,Captain,"NFL Showdown $1M Sunday Night Showdown [$250K to 1st] (DET @ CAR);NFL Showdown $500K Wildcat [$100K to 1st] (DET @ CAR);NFL Showdown $402K Luxury Box [$100K to 1st] (DET @ CAR);NFL Showdown $200K Play-Action [20 Entry Max] (DET @ CAR);NFL Showdown $140K Four-Point Stance [$30K to 1st, 5 Entry Max] (DET @ CAR);NFL Showdown $60K Huddle [Single Entry] (DET @ CAR);NFL Showdown $10K Huddle [Single Entry] (DET @ CAR);NFL Showdown $75K Spy [$15K to 1st, Single Entry] (DET @ CAR);NFL Showdown $25K Spy [Single Entry] (DET @ CAR);NFL Showdown $70K Bootleg [$20K to 1st] (DET @ CAR)",196285049;196285047;196285046;196285050;196285056;196285071;196285042;196285064;196285065;196285048;196285095;196285096;196285083;196285089;196285107;196285108;196285105;196285106;196285090;196285094,10/4 8:20PM (DET @ CAR)
Alvin Kamara - Showdown Captain Mode (Captain),196285155;196285153;196285138;196285157;196285156;196285154;196285212;196285175;196285176;196285170;196285171;196285187;196285188;196285189;196285218;196285219;196285220;196285221;196285182;196285183,Alvin Kamara|NO,44358611,Alvin Kamara,Alvin,Kamara,10500,CPT,NO,ATL @ NO,10/05/2026 08:15 PM,,ATL @ NO,Showdown Captain Mode,NFL,10/5,Captain,"NFL Showdown $1.5M Monday Night Showdown [$500K to 1st] (ATL @ NO);NFL Showdown $600K Wildcat [$150K to 1st] (ATL @ NO);NFL Showdown $402K Luxury Box [$100K to 1st] (ATL @ NO);NFL Showdown $300K Play-Action [20 Entry Max] (ATL @ NO);NFL Showdown $250K Flea Flicker [$50K to 1st] (ATL @ NO);NFL Showdown $150K Bootleg [$50K to 1st] (ATL @ NO);NFL Showdown $160K Four-Point Stance [$50K to 1st, 5 Entry Max] (ATL @ NO);NFL Showdown $80K Huddle [$10K to 1st, Single Entry] (ATL @ NO);NFL Showdown $20K Huddle [Single Entry] (ATL @ NO);NFL Showdown $100K Spy [$20K to 1st, Single Entry] (ATL @ NO)",196285155;196285153;196285138;196285157;196285156;196285154;196285212;196285175;196285176;196285170;196285171;196285187;196285188;196285189;196285218;196285219;196285220;196285221;196285182;196285183,10/5 8:15PM (ATL @ NO)
Jameson Williams - Showdown 2nd Half (Captain),196297427;196297821;196297824;196297424;196297431;196297428;196297426;196297698;196297429;196297822;196297825;196297820;196297827;196297823;196402607;196297697;196297425;196297430;196297432;196297828,Jameson Williams|DET,44358962,Jameson Williams,Jameson,Williams,10500,CPT,DET,DET @ CAR,10/04/2026 09:20 PM,,DET @ CAR,Showdown 2nd Half,NFL,10/4,Captain,"NFL In-Game $15K 2nd Half Clash [$5K to 1st] (2H DET @ CAR);NFL In-Game $20K Thunderdome [Must Fill] (2H DET @ CAR);NFL In-Game $10,170 2026 FFWC Qualifier Satellite [Must Fill] (2H DET @ CAR);NFL In-Game $1.8K Deep Threat [Single Entry] (2H DET @ CAR);NFL In-Game $1K Huddle [Single Entry] (2H DET @ CAR);NFL In-Game $500 Play-Action (2H DET @ CAR);NFL In-Game $600 Bootleg [Single Entry] (2H DET @ CAR);NFL In-Game $267 Winner Take All [$1K to 1st] (2H DET @ CAR);NFL In-Game $500 First Down (2H DET @ CAR);NFL In-Game Satellite to NFL $4,444 Fantasy Football MEGA Millionaire [Must Fill] (2H DET @ CAR)",196297427;196297821;196297824;196297424;196297431;196297428;196297426;196297698;196297429;196297822;196297825;196297820;196297827;196297823;196402607;196297697;196297425;196297430;196297432;196297828,10/4 9:20PM 2H (DET @ CAR)
Jameson Williams - Showdown 4th Quarter (Captain),196297920;196297923;196297434;196297921;196297924;196297433;196297919;196297926;196297922;196297435;196297436;196297927;196297705;196297704;196297856;196297925;196297829;196297834;196297830;196297835,Jameson Williams|DET,44359062,Jameson Williams,Jameson,Williams,10500,CPT,DET,DET @ CAR,10/04/2026 09:50 PM,,DET @ CAR,Showdown 4th Quarter,NFL,10/4,Captain,"NFL In-Game $20K Thunderdome [Must Fill] (4Q DET @ CAR);NFL In-Game $10,170 2026 FFWC Qualifier Satellite [Must Fill] (4Q DET @ CAR);NFL In-Game $3K 4th Quarter Finish [$1K to 1st] (4Q DET @ CAR);NFL In-Game Satellite to NFL $4,444 Fantasy Football MEGA Millionaire [Must Fill] (4Q DET @ CAR);NFL In-Game Satellite to NFL 10-12 $4,444 Showdown MEGA Millionaire [Must Fill] (4Q DET @ CAR);NFL In-Game $285 Bootleg [Single Entry] (4Q DET @ CAR);NFL In-Game $1,060 Winner Take All [$4K to 1st] (Must Fill) (4Q DET @ CAR);NFL In-Game Satellite to NFL 11-1 Midseason Main Event [Must Fill] (4Q DET @ CAR);NFL In-Game Satellite to NFL $555 Fantasy Football Millionaire [Must Fill] (4Q DET @ CAR);NFL In-Game $150 First Down (4Q DET @ CAR)",196297920;196297923;196297434;196297921;196297924;196297433;196297919;196297926;196297922;196297435;196297436;196297927;196297705;196297704;196297856;196297925;196297829;196297834;196297830;196297835,10/4 9:50PM Q4 (DET @ CAR)
Alvin Kamara - Showdown 2nd Half (Captain),196297440;196298019;196298022;196297437;196297444;196297441;196297439;196297702;196297442;196298020;196298023;196298018;196298025;196298021;196297701;196297438;196297443;196297445;196298026;196297700,Alvin Kamara|NO,44359163,Alvin Kamara,Alvin,Kamara,10500,CPT,NO,ATL @ NO,10/05/2026 09:15 PM,,ATL @ NO,Showdown 2nd Half,NFL,10/5,Captain,"NFL In-Game $15K 2nd Half Clash [$5K to 1st] (2H ATL @ NO);NFL In-Game $20K Thunderdome [Must Fill] (2H ATL @ NO);NFL In-Game $10,170 2026 FFWC Qualifier Satellite [Must Fill] (2H ATL @ NO);NFL In-Game $1.8K Deep Threat [Single Entry] (2H ATL @ NO);NFL In-Game $1K Huddle [Single Entry] (2H ATL @ NO);NFL In-Game $500 Play-Action (2H ATL @ NO);NFL In-Game $600 Bootleg [Single Entry] (2H ATL @ NO);NFL In-Game $267 Winner Take All [$1K to 1st] (2H ATL @ NO);NFL In-Game $500 First Down (2H ATL @ NO);NFL In-Game Satellite to NFL $4,444 Fantasy Football MEGA Millionaire [Must Fill] (2H ATL @ NO)",196297440;196298019;196298022;196297437;196297444;196297441;196297439;196297702;196297442;196298020;196298023;196298018;196298025;196298021;196297701;196297438;196297443;196297445;196298026;196297700,10/5 9:15PM 2H (ATL @ NO)
Alvin Kamara - Showdown 4th Quarter (Captain),196298118;196298121;196297447;196298119;196298122;196297446;196298117;196298124;196298120;196297448;196297449;196298125;196297707;196297706;196298037;196298109;196298080;196298081;196317157;196298123,Alvin Kamara|NO,44359275,Alvin Kamara,Alvin,Kamara,10500,CPT,NO,ATL @ NO,10/05/2026 09:45 PM,,ATL @ NO,Showdown 4th Quarter,NFL,10/5,Captain,"NFL In-Game $20K Thunderdome [Must Fill] (4Q ATL @ NO);NFL In-Game $10,170 2026 FFWC Qualifier Satellite [Must Fill] (4Q ATL @ NO);NFL In-Game $3K 4th Quarter Finish [$1K to 1st] (4Q ATL @ NO);NFL In-Game Satellite to NFL $4,444 Fantasy Football MEGA Millionaire [Must Fill] (4Q ATL @ NO);NFL In-Game Satellite to NFL 10-12 $4,444 Showdown MEGA Millionaire [Must Fill] (4Q ATL @ NO);NFL In-Game $285 Bootleg [Single Entry] (4Q ATL @ NO);NFL In-Game $1,060 Winner Take All [$4K to 1st] (Must Fill) (4Q ATL @ NO);NFL In-Game Satellite to NFL 11-1 Midseason Main Event [Must Fill] (4Q ATL @ NO);NFL In-Game Satellite to NFL $555 Fantasy Football Millionaire [Must Fill] (4Q ATL @ NO);NFL In-Game $150 First Down (4Q ATL @ NO)",196298118;196298121;196297447;196298119;196298122;196297446;196298117;196298124;196298120;196297448;196297449;196298125;196297707;196297706;196298037;196298109;196298080;196298081;196317157;196298123,10/5 9:45PM Q4 (ATL @ NO)
Jared Goff - Showdown Captain Mode (Flex),196285049;196285047;196285046;196285050;196285056;196285071;196285042;196285064;196285065;196285048;196285095;196285096;196285083;196285089;196285107;196285108;196285105;196285106;196285090;196285094,Jared Goff|DET,44358449,Jared Goff,Jared,Goff,10000,QB,DET,DET @ CAR,10/04/2026 08:20 PM,,DET @ CAR,Showdown Captain Mode,NFL,10/4,Flex,"NFL Showdown $1M Sunday Night Showdown [$250K to 1st] (DET @ CAR);NFL Showdown $500K Wildcat [$100K to 1st] (DET @ CAR);NFL Showdown $402K Luxury Box [$100K to 1st] (DET @ CAR);NFL Showdown $200K Play-Action [20 Entry Max] (DET @ CAR);NFL Showdown $140K Four-Point Stance [$30K to 1st, 5 Entry Max] (DET @ CAR);NFL Showdown $60K Huddle [Single Entry] (DET @ CAR);NFL Showdown $10K Huddle [Single Entry] (DET @ CAR);NFL Showdown $75K Spy [$15K to 1st, Single Entry] (DET @ CAR);NFL Showdown $25K Spy [Single Entry] (DET @ CAR);NFL Showdown $70K Bootleg [$20K to 1st] (DET @ CAR)",196285049;196285047;196285046;196285050;196285056;196285071;196285042;196285064;196285065;196285048;196285095;196285096;196285083;196285089;196285107;196285108;196285105;196285106;196285090;196285094,10/4 8:20PM (DET @ CAR)
Drake London - Showdown Captain Mode (Flex),196285155;196285153;196285138;196285157;196285156;196285154;196285212;196285175;196285176;196285170;196285171;196285187;196285188;196285189;196285218;196285219;196285220;196285221;196285182;196285183,Drake London|ATL,44358549,Drake London,Drake,London,10000,WR,ATL,ATL @ NO,10/05/2026 08:15 PM,,ATL @ NO,Showdown Captain Mode,NFL,10/5,Flex,"NFL Showdown $1.5M Monday Night Showdown [$500K to 1st] (ATL @ NO);NFL Showdown $600K Wildcat [$150K to 1st] (ATL @ NO);NFL Showdown $402K Luxury Box [$100K to 1st] (ATL @ NO);NFL Showdown $300K Play-Action [20 Entry Max] (ATL @ NO);NFL Showdown $250K Flea Flicker [$50K to 1st] (ATL @ NO);NFL Showdown $150K Bootleg [$50K to 1st] (ATL @ NO);NFL Showdown $160K Four-Point Stance [$50K to 1st, 5 Entry Max] (ATL @ NO);NFL Showdown $80K Huddle [$10K to 1st, Single Entry] (ATL @ NO);NFL Showdown $20K Huddle [Single Entry] (ATL @ NO);NFL Showdown $100K Spy [$20K to 1st, Single Entry] (ATL @ NO)",196285155;196285153;196285138;196285157;196285156;196285154;196285212;196285175;196285176;196285170;196285171;196285187;196285188;196285189;196285218;196285219;196285220;196285221;196285182;196285183,10/5 8:15PM (ATL @ NO)
Jared Goff - Showdown 2nd Half (Flex),196297427;196297821;196297824;196297424;196297431;196297428;196297426;196297698;196297429;196297822;196297825;196297820;196297827;196297823;196402607;196297697;196297425;196297430;196297432;196297828,Jared Goff|DET,44359007,Jared Goff,Jared,Goff,10000,QB,DET,DET @ CAR,10/04/2026 09:20 PM,,DET @ CAR,Showdown 2nd Half,NFL,10/4,Flex,"NFL In-Game $15K 2nd Half Clash [$5K to 1st] (2H DET @ CAR);NFL In-Game $20K Thunderdome [Must Fill] (2H DET @ CAR);NFL In-Game $10,170 2026 FFWC Qualifier Satellite [Must Fill] (2H DET @ CAR);NFL In-Game $1.8K Deep Threat [Single Entry] (2H DET @ CAR);NFL In-Game $1K Huddle [Single Entry] (2H DET @ CAR);NFL In-Game $500 Play-Action (2H DET @ CAR);NFL In-Game $600 Bootleg [Single Entry] (2H DET @ CAR);NFL In-Game $267 Winner Take All [$1K to 1st] (2H DET @ CAR);NFL In-Game $500 First Down (2H DET @ CAR);NFL In-Game Satellite to NFL $4,444 Fantasy Football MEGA Millionaire [Must Fill] (2H DET @ CAR)",196297427;196297821;196297824;196297424;196297431;196297428;196297426;196297698;196297429;196297822;196297825;196297820;196297827;196297823;196402607;196297697;196297425;196297430;196297432;196297828,10/4 9:20PM 2H (DET @ CAR)
Jared Goff - Showdown 4th Quarter (Flex),196297920;196297923;196297434;196297921;196297924;196297433;196297919;196297926;196297922;196297435;196297436;196297927;196297705;196297704;196297856;196297925;196297829;196297834;196297830;196297835,Jared Goff|DET,44359107,Jared Goff,Jared,Goff,10000,QB,DET,DET @ CAR,10/04/2026 09:50 PM,,DET @ CAR,Showdown 4th Quarter,NFL,10/4,Flex,"NFL In-Game $20K Thunderdome [Must Fill] (4Q DET @ CAR);NFL In-Game $10,170 2026 FFWC Qualifier Satellite [Must Fill] (4Q DET @ CAR);NFL In-Game $3K 4th Quarter Finish [$1K to 1st] (4Q DET @ CAR);NFL In-Game Satellite to NFL $4,444 Fantasy Football MEGA Millionaire [Must Fill] (4Q DET @ CAR);NFL In-Game Satellite to NFL 10-12 $4,444 Showdown MEGA Millionaire [Must Fill] (4Q DET @ CAR);NFL In-Game $285 Bootleg [Single Entry] (4Q DET @ CAR);NFL In-Game $1,060 Winner Take All [$4K to 1st] (Must Fill) (4Q DET @ CAR);NFL In-Game Satellite to NFL 11-1 Midseason Main Event [Must Fill] (4Q DET @ CAR);NFL In-Game Satellite to NFL $555 Fantasy Football Millionaire [Must Fill] (4Q DET @ CAR);NFL In-Game $150 First Down (4Q DET @ CAR)",196297920;196297923;196297434;196297921;196297924;196297433;196297919;196297926;196297922;196297435;196297436;196297927;196297705;196297704;196297856;196297925;196297829;196297834;196297830;196297835,10/4 9:50PM Q4 (DET @ CAR)
Drake London - Showdown 2nd Half (Flex),196297440;196298019;196298022;196297437;196297444;196297441;196297439;196297702;196297442;196298020;196298023;196298018;196298025;196298021;196297701;196297438;196297443;196297445;196298026;196297700,Drake London|ATL,44359213,Drake London,Drake,London,10000,WR,ATL,ATL @ NO,10/05/2026 09:15 PM,,ATL @ NO,Showdown 2nd Half,NFL,10/5,Flex,"NFL In-Game $15K 2nd Half Clash [$5K to 1st] (2H ATL @ NO);NFL In-Game $20K Thunderdome [Must Fill] (2H ATL @ NO);NFL In-Game $10,170 2026 FFWC Qualifier Satellite [Must Fill] (2H ATL @ NO);NFL In-Game $1.8K Deep Threat [Single Entry] (2H ATL @ NO);NFL In-Game $1K Huddle [Single Entry] (2H ATL @ NO);NFL In-Game $500 Play-Action (2H ATL @ NO);NFL In-Game $600 Bootleg [Single Entry] (2H ATL @ NO);NFL In-Game $267 Winner Take All [$1K to 1st] (2H ATL @ NO);NFL In-Game $500 First Down (2H ATL @ NO);NFL In-Game Satellite to NFL $4,444 Fantasy Football MEGA Millionaire [Must Fill] (2H ATL @ NO)",196297440;196298019;196298022;196297437;196297444;196297441;196297439;196297702;196297442;196298020;196298023;196298018;196298025;196298021;196297701;196297438;196297443;196297445;196298026;196297700,10/5 9:15PM 2H (ATL @ NO)
Drake London - Showdown 4th Quarter (Flex),196298118;196298121;196297447;196298119;196298122;196297446;196298117;196298124;196298120;196297448;196297449;196298125;196297707;196297706;196298037;196298109;196298080;196298081;196317157;196298123,Drake London|ATL,44359325,Drake London,Drake,London,10000,WR,ATL,ATL @ NO,10/05/2026 09:45 PM,,ATL @ NO,Showdown 4th Quarter,NFL,10/5,Flex,"NFL In-Game $20K Thunderdome [Must Fill] (4Q ATL @ NO);NFL In-Game $10,170 2026 FFWC Qualifier Satellite [Must Fill] (4Q ATL @ NO);NFL In-Game $3K 4th Quarter Finish [$1K to 1st] (4Q ATL @ NO);NFL In-Game Satellite to NFL $4,444 Fantasy Football MEGA Millionaire [Must Fill] (4Q ATL @ NO);NFL In-Game Satellite to NFL 10-12 $4,444 Showdown MEGA Millionaire [Must Fill] (4Q ATL @ NO);NFL In-Game $285 Bootleg [Single Entry] (4Q ATL @ NO);NFL In-Game $1,060 Winner Take All [$4K to 1st] (Must Fill) (4Q ATL @ NO);NFL In-Game Satellite to NFL 11-1 Midseason Main Event [Must Fill] (4Q ATL @ NO);NFL In-Game Satellite to NFL $555 Fantasy Football Millionaire [Must Fill] (4Q ATL @ NO);NFL In-Game $150 First Down (4Q ATL @ NO)",196298118;196298121;196297447;196298119;196298122;196297446;196298117;196298124;196298120;196297448;196297449;196298125;196297707;196297706;196298037;196298109;196298080;196298081;196317157;196298123,10/5 9:45PM Q4 (ATL @ NO)
Sam LaPorta - Showdown Captain Mode (Captain),196285049;196285047;196285046;196285050;196285056;196285071;196285042;196285064;196285065;196285048;196285095;196285096;196285083;196285089;196285107;196285108;196285105;196285106;196285090;196285094,Sam LaPorta|DET,44358505,Sam LaPorta,Sam,LaPorta,9900,CPT,DET,DET @ CAR,10/04/2026 08:20 PM,,DET @ CAR,Showdown Captain Mode,NFL,10/4,Captain,"NFL Showdown $1M Sunday Night Showdown [$250K to 1st] (DET @ CAR);NFL Showdown $500K Wildcat [$100K to 1st] (DET @ CAR);NFL Showdown $402K Luxury Box [$100K to 1st] (DET @ CAR);NFL Showdown $200K Play-Action [20 Entry Max] (DET @ CAR);NFL Showdown $140K Four-Point Stance [$30K to 1st, 5 Entry Max] (DET @ CAR);NFL Showdown $60K Huddle [Single Entry] (DET @ CAR);NFL Showdown $10K Huddle [Single Entry] (DET @ CAR);NFL Showdown $75K Spy [$15K to 1st, Single Entry] (DET @ CAR);NFL Showdown $25K Spy [Single Entry] (DET @ CAR);NFL Showdown $70K Bootleg [$20K to 1st] (DET @ CAR)",196285049;196285047;196285046;196285050;196285056;196285071;196285042;196285064;196285065;196285048;196285095;196285096;196285083;196285089;196285107;196285108;196285105;196285106;196285090;196285094,10/4 8:20PM (DET @ CAR)
Sam LaPorta - Showdown 2nd Half (Captain),196297427;196297821;196297824;196297424;196297431;196297428;196297426;196297698;196297429;196297822;196297825;196297820;196297827;196297823;196402607;196297697;196297425;196297430;196297432;196297828,Sam LaPorta|DET,44358963,Sam LaPorta,Sam,LaPorta,9900,CPT,DET,DET @ CAR,10/04/2026 09:20 PM,,DET @ CAR,Showdown 2nd Half,NFL,10/4,Captain,"NFL In-Game $15K 2nd Half Clash [$5K to 1st] (2H DET @ CAR);NFL In-Game $20K Thunderdome [Must Fill] (2H DET @ CAR);NFL In-Game $10,170 2026 FFWC Qualifier Satellite [Must Fill] (2H DET @ CAR);NFL In-Game $1.8K Deep Threat [Single Entry] (2H DET @ CAR);NFL In-Game $1K Huddle [Single Entry] (2H DET @ CAR);NFL In-Game $500 Play-Action (2H DET @ CAR);NFL In-Game $600 Bootleg [Single Entry] (2H DET @ CAR);NFL In-Game $267 Winner Take All [$1K to 1st] (2H DET @ CAR);NFL In-Game $500 First Down (2H DET @ CAR);NFL In-Game Satellite to NFL $4,444 Fantasy Football MEGA Millionaire [Must Fill] (2H DET @ CAR)",196297427;196297821;196297824;196297424;196297431;196297428;196297426;196297698;196297429;196297822;196297825;196297820;196297827;196297823;196402607;196297697;196297425;196297430;196297432;196297828,10/4 9:20PM 2H (DET @ CAR)
Sam LaPorta - Showdown 4th Quarter (Captain),196297920;196297923;196297434;196297921;196297924;196297433;196297919;196297926;196297922;196297435;196297436;196297927;196297705;196297704;196297856;196297925;196297829;196297834;196297830;196297835,Sam LaPorta|DET,44359063,Sam LaPorta,Sam,LaPorta,9900,CPT,DET,DET @ CAR,10/04/2026 09:50 PM,,DET @ CAR,Showdown 4th Quarter,NFL,10/4,Captain,"NFL In-Game $20K Thunderdome [Must Fill] (4Q DET @ CAR);NFL In-Game $10,170 2026 FFWC Qualifier Satellite [Must Fill] (4Q DET @ CAR);NFL In-Game $3K 4th Quarter Finish [$1K to 1st] (4Q DET @ CAR);NFL In-Game Satellite to NFL $4,444 Fantasy Football MEGA Millionaire [Must Fill] (4Q DET @ CAR);NFL In-Game Satellite to NFL 10-12 $4,444 Showdown MEGA Millionaire [Must Fill] (4Q DET @ CAR);NFL In-Game $285 Bootleg [Single Entry] (4Q DET @ CAR);NFL In-Game $1,060 Winner Take All [$4K to 1st] (Must Fill) (4Q DET @ CAR);NFL In-Game Satellite to NFL 11-1 Midseason Main Event [Must Fill] (4Q DET @ CAR);NFL In-Game Satellite to NFL $555 Fantasy Football Millionaire [Must Fill] (4Q DET @ CAR);NFL In-Game $150 First Down (4Q DET @ CAR)",196297920;196297923;196297434;196297921;196297924;196297433;196297919;196297926;196297922;196297435;196297436;196297927;196297705;196297704;196297856;196297925;196297829;196297834;196297830;196297835,10/4 9:50PM Q4 (DET @ CAR)
Bryce Young - Showdown Captain Mode (Flex),196285049;196285047;196285046;196285050;196285056;196285071;196285042;196285064;196285065;196285048;196285095;196285096;196285083;196285089;196285107;196285108;196285105;196285106;196285090;196285094,Bryce Young|CAR,44358450,Bryce Young,Bryce,Young,9800,QB,CAR,DET @ CAR,10/04/2026 08:20 PM,,DET @ CAR,Showdown Captain Mode,NFL,10/4,Flex,"NFL Showdown $1M Sunday Night Showdown [$250K to 1st] (DET @ CAR);NFL Showdown $500K Wildcat [$100K to 1st] (DET @ CAR);NFL Showdown $402K Luxury Box [$100K to 1st] (DET @ CAR);NFL Showdown $200K Play-Action [20 Entry Max] (DET @ CAR);NFL Showdown $140K Four-Point Stance [$30K to 1st, 5 Entry Max] (DET @ CAR);NFL Showdown $60K Huddle [Single Entry] (DET @ CAR);NFL Showdown $10K Huddle [Single Entry] (DET @ CAR);NFL Showdown $75K Spy [$15K to 1st, Single Entry] (DET @ CAR);NFL Showdown $25K Spy [Single Entry] (DET @ CAR);NFL Showdown $70K Bootleg [$20K to 1st] (DET @ CAR)",196285049;196285047;196285046;196285050;196285056;196285071;196285042;196285064;196285065;196285048;196285095;196285096;196285083;196285089;196285107;196285108;196285105;196285106;196285090;196285094,10/4 8:20PM (DET @ CAR)
Bryce Young - Showdown 2nd Half (Flex),196297427;196297821;196297824;196297424;196297431;196297428;196297426;196297698;196297429;196297822;196297825;196297820;196297827;196297823;196402607;196297697;196297425;196297430;196297432;196297828,Bryce Young|CAR,44359008,Bryce Young,Bryce,Young,9800,QB,CAR,DET @ CAR,10/04/2026 09:20 PM,,DET @ CAR,Showdown 2nd Half,NFL,10/4,Flex,"NFL In-Game $15K 2nd Half Clash [$5K to 1st] (2H DET @ CAR);NFL In-Game $20K Thunderdome [Must Fill] (2H DET @ CAR);NFL In-Game $10,170 2026 FFWC Qualifier Satellite [Must Fill] (2H DET @ CAR);NFL In-Game $1.8K Deep Threat [Single Entry] (2H DET @ CAR);NFL In-Game $1K Huddle [Single Entry] (2H DET @ CAR);NFL In-Game $500 Play-Action (2H DET @ CAR);NFL In-Game $600 Bootleg [Single Entry] (2H DET @ CAR);NFL In-Game $267 Winner Take All [$1K to 1st] (2H DET @ CAR);NFL In-Game $500 First Down (2H DET @ CAR);NFL In-Game Satellite to NFL $4,444 Fantasy Football MEGA Millionaire [Must Fill] (2H DET @ CAR)",196297427;196297821;196297824;196297424;196297431;196297428;196297426;196297698;196297429;196297822;196297825;196297820;196297827;196297823;196402607;196297697;196297425;196297430;196297432;196297828,10/4 9:20PM 2H (DET @ CAR)
Bryce Young - Showdown 4th Quarter (Flex),196297920;196297923;196297434;196297921;196297924;196297433;196297919;196297926;196297922;196297435;196297436;196297927;196297705;196297704;196297856;196297925;196297829;196297834;196297830;196297835,Bryce Young|CAR,44359108,Bryce Young,Bryce,Young,9800,QB,CAR,DET @ CAR,10/04/2026 09:50 PM,,DET @ CAR,Showdown 4th Quarter,NFL,10/4,Flex,"NFL In-Game $20K Thunderdome [Must Fill] (4Q DET @ CAR);NFL In-Game $10,170 2026 FFWC Qualifier Satellite [Must Fill] (4Q DET @ CAR);NFL In-Game $3K 4th Quarter Finish [$1K to 1st] (4Q DET @ CAR);NFL In-Game Satellite to NFL $4,444 Fantasy Football MEGA Millionaire [Must Fill] (4Q DET @ CAR);NFL In-Game Satellite to NFL 10-12 $4,444 Showdown MEGA Millionaire [Must Fill] (4Q DET @ CAR);NFL In-Game $285 Bootleg [Single Entry] (4Q DET @ CAR);NFL In-Game $1,060 Winner Take All [$4K to 1st] (Must Fill) (4Q DET @ CAR);NFL In-Game Satellite to NFL 11-1 Midseason Main Event [Must Fill] (4Q DET @ CAR);NFL In-Game Satellite to NFL $555 Fantasy Football Millionaire [Must Fill] (4Q DET @ CAR);NFL In-Game $150 First Down (4Q DET @ CAR)",196297920;196297923;196297434;196297921;196297924;196297433;196297919;196297926;196297922;196297435;196297436;196297927;196297705;196297704;196297856;196297925;196297829;196297834;196297830;196297835,10/4 9:50PM Q4 (DET @ CAR)
Tyler Shough - Showdown Captain Mode (Flex),196285155;196285153;196285138;196285157;196285156;196285154;196285212;196285175;196285176;196285170;196285171;196285187;196285188;196285189;196285218;196285219;196285220;196285221;196285182;196285183,Tyler Shough|NO,44358550,Tyler Shough,Tyler,Shough,9600,QB,NO,ATL @ NO,10/05/2026 08:15 PM,,ATL @ NO,Showdown Captain Mode,NFL,10/5,Flex,"NFL Showdown $1.5M Monday Night Showdown [$500K to 1st] (ATL @ NO);NFL Showdown $600K Wildcat [$150K to 1st] (ATL @ NO);NFL Showdown $402K Luxury Box [$100K to 1st] (ATL @ NO);NFL Showdown $300K Play-Action [20 Entry Max] (ATL @ NO);NFL Showdown $250K Flea Flicker [$50K to 1st] (ATL @ NO);NFL Showdown $150K Bootleg [$50K to 1st] (ATL @ NO);NFL Showdown $160K Four-Point Stance [$50K to 1st, 5 Entry Max] (ATL @ NO);NFL Showdown $80K Huddle [$10K to 1st, Single Entry] (ATL @ NO);NFL Showdown $20K Huddle [Single Entry] (ATL @ NO);NFL Showdown $100K Spy [$20K to 1st, Single Entry] (ATL @ NO)",196285155;196285153;196285138;196285157;196285156;196285154;196285212;196285175;196285176;196285170;196285171;196285187;196285188;196285189;196285218;196285219;196285220;196285221;196285182;196285183,10/5 8:15PM (ATL @ NO)
Tyler Shough - Showdown 2nd Half (Flex),196297440;196298019;196298022;196297437;196297444;196297441;196297439;196297702;196297442;196298020;196298023;196298018;196298025;196298021;196297701;196297438;196297443;196297445;196298026;196297700,Tyler Shough|NO,44359214,Tyler Shough,Tyler,Shough,9600,QB,NO,ATL @ NO,10/05/2026 09:15 PM,,ATL @ NO,Showdown 2nd Half,NFL,10/5,Flex,"NFL In-Game $15K 2nd Half Clash [$5K to 1st] (2H ATL @ NO);NFL In-Game $20K Thunderdome [Must Fill] (2H ATL @ NO);NFL In-Game $10,170 2026 FFWC Qualifier Satellite [Must Fill] (2H ATL @ NO);NFL In-Game $1.8K Deep Threat [Single Entry] (2H ATL @ NO);NFL In-Game $1K Huddle [Single Entry] (2H ATL @ NO);NFL In-Game $500 Play-Action (2H ATL @ NO);NFL In-Game $600 Bootleg [Single Entry] (2H ATL @ NO);NFL In-Game $267 Winner Take All [$1K to 1st] (2H ATL @ NO);NFL In-Game $500 First Down (2H ATL @ NO);NFL In-Game Satellite to NFL $4,444 Fantasy Football MEGA Millionaire [Must Fill] (2H ATL @ NO)",196297440;196298019;196298022;196297437;196297444;196297441;196297439;196297702;196297442;196298020;196298023;196298018;196298025;196298021;196297701;196297438;196297443;196297445;196298026;196297700,10/5 9:15PM 2H (ATL @ NO)
Tyler Shough - Showdown 4th Quarter (Flex),196298118;196298121;196297447;196298119;196298122;196297446;196298117;196298124;196298120;196297448;196297449;196298125;196297707;196297706;196298037;196298109;196298080;196298081;196317157;196298123,Tyler Shough|NO,44359326,Tyler Shough,Tyler,Shough,9600,QB,NO,ATL @ NO,10/05/2026 09:45 PM,,ATL @ NO,Showdown 4th Quarter,NFL,10/5,Flex,"NFL In-Game $20K Thunderdome [Must Fill] (4Q ATL @ NO);NFL In-Game $10,170 2026 FFWC Qualifier Satellite [Must Fill] (4Q ATL @ NO);NFL In-Game $3K 4th Quarter Finish [$1K to 1st] (4Q ATL @ NO);NFL In-Game Satellite to NFL $4,444 Fantasy Football MEGA Millionaire [Must Fill] (4Q ATL @ NO);NFL In-Game Satellite to NFL 10-12 $4,444 Showdown MEGA Millionaire [Must Fill] (4Q ATL @ NO);NFL In-Game $285 Bootleg [Single Entry] (4Q ATL @ NO);NFL In-Game $1,060 Winner Take All [$4K to 1st] (Must Fill) (4Q ATL @ NO);NFL In-Game Satellite to NFL 11-1 Midseason Main Event [Must Fill] (4Q ATL @ NO);NFL In-Game Satellite to NFL $555 Fantasy Football Millionaire [Must Fill] (4Q ATL @ NO);NFL In-Game $150 First Down (4Q ATL @ NO)",196298118;196298121;196297447;196298119;196298122;196297446;196298117;196298124;196298120;196297448;196297449;196298125;196297707;196297706;196298037;196298109;196298080;196298081;196317157;196298123,10/5 9:45PM Q4 (ATL @ NO)
Chuba Hubbard - Showdown Captain Mode (Flex),196285049;196285047;196285046;196285050;196285056;196285071;196285042;196285064;196285065;196285048;196285095;196285096;196285083;196285089;196285107;196285108;196285105;196285106;196285090;196285094,Chuba Hubbard|CAR,44358451,Chuba Hubbard,Chuba,Hubbard,9400,RB,CAR,DET @ CAR,10/04/2026 08:20 PM,,DET @ CAR,Showdown Captain Mode,NFL,10/4,Flex,"NFL Showdown $1M Sunday Night Showdown [$250K to 1st] (DET @ CAR);NFL Showdown $500K Wildcat [$100K to 1st] (DET @ CAR);NFL Showdown $402K Luxury Box [$100K to 1st] (DET @ CAR);NFL Showdown $200K Play-Action [20 Entry Max] (DET @ CAR);NFL Showdown $140K Four-Point Stance [$30K to 1st, 5 Entry Max] (DET @ CAR);NFL Showdown $60K Huddle [Single Entry] (DET @ CAR);NFL Showdown $10K Huddle [Single Entry] (DET @ CAR);NFL Showdown $75K Spy [$15K to 1st, Single Entry] (DET @ CAR);NFL Showdown $25K Spy [Single Entry] (DET @ CAR);NFL Showdown $70K Bootleg [$20K to 1st] (DET @ CAR)",196285049;196285047;196285046;196285050;196285056;196285071;196285042;196285064;196285065;196285048;196285095;196285096;196285083;196285089;196285107;196285108;196285105;196285106;196285090;196285094,10/4 8:20PM (DET @ CAR)
Chuba Hubbard - Showdown 2nd Half (Flex),196297427;196297821;196297824;196297424;196297431;196297428;196297426;196297698;196297429;196297822;196297825;196297820;196297827;196297823;196402607;196297697;196297425;196297430;196297432;196297828,Chuba Hubbard|CAR,44359009,Chuba Hubbard,Chuba,Hubbard,9400,RB,CAR,DET @ CAR,10/04/2026 09:20 PM,,DET @ CAR,Showdown 2nd Half,NFL,10/4,Flex,"NFL In-Game $15K 2nd Half Clash [$5K to 1st] (2H DET @ CAR);NFL In-Game $20K Thunderdome [Must Fill] (2H DET @ CAR);NFL In-Game $10,170 2026 FFWC Qualifier Satellite [Must Fill] (2H DET @ CAR);NFL In-Game $1.8K Deep Threat [Single Entry] (2H DET @ CAR);NFL In-Game $1K Huddle [Single Entry] (2H DET @ CAR);NFL In-Game $500 Play-Action (2H DET @ CAR);NFL In-Game $600 Bootleg [Single Entry] (2H DET @ CAR);NFL In-Game $267 Winner Take All [$1K to 1st] (2H DET @ CAR);NFL In-Game $500 First Down (2H DET @ CAR);NFL In-Game Satellite to NFL $4,444 Fantasy Football MEGA Millionaire [Must Fill] (2H DET @ CAR)",196297427;196297821;196297824;196297424;196297431;196297428;196297426;196297698;196297429;196297822;196297825;196297820;196297827;196297823;196402607;196297697;196297425;196297430;196297432;196297828,10/4 9:20PM 2H (DET @ CAR)
Chuba Hubbard - Showdown 4th Quarter (Flex),196297920;196297923;196297434;196297921;196297924;196297433;196297919;196297926;196297922;196297435;196297436;196297927;196297705;196297704;196297856;196297925;196297829;196297834;196297830;196297835,Chuba Hubbard|CAR,44359109,Chuba Hubbard,Chuba,Hubbard,9400,RB,CAR,DET @ CAR,10/04/2026 09:50 PM,,DET @ CAR,Showdown 4th Quarter,NFL,10/4,Flex,"NFL In-Game $20K Thunderdome [Must Fill] (4Q DET @ CAR);NFL In-Game $10,170 2026 FFWC Qualifier Satellite [Must Fill] (4Q DET @ CAR);NFL In-Game $3K 4th Quarter Finish [$1K to 1st] (4Q DET @ CAR);NFL In-Game Satellite to NFL $4,444 Fantasy Football MEGA Millionaire [Must Fill] (4Q DET @ CAR);NFL In-Game Satellite to NFL 10-12 $4,444 Showdown MEGA Millionaire [Must Fill] (4Q DET @ CAR);NFL In-Game $285 Bootleg [Single Entry] (4Q DET @ CAR);NFL In-Game $1,060 Winner Take All [$4K to 1st] (Must Fill) (4Q DET @ CAR);NFL In-Game Satellite to NFL 11-1 Midseason Main Event [Must Fill] (4Q DET @ CAR);NFL In-Game Satellite to NFL $555 Fantasy Football Millionaire [Must Fill] (4Q DET @ CAR);NFL In-Game $150 First Down (4Q DET @ CAR)",196297920;196297923;196297434;196297921;196297924;196297433;196297919;196297926;196297922;196297435;196297436;196297927;196297705;196297704;196297856;196297925;196297829;196297834;196297830;196297835,10/4 9:50PM Q4 (DET @ CAR)
Tetairoa McMillan - Showdown Captain Mode (Flex),196285049;196285047;196285046;196285050;196285056;196285071;196285042;196285064;196285065;196285048;196285095;196285096;196285083;196285089;196285107;196285108;196285105;196285106;196285090;196285094,Tetairoa McMillan|CAR,44358452,Tetairoa McMillan,Tetairoa,McMillan,9000,WR,CAR,DET @ CAR,10/04/2026 08:20 PM,,DET @ CAR,Showdown Captain Mode,NFL,10/4,Flex,"NFL Showdown $1M Sunday Night Showdown [$250K to 1st] (DET @ CAR);NFL Showdown $500K Wildcat [$100K to 1st] (DET @ CAR);NFL Showdown $402K Luxury Box [$100K to 1st] (DET @ CAR);NFL Showdown $200K Play-Action [20 Entry Max] (DET @ CAR);NFL Showdown $140K Four-Point Stance [$30K to 1st, 5 Entry Max] (DET @ CAR);NFL Showdown $60K Huddle [Single Entry] (DET @ CAR);NFL Showdown $10K Huddle [Single Entry] (DET @ CAR);NFL Showdown $75K Spy [$15K to 1st, Single Entry] (DET @ CAR);NFL Showdown $25K Spy [Single Entry] (DET @ CAR);NFL Showdown $70K Bootleg [$20K to 1st] (DET @ CAR)",196285049;196285047;196285046;196285050;196285056;196285071;196285042;196285064;196285065;196285048;196285095;196285096;196285083;196285089;196285107;196285108;196285105;196285106;196285090;196285094,10/4 8:20PM (DET @ CAR)
Luke Altmyer - Showdown Captain Mode (Captain),196285049;196285047;196285046;196285050;196285056;196285071;196285042;196285064;196285065;196285048;196285095;196285096;196285083;196285089;196285107;196285108;196285105;196285106;196285090;196285094,Luke Altmyer|DET,44358506,Luke Altmyer,Luke,Altmyer,9000,CPT,DET,DET @ CAR,10/04/2026 08:20 PM,,DET @ CAR,Showdown Captain Mode,NFL,10/4,Captain,"NFL Showdown $1M Sunday Night Showdown [$250K to 1st] (DET @ CAR);NFL Showdown $500K Wildcat [$100K to 1st] (DET @ CAR);NFL Showdown $402K Luxury Box [$100K to 1st] (DET @ CAR);NFL Showdown $200K Play-Action [20 Entry Max] (DET @ CAR);NFL Showdown $140K Four-Point Stance [$30K to 1st, 5 Entry Max] (DET @ CAR);NFL Showdown $60K Huddle [Single Entry] (DET @ CAR);NFL Showdown $10K Huddle [Single Entry] (DET @ CAR);NFL Showdown $75K Spy [$15K to 1st, Single Entry] (DET @ CAR);NFL Showdown $25K Spy [Single Entry] (DET @ CAR);NFL Showdown $70K Bootleg [$20K to 1st] (DET @ CAR)",196285049;196285047;196285046;196285050;196285056;196285071;196285042;196285064;196285065;196285048;196285095;196285096;196285083;196285089;196285107;196285108;196285105;196285106;196285090;196285094,10/4 8:20PM (DET @ CAR)
Joshua Dobbs - Showdown Captain Mode (Captain),196285049;196285047;196285046;196285050;196285056;196285071;196285042;196285064;196285065;196285048;196285095;196285096;196285083;196285089;196285107;196285108;196285105;196285106;196285090;196285094,Joshua Dobbs|DET,44358507,Joshua Dobbs,Joshua,Dobbs,9000,CPT,DET,DET @ CAR,10/04/2026 08:20 PM,,DET @ CAR,Showdown Captain Mode,NFL,10/4,Captain,"NFL Showdown $1M Sunday Night Showdown [$250K to 1st] (DET @ CAR);NFL Showdown $500K Wildcat [$100K to 1st] (DET @ CAR);NFL Showdown $402K Luxury Box [$100K to 1st] (DET @ CAR);NFL Showdown $200K Play-Action [20 Entry Max] (DET @ CAR);NFL Showdown $140K Four-Point Stance [$30K to 1st, 5 Entry Max] (DET @ CAR);NFL Showdown $60K Huddle [Single Entry] (DET @ CAR);NFL Showdown $10K Huddle [Single Entry] (DET @ CAR);NFL Showdown $75K Spy [$15K to 1st, Single Entry] (DET @ CAR);NFL Showdown $25K Spy [Single Entry] (DET @ CAR);NFL Showdown $70K Bootleg [$20K to 1st] (DET @ CAR)",196285049;196285047;196285046;196285050;196285056;196285071;196285042;196285064;196285065;196285048;196285095;196285096;196285083;196285089;196285107;196285108;196285105;196285106;196285090;196285094,10/4 8:20PM (DET @ CAR)
Kenny Pickett - Showdown Captain Mode (Captain),196285049;196285047;196285046;196285050;196285056;196285071;196285042;196285064;196285065;196285048;196285095;196285096;196285083;196285089;196285107;196285108;196285105;196285106;196285090;196285094,Kenny Pickett|CAR,44358508,Kenny Pickett,Kenny,Pickett,9000,CPT,CAR,DET @ CAR,10/04/2026 08:20 PM,,DET @ CAR,Showdown Captain Mode,NFL,10/4,Captain,"NFL Showdown $1M Sunday Night Showdown [$250K to 1st] (DET @ CAR);NFL Showdown $500K Wildcat [$100K to 1st] (DET @ CAR);NFL Showdown $402K Luxury Box [$100K to 1st] (DET @ CAR);NFL Showdown $200K Play-Action [20 Entry Max] (DET @ CAR);NFL Showdown $140K Four-Point Stance [$30K to 1st, 5 Entry Max] (DET @ CAR);NFL Showdown $60K Huddle [Single Entry] (DET @ CAR);NFL Showdown $10K Huddle [Single Entry] (DET @ CAR);NFL Showdown $75K Spy [$15K to 1st, Single Entry] (DET @ CAR);NFL Showdown $25K Spy [Single Entry] (DET @ CAR);NFL Showdown $70K Bootleg [$20K to 1st] (DET @ CAR)",196285049;196285047;196285046;196285050;196285056;196285071;196285042;196285064;196285065;196285048;196285095;196285096;196285083;196285089;196285107;196285108;196285105;196285106;196285090;196285094,10/4 8:20PM (DET @ CAR)
Haynes King - Showdown Captain Mode (Captain),196285049;196285047;196285046;196285050;196285056;196285071;196285042;196285064;196285065;196285048;196285095;196285096;196285083;196285089;196285107;196285108;196285105;196285106;196285090;196285094,Haynes King|CAR,44358509,Haynes King,Haynes,King,9000,CPT,CAR,DET @ CAR,10/04/2026 08:20 PM,,DET @ CAR,Showdown Captain Mode,NFL,10/4,Captain,"NFL Showdown $1M Sunday Night Showdown [$250K to 1st] (DET @ CAR);NFL Showdown $500K Wildcat [$100K to 1st] (DET @ CAR);NFL Showdown $402K Luxury Box [$100K to 1st] (DET @ CAR);NFL Showdown $200K Play-Action [20 Entry Max] (DET @ CAR);NFL Showdown $140K Four-Point Stance [$30K to 1st, 5 Entry Max] (DET @ CAR);NFL Showdown $60K Huddle [Single Entry] (DET @ CAR);NFL Showdown $10K Huddle [Single Entry] (DET @ CAR);NFL Showdown $75K Spy [$15K to 1st, Single Entry] (DET @ CAR);NFL Showdown $25K Spy [Single Entry] (DET @ CAR);NFL Showdown $70K Bootleg [$20K to 1st] (DET @ CAR)",196285049;196285047;196285046;196285050;196285056;196285071;196285042;196285064;196285065;196285048;196285095;196285096;196285083;196285089;196285107;196285108;196285105;196285106;196285090;196285094,10/4 8:20PM (DET @ CAR)
Jahmyr Gibbs - Classic,196285112;196285136;196285124;196285111;196285110;196285121;196285113;196285123;196286041;196285114;196285133;196285129;196285132;196285109;196285127;196285125;196285122;196285118;196286044;196285115,Jahmyr Gibbs|DET,44358251,Jahmyr Gibbs,Jahmyr,Gibbs,9000,RB,DET,DET @ CAR,10/04/2026 08:20 PM,,DET @ CAR,Classic,NFL,10/4,Standard,NFL $60K Post Pattern [$20K to 1st] (Primetime);NFL $30K Wildcat [$10K to 1st] (Primetime);NFL $15K Huddle [Single Entry] (Primetime);NFL $10K Bootleg [$2K to 1st] (Primetime);NFL $8.5K Luxury Box [Single Entry] (Primetime);NFL $10K Spy [Single Entry] (Primetime);NFL $10K Play-Action [20 Entry Max] (Primetime);NFL $6K Fair Catch [Single Entry] (Primetime);NFL $20K Thunderdome [Must Fill] (Primetime);NFL $7K First Down (Primetime),196285112;196285136;196285124;196285111;196285110;196285121;196285113;196285123;196286041;196285114;196285133;196285129;196285132;196285109;196285127;196285125;196285122;196285118;196286044;196285115,"10/4 8:20PM, 2 Games"
Michael Penix Jr. - Showdown Captain Mode (Flex),196285155;196285153;196285138;196285157;196285156;196285154;196285212;196285175;196285176;196285170;196285171;196285187;196285188;196285189;196285218;196285219;196285220;196285221;196285182;196285183,Michael Penix Jr.|ATL,44358551,Michael Penix Jr.,Michael,Penix Jr.,9000,QB,ATL,ATL @ NO,10/05/2026 08:15 PM,,ATL @ NO,Showdown Captain Mode,NFL,10/5,Flex,"NFL Showdown $1.5M Monday Night Showdown [$500K to 1st] (ATL @ NO);NFL Showdown $600K Wildcat [$150K to 1st] (ATL @ NO);NFL Showdown $402K Luxury Box [$100K to 1st] (ATL @ NO);NFL Showdown $300K Play-Action [20 Entry Max] (ATL @ NO);NFL Showdown $250K Flea Flicker [$50K to 1st] (ATL @ NO);NFL Showdown $150K Bootleg [$50K to 1st] (ATL @ NO);NFL Showdown $160K Four-Point Stance [$50K to 1st, 5 Entry Max] (ATL @ NO);NFL Showdown $80K Huddle [$10K to 1st, Single Entry] (ATL @ NO);NFL Showdown $20K Huddle [Single Entry] (ATL @ NO);NFL Showdown $100K Spy [$20K to 1st, Single Entry] (ATL @ NO)",196285155;196285153;196285138;196285157;196285156;196285154;196285212;196285175;196285176;196285170;196285171;196285187;196285188;196285189;196285218;196285219;196285220;196285221;196285182;196285183,10/5 8:15PM (ATL @ NO)
Zach Wilson - Showdown Captain Mode (Captain),196285155;196285153;196285138;196285157;196285156;196285154;196285212;196285175;196285176;196285170;196285171;196285187;196285188;196285189;196285218;196285219;196285220;196285221;196285182;196285183,Zach Wilson|NO,44358612,Zach Wilson,Zach,Wilson,9000,CPT,NO,ATL @ NO,10/05/2026 08:15 PM,,ATL @ NO,Showdown Captain Mode,NFL,10/5,Captain,"NFL Showdown $1.5M Monday Night Showdown [$500K to 1st] (ATL @ NO);NFL Showdown $600K Wildcat [$150K to 1st] (ATL @ NO);NFL Showdown $402K Luxury Box [$100K to 1st] (ATL @ NO);NFL Showdown $300K Play-Action [20 Entry Max] (ATL @ NO);NFL Showdown $250K Flea Flicker [$50K to 1st] (ATL @ NO);NFL Showdown $150K Bootleg [$50K to 1st] (ATL @ NO);NFL Showdown $160K Four-Point Stance [$50K to 1st, 5 Entry Max] (ATL @ NO);NFL Showdown $80K Huddle [$10K to 1st, Single Entry] (ATL @ NO);NFL Showdown $20K Huddle [Single Entry] (ATL @ NO);NFL Showdown $100K Spy [$20K to 1st, Single Entry] (ATL @ NO)",196285155;196285153;196285138;196285157;196285156;196285154;196285212;196285175;196285176;196285170;196285171;196285187;196285188;196285189;196285218;196285219;196285220;196285221;196285182;196285183,10/5 8:15PM (ATL @ NO)
Tua Tagovailoa - Showdown Captain Mode (Captain),196285155;196285153;196285138;196285157;196285156;196285154;196285212;196285175;196285176;196285170;196285171;196285187;196285188;196285189;196285218;196285219;196285220;196285221;196285182;196285183,Tua Tagovailoa|ATL,44358613,Tua Tagovailoa,Tua,Tagovailoa,9000,CPT,ATL,ATL @ NO,10/05/2026 08:15 PM,,ATL @ NO,Showdown Captain Mode,NFL,10/5,Captain,"NFL Showdown $1.5M Monday Night Showdown [$500K to 1st] (ATL @ NO);NFL Showdown $600K Wildcat [$150K to 1st] (ATL @ NO);NFL Showdown $402K Luxury Box [$100K to 1st] (ATL @ NO);NFL Showdown $300K Play-Action [20 Entry Max] (ATL @ NO);NFL Showdown $250K Flea Flicker [$50K to 1st] (ATL @ NO);NFL Showdown $150K Bootleg [$50K to 1st] (ATL @ NO);NFL Showdown $160K Four-Point Stance [$50K to 1st, 5 Entry Max] (ATL @ NO);NFL Showdown $80K Huddle [$10K to 1st, Single Entry] (ATL @ NO);NFL Showdown $20K Huddle [Single Entry] (ATL @ NO);NFL Showdown $100K Spy [$20K to 1st, Single Entry] (ATL @ NO)",196285155;196285153;196285138;196285157;196285156;196285154;196285212;196285175;196285176;196285170;196285171;196285187;196285188;196285189;196285218;196285219;196285220;196285221;196285182;196285183,10/5 8:15PM (ATL @ NO)
Jack Strand - Showdown Captain Mode (Captain),196285155;196285153;196285138;196285157;196285156;196285154;196285212;196285175;196285176;196285170;196285171;196285187;196285188;196285189;196285218;196285219;196285220;196285221;196285182;196285183,Jack Strand|ATL,44358614,Jack Strand,Jack,Strand,9000,CPT,ATL,ATL @ NO,10/05/2026 08:15 PM,,ATL @ NO,Showdown Captain Mode,NFL,10/5,Captain,"NFL Showdown $1.5M Monday Night Showdown [$500K to 1st] (ATL @ NO);NFL Showdown $600K Wildcat [$150K to 1st] (ATL @ NO);NFL Showdown $402K Luxury Box [$100K to 1st] (ATL @ NO);NFL Showdown $300K Play-Action [20 Entry Max] (ATL @ NO);NFL Showdown $250K Flea Flicker [$50K to 1st] (ATL @ NO);NFL Showdown $150K Bootleg [$50K to 1st] (ATL @ NO);NFL Showdown $160K Four-Point Stance [$50K to 1st, 5 Entry Max] (ATL @ NO);NFL Showdown $80K Huddle [$10K to 1st, Single Entry] (ATL @ NO);NFL Showdown $20K Huddle [Single Entry] (ATL @ NO);NFL Showdown $100K Spy [$20K to 1st, Single Entry] (ATL @ NO)",196285155;196285153;196285138;196285157;196285156;196285154;196285212;196285175;196285176;196285170;196285171;196285187;196285188;196285189;196285218;196285219;196285220;196285221;196285182;196285183,10/5 8:15PM (ATL @ NO)
Cooper Rush - Showdown Captain Mode (Captain),196285155;196285153;196285138;196285157;196285156;196285154;196285212;196285175;196285176;196285170;196285171;196285187;196285188;196285189;196285218;196285219;196285220;196285221;196285182;196285183,Cooper Rush|ATL,44358615,Cooper Rush,Cooper,Rush,9000,CPT,ATL,ATL @ NO,10/05/2026 08:15 PM,,ATL @ NO,Showdown Captain Mode,NFL,10/5,Captain,"NFL Showdown $1.5M Monday Night Showdown [$500K to 1st] (ATL @ NO);NFL Showdown $600K Wildcat [$150K to 1st] (ATL @ NO);NFL Showdown $402K Luxury Box [$100K to 1st] (ATL @ NO);NFL Showdown $300K Play-Action [20 Entry Max] (ATL @ NO);NFL Showdown $250K Flea Flicker [$50K to 1st] (ATL @ NO);NFL Showdown $150K Bootleg [$50K to 1st] (ATL @ NO);NFL Showdown $160K Four-Point Stance [$50K to 1st, 5 Entry Max] (ATL @ NO);NFL Showdown $80K Huddle [$10K to 1st, Single Entry] (ATL @ NO);NFL Showdown $20K Huddle [Single Entry] (ATL @ NO);NFL Showdown $100K Spy [$20K to 1st, Single Entry] (ATL @ NO)",196285155;196285153;196285138;196285157;196285156;196285154;196285212;196285175;196285176;196285170;196285171;196285187;196285188;196285189;196285218;196285219;196285220;196285221;196285182;196285183,10/5 8:15PM (ATL @ NO)
Spencer Rattler - Showdown Captain Mode (Captain),196285155;196285153;196285138;196285157;196285156;196285154;196285212;196285175;196285176;196285170;196285171;196285187;196285188;196285189;196285218;196285219;196285220;196285221;196285182;196285183,Spencer Rattler|NO,44358616,Spencer Rattler,Spencer,Rattler,9000,CPT,NO,ATL @ NO,10/05/2026 08:15 PM,,ATL @ NO,Showdown Captain Mode,NFL,10/5,Captain,"NFL Showdown $1.5M Monday Night Showdown [$500K to 1st] (ATL @ NO);NFL Showdown $600K Wildcat [$150K to 1st] (ATL @ NO);NFL Showdown $402K Luxury Box [$100K to 1st] (ATL @ NO);NFL Showdown $300K Play-Action [20 Entry Max] (ATL @ NO);NFL Showdown $250K Flea Flicker [$50K to 1st] (ATL @ NO);NFL Showdown $150K Bootleg [$50K to 1st] (ATL @ NO);NFL Showdown $160K Four-Point Stance [$50K to 1st, 5 Entry Max] (ATL @ NO);NFL Showdown $80K Huddle [$10K to 1st, Single Entry] (ATL @ NO);NFL Showdown $20K Huddle [Single Entry] (ATL @ NO);NFL Showdown $100K Spy [$20K to 1st, Single Entry] (ATL @ NO)",196285155;196285153;196285138;196285157;196285156;196285154;196285212;196285175;196285176;196285170;196285171;196285187;196285188;196285189;196285218;196285219;196285220;196285221;196285182;196285183,10/5 8:15PM (ATL @ NO)
Tetairoa McMillan - Showdown 2nd Half (Flex),196297427;196297821;196297824;196297424;196297431;196297428;196297426;196297698;196297429;196297822;196297825;196297820;196297827;196297823;196402607;196297697;196297425;196297430;196297432;196297828,Tetairoa McMillan|CAR,44359010,Tetairoa McMillan,Tetairoa,McMillan,9000,WR,CAR,DET @ CAR,10/04/2026 09:20 PM,,DET @ CAR,Showdown 2nd Half,NFL,10/4,Flex,"NFL In-Game $15K 2nd Half Clash [$5K to 1st] (2H DET @ CAR);NFL In-Game $20K Thunderdome [Must Fill] (2H DET @ CAR);NFL In-Game $10,170 2026 FFWC Qualifier Satellite [Must Fill] (2H DET @ CAR);NFL In-Game $1.8K Deep Threat [Single Entry] (2H DET @ CAR);NFL In-Game $1K Huddle [Single Entry] (2H DET @ CAR);NFL In-Game $500 Play-Action (2H DET @ CAR);NFL In-Game $600 Bootleg [Single Entry] (2H DET @ CAR);NFL In-Game $267 Winner Take All [$1K to 1st] (2H DET @ CAR);NFL In-Game $500 First Down (2H DET @ CAR);NFL In-Game Satellite to NFL $4,444 Fantasy Football MEGA Millionaire [Must Fill] (2H DET @ CAR)",196297427;196297821;196297824;196297424;196297431;196297428;196297426;196297698;196297429;196297822;196297825;196297820;196297827;196297823;196402607;196297697;196297425;196297430;196297432;196297828,10/4 9:20PM 2H (DET @ CAR)
Luke Altmyer - Showdown 2nd Half (Captain),196297427;196297821;196297824;196297424;196297431;196297428;196297426;196297698;196297429;196297822;196297825;196297820;196297827;196297823;196402607;196297697;196297425;196297430;196297432;196297828,Luke Altmyer|DET,44358964,Luke Altmyer,Luke,Altmyer,9000,CPT,DET,DET @ CAR,10/04/2026 09:20 PM,,DET @ CAR,Showdown 2nd Half,NFL,10/4,Captain,"NFL In-Game $15K 2nd Half Clash [$5K to 1st] (2H DET @ CAR);NFL In-Game $20K Thunderdome [Must Fill] (2H DET @ CAR);NFL In-Game $10,170 2026 FFWC Qualifier Satellite [Must Fill] (2H DET @ CAR);NFL In-Game $1.8K Deep Threat [Single Entry] (2H DET @ CAR);NFL In-Game $1K Huddle [Single Entry] (2H DET @ CAR);NFL In-Game $500 Play-Action (2H DET @ CAR);NFL In-Game $600 Bootleg [Single Entry] (2H DET @ CAR);NFL In-Game $267 Winner Take All [$1K to 1st] (2H DET @ CAR);NFL In-Game $500 First Down (2H DET @ CAR);NFL In-Game Satellite to NFL $4,444 Fantasy Football MEGA Millionaire [Must Fill] (2H DET @ CAR)",196297427;196297821;196297824;196297424;196297431;196297428;196297426;196297698;196297429;196297822;196297825;196297820;196297827;196297823;196402607;196297697;196297425;196297430;196297432;196297828,10/4 9:20PM 2H (DET @ CAR)
Joshua Dobbs - Showdown 2nd Half (Captain),196297427;196297821;196297824;196297424;196297431;196297428;196297426;196297698;196297429;196297822;196297825;196297820;196297827;196297823;196402607;196297697;196297425;196297430;196297432;196297828,Joshua Dobbs|DET,44358965,Joshua Dobbs,Joshua,Dobbs,9000,CPT,DET,DET @ CAR,10/04/2026 09:20 PM,,DET @ CAR,Showdown 2nd Half,NFL,10/4,Captain,"NFL In-Game $15K 2nd Half Clash [$5K to 1st] (2H DET @ CAR);NFL In-Game $20K Thunderdome [Must Fill] (2H DET @ CAR);NFL In-Game $10,170 2026 FFWC Qualifier Satellite [Must Fill] (2H DET @ CAR);NFL In-Game $1.8K Deep Threat [Single Entry] (2H DET @ CAR);NFL In-Game $1K Huddle [Single Entry] (2H DET @ CAR);NFL In-Game $500 Play-Action (2H DET @ CAR);NFL In-Game $600 Bootleg [Single Entry] (2H DET @ CAR);NFL In-Game $267 Winner Take All [$1K to 1st] (2H DET @ CAR);NFL In-Game $500 First Down (2H DET @ CAR);NFL In-Game Satellite to NFL $4,444 Fantasy Football MEGA Millionaire [Must Fill] (2H DET @ CAR)",196297427;196297821;196297824;196297424;196297431;196297428;196297426;196297698;196297429;196297822;196297825;196297820;196297827;196297823;196402607;196297697;196297425;196297430;196297432;196297828,10/4 9:20PM 2H (DET @ CAR)
Haynes King - Showdown 2nd Half (Captain),196297427;196297821;196297824;196297424;196297431;196297428;196297426;196297698;196297429;196297822;196297825;196297820;196297827;196297823;196402607;196297697;196297425;196297430;196297432;196297828,Haynes King|CAR,44358966,Haynes King,Haynes,King,9000,CPT,CAR,DET @ CAR,10/04/2026 09:20 PM,,DET @ CAR,Showdown 2nd Half,NFL,10/4,Captain,"NFL In-Game $15K 2nd Half Clash [$5K to 1st] (2H DET @ CAR);NFL In-Game $20K Thunderdome [Must Fill] (2H DET @ CAR);NFL In-Game $10,170 2026 FFWC Qualifier Satellite [Must Fill] (2H DET @ CAR);NFL In-Game $1.8K Deep Threat [Single Entry] (2H DET @ CAR);NFL In-Game $1K Huddle [Single Entry] (2H DET @ CAR);NFL In-Game $500 Play-Action (2H DET @ CAR);NFL In-Game $600 Bootleg [Single Entry] (2H DET @ CAR);NFL In-Game $267 Winner Take All [$1K to 1st] (2H DET @ CAR);NFL In-Game $500 First Down (2H DET @ CAR);NFL In-Game Satellite to NFL $4,444 Fantasy Football MEGA Millionaire [Must Fill] (2H DET @ CAR)",196297427;196297821;196297824;196297424;196297431;196297428;196297426;196297698;196297429;196297822;196297825;196297820;196297827;196297823;196402607;196297697;196297425;196297430;196297432;196297828,10/4 9:20PM 2H (DET @ CAR)
Kenny Pickett - Showdown 2nd Half (Captain),196297427;196297821;196297824;196297424;196297431;196297428;196297426;196297698;196297429;196297822;196297825;196297820;196297827;196297823;196402607;196297697;196297425;196297430;196297432;196297828,Kenny Pickett|CAR,44358967,Kenny Pickett,Kenny,Pickett,9000,CPT,CAR,DET @ CAR,10/04/2026 09:20 PM,,DET @ CAR,Showdown 2nd Half,NFL,10/4,Captain,"NFL In-Game $15K 2nd Half Clash [$5K to 1st] (2H DET @ CAR);NFL In-Game $20K Thunderdome [Must Fill] (2H DET @ CAR);NFL In-Game $10,170 2026 FFWC Qualifier Satellite [Must Fill] (2H DET @ CAR);NFL In-Game $1.8K Deep Threat [Single Entry] (2H DET @ CAR);NFL In-Game $1K Huddle [Single Entry] (2H DET @ CAR);NFL In-Game $500 Play-Action (2H DET @ CAR);NFL In-Game $600 Bootleg [Single Entry] (2H DET @ CAR);NFL In-Game $267 Winner Take All [$1K to 1st] (2H DET @ CAR);NFL In-Game $500 First Down (2H DET @ CAR);NFL In-Game Satellite to NFL $4,444 Fantasy Football MEGA Millionaire [Must Fill] (2H DET @ CAR)",196297427;196297821;196297824;196297424;196297431;196297428;196297426;196297698;196297429;196297822;196297825;196297820;196297827;196297823;196402607;196297697;196297425;196297430;196297432;196297828,10/4 9:20PM 2H (DET @ CAR)
Tetairoa McMillan - Showdown 4th Quarter (Flex),196297920;196297923;196297434;196297921;196297924;196297433;196297919;196297926;196297922;196297435;196297436;196297927;196297705;196297704;196297856;196297925;196297829;196297834;196297830;196297835,Tetairoa McMillan|CAR,44359110,Tetairoa McMillan,Tetairoa,McMillan,9000,WR,CAR,DET @ CAR,10/04/2026 09:50 PM,,DET @ CAR,Showdown 4th Quarter,NFL,10/4,Flex,"NFL In-Game $20K Thunderdome [Must Fill] (4Q DET @ CAR);NFL In-Game $10,170 2026 FFWC Qualifier Satellite [Must Fill] (4Q DET @ CAR);NFL In-Game $3K 4th Quarter Finish [$1K to 1st] (4Q DET @ CAR);NFL In-Game Satellite to NFL $4,444 Fantasy Football MEGA Millionaire [Must Fill] (4Q DET @ CAR);NFL In-Game Satellite to NFL 10-12 $4,444 Showdown MEGA Millionaire [Must Fill] (4Q DET @ CAR);NFL In-Game $285 Bootleg [Single Entry] (4Q DET @ CAR);NFL In-Game $1,060 Winner Take All [$4K to 1st] (Must Fill) (4Q DET @ CAR);NFL In-Game Satellite to NFL 11-1 Midseason Main Event [Must Fill] (4Q DET @ CAR);NFL In-Game Satellite to NFL $555 Fantasy Football Millionaire [Must Fill] (4Q DET @ CAR);NFL In-Game $150 First Down (4Q DET @ CAR)",196297920;196297923;196297434;196297921;196297924;196297433;196297919;196297926;196297922;196297435;196297436;196297927;196297705;196297704;196297856;196297925;196297829;196297834;196297830;196297835,10/4 9:50PM Q4 (DET @ CAR)
Kenny Pickett - Showdown 4th Quarter (Captain),196297920;196297923;196297434;196297921;196297924;196297433;196297919;196297926;196297922;196297435;196297436;196297927;196297705;196297704;196297856;196297925;196297829;196297834;196297830;196297835,Kenny Pickett|CAR,44359064,Kenny Pickett,Kenny,Pickett,9000,CPT,CAR,DET @ CAR,10/04/2026 09:50 PM,,DET @ CAR,Showdown 4th Quarter,NFL,10/4,Captain,"NFL In-Game $20K Thunderdome [Must Fill] (4Q DET @ CAR);NFL In-Game $10,170 2026 FFWC Qualifier Satellite [Must Fill] (4Q DET @ CAR);NFL In-Game $3K 4th Quarter Finish [$1K to 1st] (4Q DET @ CAR);NFL In-Game Satellite to NFL $4,444 Fantasy Football MEGA Millionaire [Must Fill] (4Q DET @ CAR);NFL In-Game Satellite to NFL 10-12 $4,444 Showdown MEGA Millionaire [Must Fill] (4Q DET @ CAR);NFL In-Game $285 Bootleg [Single Entry] (4Q DET @ CAR);NFL In-Game $1,060 Winner Take All [$4K to 1st] (Must Fill) (4Q DET @ CAR);NFL In-Game Satellite to NFL 11-1 Midseason Main Event [Must Fill] (4Q DET @ CAR);NFL In-Game Satellite to NFL $555 Fantasy Football Millionaire [Must Fill] (4Q DET @ CAR);NFL In-Game $150 First Down (4Q DET @ CAR)",196297920;196297923;196297434;196297921;196297924;196297433;196297919;196297926;196297922;196297435;196297436;196297927;196297705;196297704;196297856;196297925;196297829;196297834;196297830;196297835,10/4 9:50PM Q4 (DET @ CAR)
Luke Altmyer - Showdown 4th Quarter (Captain),196297920;196297923;196297434;196297921;196297924;196297433;196297919;196297926;196297922;196297435;196297436;196297927;196297705;196297704;196297856;196297925;196297829;196297834;196297830;196297835,Luke Altmyer|DET,44359065,Luke Altmyer,Luke,Altmyer,9000,CPT,DET,DET @ CAR,10/04/2026 09:50 PM,,DET @ CAR,Showdown 4th Quarter,NFL,10/4,Captain,"NFL In-Game $20K Thunderdome [Must Fill] (4Q DET @ CAR);NFL In-Game $10,170 2026 FFWC Qualifier Satellite [Must Fill] (4Q DET @ CAR);NFL In-Game $3K 4th Quarter Finish [$1K to 1st] (4Q DET @ CAR);NFL In-Game Satellite to NFL $4,444 Fantasy Football MEGA Millionaire [Must Fill] (4Q DET @ CAR);NFL In-Game Satellite to NFL 10-12 $4,444 Showdown MEGA Millionaire [Must Fill] (4Q DET @ CAR);NFL In-Game $285 Bootleg [Single Entry] (4Q DET @ CAR);NFL In-Game $1,060 Winner Take All [$4K to 1st] (Must Fill) (4Q DET @ CAR);NFL In-Game Satellite to NFL 11-1 Midseason Main Event [Must Fill] (4Q DET @ CAR);NFL In-Game Satellite to NFL $555 Fantasy Football Millionaire [Must Fill] (4Q DET @ CAR);NFL In-Game $150 First Down (4Q DET @ CAR)",196297920;196297923;196297434;196297921;196297924;196297433;196297919;196297926;196297922;196297435;196297436;196297927;196297705;196297704;196297856;196297925;196297829;196297834;196297830;196297835,10/4 9:50PM Q4 (DET @ CAR)
Haynes King - Showdown 4th Quarter (Captain),196297920;196297923;196297434;196297921;196297924;196297433;196297919;196297926;196297922;196297435;196297436;196297927;196297705;196297704;196297856;196297925;196297829;196297834;196297830;196297835,Haynes King|CAR,44359066,Haynes King,Haynes,King,9000,CPT,CAR,DET @ CAR,10/04/2026 09:50 PM,,DET @ CAR,Showdown 4th Quarter,NFL,10/4,Captain,"NFL In-Game $20K Thunderdome [Must Fill] (4Q DET @ CAR);NFL In-Game $10,170 2026 FFWC Qualifier Satellite [Must Fill] (4Q DET @ CAR);NFL In-Game $3K 4th Quarter Finish [$1K to 1st] (4Q DET @ CAR);NFL In-Game Satellite to NFL $4,444 Fantasy Football MEGA Millionaire [Must Fill] (4Q DET @ CAR);NFL In-Game Satellite to NFL 10-12 $4,444 Showdown MEGA Millionaire [Must Fill] (4Q DET @ CAR);NFL In-Game $285 Bootleg [Single Entry] (4Q DET @ CAR);NFL In-Game $1,060 Winner Take All [$4K to 1st] (Must Fill) (4Q DET @ CAR);NFL In-Game Satellite to NFL 11-1 Midseason Main Event [Must Fill] (4Q DET @ CAR);NFL In-Game Satellite to NFL $555 Fantasy Football Millionaire [Must Fill] (4Q DET @ CAR);NFL In-Game $150 First Down (4Q DET @ CAR)",196297920;196297923;196297434;196297921;196297924;196297433;196297919;196297926;196297922;196297435;196297436;196297927;196297705;196297704;196297856;196297925;196297829;196297834;196297830;196297835,10/4 9:50PM Q4 (DET @ CAR)
Joshua Dobbs - Showdown 4th Quarter (Captain),196297920;196297923;196297434;196297921;196297924;196297433;196297919;196297926;196297922;196297435;196297436;196297927;196297705;196297704;196297856;196297925;196297829;196297834;196297830;196297835,Joshua Dobbs|DET,44359067,Joshua Dobbs,Joshua,Dobbs,9000,CPT,DET,DET @ CAR,10/04/2026 09:50 PM,,DET @ CAR,Showdown 4th Quarter,NFL,10/4,Captain,"NFL In-Game $20K Thunderdome [Must Fill] (4Q DET @ CAR);NFL In-Game $10,170 2026 FFWC Qualifier Satellite [Must Fill] (4Q DET @ CAR);NFL In-Game $3K 4th Quarter Finish [$1K to 1st] (4Q DET @ CAR);NFL In-Game Satellite to NFL $4,444 Fantasy Football MEGA Millionaire [Must Fill] (4Q DET @ CAR);NFL In-Game Satellite to NFL 10-12 $4,444 Showdown MEGA Millionaire [Must Fill] (4Q DET @ CAR);NFL In-Game $285 Bootleg [Single Entry] (4Q DET @ CAR);NFL In-Game $1,060 Winner Take All [$4K to 1st] (Must Fill) (4Q DET @ CAR);NFL In-Game Satellite to NFL 11-1 Midseason Main Event [Must Fill] (4Q DET @ CAR);NFL In-Game Satellite to NFL $555 Fantasy Football Millionaire [Must Fill] (4Q DET @ CAR);NFL In-Game $150 First Down (4Q DET @ CAR)",196297920;196297923;196297434;196297921;196297924;196297433;196297919;196297926;196297922;196297435;196297436;196297927;196297705;196297704;196297856;196297925;196297829;196297834;196297830;196297835,10/4 9:50PM Q4 (DET @ CAR)
Michael Penix Jr. - Showdown 2nd Half (Flex),196297440;196298019;196298022;196297437;196297444;196297441;196297439;196297702;196297442;196298020;196298023;196298018;196298025;196298021;196297701;196297438;196297443;196297445;196298026;196297700,Michael Penix Jr.|ATL,44359215,Michael Penix Jr.,Michael,Penix Jr.,9000,QB,ATL,ATL @ NO,10/05/2026 09:15 PM,,ATL @ NO,Showdown 2nd Half,NFL,10/5,Flex,"NFL In-Game $15K 2nd Half Clash [$5K to 1st] (2H ATL @ NO);NFL In-Game $20K Thunderdome [Must Fill] (2H ATL @ NO);NFL In-Game $10,170 2026 FFWC Qualifier Satellite [Must Fill] (2H ATL @ NO);NFL In-Game $1.8K Deep Threat [Single Entry] (2H ATL @ NO);NFL In-Game $1K Huddle [Single Entry] (2H ATL @ NO);NFL In-Game $500 Play-Action (2H ATL @ NO);NFL In-Game $600 Bootleg [Single Entry] (2H ATL @ NO);NFL In-Game $267 Winner Take All [$1K to 1st] (2H ATL @ NO);NFL In-Game $500 First Down (2H ATL @ NO);NFL In-Game Satellite to NFL $4,444 Fantasy Football MEGA Millionaire [Must Fill] (2H ATL @ NO)",196297440;196298019;196298022;196297437;196297444;196297441;196297439;196297702;196297442;196298020;196298023;196298018;196298025;196298021;196297701;196297438;196297443;196297445;196298026;196297700,10/5 9:15PM 2H (ATL @ NO)
Spencer Rattler - Showdown 2nd Half (Captain),196297440;196298019;196298022;196297437;196297444;196297441;196297439;196297702;196297442;196298020;196298023;196298018;196298025;196298021;196297701;196297438;196297443;196297445;196298026;196297700,Spencer Rattler|NO,44359164,Spencer Rattler,Spencer,Rattler,9000,CPT,NO,ATL @ NO,10/05/2026 09:15 PM,,ATL @ NO,Showdown 2nd Half,NFL,10/5,Captain,"NFL In-Game $15K 2nd Half Clash [$5K to 1st] (2H ATL @ NO);NFL In-Game $20K Thunderdome [Must Fill] (2H ATL @ NO);NFL In-Game $10,170 2026 FFWC Qualifier Satellite [Must Fill] (2H ATL @ NO);NFL In-Game $1.8K Deep Threat [Single Entry] (2H ATL @ NO);NFL In-Game $1K Huddle [Single Entry] (2H ATL @ NO);NFL In-Game $500 Play-Action (2H ATL @ NO);NFL In-Game $600 Bootleg [Single Entry] (2H ATL @ NO);NFL In-Game $267 Winner Take All [$1K to 1st] (2H ATL @ NO);NFL In-Game $500 First Down (2H ATL @ NO);NFL In-Game Satellite to NFL $4,444 Fantasy Football MEGA Millionaire [Must Fill] (2H ATL @ NO)",196297440;196298019;196298022;196297437;196297444;196297441;196297439;196297702;196297442;196298020;196298023;196298018;196298025;196298021;196297701;196297438;196297443;196297445;196298026;196297700,10/5 9:15PM 2H (ATL @ NO)
Zach Wilson - Showdown 2nd Half (Captain),196297440;196298019;196298022;196297437;196297444;196297441;196297439;196297702;196297442;196298020;196298023;196298018;196298025;196298021;196297701;196297438;196297443;196297445;196298026;196297700,Zach Wilson|NO,44359165,Zach Wilson,Zach,Wilson,9000,CPT,NO,ATL @ NO,10/05/2026 09:15 PM,,ATL @ NO,Showdown 2nd Half,NFL,10/5,Captain,"NFL In-Game $15K 2nd Half Clash [$5K to 1st] (2H ATL @ NO);NFL In-Game $20K Thunderdome [Must Fill] (2H ATL @ NO);NFL In-Game $10,170 2026 FFWC Qualifier Satellite [Must Fill] (2H ATL @ NO);NFL In-Game $1.8K Deep Threat [Single Entry] (2H ATL @ NO);NFL In-Game $1K Huddle [Single Entry] (2H ATL @ NO);NFL In-Game $500 Play-Action (2H ATL @ NO);NFL In-Game $600 Bootleg [Single Entry] (2H ATL @ NO);NFL In-Game $267 Winner Take All [$1K to 1st] (2H ATL @ NO);NFL In-Game $500 First Down (2H ATL @ NO);NFL In-Game Satellite to NFL $4,444 Fantasy Football MEGA Millionaire [Must Fill] (2H ATL @ NO)",196297440;196298019;196298022;196297437;196297444;196297441;196297439;196297702;196297442;196298020;196298023;196298018;196298025;196298021;196297701;196297438;196297443;196297445;196298026;196297700,10/5 9:15PM 2H (ATL @ NO)
Tua Tagovailoa - Showdown 2nd Half (Captain),196297440;196298019;196298022;196297437;196297444;196297441;196297439;196297702;196297442;196298020;196298023;196298018;196298025;196298021;196297701;196297438;196297443;196297445;196298026;196297700,Tua Tagovailoa|ATL,44359166,Tua Tagovailoa,Tua,Tagovailoa,9000,CPT,ATL,ATL @ NO,10/05/2026 09:15 PM,,ATL @ NO,Showdown 2nd Half,NFL,10/5,Captain,"NFL In-Game $15K 2nd Half Clash [$5K to 1st] (2H ATL @ NO);NFL In-Game $20K Thunderdome [Must Fill] (2H ATL @ NO);NFL In-Game $10,170 2026 FFWC Qualifier Satellite [Must Fill] (2H ATL @ NO);NFL In-Game $1.8K Deep Threat [Single Entry] (2H ATL @ NO);NFL In-Game $1K Huddle [Single Entry] (2H ATL @ NO);NFL In-Game $500 Play-Action (2H ATL @ NO);NFL In-Game $600 Bootleg [Single Entry] (2H ATL @ NO);NFL In-Game $267 Winner Take All [$1K to 1st] (2H ATL @ NO);NFL In-Game $500 First Down (2H ATL @ NO);NFL In-Game Satellite to NFL $4,444 Fantasy Football MEGA Millionaire [Must Fill] (2H ATL @ NO)",196297440;196298019;196298022;196297437;196297444;196297441;196297439;196297702;196297442;196298020;196298023;196298018;196298025;196298021;196297701;196297438;196297443;196297445;196298026;196297700,10/5 9:15PM 2H (ATL @ NO)
Cooper Rush - Showdown 2nd Half (Captain),196297440;196298019;196298022;196297437;196297444;196297441;196297439;196297702;196297442;196298020;196298023;196298018;196298025;196298021;196297701;196297438;196297443;196297445;196298026;196297700,Cooper Rush|ATL,44359167,Cooper Rush,Cooper,Rush,9000,CPT,ATL,ATL @ NO,10/05/2026 09:15 PM,,ATL @ NO,Showdown 2nd Half,NFL,10/5,Captain,"NFL In-Game $15K 2nd Half Clash [$5K to 1st] (2H ATL @ NO);NFL In-Game $20K Thunderdome [Must Fill] (2H ATL @ NO);NFL In-Game $10,170 2026 FFWC Qualifier Satellite [Must Fill] (2H ATL @ NO);NFL In-Game $1.8K Deep Threat [Single Entry] (2H ATL @ NO);NFL In-Game $1K Huddle [Single Entry] (2H ATL @ NO);NFL In-Game $500 Play-Action (2H ATL @ NO);NFL In-Game $600 Bootleg [Single Entry] (2H ATL @ NO);NFL In-Game $267 Winner Take All [$1K to 1st] (2H ATL @ NO);NFL In-Game $500 First Down (2H ATL @ NO);NFL In-Game Satellite to NFL $4,444 Fantasy Football MEGA Millionaire [Must Fill] (2H ATL @ NO)",196297440;196298019;196298022;196297437;196297444;196297441;196297439;196297702;196297442;196298020;196298023;196298018;196298025;196298021;196297701;196297438;196297443;196297445;196298026;196297700,10/5 9:15PM 2H (ATL @ NO)
Jack Strand - Showdown 2nd Half (Captain),196297440;196298019;196298022;196297437;196297444;196297441;196297439;196297702;196297442;196298020;196298023;196298018;196298025;196298021;196297701;196297438;196297443;196297445;196298026;196297700,Jack Strand|ATL,44359168,Jack Strand,Jack,Strand,9000,CPT,ATL,ATL @ NO,10/05/2026 09:15 PM,,ATL @ NO,Showdown 2nd Half,NFL,10/5,Captain,"NFL In-Game $15K 2nd Half Clash [$5K to 1st] (2H ATL @ NO);NFL In-Game $20K Thunderdome [Must Fill] (2H ATL @ NO);NFL In-Game $10,170 2026 FFWC Qualifier Satellite [Must Fill] (2H ATL @ NO);NFL In-Game $1.8K Deep Threat [Single Entry] (2H ATL @ NO);NFL In-Game $1K Huddle [Single Entry] (2H ATL @ NO);NFL In-Game $500 Play-Action (2H ATL @ NO);NFL In-Game $600 Bootleg [Single Entry] (2H ATL @ NO);NFL In-Game $267 Winner Take All [$1K to 1st] (2H ATL @ NO);NFL In-Game $500 First Down (2H ATL @ NO);NFL In-Game Satellite to NFL $4,444 Fantasy Football MEGA Millionaire [Must Fill] (2H ATL @ NO)",196297440;196298019;196298022;196297437;196297444;196297441;196297439;196297702;196297442;196298020;196298023;196298018;196298025;196298021;196297701;196297438;196297443;196297445;196298026;196297700,10/5 9:15PM 2H (ATL @ NO)
Michael Penix Jr. - Showdown 4th Quarter (Flex),196298118;196298121;196297447;196298119;196298122;196297446;196298117;196298124;196298120;196297448;196297449;196298125;196297707;196297706;196298037;196298109;196298080;196298081;196317157;196298123,Michael Penix Jr.|ATL,44359327,Michael Penix Jr.,Michael,Penix Jr.,9000,QB,ATL,ATL @ NO,10/05/2026 09:45 PM,,ATL @ NO,Showdown 4th Quarter,NFL,10/5,Flex,"NFL In-Game $20K Thunderdome [Must Fill] (4Q ATL @ NO);NFL In-Game $10,170 2026 FFWC Qualifier Satellite [Must Fill] (4Q ATL @ NO);NFL In-Game $3K 4th Quarter Finish [$1K to 1st] (4Q ATL @ NO);NFL In-Game Satellite to NFL $4,444 Fantasy Football MEGA Millionaire [Must Fill] (4Q ATL @ NO);NFL In-Game Satellite to NFL 10-12 $4,444 Showdown MEGA Millionaire [Must Fill] (4Q ATL @ NO);NFL In-Game $285 Bootleg [Single Entry] (4Q ATL @ NO);NFL In-Game $1,060 Winner Take All [$4K to 1st] (Must Fill) (4Q ATL @ NO);NFL In-Game Satellite to NFL 11-1 Midseason Main Event [Must Fill] (4Q ATL @ NO);NFL In-Game Satellite to NFL $555 Fantasy Football Millionaire [Must Fill] (4Q ATL @ NO);NFL In-Game $150 First Down (4Q ATL @ NO)",196298118;196298121;196297447;196298119;196298122;196297446;196298117;196298124;196298120;196297448;196297449;196298125;196297707;196297706;196298037;196298109;196298080;196298081;196317157;196298123,10/5 9:45PM Q4 (ATL @ NO)
Spencer Rattler - Showdown 4th Quarter (Captain),196298118;196298121;196297447;196298119;196298122;196297446;196298117;196298124;196298120;196297448;196297449;196298125;196297707;196297706;196298037;196298109;196298080;196298081;196317157;196298123,Spencer Rattler|NO,44359276,Spencer Rattler,Spencer,Rattler,9000,CPT,NO,ATL @ NO,10/05/2026 09:45 PM,,ATL @ NO,Showdown 4th Quarter,NFL,10/5,Captain,"NFL In-Game $20K Thunderdome [Must Fill] (4Q ATL @ NO);NFL In-Game $10,170 2026 FFWC Qualifier Satellite [Must Fill] (4Q ATL @ NO);NFL In-Game $3K 4th Quarter Finish [$1K to 1st] (4Q ATL @ NO);NFL In-Game Satellite to NFL $4,444 Fantasy Football MEGA Millionaire [Must Fill] (4Q ATL @ NO);NFL In-Game Satellite to NFL 10-12 $4,444 Showdown MEGA Millionaire [Must Fill] (4Q ATL @ NO);NFL In-Game $285 Bootleg [Single Entry] (4Q ATL @ NO);NFL In-Game $1,060 Winner Take All [$4K to 1st] (Must Fill) (4Q ATL @ NO);NFL In-Game Satellite to NFL 11-1 Midseason Main Event [Must Fill] (4Q ATL @ NO);NFL In-Game Satellite to NFL $555 Fantasy Football Millionaire [Must Fill] (4Q ATL @ NO);NFL In-Game $150 First Down (4Q ATL @ NO)",196298118;196298121;196297447;196298119;196298122;196297446;196298117;196298124;196298120;196297448;196297449;196298125;196297707;196297706;196298037;196298109;196298080;196298081;196317157;196298123,10/5 9:45PM Q4 (ATL @ NO)
Tua Tagovailoa - Showdown 4th Quarter (Captain),196298118;196298121;196297447;196298119;196298122;196297446;196298117;196298124;196298120;196297448;196297449;196298125;196297707;196297706;196298037;196298109;196298080;196298081;196317157;196298123,Tua Tagovailoa|ATL,44359277,Tua Tagovailoa,Tua,Tagovailoa,9000,CPT,ATL,ATL @ NO,10/05/2026 09:45 PM,,ATL @ NO,Showdown 4th Quarter,NFL,10/5,Captain,"NFL In-Game $20K Thunderdome [Must Fill] (4Q ATL @ NO);NFL In-Game $10,170 2026 FFWC Qualifier Satellite [Must Fill] (4Q ATL @ NO);NFL In-Game $3K 4th Quarter Finish [$1K to 1st] (4Q ATL @ NO);NFL In-Game Satellite to NFL $4,444 Fantasy Football MEGA Millionaire [Must Fill] (4Q ATL @ NO);NFL In-Game Satellite to NFL 10-12 $4,444 Showdown MEGA Millionaire [Must Fill] (4Q ATL @ NO);NFL In-Game $285 Bootleg [Single Entry] (4Q ATL @ NO);NFL In-Game $1,060 Winner Take All [$4K to 1st] (Must Fill) (4Q ATL @ NO);NFL In-Game Satellite to NFL 11-1 Midseason Main Event [Must Fill] (4Q ATL @ NO);NFL In-Game Satellite to NFL $555 Fantasy Football Millionaire [Must Fill] (4Q ATL @ NO);NFL In-Game $150 First Down (4Q ATL @ NO)",196298118;196298121;196297447;196298119;196298122;196297446;196298117;196298124;196298120;196297448;196297449;196298125;196297707;196297706;196298037;196298109;196298080;196298081;196317157;196298123,10/5 9:45PM Q4 (ATL @ NO)
Jack Strand - Showdown 4th Quarter (Captain),196298118;196298121;196297447;196298119;196298122;196297446;196298117;196298124;196298120;196297448;196297449;196298125;196297707;196297706;196298037;196298109;196298080;196298081;196317157;196298123,Jack Strand|ATL,44359278,Jack Strand,Jack,Strand,9000,CPT,ATL,ATL @ NO,10/05/2026 09:45 PM,,ATL @ NO,Showdown 4th Quarter,NFL,10/5,Captain,"NFL In-Game $20K Thunderdome [Must Fill] (4Q ATL @ NO);NFL In-Game $10,170 2026 FFWC Qualifier Satellite [Must Fill] (4Q ATL @ NO);NFL In-Game $3K 4th Quarter Finish [$1K to 1st] (4Q ATL @ NO);NFL In-Game Satellite to NFL $4,444 Fantasy Football MEGA Millionaire [Must Fill] (4Q ATL @ NO);NFL In-Game Satellite to NFL 10-12 $4,444 Showdown MEGA Millionaire [Must Fill] (4Q ATL @ NO);NFL In-Game $285 Bootleg [Single Entry] (4Q ATL @ NO);NFL In-Game $1,060 Winner Take All [$4K to 1st] (Must Fill) (4Q ATL @ NO);NFL In-Game Satellite to NFL 11-1 Midseason Main Event [Must Fill] (4Q ATL @ NO);NFL In-Game Satellite to NFL $555 Fantasy Football Millionaire [Must Fill] (4Q ATL @ NO);NFL In-Game $150 First Down (4Q ATL @ NO)",196298118;196298121;196297447;196298119;196298122;196297446;196298117;196298124;196298120;196297448;196297449;196298125;196297707;196297706;196298037;196298109;196298080;196298081;196317157;196298123,10/5 9:45PM Q4 (ATL @ NO)
Cooper Rush - Showdown 4th Quarter (Captain),196298118;196298121;196297447;196298119;196298122;196297446;196298117;196298124;196298120;196297448;196297449;196298125;196297707;196297706;196298037;196298109;196298080;196298081;196317157;196298123,Cooper Rush|ATL,44359279,Cooper Rush,Cooper,Rush,9000,CPT,ATL,ATL @ NO,10/05/2026 09:45 PM,,ATL @ NO,Showdown 4th Quarter,NFL,10/5,Captain,"NFL In-Game $20K Thunderdome [Must Fill] (4Q ATL @ NO);NFL In-Game $10,170 2026 FFWC Qualifier Satellite [Must Fill] (4Q ATL @ NO);NFL In-Game $3K 4th Quarter Finish [$1K to 1st] (4Q ATL @ NO);NFL In-Game Satellite to NFL $4,444 Fantasy Football MEGA Millionaire [Must Fill] (4Q ATL @ NO);NFL In-Game Satellite to NFL 10-12 $4,444 Showdown MEGA Millionaire [Must Fill] (4Q ATL @ NO);NFL In-Game $285 Bootleg [Single Entry] (4Q ATL @ NO);NFL In-Game $1,060 Winner Take All [$4K to 1st] (Must Fill) (4Q ATL @ NO);NFL In-Game Satellite to NFL 11-1 Midseason Main Event [Must Fill] (4Q ATL @ NO);NFL In-Game Satellite to NFL $555 Fantasy Football Millionaire [Must Fill] (4Q ATL @ NO);NFL In-Game $150 First Down (4Q ATL @ NO)",196298118;196298121;196297447;196298119;196298122;196297446;196298117;196298124;196298120;196297448;196297449;196298125;196297707;196297706;196298037;196298109;196298080;196298081;196317157;196298123,10/5 9:45PM Q4 (ATL @ NO)
Zach Wilson - Showdown 4th Quarter (Captain),196298118;196298121;196297447;196298119;196298122;196297446;196298117;196298124;196298120;196297448;196297449;196298125;196297707;196297706;196298037;196298109;196298080;196298081;196317157;196298123,Zach Wilson|NO,44359280,Zach Wilson,Zach,Wilson,9000,CPT,NO,ATL @ NO,10/05/2026 09:45 PM,,ATL @ NO,Showdown 4th Quarter,NFL,10/5,Captain,"NFL In-Game $20K Thunderdome [Must Fill] (4Q ATL @ NO);NFL In-Game $10,170 2026 FFWC Qualifier Satellite [Must Fill] (4Q ATL @ NO);NFL In-Game $3K 4th Quarter Finish [$1K to 1st] (4Q ATL @ NO);NFL In-Game Satellite to NFL $4,444 Fantasy Football MEGA Millionaire [Must Fill] (4Q ATL @ NO);NFL In-Game Satellite to NFL 10-12 $4,444 Showdown MEGA Millionaire [Must Fill] (4Q ATL @ NO);NFL In-Game $285 Bootleg [Single Entry] (4Q ATL @ NO);NFL In-Game $1,060 Winner Take All [$4K to 1st] (Must Fill) (4Q ATL @ NO);NFL In-Game Satellite to NFL 11-1 Midseason Main Event [Must Fill] (4Q ATL @ NO);NFL In-Game Satellite to NFL $555 Fantasy Football Millionaire [Must Fill] (4Q ATL @ NO);NFL In-Game $150 First Down (4Q ATL @ NO)",196298118;196298121;196297447;196298119;196298122;196297446;196298117;196298124;196298120;196297448;196297449;196298125;196297707;196297706;196298037;196298109;196298080;196298081;196317157;196298123,10/5 9:45PM Q4 (ATL @ NO)
Bijan Robinson - Classic,196285112;196285136;196285124;196285111;196285110;196285121;196285113;196285123;196286041;196285114;196285133;196285129;196285132;196285109;196285127;196285125;196285122;196285118;196286044;196285115,Bijan Robinson|ATL,44358253,Bijan Robinson,Bijan,Robinson,8700,RB,ATL,ATL @ NO,10/05/2026 08:15 PM,,ATL @ NO,Classic,NFL,10/5,Standard,NFL $60K Post Pattern [$20K to 1st] (Primetime);NFL $30K Wildcat [$10K to 1st] (Primetime);NFL $15K Huddle [Single Entry] (Primetime);NFL $10K Bootleg [$2K to 1st] (Primetime);NFL $8.5K Luxury Box [Single Entry] (Primetime);NFL $10K Spy [Single Entry] (Primetime);NFL $10K Play-Action [20 Entry Max] (Primetime);NFL $6K Fair Catch [Single Entry] (Primetime);NFL $20K Thunderdome [Must Fill] (Primetime);NFL $7K First Down (Primetime),196285112;196285136;196285124;196285111;196285110;196285121;196285113;196285123;196286041;196285114;196285133;196285129;196285132;196285109;196285127;196285125;196285122;196285118;196286044;196285115,"10/4 8:20PM, 2 Games"
Kyle Pitts Sr. - Showdown Captain Mode (Captain),196285155;196285153;196285138;196285157;196285156;196285154;196285212;196285175;196285176;196285170;196285171;196285187;196285188;196285189;196285218;196285219;196285220;196285221;196285182;196285183,Kyle Pitts Sr.|ATL,44358617,Kyle Pitts Sr.,Kyle,Pitts Sr.,8700,CPT,ATL,ATL @ NO,10/05/2026 08:15 PM,,ATL @ NO,Showdown Captain Mode,NFL,10/5,Captain,"NFL Showdown $1.5M Monday Night Showdown [$500K to 1st] (ATL @ NO);NFL Showdown $600K Wildcat [$150K to 1st] (ATL @ NO);NFL Showdown $402K Luxury Box [$100K to 1st] (ATL @ NO);NFL Showdown $300K Play-Action [20 Entry Max] (ATL @ NO);NFL Showdown $250K Flea Flicker [$50K to 1st] (ATL @ NO);NFL Showdown $150K Bootleg [$50K to 1st] (ATL @ NO);NFL Showdown $160K Four-Point Stance [$50K to 1st, 5 Entry Max] (ATL @ NO);NFL Showdown $80K Huddle [$10K to 1st, Single Entry] (ATL @ NO);NFL Showdown $20K Huddle [Single Entry] (ATL @ NO);NFL Showdown $100K Spy [$20K to 1st, Single Entry] (ATL @ NO)",196285155;196285153;196285138;196285157;196285156;196285154;196285212;196285175;196285176;196285170;196285171;196285187;196285188;196285189;196285218;196285219;196285220;196285221;196285182;196285183,10/5 8:15PM (ATL @ NO)
Kyle Pitts Sr. - Showdown 2nd Half (Captain),196297440;196298019;196298022;196297437;196297444;196297441;196297439;196297702;196297442;196298020;196298023;196298018;196298025;196298021;196297701;196297438;196297443;196297445;196298026;196297700,Kyle Pitts Sr.|ATL,44359169,Kyle Pitts Sr.,Kyle,Pitts Sr.,8700,CPT,ATL,ATL @ NO,10/05/2026 09:15 PM,,ATL @ NO,Showdown 2nd Half,NFL,10/5,Captain,"NFL In-Game $15K 2nd Half Clash [$5K to 1st] (2H ATL @ NO);NFL In-Game $20K Thunderdome [Must Fill] (2H ATL @ NO);NFL In-Game $10,170 2026 FFWC Qualifier Satellite [Must Fill] (2H ATL @ NO);NFL In-Game $1.8K Deep Threat [Single Entry] (2H ATL @ NO);NFL In-Game $1K Huddle [Single Entry] (2H ATL @ NO);NFL In-Game $500 Play-Action (2H ATL @ NO);NFL In-Game $600 Bootleg [Single Entry] (2H ATL @ NO);NFL In-Game $267 Winner Take All [$1K to 1st] (2H ATL @ NO);NFL In-Game $500 First Down (2H ATL @ NO);NFL In-Game Satellite to NFL $4,444 Fantasy Football MEGA Millionaire [Must Fill] (2H ATL @ NO)",196297440;196298019;196298022;196297437;196297444;196297441;196297439;196297702;196297442;196298020;196298023;196298018;196298025;196298021;196297701;196297438;196297443;196297445;196298026;196297700,10/5 9:15PM 2H (ATL @ NO)
Kyle Pitts Sr. - Showdown 4th Quarter (Captain),196298118;196298121;196297447;196298119;196298122;196297446;196298117;196298124;196298120;196297448;196297449;196298125;196297707;196297706;196298037;196298109;196298080;196298081;196317157;196298123,Kyle Pitts Sr.|ATL,44359281,Kyle Pitts Sr.,Kyle,Pitts Sr.,8700,CPT,ATL,ATL @ NO,10/05/2026 09:45 PM,,ATL @ NO,Showdown 4th Quarter,NFL,10/5,Captain,"NFL In-Game $20K Thunderdome [Must Fill] (4Q ATL @ NO);NFL In-Game $10,170 2026 FFWC Qualifier Satellite [Must Fill] (4Q ATL @ NO);NFL In-Game $3K 4th Quarter Finish [$1K to 1st] (4Q ATL @ NO);NFL In-Game Satellite to NFL $4,444 Fantasy Football MEGA Millionaire [Must Fill] (4Q ATL @ NO);NFL In-Game Satellite to NFL 10-12 $4,444 Showdown MEGA Millionaire [Must Fill] (4Q ATL @ NO);NFL In-Game $285 Bootleg [Single Entry] (4Q ATL @ NO);NFL In-Game $1,060 Winner Take All [$4K to 1st] (Must Fill) (4Q ATL @ NO);NFL In-Game Satellite to NFL 11-1 Midseason Main Event [Must Fill] (4Q ATL @ NO);NFL In-Game Satellite to NFL $555 Fantasy Football Millionaire [Must Fill] (4Q ATL @ NO);NFL In-Game $150 First Down (4Q ATL @ NO)",196298118;196298121;196297447;196298119;196298122;196297446;196298117;196298124;196298120;196297448;196297449;196298125;196297707;196297706;196298037;196298109;196298080;196298081;196317157;196298123,10/5 9:45PM Q4 (ATL @ NO)
Nick Folk - Showdown Captain Mode (Captain),196285155;196285153;196285138;196285157;196285156;196285154;196285212;196285175;196285176;196285170;196285171;196285187;196285188;196285189;196285218;196285219;196285220;196285221;196285182;196285183,Nick Folk|ATL,44358618,Nick Folk,Nick,Folk,8100,CPT,ATL,ATL @ NO,10/05/2026 08:15 PM,,ATL @ NO,Showdown Captain Mode,NFL,10/5,Captain,"NFL Showdown $1.5M Monday Night Showdown [$500K to 1st] (ATL @ NO);NFL Showdown $600K Wildcat [$150K to 1st] (ATL @ NO);NFL Showdown $402K Luxury Box [$100K to 1st] (ATL @ NO);NFL Showdown $300K Play-Action [20 Entry Max] (ATL @ NO);NFL Showdown $250K Flea Flicker [$50K to 1st] (ATL @ NO);NFL Showdown $150K Bootleg [$50K to 1st] (ATL @ NO);NFL Showdown $160K Four-Point Stance [$50K to 1st, 5 Entry Max] (ATL @ NO);NFL Showdown $80K Huddle [$10K to 1st, Single Entry] (ATL @ NO);NFL Showdown $20K Huddle [Single Entry] (ATL @ NO);NFL Showdown $100K Spy [$20K to 1st, Single Entry] (ATL @ NO)",196285155;196285153;196285138;196285157;196285156;196285154;196285212;196285175;196285176;196285170;196285171;196285187;196285188;196285189;196285218;196285219;196285220;196285221;196285182;196285183,10/5 8:15PM (ATL @ NO)
Nick Folk - Showdown 2nd Half (Captain),196297440;196298019;196298022;196297437;196297444;196297441;196297439;196297702;196297442;196298020;196298023;196298018;196298025;196298021;196297701;196297438;196297443;196297445;196298026;196297700,Nick Folk|ATL,44359170,Nick Folk,Nick,Folk,8100,CPT,ATL,ATL @ NO,10/05/2026 09:15 PM,,ATL @ NO,Showdown 2nd Half,NFL,10/5,Captain,"NFL In-Game $15K 2nd Half Clash [$5K to 1st] (2H ATL @ NO);NFL In-Game $20K Thunderdome [Must Fill] (2H ATL @ NO);NFL In-Game $10,170 2026 FFWC Qualifier Satellite [Must Fill] (2H ATL @ NO);NFL In-Game $1.8K Deep Threat [Single Entry] (2H ATL @ NO);NFL In-Game $1K Huddle [Single Entry] (2H ATL @ NO);NFL In-Game $500 Play-Action (2H ATL @ NO);NFL In-Game $600 Bootleg [Single Entry] (2H ATL @ NO);NFL In-Game $267 Winner Take All [$1K to 1st] (2H ATL @ NO);NFL In-Game $500 First Down (2H ATL @ NO);NFL In-Game Satellite to NFL $4,444 Fantasy Football MEGA Millionaire [Must Fill] (2H ATL @ NO)",196297440;196298019;196298022;196297437;196297444;196297441;196297439;196297702;196297442;196298020;196298023;196298018;196298025;196298021;196297701;196297438;196297443;196297445;196298026;196297700,10/5 9:15PM 2H (ATL @ NO)
Nick Folk - Showdown 4th Quarter (Captain),196298118;196298121;196297447;196298119;196298122;196297446;196298117;196298124;196298120;196297448;196297449;196298125;196297707;196297706;196298037;196298109;196298080;196298081;196317157;196298123,Nick Folk|ATL,44359282,Nick Folk,Nick,Folk,8100,CPT,ATL,ATL @ NO,10/05/2026 09:45 PM,,ATL @ NO,Showdown 4th Quarter,NFL,10/5,Captain,"NFL In-Game $20K Thunderdome [Must Fill] (4Q ATL @ NO);NFL In-Game $10,170 2026 FFWC Qualifier Satellite [Must Fill] (4Q ATL @ NO);NFL In-Game $3K 4th Quarter Finish [$1K to 1st] (4Q ATL @ NO);NFL In-Game Satellite to NFL $4,444 Fantasy Football MEGA Millionaire [Must Fill] (4Q ATL @ NO);NFL In-Game Satellite to NFL 10-12 $4,444 Showdown MEGA Millionaire [Must Fill] (4Q ATL @ NO);NFL In-Game $285 Bootleg [Single Entry] (4Q ATL @ NO);NFL In-Game $1,060 Winner Take All [$4K to 1st] (Must Fill) (4Q ATL @ NO);NFL In-Game Satellite to NFL 11-1 Midseason Main Event [Must Fill] (4Q ATL @ NO);NFL In-Game Satellite to NFL $555 Fantasy Football Millionaire [Must Fill] (4Q ATL @ NO);NFL In-Game $150 First Down (4Q ATL @ NO)",196298118;196298121;196297447;196298119;196298122;196297446;196298117;196298124;196298120;196297448;196297449;196298125;196297707;196297706;196298037;196298109;196298080;196298081;196317157;196298123,10/5 9:45PM Q4 (ATL @ NO)
Amon-Ra St. Brown - Classic,196285112;196285136;196285124;196285111;196285110;196285121;196285113;196285123;196286041;196285114;196285133;196285129;196285132;196285109;196285127;196285125;196285122;196285118;196286044;196285115,Amon-Ra St. Brown|DET,44358295,Amon-Ra St. Brown,Amon-Ra,St. Brown,8000,WR,DET,DET @ CAR,10/04/2026 08:20 PM,,DET @ CAR,Classic,NFL,10/4,Standard,NFL $60K Post Pattern [$20K to 1st] (Primetime);NFL $30K Wildcat [$10K to 1st] (Primetime);NFL $15K Huddle [Single Entry] (Primetime);NFL $10K Bootleg [$2K to 1st] (Primetime);NFL $8.5K Luxury Box [Single Entry] (Primetime);NFL $10K Spy [Single Entry] (Primetime);NFL $10K Play-Action [20 Entry Max] (Primetime);NFL $6K Fair Catch [Single Entry] (Primetime);NFL $20K Thunderdome [Must Fill] (Primetime);NFL $7K First Down (Primetime),196285112;196285136;196285124;196285111;196285110;196285121;196285113;196285123;196286041;196285114;196285133;196285129;196285132;196285109;196285127;196285125;196285122;196285118;196286044;196285115,"10/4 8:20PM, 2 Games"
Travis Etienne Jr. - Showdown Captain Mode (Flex),196285155;196285153;196285138;196285157;196285156;196285154;196285212;196285175;196285176;196285170;196285171;196285187;196285188;196285189;196285218;196285219;196285220;196285221;196285182;196285183,Travis Etienne Jr.|NO,44358552,Travis Etienne Jr.,Travis,Etienne Jr.,8000,RB,NO,ATL @ NO,10/05/2026 08:15 PM,,ATL @ NO,Showdown Captain Mode,NFL,10/5,Flex,"NFL Showdown $1.5M Monday Night Showdown [$500K to 1st] (ATL @ NO);NFL Showdown $600K Wildcat [$150K to 1st] (ATL @ NO);NFL Showdown $402K Luxury Box [$100K to 1st] (ATL @ NO);NFL Showdown $300K Play-Action [20 Entry Max] (ATL @ NO);NFL Showdown $250K Flea Flicker [$50K to 1st] (ATL @ NO);NFL Showdown $150K Bootleg [$50K to 1st] (ATL @ NO);NFL Showdown $160K Four-Point Stance [$50K to 1st, 5 Entry Max] (ATL @ NO);NFL Showdown $80K Huddle [$10K to 1st, Single Entry] (ATL @ NO);NFL Showdown $20K Huddle [Single Entry] (ATL @ NO);NFL Showdown $100K Spy [$20K to 1st, Single Entry] (ATL @ NO)",196285155;196285153;196285138;196285157;196285156;196285154;196285212;196285175;196285176;196285170;196285171;196285187;196285188;196285189;196285218;196285219;196285220;196285221;196285182;196285183,10/5 8:15PM (ATL @ NO)
Travis Etienne Jr. - Showdown 2nd Half (Flex),196297440;196298019;196298022;196297437;196297444;196297441;196297439;196297702;196297442;196298020;196298023;196298018;196298025;196298021;196297701;196297438;196297443;196297445;196298026;196297700,Travis Etienne Jr.|NO,44359216,Travis Etienne Jr.,Travis,Etienne Jr.,8000,RB,NO,ATL @ NO,10/05/2026 09:15 PM,,ATL @ NO,Showdown 2nd Half,NFL,10/5,Flex,"NFL In-Game $15K 2nd Half Clash [$5K to 1st] (2H ATL @ NO);NFL In-Game $20K Thunderdome [Must Fill] (2H ATL @ NO);NFL In-Game $10,170 2026 FFWC Qualifier Satellite [Must Fill] (2H ATL @ NO);NFL In-Game $1.8K Deep Threat [Single Entry] (2H ATL @ NO);NFL In-Game $1K Huddle [Single Entry] (2H ATL @ NO);NFL In-Game $500 Play-Action (2H ATL @ NO);NFL In-Game $600 Bootleg [Single Entry] (2H ATL @ NO);NFL In-Game $267 Winner Take All [$1K to 1st] (2H ATL @ NO);NFL In-Game $500 First Down (2H ATL @ NO);NFL In-Game Satellite to NFL $4,444 Fantasy Football MEGA Millionaire [Must Fill] (2H ATL @ NO)",196297440;196298019;196298022;196297437;196297444;196297441;196297439;196297702;196297442;196298020;196298023;196298018;196298025;196298021;196297701;196297438;196297443;196297445;196298026;196297700,10/5 9:15PM 2H (ATL @ NO)
Travis Etienne Jr. - Showdown 4th Quarter (Flex),196298118;196298121;196297447;196298119;196298122;196297446;196298117;196298124;196298120;196297448;196297449;196298125;196297707;196297706;196298037;196298109;196298080;196298081;196317157;196298123,Travis Etienne Jr.|NO,44359328,Travis Etienne Jr.,Travis,Etienne Jr.,8000,RB,NO,ATL @ NO,10/05/2026 09:45 PM,,ATL @ NO,Showdown 4th Quarter,NFL,10/5,Flex,"NFL In-Game $20K Thunderdome [Must Fill] (4Q ATL @ NO);NFL In-Game $10,170 2026 FFWC Qualifier Satellite [Must Fill] (4Q ATL @ NO);NFL In-Game $3K 4th Quarter Finish [$1K to 1st] (4Q ATL @ NO);NFL In-Game Satellite to NFL $4,444 Fantasy Football MEGA Millionaire [Must Fill] (4Q ATL @ NO);NFL In-Game Satellite to NFL 10-12 $4,444 Showdown MEGA Millionaire [Must Fill] (4Q ATL @ NO);NFL In-Game $285 Bootleg [Single Entry] (4Q ATL @ NO);NFL In-Game $1,060 Winner Take All [$4K to 1st] (Must Fill) (4Q ATL @ NO);NFL In-Game Satellite to NFL 11-1 Midseason Main Event [Must Fill] (4Q ATL @ NO);NFL In-Game Satellite to NFL $555 Fantasy Football Millionaire [Must Fill] (4Q ATL @ NO);NFL In-Game $150 First Down (4Q ATL @ NO)",196298118;196298121;196297447;196298119;196298122;196297446;196298117;196298124;196298120;196297448;196297449;196298125;196297707;196297706;196298037;196298109;196298080;196298081;196317157;196298123,10/5 9:45PM Q4 (ATL @ NO)
Devaughn Vele - Showdown Captain Mode (Flex),196285155;196285153;196285138;196285157;196285156;196285154;196285212;196285175;196285176;196285170;196285171;196285187;196285188;196285189;196285218;196285219;196285220;196285221;196285182;196285183,Devaughn Vele|NO,44358553,Devaughn Vele,Devaughn,Vele,7800,WR,NO,ATL @ NO,10/05/2026 08:15 PM,,ATL @ NO,Showdown Captain Mode,NFL,10/5,Flex,"NFL Showdown $1.5M Monday Night Showdown [$500K to 1st] (ATL @ NO);NFL Showdown $600K Wildcat [$150K to 1st] (ATL @ NO);NFL Showdown $402K Luxury Box [$100K to 1st] (ATL @ NO);NFL Showdown $300K Play-Action [20 Entry Max] (ATL @ NO);NFL Showdown $250K Flea Flicker [$50K to 1st] (ATL @ NO);NFL Showdown $150K Bootleg [$50K to 1st] (ATL @ NO);NFL Showdown $160K Four-Point Stance [$50K to 1st, 5 Entry Max] (ATL @ NO);NFL Showdown $80K Huddle [$10K to 1st, Single Entry] (ATL @ NO);NFL Showdown $20K Huddle [Single Entry] (ATL @ NO);NFL Showdown $100K Spy [$20K to 1st, Single Entry] (ATL @ NO)",196285155;196285153;196285138;196285157;196285156;196285154;196285212;196285175;196285176;196285170;196285171;196285187;196285188;196285189;196285218;196285219;196285220;196285221;196285182;196285183,10/5 8:15PM (ATL @ NO)
Devaughn Vele - Showdown 2nd Half (Flex),196297440;196298019;196298022;196297437;196297444;196297441;196297439;196297702;196297442;196298020;196298023;196298018;196298025;196298021;196297701;196297438;196297443;196297445;196298026;196297700,Devaughn Vele|NO,44359217,Devaughn Vele,Devaughn,Vele,7800,WR,NO,ATL @ NO,10/05/2026 09:15 PM,,ATL @ NO,Showdown 2nd Half,NFL,10/5,Flex,"NFL In-Game $15K 2nd Half Clash [$5K to 1st] (2H ATL @ NO);NFL In-Game $20K Thunderdome [Must Fill] (2H ATL @ NO);NFL In-Game $10,170 2026 FFWC Qualifier Satellite [Must Fill] (2H ATL @ NO);NFL In-Game $1.8K Deep Threat [Single Entry] (2H ATL @ NO);NFL In-Game $1K Huddle [Single Entry] (2H ATL @ NO);NFL In-Game $500 Play-Action (2H ATL @ NO);NFL In-Game $600 Bootleg [Single Entry] (2H ATL @ NO);NFL In-Game $267 Winner Take All [$1K to 1st] (2H ATL @ NO);NFL In-Game $500 First Down (2H ATL @ NO);NFL In-Game Satellite to NFL $4,444 Fantasy Football MEGA Millionaire [Must Fill] (2H ATL @ NO)",196297440;196298019;196298022;196297437;196297444;196297441;196297439;196297702;196297442;196298020;196298023;196298018;196298025;196298021;196297701;196297438;196297443;196297445;196298026;196297700,10/5 9:15PM 2H (ATL @ NO)
Devaughn Vele - Showdown 4th Quarter (Flex),196298118;196298121;196297447;196298119;196298122;196297446;196298117;196298124;196298120;196297448;196297449;196298125;196297707;196297706;196298037;196298109;196298080;196298081;196317157;196298123,Devaughn Vele|NO,44359329,Devaughn Vele,Devaughn,Vele,7800,WR,NO,ATL @ NO,10/05/2026 09:45 PM,,ATL @ NO,Showdown 4th Quarter,NFL,10/5,Flex,"NFL In-Game $20K Thunderdome [Must Fill] (4Q ATL @ NO);NFL In-Game $10,170 2026 FFWC Qualifier Satellite [Must Fill] (4Q ATL @ NO);NFL In-Game $3K 4th Quarter Finish [$1K to 1st] (4Q ATL @ NO);NFL In-Game Satellite to NFL $4,444 Fantasy Football MEGA Millionaire [Must Fill] (4Q ATL @ NO);NFL In-Game Satellite to NFL 10-12 $4,444 Showdown MEGA Millionaire [Must Fill] (4Q ATL @ NO);NFL In-Game $285 Bootleg [Single Entry] (4Q ATL @ NO);NFL In-Game $1,060 Winner Take All [$4K to 1st] (Must Fill) (4Q ATL @ NO);NFL In-Game Satellite to NFL 11-1 Midseason Main Event [Must Fill] (4Q ATL @ NO);NFL In-Game Satellite to NFL $555 Fantasy Football Millionaire [Must Fill] (4Q ATL @ NO);NFL In-Game $150 First Down (4Q ATL @ NO)",196298118;196298121;196297447;196298119;196298122;196297446;196298117;196298124;196298120;196297448;196297449;196298125;196297707;196297706;196298037;196298109;196298080;196298081;196317157;196298123,10/5 9:45PM Q4 (ATL @ NO)
Chris Olave - Classic,196285112;196285136;196285124;196285111;196285110;196285121;196285113;196285123;196286041;196285114;196285133;196285129;196285132;196285109;196285127;196285125;196285122;196285118;196286044;196285115,Chris Olave|NO,44358297,Chris Olave,Chris,Olave,7700,WR,NO,ATL @ NO,10/05/2026 08:15 PM,,ATL @ NO,Classic,NFL,10/5,Standard,NFL $60K Post Pattern [$20K to 1st] (Primetime);NFL $30K Wildcat [$10K to 1st] (Primetime);NFL $15K Huddle [Single Entry] (Primetime);NFL $10K Bootleg [$2K to 1st] (Primetime);NFL $8.5K Luxury Box [Single Entry] (Primetime);NFL $10K Spy [Single Entry] (Primetime);NFL $10K Play-Action [20 Entry Max] (Primetime);NFL $6K Fair Catch [Single Entry] (Primetime);NFL $20K Thunderdome [Must Fill] (Primetime);NFL $7K First Down (Primetime),196285112;196285136;196285124;196285111;196285110;196285121;196285113;196285123;196286041;196285114;196285133;196285129;196285132;196285109;196285127;196285125;196285122;196285118;196286044;196285115,"10/4 8:20PM, 2 Games"
Jake Bates - Showdown Captain Mode (Captain),196285049;196285047;196285046;196285050;196285056;196285071;196285042;196285064;196285065;196285048;196285095;196285096;196285083;196285089;196285107;196285108;196285105;196285106;196285090;196285094,Jake Bates|DET,44358510,Jake Bates,Jake,Bates,7500,CPT,DET,DET @ CAR,10/04/2026 08:20 PM,,DET @ CAR,Showdown Captain Mode,NFL,10/4,Captain,"NFL Showdown $1M Sunday Night Showdown [$250K to 1st] (DET @ CAR);NFL Showdown $500K Wildcat [$100K to 1st] (DET @ CAR);NFL Showdown $402K Luxury Box [$100K to 1st] (DET @ CAR);NFL Showdown $200K Play-Action [20 Entry Max] (DET @ CAR);NFL Showdown $140K Four-Point Stance [$30K to 1st, 5 Entry Max] (DET @ CAR);NFL Showdown $60K Huddle [Single Entry] (DET @ CAR);NFL Showdown $10K Huddle [Single Entry] (DET @ CAR);NFL Showdown $75K Spy [$15K to 1st, Single Entry] (DET @ CAR);NFL Showdown $25K Spy [Single Entry] (DET @ CAR);NFL Showdown $70K Bootleg [$20K to 1st] (DET @ CAR)",196285049;196285047;196285046;196285050;196285056;196285071;196285042;196285064;196285065;196285048;196285095;196285096;196285083;196285089;196285107;196285108;196285105;196285106;196285090;196285094,10/4 8:20PM (DET @ CAR)
Kendre Miller - Showdown Captain Mode (Captain),196285155;196285153;196285138;196285157;196285156;196285154;196285212;196285175;196285176;196285170;196285171;196285187;196285188;196285189;196285218;196285219;196285220;196285221;196285182;196285183,Kendre Miller|NO,44358619,Kendre Miller,Kendre,Miller,7500,CPT,NO,ATL @ NO,10/05/2026 08:15 PM,,ATL @ NO,Showdown Captain Mode,NFL,10/5,Captain,"NFL Showdown $1.5M Monday Night Showdown [$500K to 1st] (ATL @ NO);NFL Showdown $600K Wildcat [$150K to 1st] (ATL @ NO);NFL Showdown $402K Luxury Box [$100K to 1st] (ATL @ NO);NFL Showdown $300K Play-Action [20 Entry Max] (ATL @ NO);NFL Showdown $250K Flea Flicker [$50K to 1st] (ATL @ NO);NFL Showdown $150K Bootleg [$50K to 1st] (ATL @ NO);NFL Showdown $160K Four-Point Stance [$50K to 1st, 5 Entry Max] (ATL @ NO);NFL Showdown $80K Huddle [$10K to 1st, Single Entry] (ATL @ NO);NFL Showdown $20K Huddle [Single Entry] (ATL @ NO);NFL Showdown $100K Spy [$20K to 1st, Single Entry] (ATL @ NO)",196285155;196285153;196285138;196285157;196285156;196285154;196285212;196285175;196285176;196285170;196285171;196285187;196285188;196285189;196285218;196285219;196285220;196285221;196285182;196285183,10/5 8:15PM (ATL @ NO)
Jake Bates - Showdown 2nd Half (Captain),196297427;196297821;196297824;196297424;196297431;196297428;196297426;196297698;196297429;196297822;196297825;196297820;196297827;196297823;196402607;196297697;196297425;196297430;196297432;196297828,Jake Bates|DET,44358968,Jake Bates,Jake,Bates,7500,CPT,DET,DET @ CAR,10/04/2026 09:20 PM,,DET @ CAR,Showdown 2nd Half,NFL,10/4,Captain,"NFL In-Game $15K 2nd Half Clash [$5K to 1st] (2H DET @ CAR);NFL In-Game $20K Thunderdome [Must Fill] (2H DET @ CAR);NFL In-Game $10,170 2026 FFWC Qualifier Satellite [Must Fill] (2H DET @ CAR);NFL In-Game $1.8K Deep Threat [Single Entry] (2H DET @ CAR);NFL In-Game $1K Huddle [Single Entry] (2H DET @ CAR);NFL In-Game $500 Play-Action (2H DET @ CAR);NFL In-Game $600 Bootleg [Single Entry] (2H DET @ CAR);NFL In-Game $267 Winner Take All [$1K to 1st] (2H DET @ CAR);NFL In-Game $500 First Down (2H DET @ CAR);NFL In-Game Satellite to NFL $4,444 Fantasy Football MEGA Millionaire [Must Fill] (2H DET @ CAR)",196297427;196297821;196297824;196297424;196297431;196297428;196297426;196297698;196297429;196297822;196297825;196297820;196297827;196297823;196402607;196297697;196297425;196297430;196297432;196297828,10/4 9:20PM 2H (DET @ CAR)
Jake Bates - Showdown 4th Quarter (Captain),196297920;196297923;196297434;196297921;196297924;196297433;196297919;196297926;196297922;196297435;196297436;196297927;196297705;196297704;196297856;196297925;196297829;196297834;196297830;196297835,Jake Bates|DET,44359068,Jake Bates,Jake,Bates,7500,CPT,DET,DET @ CAR,10/04/2026 09:50 PM,,DET @ CAR,Showdown 4th Quarter,NFL,10/4,Captain,"NFL In-Game $20K Thunderdome [Must Fill] (4Q DET @ CAR);NFL In-Game $10,170 2026 FFWC Qualifier Satellite [Must Fill] (4Q DET @ CAR);NFL In-Game $3K 4th Quarter Finish [$1K to 1st] (4Q DET @ CAR);NFL In-Game Satellite to NFL $4,444 Fantasy Football MEGA Millionaire [Must Fill] (4Q DET @ CAR);NFL In-Game Satellite to NFL 10-12 $4,444 Showdown MEGA Millionaire [Must Fill] (4Q DET @ CAR);NFL In-Game $285 Bootleg [Single Entry] (4Q DET @ CAR);NFL In-Game $1,060 Winner Take All [$4K to 1st] (Must Fill) (4Q DET @ CAR);NFL In-Game Satellite to NFL 11-1 Midseason Main Event [Must Fill] (4Q DET @ CAR);NFL In-Game Satellite to NFL $555 Fantasy Football Millionaire [Must Fill] (4Q DET @ CAR);NFL In-Game $150 First Down (4Q DET @ CAR)",196297920;196297923;196297434;196297921;196297924;196297433;196297919;196297926;196297922;196297435;196297436;196297927;196297705;196297704;196297856;196297925;196297829;196297834;196297830;196297835,10/4 9:50PM Q4 (DET @ CAR)
Kendre Miller - Showdown 2nd Half (Captain),196297440;196298019;196298022;196297437;196297444;196297441;196297439;196297702;196297442;196298020;196298023;196298018;196298025;196298021;196297701;196297438;196297443;196297445;196298026;196297700,Kendre Miller|NO,44359171,Kendre Miller,Kendre,Miller,7500,CPT,NO,ATL @ NO,10/05/2026 09:15 PM,,ATL @ NO,Showdown 2nd Half,NFL,10/5,Captain,"NFL In-Game $15K 2nd Half Clash [$5K to 1st] (2H ATL @ NO);NFL In-Game $20K Thunderdome [Must Fill] (2H ATL @ NO);NFL In-Game $10,170 2026 FFWC Qualifier Satellite [Must Fill] (2H ATL @ NO);NFL In-Game $1.8K Deep Threat [Single Entry] (2H ATL @ NO);NFL In-Game $1K Huddle [Single Entry] (2H ATL @ NO);NFL In-Game $500 Play-Action (2H ATL @ NO);NFL In-Game $600 Bootleg [Single Entry] (2H ATL @ NO);NFL In-Game $267 Winner Take All [$1K to 1st] (2H ATL @ NO);NFL In-Game $500 First Down (2H ATL @ NO);NFL In-Game Satellite to NFL $4,444 Fantasy Football MEGA Millionaire [Must Fill] (2H ATL @ NO)",196297440;196298019;196298022;196297437;196297444;196297441;196297439;196297702;196297442;196298020;196298023;196298018;196298025;196298021;196297701;196297438;196297443;196297445;196298026;196297700,10/5 9:15PM 2H (ATL @ NO)
Kendre Miller - Showdown 4th Quarter (Captain),196298118;196298121;196297447;196298119;196298122;196297446;196298117;196298124;196298120;196297448;196297449;196298125;196297707;196297706;196298037;196298109;196298080;196298081;196317157;196298123,Kendre Miller|NO,44359283,Kendre Miller,Kendre,Miller,7500,CPT,NO,ATL @ NO,10/05/2026 09:45 PM,,ATL @ NO,Showdown 4th Quarter,NFL,10/5,Captain,"NFL In-Game $20K Thunderdome [Must Fill] (4Q ATL @ NO);NFL In-Game $10,170 2026 FFWC Qualifier Satellite [Must Fill] (4Q ATL @ NO);NFL In-Game $3K 4th Quarter Finish [$1K to 1st] (4Q ATL @ NO);NFL In-Game Satellite to NFL $4,444 Fantasy Football MEGA Millionaire [Must Fill] (4Q ATL @ NO);NFL In-Game Satellite to NFL 10-12 $4,444 Showdown MEGA Millionaire [Must Fill] (4Q ATL @ NO);NFL In-Game $285 Bootleg [Single Entry] (4Q ATL @ NO);NFL In-Game $1,060 Winner Take All [$4K to 1st] (Must Fill) (4Q ATL @ NO);NFL In-Game Satellite to NFL 11-1 Midseason Main Event [Must Fill] (4Q ATL @ NO);NFL In-Game Satellite to NFL $555 Fantasy Football Millionaire [Must Fill] (4Q ATL @ NO);NFL In-Game $150 First Down (4Q ATL @ NO)",196298118;196298121;196297447;196298119;196298122;196297446;196298117;196298124;196298120;196297448;196297449;196298125;196297707;196297706;196298037;196298109;196298080;196298081;196317157;196298123,10/5 9:45PM Q4 (ATL @ NO)
Jalen Coker - Showdown Captain Mode (Flex),196285049;196285047;196285046;196285050;196285056;196285071;196285042;196285064;196285065;196285048;196285095;196285096;196285083;196285089;196285107;196285108;196285105;196285106;196285090;196285094,Jalen Coker|CAR,44358453,Jalen Coker,Jalen,Coker,7400,WR,CAR,DET @ CAR,10/04/2026 08:20 PM,,DET @ CAR,Showdown Captain Mode,NFL,10/4,Flex,"NFL Showdown $1M Sunday Night Showdown [$250K to 1st] (DET @ CAR);NFL Showdown $500K Wildcat [$100K to 1st] (DET @ CAR);NFL Showdown $402K Luxury Box [$100K to 1st] (DET @ CAR);NFL Showdown $200K Play-Action [20 Entry Max] (DET @ CAR);NFL Showdown $140K Four-Point Stance [$30K to 1st, 5 Entry Max] (DET @ CAR);NFL Showdown $60K Huddle [Single Entry] (DET @ CAR);NFL Showdown $10K Huddle [Single Entry] (DET @ CAR);NFL Showdown $75K Spy [$15K to 1st, Single Entry] (DET @ CAR);NFL Showdown $25K Spy [Single Entry] (DET @ CAR);NFL Showdown $70K Bootleg [$20K to 1st] (DET @ CAR)",196285049;196285047;196285046;196285050;196285056;196285071;196285042;196285064;196285065;196285048;196285095;196285096;196285083;196285089;196285107;196285108;196285105;196285106;196285090;196285094,10/4 8:20PM (DET @ CAR)
Juwan Johnson - Showdown Captain Mode (Flex),196285155;196285153;196285138;196285157;196285156;196285154;196285212;196285175;196285176;196285170;196285171;196285187;196285188;196285189;196285218;196285219;196285220;196285221;196285182;196285183,Juwan Johnson|NO,44358554,Juwan Johnson,Juwan,Johnson,7400,TE,NO,ATL @ NO,10/05/2026 08:15 PM,,ATL @ NO,Showdown Captain Mode,NFL,10/5,Flex,"NFL Showdown $1.5M Monday Night Showdown [$500K to 1st] (ATL @ NO);NFL Showdown $600K Wildcat [$150K to 1st] (ATL @ NO);NFL Showdown $402K Luxury Box [$100K to 1st] (ATL @ NO);NFL Showdown $300K Play-Action [20 Entry Max] (ATL @ NO);NFL Showdown $250K Flea Flicker [$50K to 1st] (ATL @ NO);NFL Showdown $150K Bootleg [$50K to 1st] (ATL @ NO);NFL Showdown $160K Four-Point Stance [$50K to 1st, 5 Entry Max] (ATL @ NO);NFL Showdown $80K Huddle [$10K to 1st, Single Entry] (ATL @ NO);NFL Showdown $20K Huddle [Single Entry] (ATL @ NO);NFL Showdown $100K Spy [$20K to 1st, Single Entry] (ATL @ NO)",196285155;196285153;196285138;196285157;196285156;196285154;196285212;196285175;196285176;196285170;196285171;196285187;196285188;196285189;196285218;196285219;196285220;196285221;196285182;196285183,10/5 8:15PM (ATL @ NO)
Jalen Coker - Showdown 2nd Half (Flex),196297427;196297821;196297824;196297424;196297431;196297428;196297426;196297698;196297429;196297822;196297825;196297820;196297827;196297823;196402607;196297697;196297425;196297430;196297432;196297828,Jalen Coker|CAR,44359011,Jalen Coker,Jalen,Coker,7400,WR,CAR,DET @ CAR,10/04/2026 09:20 PM,,DET @ CAR,Showdown 2nd Half,NFL,10/4,Flex,"NFL In-Game $15K 2nd Half Clash [$5K to 1st] (2H DET @ CAR);NFL In-Game $20K Thunderdome [Must Fill] (2H DET @ CAR);NFL In-Game $10,170 2026 FFWC Qualifier Satellite [Must Fill] (2H DET @ CAR);NFL In-Game $1.8K Deep Threat [Single Entry] (2H DET @ CAR);NFL In-Game $1K Huddle [Single Entry] (2H DET @ CAR);NFL In-Game $500 Play-Action (2H DET @ CAR);NFL In-Game $600 Bootleg [Single Entry] (2H DET @ CAR);NFL In-Game $267 Winner Take All [$1K to 1st] (2H DET @ CAR);NFL In-Game $500 First Down (2H DET @ CAR);NFL In-Game Satellite to NFL $4,444 Fantasy Football MEGA Millionaire [Must Fill] (2H DET @ CAR)",196297427;196297821;196297824;196297424;196297431;196297428;196297426;196297698;196297429;196297822;196297825;196297820;196297827;196297823;196402607;196297697;196297425;196297430;196297432;196297828,10/4 9:20PM 2H (DET @ CAR)
Jalen Coker - Showdown 4th Quarter (Flex),196297920;196297923;196297434;196297921;196297924;196297433;196297919;196297926;196297922;196297435;196297436;196297927;196297705;196297704;196297856;196297925;196297829;196297834;196297830;196297835,Jalen Coker|CAR,44359111,Jalen Coker,Jalen,Coker,7400,WR,CAR,DET @ CAR,10/04/2026 09:50 PM,,DET @ CAR,Showdown 4th Quarter,NFL,10/4,Flex,"NFL In-Game $20K Thunderdome [Must Fill] (4Q DET @ CAR);NFL In-Game $10,170 2026 FFWC Qualifier Satellite [Must Fill] (4Q DET @ CAR);NFL In-Game $3K 4th Quarter Finish [$1K to 1st] (4Q DET @ CAR);NFL In-Game Satellite to NFL $4,444 Fantasy Football MEGA Millionaire [Must Fill] (4Q DET @ CAR);NFL In-Game Satellite to NFL 10-12 $4,444 Showdown MEGA Millionaire [Must Fill] (4Q DET @ CAR);NFL In-Game $285 Bootleg [Single Entry] (4Q DET @ CAR);NFL In-Game $1,060 Winner Take All [$4K to 1st] (Must Fill) (4Q DET @ CAR);NFL In-Game Satellite to NFL 11-1 Midseason Main Event [Must Fill] (4Q DET @ CAR);NFL In-Game Satellite to NFL $555 Fantasy Football Millionaire [Must Fill] (4Q DET @ CAR);NFL In-Game $150 First Down (4Q DET @ CAR)",196297920;196297923;196297434;196297921;196297924;196297433;196297919;196297926;196297922;196297435;196297436;196297927;196297705;196297704;196297856;196297925;196297829;196297834;196297830;196297835,10/4 9:50PM Q4 (DET @ CAR)
Juwan Johnson - Showdown 2nd Half (Flex),196297440;196298019;196298022;196297437;196297444;196297441;196297439;196297702;196297442;196298020;196298023;196298018;196298025;196298021;196297701;196297438;196297443;196297445;196298026;196297700,Juwan Johnson|NO,44359218,Juwan Johnson,Juwan,Johnson,7400,TE,NO,ATL @ NO,10/05/2026 09:15 PM,,ATL @ NO,Showdown 2nd Half,NFL,10/5,Flex,"NFL In-Game $15K 2nd Half Clash [$5K to 1st] (2H ATL @ NO);NFL In-Game $20K Thunderdome [Must Fill] (2H ATL @ NO);NFL In-Game $10,170 2026 FFWC Qualifier Satellite [Must Fill] (2H ATL @ NO);NFL In-Game $1.8K Deep Threat [Single Entry] (2H ATL @ NO);NFL In-Game $1K Huddle [Single Entry] (2H ATL @ NO);NFL In-Game $500 Play-Action (2H ATL @ NO);NFL In-Game $600 Bootleg [Single Entry] (2H ATL @ NO);NFL In-Game $267 Winner Take All [$1K to 1st] (2H ATL @ NO);NFL In-Game $500 First Down (2H ATL @ NO);NFL In-Game Satellite to NFL $4,444 Fantasy Football MEGA Millionaire [Must Fill] (2H ATL @ NO)",196297440;196298019;196298022;196297437;196297444;196297441;196297439;196297702;196297442;196298020;196298023;196298018;196298025;196298021;196297701;196297438;196297443;196297445;196298026;196297700,10/5 9:15PM 2H (ATL @ NO)
Juwan Johnson - Showdown 4th Quarter (Flex),196298118;196298121;196297447;196298119;196298122;196297446;196298117;196298124;196298120;196297448;196297449;196298125;196297707;196297706;196298037;196298109;196298080;196298081;196317157;196298123,Juwan Johnson|NO,44359330,Juwan Johnson,Juwan,Johnson,7400,TE,NO,ATL @ NO,10/05/2026 09:45 PM,,ATL @ NO,Showdown 4th Quarter,NFL,10/5,Flex,"NFL In-Game $20K Thunderdome [Must Fill] (4Q ATL @ NO);NFL In-Game $10,170 2026 FFWC Qualifier Satellite [Must Fill] (4Q ATL @ NO);NFL In-Game $3K 4th Quarter Finish [$1K to 1st] (4Q ATL @ NO);NFL In-Game Satellite to NFL $4,444 Fantasy Football MEGA Millionaire [Must Fill] (4Q ATL @ NO);NFL In-Game Satellite to NFL 10-12 $4,444 Showdown MEGA Millionaire [Must Fill] (4Q ATL @ NO);NFL In-Game $285 Bootleg [Single Entry] (4Q ATL @ NO);NFL In-Game $1,060 Winner Take All [$4K to 1st] (Must Fill) (4Q ATL @ NO);NFL In-Game Satellite to NFL 11-1 Midseason Main Event [Must Fill] (4Q ATL @ NO);NFL In-Game Satellite to NFL $555 Fantasy Football Millionaire [Must Fill] (4Q ATL @ NO);NFL In-Game $150 First Down (4Q ATL @ NO)",196298118;196298121;196297447;196298119;196298122;196297446;196298117;196298124;196298120;196297448;196297449;196298125;196297707;196297706;196298037;196298109;196298080;196298081;196317157;196298123,10/5 9:45PM Q4 (ATL @ NO)
Ryan Fitzgerald - Showdown Captain Mode (Captain),196285049;196285047;196285046;196285050;196285056;196285071;196285042;196285064;196285065;196285048;196285095;196285096;196285083;196285089;196285107;196285108;196285105;196285106;196285090;196285094,Ryan Fitzgerald|CAR,44358511,Ryan Fitzgerald,Ryan,Fitzgerald,7200,CPT,CAR,DET @ CAR,10/04/2026 08:20 PM,,DET @ CAR,Showdown Captain Mode,NFL,10/4,Captain,"NFL Showdown $1M Sunday Night Showdown [$250K to 1st] (DET @ CAR);NFL Showdown $500K Wildcat [$100K to 1st] (DET @ CAR);NFL Showdown $402K Luxury Box [$100K to 1st] (DET @ CAR);NFL Showdown $200K Play-Action [20 Entry Max] (DET @ CAR);NFL Showdown $140K Four-Point Stance [$30K to 1st, 5 Entry Max] (DET @ CAR);NFL Showdown $60K Huddle [Single Entry] (DET @ CAR);NFL Showdown $10K Huddle [Single Entry] (DET @ CAR);NFL Showdown $75K Spy [$15K to 1st, Single Entry] (DET @ CAR);NFL Showdown $25K Spy [Single Entry] (DET @ CAR);NFL Showdown $70K Bootleg [$20K to 1st] (DET @ CAR)",196285049;196285047;196285046;196285050;196285056;196285071;196285042;196285064;196285065;196285048;196285095;196285096;196285083;196285089;196285107;196285108;196285105;196285106;196285090;196285094,10/4 8:20PM (DET @ CAR)
Daniel Carlson - Showdown Captain Mode (Captain),196285155;196285153;196285138;196285157;196285156;196285154;196285212;196285175;196285176;196285170;196285171;196285187;196285188;196285189;196285218;196285219;196285220;196285221;196285182;196285183,Daniel Carlson|NO,44358620,Daniel Carlson,Daniel,Carlson,7200,CPT,NO,ATL @ NO,10/05/2026 08:15 PM,,ATL @ NO,Showdown Captain Mode,NFL,10/5,Captain,"NFL Showdown $1.5M Monday Night Showdown [$500K to 1st] (ATL @ NO);NFL Showdown $600K Wildcat [$150K to 1st] (ATL @ NO);NFL Showdown $402K Luxury Box [$100K to 1st] (ATL @ NO);NFL Showdown $300K Play-Action [20 Entry Max] (ATL @ NO);NFL Showdown $250K Flea Flicker [$50K to 1st] (ATL @ NO);NFL Showdown $150K Bootleg [$50K to 1st] (ATL @ NO);NFL Showdown $160K Four-Point Stance [$50K to 1st, 5 Entry Max] (ATL @ NO);NFL Showdown $80K Huddle [$10K to 1st, Single Entry] (ATL @ NO);NFL Showdown $20K Huddle [Single Entry] (ATL @ NO);NFL Showdown $100K Spy [$20K to 1st, Single Entry] (ATL @ NO)",196285155;196285153;196285138;196285157;196285156;196285154;196285212;196285175;196285176;196285170;196285171;196285187;196285188;196285189;196285218;196285219;196285220;196285221;196285182;196285183,10/5 8:15PM (ATL @ NO)
Charlie Smyth - Showdown Captain Mode (Captain),196285155;196285153;196285138;196285157;196285156;196285154;196285212;196285175;196285176;196285170;196285171;196285187;196285188;196285189;196285218;196285219;196285220;196285221;196285182;196285183,Charlie Smyth|NO,44358621,Charlie Smyth,Charlie,Smyth,7200,CPT,NO,ATL @ NO,10/05/2026 08:15 PM,,ATL @ NO,Showdown Captain Mode,NFL,10/5,Captain,"NFL Showdown $1.5M Monday Night Showdown [$500K to 1st] (ATL @ NO);NFL Showdown $600K Wildcat [$150K to 1st] (ATL @ NO);NFL Showdown $402K Luxury Box [$100K to 1st] (ATL @ NO);NFL Showdown $300K Play-Action [20 Entry Max] (ATL @ NO);NFL Showdown $250K Flea Flicker [$50K to 1st] (ATL @ NO);NFL Showdown $150K Bootleg [$50K to 1st] (ATL @ NO);NFL Showdown $160K Four-Point Stance [$50K to 1st, 5 Entry Max] (ATL @ NO);NFL Showdown $80K Huddle [$10K to 1st, Single Entry] (ATL @ NO);NFL Showdown $20K Huddle [Single Entry] (ATL @ NO);NFL Showdown $100K Spy [$20K to 1st, Single Entry] (ATL @ NO)",196285155;196285153;196285138;196285157;196285156;196285154;196285212;196285175;196285176;196285170;196285171;196285187;196285188;196285189;196285218;196285219;196285220;196285221;196285182;196285183,10/5 8:15PM (ATL @ NO)
Ryan Fitzgerald - Showdown 2nd Half (Captain),196297427;196297821;196297824;196297424;196297431;196297428;196297426;196297698;196297429;196297822;196297825;196297820;196297827;196297823;196402607;196297697;196297425;196297430;196297432;196297828,Ryan Fitzgerald|CAR,44358969,Ryan Fitzgerald,Ryan,Fitzgerald,7200,CPT,CAR,DET @ CAR,10/04/2026 09:20 PM,,DET @ CAR,Showdown 2nd Half,NFL,10/4,Captain,"NFL In-Game $15K 2nd Half Clash [$5K to 1st] (2H DET @ CAR);NFL In-Game $20K Thunderdome [Must Fill] (2H DET @ CAR);NFL In-Game $10,170 2026 FFWC Qualifier Satellite [Must Fill] (2H DET @ CAR);NFL In-Game $1.8K Deep Threat [Single Entry] (2H DET @ CAR);NFL In-Game $1K Huddle [Single Entry] (2H DET @ CAR);NFL In-Game $500 Play-Action (2H DET @ CAR);NFL In-Game $600 Bootleg [Single Entry] (2H DET @ CAR);NFL In-Game $267 Winner Take All [$1K to 1st] (2H DET @ CAR);NFL In-Game $500 First Down (2H DET @ CAR);NFL In-Game Satellite to NFL $4,444 Fantasy Football MEGA Millionaire [Must Fill] (2H DET @ CAR)",196297427;196297821;196297824;196297424;196297431;196297428;196297426;196297698;196297429;196297822;196297825;196297820;196297827;196297823;196402607;196297697;196297425;196297430;196297432;196297828,10/4 9:20PM 2H (DET @ CAR)
Ryan Fitzgerald - Showdown 4th Quarter (Captain),196297920;196297923;196297434;196297921;196297924;196297433;196297919;196297926;196297922;196297435;196297436;196297927;196297705;196297704;196297856;196297925;196297829;196297834;196297830;196297835,Ryan Fitzgerald|CAR,44359069,Ryan Fitzgerald,Ryan,Fitzgerald,7200,CPT,CAR,DET @ CAR,10/04/2026 09:50 PM,,DET @ CAR,Showdown 4th Quarter,NFL,10/4,Captain,"NFL In-Game $20K Thunderdome [Must Fill] (4Q DET @ CAR);NFL In-Game $10,170 2026 FFWC Qualifier Satellite [Must Fill] (4Q DET @ CAR);NFL In-Game $3K 4th Quarter Finish [$1K to 1st] (4Q DET @ CAR);NFL In-Game Satellite to NFL $4,444 Fantasy Football MEGA Millionaire [Must Fill] (4Q DET @ CAR);NFL In-Game Satellite to NFL 10-12 $4,444 Showdown MEGA Millionaire [Must Fill] (4Q DET @ CAR);NFL In-Game $285 Bootleg [Single Entry] (4Q DET @ CAR);NFL In-Game $1,060 Winner Take All [$4K to 1st] (Must Fill) (4Q DET @ CAR);NFL In-Game Satellite to NFL 11-1 Midseason Main Event [Must Fill] (4Q DET @ CAR);NFL In-Game Satellite to NFL $555 Fantasy Football Millionaire [Must Fill] (4Q DET @ CAR);NFL In-Game $150 First Down (4Q DET @ CAR)",196297920;196297923;196297434;196297921;196297924;196297433;196297919;196297926;196297922;196297435;196297436;196297927;196297705;196297704;196297856;196297925;196297829;196297834;196297830;196297835,10/4 9:50PM Q4 (DET @ CAR)
Daniel Carlson - Showdown 2nd Half (Captain),196297440;196298019;196298022;196297437;196297444;196297441;196297439;196297702;196297442;196298020;196298023;196298018;196298025;196298021;196297701;196297438;196297443;196297445;196298026;196297700,Daniel Carlson|NO,44359172,Daniel Carlson,Daniel,Carlson,7200,CPT,NO,ATL @ NO,10/05/2026 09:15 PM,,ATL @ NO,Showdown 2nd Half,NFL,10/5,Captain,"NFL In-Game $15K 2nd Half Clash [$5K to 1st] (2H ATL @ NO);NFL In-Game $20K Thunderdome [Must Fill] (2H ATL @ NO);NFL In-Game $10,170 2026 FFWC Qualifier Satellite [Must Fill] (2H ATL @ NO);NFL In-Game $1.8K Deep Threat [Single Entry] (2H ATL @ NO);NFL In-Game $1K Huddle [Single Entry] (2H ATL @ NO);NFL In-Game $500 Play-Action (2H ATL @ NO);NFL In-Game $600 Bootleg [Single Entry] (2H ATL @ NO);NFL In-Game $267 Winner Take All [$1K to 1st] (2H ATL @ NO);NFL In-Game $500 First Down (2H ATL @ NO);NFL In-Game Satellite to NFL $4,444 Fantasy Football MEGA Millionaire [Must Fill] (2H ATL @ NO)",196297440;196298019;196298022;196297437;196297444;196297441;196297439;196297702;196297442;196298020;196298023;196298018;196298025;196298021;196297701;196297438;196297443;196297445;196298026;196297700,10/5 9:15PM 2H (ATL @ NO)
Charlie Smyth - Showdown 2nd Half (Captain),196297440;196298019;196298022;196297437;196297444;196297441;196297439;196297702;196297442;196298020;196298023;196298018;196298025;196298021;196297701;196297438;196297443;196297445;196298026;196297700,Charlie Smyth|NO,44359173,Charlie Smyth,Charlie,Smyth,7200,CPT,NO,ATL @ NO,10/05/2026 09:15 PM,,ATL @ NO,Showdown 2nd Half,NFL,10/5,Captain,"NFL In-Game $15K 2nd Half Clash [$5K to 1st] (2H ATL @ NO);NFL In-Game $20K Thunderdome [Must Fill] (2H ATL @ NO);NFL In-Game $10,170 2026 FFWC Qualifier Satellite [Must Fill] (2H ATL @ NO);NFL In-Game $1.8K Deep Threat [Single Entry] (2H ATL @ NO);NFL In-Game $1K Huddle [Single Entry] (2H ATL @ NO);NFL In-Game $500 Play-Action (2H ATL @ NO);NFL In-Game $600 Bootleg [Single Entry] (2H ATL @ NO);NFL In-Game $267 Winner Take All [$1K to 1st] (2H ATL @ NO);NFL In-Game $500 First Down (2H ATL @ NO);NFL In-Game Satellite to NFL $4,444 Fantasy Football MEGA Millionaire [Must Fill] (2H ATL @ NO)",196297440;196298019;196298022;196297437;196297444;196297441;196297439;196297702;196297442;196298020;196298023;196298018;196298025;196298021;196297701;196297438;196297443;196297445;196298026;196297700,10/5 9:15PM 2H (ATL @ NO)
Daniel Carlson - Showdown 4th Quarter (Captain),196298118;196298121;196297447;196298119;196298122;196297446;196298117;196298124;196298120;196297448;196297449;196298125;196297707;196297706;196298037;196298109;196298080;196298081;196317157;196298123,Daniel Carlson|NO,44359284,Daniel Carlson,Daniel,Carlson,7200,CPT,NO,ATL @ NO,10/05/2026 09:45 PM,,ATL @ NO,Showdown 4th Quarter,NFL,10/5,Captain,"NFL In-Game $20K Thunderdome [Must Fill] (4Q ATL @ NO);NFL In-Game $10,170 2026 FFWC Qualifier Satellite [Must Fill] (4Q ATL @ NO);NFL In-Game $3K 4th Quarter Finish [$1K to 1st] (4Q ATL @ NO);NFL In-Game Satellite to NFL $4,444 Fantasy Football MEGA Millionaire [Must Fill] (4Q ATL @ NO);NFL In-Game Satellite to NFL 10-12 $4,444 Showdown MEGA Millionaire [Must Fill] (4Q ATL @ NO);NFL In-Game $285 Bootleg [Single Entry] (4Q ATL @ NO);NFL In-Game $1,060 Winner Take All [$4K to 1st] (Must Fill) (4Q ATL @ NO);NFL In-Game Satellite to NFL 11-1 Midseason Main Event [Must Fill] (4Q ATL @ NO);NFL In-Game Satellite to NFL $555 Fantasy Football Millionaire [Must Fill] (4Q ATL @ NO);NFL In-Game $150 First Down (4Q ATL @ NO)",196298118;196298121;196297447;196298119;196298122;196297446;196298117;196298124;196298120;196297448;196297449;196298125;196297707;196297706;196298037;196298109;196298080;196298081;196317157;196298123,10/5 9:45PM Q4 (ATL @ NO)
Charlie Smyth - Showdown 4th Quarter (Captain),196298118;196298121;196297447;196298119;196298122;196297446;196298117;196298124;196298120;196297448;196297449;196298125;196297707;196297706;196298037;196298109;196298080;196298081;196317157;196298123,Charlie Smyth|NO,44359285,Charlie Smyth,Charlie,Smyth,7200,CPT,NO,ATL @ NO,10/05/2026 09:45 PM,,ATL @ NO,Showdown 4th Quarter,NFL,10/5,Captain,"NFL In-Game $20K Thunderdome [Must Fill] (4Q ATL @ NO);NFL In-Game $10,170 2026 FFWC Qualifier Satellite [Must Fill] (4Q ATL @ NO);NFL In-Game $3K 4th Quarter Finish [$1K to 1st] (4Q ATL @ NO);NFL In-Game Satellite to NFL $4,444 Fantasy Football MEGA Millionaire [Must Fill] (4Q ATL @ NO);NFL In-Game Satellite to NFL 10-12 $4,444 Showdown MEGA Millionaire [Must Fill] (4Q ATL @ NO);NFL In-Game $285 Bootleg [Single Entry] (4Q ATL @ NO);NFL In-Game $1,060 Winner Take All [$4K to 1st] (Must Fill) (4Q ATL @ NO);NFL In-Game Satellite to NFL 11-1 Midseason Main Event [Must Fill] (4Q ATL @ NO);NFL In-Game Satellite to NFL $555 Fantasy Football Millionaire [Must Fill] (4Q ATL @ NO);NFL In-Game $150 First Down (4Q ATL @ NO)",196298118;196298121;196297447;196298119;196298122;196297446;196298117;196298124;196298120;196297448;196297449;196298125;196297707;196297706;196298037;196298109;196298080;196298081;196317157;196298123,10/5 9:45PM Q4 (ATL @ NO)
Jameson Williams - Showdown Captain Mode (Flex),196285049;196285047;196285046;196285050;196285056;196285071;196285042;196285064;196285065;196285048;196285095;196285096;196285083;196285089;196285107;196285108;196285105;196285106;196285090;196285094,Jameson Williams|DET,44358454,Jameson Williams,Jameson,Williams,7000,WR,DET,DET @ CAR,10/04/2026 08:20 PM,,DET @ CAR,Showdown Captain Mode,NFL,10/4,Flex,"NFL Showdown $1M Sunday Night Showdown [$250K to 1st] (DET @ CAR);NFL Showdown $500K Wildcat [$100K to 1st] (DET @ CAR);NFL Showdown $402K Luxury Box [$100K to 1st] (DET @ CAR);NFL Showdown $200K Play-Action [20 Entry Max] (DET @ CAR);NFL Showdown $140K Four-Point Stance [$30K to 1st, 5 Entry Max] (DET @ CAR);NFL Showdown $60K Huddle [Single Entry] (DET @ CAR);NFL Showdown $10K Huddle [Single Entry] (DET @ CAR);NFL Showdown $75K Spy [$15K to 1st, Single Entry] (DET @ CAR);NFL Showdown $25K Spy [Single Entry] (DET @ CAR);NFL Showdown $70K Bootleg [$20K to 1st] (DET @ CAR)",196285049;196285047;196285046;196285050;196285056;196285071;196285042;196285064;196285065;196285048;196285095;196285096;196285083;196285089;196285107;196285108;196285105;196285106;196285090;196285094,10/4 8:20PM (DET @ CAR)
Alvin Kamara - Showdown Captain Mode (Flex),196285155;196285153;196285138;196285157;196285156;196285154;196285212;196285175;196285176;196285170;196285171;196285187;196285188;196285189;196285218;196285219;196285220;196285221;196285182;196285183,Alvin Kamara|NO,44358555,Alvin Kamara,Alvin,Kamara,7000,RB,NO,ATL @ NO,10/05/2026 08:15 PM,,ATL @ NO,Showdown Captain Mode,NFL,10/5,Flex,"NFL Showdown $1.5M Monday Night Showdown [$500K to 1st] (ATL @ NO);NFL Showdown $600K Wildcat [$150K to 1st] (ATL @ NO);NFL Showdown $402K Luxury Box [$100K to 1st] (ATL @ NO);NFL Showdown $300K Play-Action [20 Entry Max] (ATL @ NO);NFL Showdown $250K Flea Flicker [$50K to 1st] (ATL @ NO);NFL Showdown $150K Bootleg [$50K to 1st] (ATL @ NO);NFL Showdown $160K Four-Point Stance [$50K to 1st, 5 Entry Max] (ATL @ NO);NFL Showdown $80K Huddle [$10K to 1st, Single Entry] (ATL @ NO);NFL Showdown $20K Huddle [Single Entry] (ATL @ NO);NFL Showdown $100K Spy [$20K to 1st, Single Entry] (ATL @ NO)",196285155;196285153;196285138;196285157;196285156;196285154;196285212;196285175;196285176;196285170;196285171;196285187;196285188;196285189;196285218;196285219;196285220;196285221;196285182;196285183,10/5 8:15PM (ATL @ NO)
Jameson Williams - Showdown 2nd Half (Flex),196297427;196297821;196297824;196297424;196297431;196297428;196297426;196297698;196297429;196297822;196297825;196297820;196297827;196297823;196402607;196297697;196297425;196297430;196297432;196297828,Jameson Williams|DET,44359012,Jameson Williams,Jameson,Williams,7000,WR,DET,DET @ CAR,10/04/2026 09:20 PM,,DET @ CAR,Showdown 2nd Half,NFL,10/4,Flex,"NFL In-Game $15K 2nd Half Clash [$5K to 1st] (2H DET @ CAR);NFL In-Game $20K Thunderdome [Must Fill] (2H DET @ CAR);NFL In-Game $10,170 2026 FFWC Qualifier Satellite [Must Fill] (2H DET @ CAR);NFL In-Game $1.8K Deep Threat [Single Entry] (2H DET @ CAR);NFL In-Game $1K Huddle [Single Entry] (2H DET @ CAR);NFL In-Game $500 Play-Action (2H DET @ CAR);NFL In-Game $600 Bootleg [Single Entry] (2H DET @ CAR);NFL In-Game $267 Winner Take All [$1K to 1st] (2H DET @ CAR);NFL In-Game $500 First Down (2H DET @ CAR);NFL In-Game Satellite to NFL $4,444 Fantasy Football MEGA Millionaire [Must Fill] (2H DET @ CAR)",196297427;196297821;196297824;196297424;196297431;196297428;196297426;196297698;196297429;196297822;196297825;196297820;196297827;196297823;196402607;196297697;196297425;196297430;196297432;196297828,10/4 9:20PM 2H (DET @ CAR)
Jameson Williams - Showdown 4th Quarter (Flex),196297920;196297923;196297434;196297921;196297924;196297433;196297919;196297926;196297922;196297435;196297436;196297927;196297705;196297704;196297856;196297925;196297829;196297834;196297830;196297835,Jameson Williams|DET,44359112,Jameson Williams,Jameson,Williams,7000,WR,DET,DET @ CAR,10/04/2026 09:50 PM,,DET @ CAR,Showdown 4th Quarter,NFL,10/4,Flex,"NFL In-Game $20K Thunderdome [Must Fill] (4Q DET @ CAR);NFL In-Game $10,170 2026 FFWC Qualifier Satellite [Must Fill] (4Q DET @ CAR);NFL In-Game $3K 4th Quarter Finish [$1K to 1st] (4Q DET @ CAR);NFL In-Game Satellite to NFL $4,444 Fantasy Football MEGA Millionaire [Must Fill] (4Q DET @ CAR);NFL In-Game Satellite to NFL 10-12 $4,444 Showdown MEGA Millionaire [Must Fill] (4Q DET @ CAR);NFL In-Game $285 Bootleg [Single Entry] (4Q DET @ CAR);NFL In-Game $1,060 Winner Take All [$4K to 1st] (Must Fill) (4Q DET @ CAR);NFL In-Game Satellite to NFL 11-1 Midseason Main Event [Must Fill] (4Q DET @ CAR);NFL In-Game Satellite to NFL $555 Fantasy Football Millionaire [Must Fill] (4Q DET @ CAR);NFL In-Game $150 First Down (4Q DET @ CAR)",196297920;196297923;196297434;196297921;196297924;196297433;196297919;196297926;196297922;196297435;196297436;196297927;196297705;196297704;196297856;196297925;196297829;196297834;196297830;196297835,10/4 9:50PM Q4 (DET @ CAR)
Alvin Kamara - Showdown 2nd Half (Flex),196297440;196298019;196298022;196297437;196297444;196297441;196297439;196297702;196297442;196298020;196298023;196298018;196298025;196298021;196297701;196297438;196297443;196297445;196298026;196297700,Alvin Kamara|NO,44359219,Alvin Kamara,Alvin,Kamara,7000,RB,NO,ATL @ NO,10/05/2026 09:15 PM,,ATL @ NO,Showdown 2nd Half,NFL,10/5,Flex,"NFL In-Game $15K 2nd Half Clash [$5K to 1st] (2H ATL @ NO);NFL In-Game $20K Thunderdome [Must Fill] (2H ATL @ NO);NFL In-Game $10,170 2026 FFWC Qualifier Satellite [Must Fill] (2H ATL @ NO);NFL In-Game $1.8K Deep Threat [Single Entry] (2H ATL @ NO);NFL In-Game $1K Huddle [Single Entry] (2H ATL @ NO);NFL In-Game $500 Play-Action (2H ATL @ NO);NFL In-Game $600 Bootleg [Single Entry] (2H ATL @ NO);NFL In-Game $267 Winner Take All [$1K to 1st] (2H ATL @ NO);NFL In-Game $500 First Down (2H ATL @ NO);NFL In-Game Satellite to NFL $4,444 Fantasy Football MEGA Millionaire [Must Fill] (2H ATL @ NO)",196297440;196298019;196298022;196297437;196297444;196297441;196297439;196297702;196297442;196298020;196298023;196298018;196298025;196298021;196297701;196297438;196297443;196297445;196298026;196297700,10/5 9:15PM 2H (ATL @ NO)
Alvin Kamara - Showdown 4th Quarter (Flex),196298118;196298121;196297447;196298119;196298122;196297446;196298117;196298124;196298120;196297448;196297449;196298125;196297707;196297706;196298037;196298109;196298080;196298081;196317157;196298123,Alvin Kamara|NO,44359331,Alvin Kamara,Alvin,Kamara,7000,RB,NO,ATL @ NO,10/05/2026 09:45 PM,,ATL @ NO,Showdown 4th Quarter,NFL,10/5,Flex,"NFL In-Game $20K Thunderdome [Must Fill] (4Q ATL @ NO);NFL In-Game $10,170 2026 FFWC Qualifier Satellite [Must Fill] (4Q ATL @ NO);NFL In-Game $3K 4th Quarter Finish [$1K to 1st] (4Q ATL @ NO);NFL In-Game Satellite to NFL $4,444 Fantasy Football MEGA Millionaire [Must Fill] (4Q ATL @ NO);NFL In-Game Satellite to NFL 10-12 $4,444 Showdown MEGA Millionaire [Must Fill] (4Q ATL @ NO);NFL In-Game $285 Bootleg [Single Entry] (4Q ATL @ NO);NFL In-Game $1,060 Winner Take All [$4K to 1st] (Must Fill) (4Q ATL @ NO);NFL In-Game Satellite to NFL 11-1 Midseason Main Event [Must Fill] (4Q ATL @ NO);NFL In-Game Satellite to NFL $555 Fantasy Football Millionaire [Must Fill] (4Q ATL @ NO);NFL In-Game $150 First Down (4Q ATL @ NO)",196298118;196298121;196297447;196298119;196298122;196297446;196298117;196298124;196298120;196297448;196297449;196298125;196297707;196297706;196298037;196298109;196298080;196298081;196317157;196298123,10/5 9:45PM Q4 (ATL @ NO)
Sam LaPorta - Showdown Captain Mode (Flex),196285049;196285047;196285046;196285050;196285056;196285071;196285042;196285064;196285065;196285048;196285095;196285096;196285083;196285089;196285107;196285108;196285105;196285106;196285090;196285094,Sam LaPorta|DET,44358455,Sam LaPorta,Sam,LaPorta,6600,TE,DET,DET @ CAR,10/04/2026 08:20 PM,,DET @ CAR,Showdown Captain Mode,NFL,10/4,Flex,"NFL Showdown $1M Sunday Night Showdown [$250K to 1st] (DET @ CAR);NFL Showdown $500K Wildcat [$100K to 1st] (DET @ CAR);NFL Showdown $402K Luxury Box [$100K to 1st] (DET @ CAR);NFL Showdown $200K Play-Action [20 Entry Max] (DET @ CAR);NFL Showdown $140K Four-Point Stance [$30K to 1st, 5 Entry Max] (DET @ CAR);NFL Showdown $60K Huddle [Single Entry] (DET @ CAR);NFL Showdown $10K Huddle [Single Entry] (DET @ CAR);NFL Showdown $75K Spy [$15K to 1st, Single Entry] (DET @ CAR);NFL Showdown $25K Spy [Single Entry] (DET @ CAR);NFL Showdown $70K Bootleg [$20K to 1st] (DET @ CAR)",196285049;196285047;196285046;196285050;196285056;196285071;196285042;196285064;196285065;196285048;196285095;196285096;196285083;196285089;196285107;196285108;196285105;196285106;196285090;196285094,10/4 8:20PM (DET @ CAR)
Darren Waller - Showdown Captain Mode (Captain),196285049;196285047;196285046;196285050;196285056;196285071;196285042;196285064;196285065;196285048;196285095;196285096;196285083;196285089;196285107;196285108;196285105;196285106;196285090;196285094,Darren Waller|CAR,44358512,Darren Waller,Darren,Waller,6600,CPT,CAR,DET @ CAR,10/04/2026 08:20 PM,,DET @ CAR,Showdown Captain Mode,NFL,10/4,Captain,"NFL Showdown $1M Sunday Night Showdown [$250K to 1st] (DET @ CAR);NFL Showdown $500K Wildcat [$100K to 1st] (DET @ CAR);NFL Showdown $402K Luxury Box [$100K to 1st] (DET @ CAR);NFL Showdown $200K Play-Action [20 Entry Max] (DET @ CAR);NFL Showdown $140K Four-Point Stance [$30K to 1st, 5 Entry Max] (DET @ CAR);NFL Showdown $60K Huddle [Single Entry] (DET @ CAR);NFL Showdown $10K Huddle [Single Entry] (DET @ CAR);NFL Showdown $75K Spy [$15K to 1st, Single Entry] (DET @ CAR);NFL Showdown $25K Spy [Single Entry] (DET @ CAR);NFL Showdown $70K Bootleg [$20K to 1st] (DET @ CAR)",196285049;196285047;196285046;196285050;196285056;196285071;196285042;196285064;196285065;196285048;196285095;196285096;196285083;196285089;196285107;196285108;196285105;196285106;196285090;196285094,10/4 8:20PM (DET @ CAR)
Noah Fant - Showdown Captain Mode (Captain),196285155;196285153;196285138;196285157;196285156;196285154;196285212;196285175;196285176;196285170;196285171;196285187;196285188;196285189;196285218;196285219;196285220;196285221;196285182;196285183,Noah Fant|NO,44358622,Noah Fant,Noah,Fant,6600,CPT,NO,ATL @ NO,10/05/2026 08:15 PM,,ATL @ NO,Showdown Captain Mode,NFL,10/5,Captain,"NFL Showdown $1.5M Monday Night Showdown [$500K to 1st] (ATL @ NO);NFL Showdown $600K Wildcat [$150K to 1st] (ATL @ NO);NFL Showdown $402K Luxury Box [$100K to 1st] (ATL @ NO);NFL Showdown $300K Play-Action [20 Entry Max] (ATL @ NO);NFL Showdown $250K Flea Flicker [$50K to 1st] (ATL @ NO);NFL Showdown $150K Bootleg [$50K to 1st] (ATL @ NO);NFL Showdown $160K Four-Point Stance [$50K to 1st, 5 Entry Max] (ATL @ NO);NFL Showdown $80K Huddle [$10K to 1st, Single Entry] (ATL @ NO);NFL Showdown $20K Huddle [Single Entry] (ATL @ NO);NFL Showdown $100K Spy [$20K to 1st, Single Entry] (ATL @ NO)",196285155;196285153;196285138;196285157;196285156;196285154;196285212;196285175;196285176;196285170;196285171;196285187;196285188;196285189;196285218;196285219;196285220;196285221;196285182;196285183,10/5 8:15PM (ATL @ NO)
Sam LaPorta - Showdown 2nd Half (Flex),196297427;196297821;196297824;196297424;196297431;196297428;196297426;196297698;196297429;196297822;196297825;196297820;196297827;196297823;196402607;196297697;196297425;196297430;196297432;196297828,Sam LaPorta|DET,44359013,Sam LaPorta,Sam,LaPorta,6600,TE,DET,DET @ CAR,10/04/2026 09:20 PM,,DET @ CAR,Showdown 2nd Half,NFL,10/4,Flex,"NFL In-Game $15K 2nd Half Clash [$5K to 1st] (2H DET @ CAR);NFL In-Game $20K Thunderdome [Must Fill] (2H DET @ CAR);NFL In-Game $10,170 2026 FFWC Qualifier Satellite [Must Fill] (2H DET @ CAR);NFL In-Game $1.8K Deep Threat [Single Entry] (2H DET @ CAR);NFL In-Game $1K Huddle [Single Entry] (2H DET @ CAR);NFL In-Game $500 Play-Action (2H DET @ CAR);NFL In-Game $600 Bootleg [Single Entry] (2H DET @ CAR);NFL In-Game $267 Winner Take All [$1K to 1st] (2H DET @ CAR);NFL In-Game $500 First Down (2H DET @ CAR);NFL In-Game Satellite to NFL $4,444 Fantasy Football MEGA Millionaire [Must Fill] (2H DET @ CAR)",196297427;196297821;196297824;196297424;196297431;196297428;196297426;196297698;196297429;196297822;196297825;196297820;196297827;196297823;196402607;196297697;196297425;196297430;196297432;196297828,10/4 9:20PM 2H (DET @ CAR)
Darren Waller - Showdown 2nd Half (Captain),196297427;196297821;196297824;196297424;196297431;196297428;196297426;196297698;196297429;196297822;196297825;196297820;196297827;196297823;196402607;196297697;196297425;196297430;196297432;196297828,Darren Waller|CAR,44358970,Darren Waller,Darren,Waller,6600,CPT,CAR,DET @ CAR,10/04/2026 09:20 PM,,DET @ CAR,Showdown 2nd Half,NFL,10/4,Captain,"NFL In-Game $15K 2nd Half Clash [$5K to 1st] (2H DET @ CAR);NFL In-Game $20K Thunderdome [Must Fill] (2H DET @ CAR);NFL In-Game $10,170 2026 FFWC Qualifier Satellite [Must Fill] (2H DET @ CAR);NFL In-Game $1.8K Deep Threat [Single Entry] (2H DET @ CAR);NFL In-Game $1K Huddle [Single Entry] (2H DET @ CAR);NFL In-Game $500 Play-Action (2H DET @ CAR);NFL In-Game $600 Bootleg [Single Entry] (2H DET @ CAR);NFL In-Game $267 Winner Take All [$1K to 1st] (2H DET @ CAR);NFL In-Game $500 First Down (2H DET @ CAR);NFL In-Game Satellite to NFL $4,444 Fantasy Football MEGA Millionaire [Must Fill] (2H DET @ CAR)",196297427;196297821;196297824;196297424;196297431;196297428;196297426;196297698;196297429;196297822;196297825;196297820;196297827;196297823;196402607;196297697;196297425;196297430;196297432;196297828,10/4 9:20PM 2H (DET @ CAR)
Sam LaPorta - Showdown 4th Quarter (Flex),196297920;196297923;196297434;196297921;196297924;196297433;196297919;196297926;196297922;196297435;196297436;196297927;196297705;196297704;196297856;196297925;196297829;196297834;196297830;196297835,Sam LaPorta|DET,44359113,Sam LaPorta,Sam,LaPorta,6600,TE,DET,DET @ CAR,10/04/2026 09:50 PM,,DET @ CAR,Showdown 4th Quarter,NFL,10/4,Flex,"NFL In-Game $20K Thunderdome [Must Fill] (4Q DET @ CAR);NFL In-Game $10,170 2026 FFWC Qualifier Satellite [Must Fill] (4Q DET @ CAR);NFL In-Game $3K 4th Quarter Finish [$1K to 1st] (4Q DET @ CAR);NFL In-Game Satellite to NFL $4,444 Fantasy Football MEGA Millionaire [Must Fill] (4Q DET @ CAR);NFL In-Game Satellite to NFL 10-12 $4,444 Showdown MEGA Millionaire [Must Fill] (4Q DET @ CAR);NFL In-Game $285 Bootleg [Single Entry] (4Q DET @ CAR);NFL In-Game $1,060 Winner Take All [$4K to 1st] (Must Fill) (4Q DET @ CAR);NFL In-Game Satellite to NFL 11-1 Midseason Main Event [Must Fill] (4Q DET @ CAR);NFL In-Game Satellite to NFL $555 Fantasy Football Millionaire [Must Fill] (4Q DET @ CAR);NFL In-Game $150 First Down (4Q DET @ CAR)",196297920;196297923;196297434;196297921;196297924;196297433;196297919;196297926;196297922;196297435;196297436;196297927;196297705;196297704;196297856;196297925;196297829;196297834;196297830;196297835,10/4 9:50PM Q4 (DET @ CAR)
Darren Waller - Showdown 4th Quarter (Captain),196297920;196297923;196297434;196297921;196297924;196297433;196297919;196297926;196297922;196297435;196297436;196297927;196297705;196297704;196297856;196297925;196297829;196297834;196297830;196297835,Darren Waller|CAR,44359070,Darren Waller,Darren,Waller,6600,CPT,CAR,DET @ CAR,10/04/2026 09:50 PM,,DET @ CAR,Showdown 4th Quarter,NFL,10/4,Captain,"NFL In-Game $20K Thunderdome [Must Fill] (4Q DET @ CAR);NFL In-Game $10,170 2026 FFWC Qualifier Satellite [Must Fill] (4Q DET @ CAR);NFL In-Game $3K 4th Quarter Finish [$1K to 1st] (4Q DET @ CAR);NFL In-Game Satellite to NFL $4,444 Fantasy Football MEGA Millionaire [Must Fill] (4Q DET @ CAR);NFL In-Game Satellite to NFL 10-12 $4,444 Showdown MEGA Millionaire [Must Fill] (4Q DET @ CAR);NFL In-Game $285 Bootleg [Single Entry] (4Q DET @ CAR);NFL In-Game $1,060 Winner Take All [$4K to 1st] (Must Fill) (4Q DET @ CAR);NFL In-Game Satellite to NFL 11-1 Midseason Main Event [Must Fill] (4Q DET @ CAR);NFL In-Game Satellite to NFL $555 Fantasy Football Millionaire [Must Fill] (4Q DET @ CAR);NFL In-Game $150 First Down (4Q DET @ CAR)",196297920;196297923;196297434;196297921;196297924;196297433;196297919;196297926;196297922;196297435;196297436;196297927;196297705;196297704;196297856;196297925;196297829;196297834;196297830;196297835,10/4 9:50PM Q4 (DET @ CAR)
Noah Fant - Showdown 2nd Half (Captain),196297440;196298019;196298022;196297437;196297444;196297441;196297439;196297702;196297442;196298020;196298023;196298018;196298025;196298021;196297701;196297438;196297443;196297445;196298026;196297700,Noah Fant|NO,44359174,Noah Fant,Noah,Fant,6600,CPT,NO,ATL @ NO,10/05/2026 09:15 PM,,ATL @ NO,Showdown 2nd Half,NFL,10/5,Captain,"NFL In-Game $15K 2nd Half Clash [$5K to 1st] (2H ATL @ NO);NFL In-Game $20K Thunderdome [Must Fill] (2H ATL @ NO);NFL In-Game $10,170 2026 FFWC Qualifier Satellite [Must Fill] (2H ATL @ NO);NFL In-Game $1.8K Deep Threat [Single Entry] (2H ATL @ NO);NFL In-Game $1K Huddle [Single Entry] (2H ATL @ NO);NFL In-Game $500 Play-Action (2H ATL @ NO);NFL In-Game $600 Bootleg [Single Entry] (2H ATL @ NO);NFL In-Game $267 Winner Take All [$1K to 1st] (2H ATL @ NO);NFL In-Game $500 First Down (2H ATL @ NO);NFL In-Game Satellite to NFL $4,444 Fantasy Football MEGA Millionaire [Must Fill] (2H ATL @ NO)",196297440;196298019;196298022;196297437;196297444;196297441;196297439;196297702;196297442;196298020;196298023;196298018;196298025;196298021;196297701;196297438;196297443;196297445;196298026;196297700,10/5 9:15PM 2H (ATL @ NO)
Noah Fant - Showdown 4th Quarter (Captain),196298118;196298121;196297447;196298119;196298122;196297446;196298117;196298124;196298120;196297448;196297449;196298125;196297707;196297706;196298037;196298109;196298080;196298081;196317157;196298123,Noah Fant|NO,44359286,Noah Fant,Noah,Fant,6600,CPT,NO,ATL @ NO,10/05/2026 09:45 PM,,ATL @ NO,Showdown 4th Quarter,NFL,10/5,Captain,"NFL In-Game $20K Thunderdome [Must Fill] (4Q ATL @ NO);NFL In-Game $10,170 2026 FFWC Qualifier Satellite [Must Fill] (4Q ATL @ NO);NFL In-Game $3K 4th Quarter Finish [$1K to 1st] (4Q ATL @ NO);NFL In-Game Satellite to NFL $4,444 Fantasy Football MEGA Millionaire [Must Fill] (4Q ATL @ NO);NFL In-Game Satellite to NFL 10-12 $4,444 Showdown MEGA Millionaire [Must Fill] (4Q ATL @ NO);NFL In-Game $285 Bootleg [Single Entry] (4Q ATL @ NO);NFL In-Game $1,060 Winner Take All [$4K to 1st] (Must Fill) (4Q ATL @ NO);NFL In-Game Satellite to NFL 11-1 Midseason Main Event [Must Fill] (4Q ATL @ NO);NFL In-Game Satellite to NFL $555 Fantasy Football Millionaire [Must Fill] (4Q ATL @ NO);NFL In-Game $150 First Down (4Q ATL @ NO)",196298118;196298121;196297447;196298119;196298122;196297446;196298117;196298124;196298120;196297448;196297449;196298125;196297707;196297706;196298037;196298109;196298080;196298081;196317157;196298123,10/5 9:45PM Q4 (ATL @ NO)
Drake London - Classic,196285112;196285136;196285124;196285111;196285110;196285121;196285113;196285123;196286041;196285114;196285133;196285129;196285132;196285109;196285127;196285125;196285122;196285118;196286044;196285115,Drake London|ATL,44358299,Drake London,Drake,London,6500,WR,ATL,ATL @ NO,10/05/2026 08:15 PM,,ATL @ NO,Classic,NFL,10/5,Standard,NFL $60K Post Pattern [$20K to 1st] (Primetime);NFL $30K Wildcat [$10K to 1st] (Primetime);NFL $15K Huddle [Single Entry] (Primetime);NFL $10K Bootleg [$2K to 1st] (Primetime);NFL $8.5K Luxury Box [Single Entry] (Primetime);NFL $10K Spy [Single Entry] (Primetime);NFL $10K Play-Action [20 Entry Max] (Primetime);NFL $6K Fair Catch [Single Entry] (Primetime);NFL $20K Thunderdome [Must Fill] (Primetime);NFL $7K First Down (Primetime),196285112;196285136;196285124;196285111;196285110;196285121;196285113;196285123;196286041;196285114;196285133;196285129;196285132;196285109;196285127;196285125;196285122;196285118;196286044;196285115,"10/4 8:20PM, 2 Games"
Chuba Hubbard - Classic,196285112;196285136;196285124;196285111;196285110;196285121;196285113;196285123;196286041;196285114;196285133;196285129;196285132;196285109;196285127;196285125;196285122;196285118;196286044;196285115,Chuba Hubbard|CAR,44358255,Chuba Hubbard,Chuba,Hubbard,6400,RB,CAR,DET @ CAR,10/04/2026 08:20 PM,,DET @ CAR,Classic,NFL,10/4,Standard,NFL $60K Post Pattern [$20K to 1st] (Primetime);NFL $30K Wildcat [$10K to 1st] (Primetime);NFL $15K Huddle [Single Entry] (Primetime);NFL $10K Bootleg [$2K to 1st] (Primetime);NFL $8.5K Luxury Box [Single Entry] (Primetime);NFL $10K Spy [Single Entry] (Primetime);NFL $10K Play-Action [20 Entry Max] (Primetime);NFL $6K Fair Catch [Single Entry] (Primetime);NFL $20K Thunderdome [Must Fill] (Primetime);NFL $7K First Down (Primetime),196285112;196285136;196285124;196285111;196285110;196285121;196285113;196285123;196286041;196285114;196285133;196285129;196285132;196285109;196285127;196285125;196285122;196285118;196286044;196285115,"10/4 8:20PM, 2 Games"
Isaac TeSlaa - Showdown Captain Mode (Captain),196285049;196285047;196285046;196285050;196285056;196285071;196285042;196285064;196285065;196285048;196285095;196285096;196285083;196285089;196285107;196285108;196285105;196285106;196285090;196285094,Isaac TeSlaa|DET,44358513,Isaac TeSlaa,Isaac,TeSlaa,6300,CPT,DET,DET @ CAR,10/04/2026 08:20 PM,,DET @ CAR,Showdown Captain Mode,NFL,10/4,Captain,"NFL Showdown $1M Sunday Night Showdown [$250K to 1st] (DET @ CAR);NFL Showdown $500K Wildcat [$100K to 1st] (DET @ CAR);NFL Showdown $402K Luxury Box [$100K to 1st] (DET @ CAR);NFL Showdown $200K Play-Action [20 Entry Max] (DET @ CAR);NFL Showdown $140K Four-Point Stance [$30K to 1st, 5 Entry Max] (DET @ CAR);NFL Showdown $60K Huddle [Single Entry] (DET @ CAR);NFL Showdown $10K Huddle [Single Entry] (DET @ CAR);NFL Showdown $75K Spy [$15K to 1st, Single Entry] (DET @ CAR);NFL Showdown $25K Spy [Single Entry] (DET @ CAR);NFL Showdown $70K Bootleg [$20K to 1st] (DET @ CAR)",196285049;196285047;196285046;196285050;196285056;196285071;196285042;196285064;196285065;196285048;196285095;196285096;196285083;196285089;196285107;196285108;196285105;196285106;196285090;196285094,10/4 8:20PM (DET @ CAR)
Saints - Showdown Captain Mode (Captain),196285155;196285153;196285138;196285157;196285156;196285154;196285212;196285175;196285176;196285170;196285171;196285187;196285188;196285189;196285218;196285219;196285220;196285221;196285182;196285183,Saints|NO,44358623,Saints,Saints,,6300,CPT,NO,ATL @ NO,10/05/2026 08:15 PM,,ATL @ NO,Showdown Captain Mode,NFL,10/5,Captain,"NFL Showdown $1.5M Monday Night Showdown [$500K to 1st] (ATL @ NO);NFL Showdown $600K Wildcat [$150K to 1st] (ATL @ NO);NFL Showdown $402K Luxury Box [$100K to 1st] (ATL @ NO);NFL Showdown $300K Play-Action [20 Entry Max] (ATL @ NO);NFL Showdown $250K Flea Flicker [$50K to 1st] (ATL @ NO);NFL Showdown $150K Bootleg [$50K to 1st] (ATL @ NO);NFL Showdown $160K Four-Point Stance [$50K to 1st, 5 Entry Max] (ATL @ NO);NFL Showdown $80K Huddle [$10K to 1st, Single Entry] (ATL @ NO);NFL Showdown $20K Huddle [Single Entry] (ATL @ NO);NFL Showdown $100K Spy [$20K to 1st, Single Entry] (ATL @ NO)",196285155;196285153;196285138;196285157;196285156;196285154;196285212;196285175;196285176;196285170;196285171;196285187;196285188;196285189;196285218;196285219;196285220;196285221;196285182;196285183,10/5 8:15PM (ATL @ NO)
Isaac TeSlaa - Showdown 2nd Half (Captain),196297427;196297821;196297824;196297424;196297431;196297428;196297426;196297698;196297429;196297822;196297825;196297820;196297827;196297823;196402607;196297697;196297425;196297430;196297432;196297828,Isaac TeSlaa|DET,44358971,Isaac TeSlaa,Isaac,TeSlaa,6300,CPT,DET,DET @ CAR,10/04/2026 09:20 PM,,DET @ CAR,Showdown 2nd Half,NFL,10/4,Captain,"NFL In-Game $15K 2nd Half Clash [$5K to 1st] (2H DET @ CAR);NFL In-Game $20K Thunderdome [Must Fill] (2H DET @ CAR);NFL In-Game $10,170 2026 FFWC Qualifier Satellite [Must Fill] (2H DET @ CAR);NFL In-Game $1.8K Deep Threat [Single Entry] (2H DET @ CAR);NFL In-Game $1K Huddle [Single Entry] (2H DET @ CAR);NFL In-Game $500 Play-Action (2H DET @ CAR);NFL In-Game $600 Bootleg [Single Entry] (2H DET @ CAR);NFL In-Game $267 Winner Take All [$1K to 1st] (2H DET @ CAR);NFL In-Game $500 First Down (2H DET @ CAR);NFL In-Game Satellite to NFL $4,444 Fantasy Football MEGA Millionaire [Must Fill] (2H DET @ CAR)",196297427;196297821;196297824;196297424;196297431;196297428;196297426;196297698;196297429;196297822;196297825;196297820;196297827;196297823;196402607;196297697;196297425;196297430;196297432;196297828,10/4 9:20PM 2H (DET @ CAR)
Isaac TeSlaa - Showdown 4th Quarter (Captain),196297920;196297923;196297434;196297921;196297924;196297433;196297919;196297926;196297922;196297435;196297436;196297927;196297705;196297704;196297856;196297925;196297829;196297834;196297830;196297835,Isaac TeSlaa|DET,44359071,Isaac TeSlaa,Isaac,TeSlaa,6300,CPT,DET,DET @ CAR,10/04/2026 09:50 PM,,DET @ CAR,Showdown 4th Quarter,NFL,10/4,Captain,"NFL In-Game $20K Thunderdome [Must Fill] (4Q DET @ CAR);NFL In-Game $10,170 2026 FFWC Qualifier Satellite [Must Fill] (4Q DET @ CAR);NFL In-Game $3K 4th Quarter Finish [$1K to 1st] (4Q DET @ CAR);NFL In-Game Satellite to NFL $4,444 Fantasy Football MEGA Millionaire [Must Fill] (4Q DET @ CAR);NFL In-Game Satellite to NFL 10-12 $4,444 Showdown MEGA Millionaire [Must Fill] (4Q DET @ CAR);NFL In-Game $285 Bootleg [Single Entry] (4Q DET @ CAR);NFL In-Game $1,060 Winner Take All [$4K to 1st] (Must Fill) (4Q DET @ CAR);NFL In-Game Satellite to NFL 11-1 Midseason Main Event [Must Fill] (4Q DET @ CAR);NFL In-Game Satellite to NFL $555 Fantasy Football Millionaire [Must Fill] (4Q DET @ CAR);NFL In-Game $150 First Down (4Q DET @ CAR)",196297920;196297923;196297434;196297921;196297924;196297433;196297919;196297926;196297922;196297435;196297436;196297927;196297705;196297704;196297856;196297925;196297829;196297834;196297830;196297835,10/4 9:50PM Q4 (DET @ CAR)
Saints - Showdown 2nd Half (Captain),196297440;196298019;196298022;196297437;196297444;196297441;196297439;196297702;196297442;196298020;196298023;196298018;196298025;196298021;196297701;196297438;196297443;196297445;196298026;196297700,Saints|NO,44359175,Saints,Saints,,6300,CPT,NO,ATL @ NO,10/05/2026 09:15 PM,,ATL @ NO,Showdown 2nd Half,NFL,10/5,Captain,"NFL In-Game $15K 2nd Half Clash [$5K to 1st] (2H ATL @ NO);NFL In-Game $20K Thunderdome [Must Fill] (2H ATL @ NO);NFL In-Game $10,170 2026 FFWC Qualifier Satellite [Must Fill] (2H ATL @ NO);NFL In-Game $1.8K Deep Threat [Single Entry] (2H ATL @ NO);NFL In-Game $1K Huddle [Single Entry] (2H ATL @ NO);NFL In-Game $500 Play-Action (2H ATL @ NO);NFL In-Game $600 Bootleg [Single Entry] (2H ATL @ NO);NFL In-Game $267 Winner Take All [$1K to 1st] (2H ATL @ NO);NFL In-Game $500 First Down (2H ATL @ NO);NFL In-Game Satellite to NFL $4,444 Fantasy Football MEGA Millionaire [Must Fill] (2H ATL @ NO)",196297440;196298019;196298022;196297437;196297444;196297441;196297439;196297702;196297442;196298020;196298023;196298018;196298025;196298021;196297701;196297438;196297443;196297445;196298026;196297700,10/5 9:15PM 2H (ATL @ NO)
Saints - Showdown 4th Quarter (Captain),196298118;196298121;196297447;196298119;196298122;196297446;196298117;196298124;196298120;196297448;196297449;196298125;196297707;196297706;196298037;196298109;196298080;196298081;196317157;196298123,Saints|NO,44359287,Saints,Saints,,6300,CPT,NO,ATL @ NO,10/05/2026 09:45 PM,,ATL @ NO,Showdown 4th Quarter,NFL,10/5,Captain,"NFL In-Game $20K Thunderdome [Must Fill] (4Q ATL @ NO);NFL In-Game $10,170 2026 FFWC Qualifier Satellite [Must Fill] (4Q ATL @ NO);NFL In-Game $3K 4th Quarter Finish [$1K to 1st] (4Q ATL @ NO);NFL In-Game Satellite to NFL $4,444 Fantasy Football MEGA Millionaire [Must Fill] (4Q ATL @ NO);NFL In-Game Satellite to NFL 10-12 $4,444 Showdown MEGA Millionaire [Must Fill] (4Q ATL @ NO);NFL In-Game $285 Bootleg [Single Entry] (4Q ATL @ NO);NFL In-Game $1,060 Winner Take All [$4K to 1st] (Must Fill) (4Q ATL @ NO);NFL In-Game Satellite to NFL 11-1 Midseason Main Event [Must Fill] (4Q ATL @ NO);NFL In-Game Satellite to NFL $555 Fantasy Football Millionaire [Must Fill] (4Q ATL @ NO);NFL In-Game $150 First Down (4Q ATL @ NO)",196298118;196298121;196297447;196298119;196298122;196297446;196298117;196298124;196298120;196297448;196297449;196298125;196297707;196297706;196298037;196298109;196298080;196298081;196317157;196298123,10/5 9:45PM Q4 (ATL @ NO)
Tetairoa McMillan - Classic,196285112;196285136;196285124;196285111;196285110;196285121;196285113;196285123;196286041;196285114;196285133;196285129;196285132;196285109;196285127;196285125;196285122;196285118;196286044;196285115,Tetairoa McMillan|CAR,44358301,Tetairoa McMillan,Tetairoa,McMillan,6200,WR,CAR,DET @ CAR,10/04/2026 08:20 PM,,DET @ CAR,Classic,NFL,10/4,Standard,NFL $60K Post Pattern [$20K to 1st] (Primetime);NFL $30K Wildcat [$10K to 1st] (Primetime);NFL $15K Huddle [Single Entry] (Primetime);NFL $10K Bootleg [$2K to 1st] (Primetime);NFL $8.5K Luxury Box [Single Entry] (Primetime);NFL $10K Spy [Single Entry] (Primetime);NFL $10K Play-Action [20 Entry Max] (Primetime);NFL $6K Fair Catch [Single Entry] (Primetime);NFL $20K Thunderdome [Must Fill] (Primetime);NFL $7K First Down (Primetime),196285112;196285136;196285124;196285111;196285110;196285121;196285113;196285123;196286041;196285114;196285133;196285129;196285132;196285109;196285127;196285125;196285122;196285118;196286044;196285115,"10/4 8:20PM, 2 Games"
Jared Goff - Classic,196285112;196285136;196285124;196285111;196285110;196285121;196285113;196285123;196286041;196285114;196285133;196285129;196285132;196285109;196285127;196285125;196285122;196285118;196286044;196285115,Jared Goff|DET,44358238,Jared Goff,Jared,Goff,6100,QB,DET,DET @ CAR,10/04/2026 08:20 PM,,DET @ CAR,Classic,NFL,10/4,Standard,NFL $60K Post Pattern [$20K to 1st] (Primetime);NFL $30K Wildcat [$10K to 1st] (Primetime);NFL $15K Huddle [Single Entry] (Primetime);NFL $10K Bootleg [$2K to 1st] (Primetime);NFL $8.5K Luxury Box [Single Entry] (Primetime);NFL $10K Spy [Single Entry] (Primetime);NFL $10K Play-Action [20 Entry Max] (Primetime);NFL $6K Fair Catch [Single Entry] (Primetime);NFL $20K Thunderdome [Must Fill] (Primetime);NFL $7K First Down (Primetime),196285112;196285136;196285124;196285111;196285110;196285121;196285113;196285123;196286041;196285114;196285133;196285129;196285132;196285109;196285127;196285125;196285122;196285118;196286044;196285115,"10/4 8:20PM, 2 Games"
Luke Altmyer - Showdown Captain Mode (Flex),196285049;196285047;196285046;196285050;196285056;196285071;196285042;196285064;196285065;196285048;196285095;196285096;196285083;196285089;196285107;196285108;196285105;196285106;196285090;196285094,Luke Altmyer|DET,44358456,Luke Altmyer,Luke,Altmyer,6000,QB,DET,DET @ CAR,10/04/2026 08:20 PM,,DET @ CAR,Showdown Captain Mode,NFL,10/4,Flex,"NFL Showdown $1M Sunday Night Showdown [$250K to 1st] (DET @ CAR);NFL Showdown $500K Wildcat [$100K to 1st] (DET @ CAR);NFL Showdown $402K Luxury Box [$100K to 1st] (DET @ CAR);NFL Showdown $200K Play-Action [20 Entry Max] (DET @ CAR);NFL Showdown $140K Four-Point Stance [$30K to 1st, 5 Entry Max] (DET @ CAR);NFL Showdown $60K Huddle [Single Entry] (DET @ CAR);NFL Showdown $10K Huddle [Single Entry] (DET @ CAR);NFL Showdown $75K Spy [$15K to 1st, Single Entry] (DET @ CAR);NFL Showdown $25K Spy [Single Entry] (DET @ CAR);NFL Showdown $70K Bootleg [$20K to 1st] (DET @ CAR)",196285049;196285047;196285046;196285050;196285056;196285071;196285042;196285064;196285065;196285048;196285095;196285096;196285083;196285089;196285107;196285108;196285105;196285106;196285090;196285094,10/4 8:20PM (DET @ CAR)
Joshua Dobbs - Showdown Captain Mode (Flex),196285049;196285047;196285046;196285050;196285056;196285071;196285042;196285064;196285065;196285048;196285095;196285096;196285083;196285089;196285107;196285108;196285105;196285106;196285090;196285094,Joshua Dobbs|DET,44358457,Joshua Dobbs,Joshua,Dobbs,6000,QB,DET,DET @ CAR,10/04/2026 08:20 PM,,DET @ CAR,Showdown Captain Mode,NFL,10/4,Flex,"NFL Showdown $1M Sunday Night Showdown [$250K to 1st] (DET @ CAR);NFL Showdown $500K Wildcat [$100K to 1st] (DET @ CAR);NFL Showdown $402K Luxury Box [$100K to 1st] (DET @ CAR);NFL Showdown $200K Play-Action [20 Entry Max] (DET @ CAR);NFL Showdown $140K Four-Point Stance [$30K to 1st, 5 Entry Max] (DET @ CAR);NFL Showdown $60K Huddle [Single Entry] (DET @ CAR);NFL Showdown $10K Huddle [Single Entry] (DET @ CAR);NFL Showdown $75K Spy [$15K to 1st, Single Entry] (DET @ CAR);NFL Showdown $25K Spy [Single Entry] (DET @ CAR);NFL Showdown $70K Bootleg [$20K to 1st] (DET @ CAR)",196285049;196285047;196285046;196285050;196285056;196285071;196285042;196285064;196285065;196285048;196285095;196285096;196285083;196285089;196285107;196285108;196285105;196285106;196285090;196285094,10/4 8:20PM (DET @ CAR)
Kenny Pickett - Showdown Captain Mode (Flex),196285049;196285047;196285046;196285050;196285056;196285071;196285042;196285064;196285065;196285048;196285095;196285096;196285083;196285089;196285107;196285108;196285105;196285106;196285090;196285094,Kenny Pickett|CAR,44358458,Kenny Pickett,Kenny,Pickett,6000,QB,CAR,DET @ CAR,10/04/2026 08:20 PM,,DET @ CAR,Showdown Captain Mode,NFL,10/4,Flex,"NFL Showdown $1M Sunday Night Showdown [$250K to 1st] (DET @ CAR);NFL Showdown $500K Wildcat [$100K to 1st] (DET @ CAR);NFL Showdown $402K Luxury Box [$100K to 1st] (DET @ CAR);NFL Showdown $200K Play-Action [20 Entry Max] (DET @ CAR);NFL Showdown $140K Four-Point Stance [$30K to 1st, 5 Entry Max] (DET @ CAR);NFL Showdown $60K Huddle [Single Entry] (DET @ CAR);NFL Showdown $10K Huddle [Single Entry] (DET @ CAR);NFL Showdown $75K Spy [$15K to 1st, Single Entry] (DET @ CAR);NFL Showdown $25K Spy [Single Entry] (DET @ CAR);NFL Showdown $70K Bootleg [$20K to 1st] (DET @ CAR)",196285049;196285047;196285046;196285050;196285056;196285071;196285042;196285064;196285065;196285048;196285095;196285096;196285083;196285089;196285107;196285108;196285105;196285106;196285090;196285094,10/4 8:20PM (DET @ CAR)
Haynes King - Showdown Captain Mode (Flex),196285049;196285047;196285046;196285050;196285056;196285071;196285042;196285064;196285065;196285048;196285095;196285096;196285083;196285089;196285107;196285108;196285105;196285106;196285090;196285094,Haynes King|CAR,44358459,Haynes King,Haynes,King,6000,QB,CAR,DET @ CAR,10/04/2026 08:20 PM,,DET @ CAR,Showdown Captain Mode,NFL,10/4,Flex,"NFL Showdown $1M Sunday Night Showdown [$250K to 1st] (DET @ CAR);NFL Showdown $500K Wildcat [$100K to 1st] (DET @ CAR);NFL Showdown $402K Luxury Box [$100K to 1st] (DET @ CAR);NFL Showdown $200K Play-Action [20 Entry Max] (DET @ CAR);NFL Showdown $140K Four-Point Stance [$30K to 1st, 5 Entry Max] (DET @ CAR);NFL Showdown $60K Huddle [Single Entry] (DET @ CAR);NFL Showdown $10K Huddle [Single Entry] (DET @ CAR);NFL Showdown $75K Spy [$15K to 1st, Single Entry] (DET @ CAR);NFL Showdown $25K Spy [Single Entry] (DET @ CAR);NFL Showdown $70K Bootleg [$20K to 1st] (DET @ CAR)",196285049;196285047;196285046;196285050;196285056;196285071;196285042;196285064;196285065;196285048;196285095;196285096;196285083;196285089;196285107;196285108;196285105;196285106;196285090;196285094,10/4 8:20PM (DET @ CAR)
Lions - Showdown Captain Mode (Captain),196285049;196285047;196285046;196285050;196285056;196285071;196285042;196285064;196285065;196285048;196285095;196285096;196285083;196285089;196285107;196285108;196285105;196285106;196285090;196285094,Lions|DET,44358514,Lions,Lions,,6000,CPT,DET,DET @ CAR,10/04/2026 08:20 PM,,DET @ CAR,Showdown Captain Mode,NFL,10/4,Captain,"NFL Showdown $1M Sunday Night Showdown [$250K to 1st] (DET @ CAR);NFL Showdown $500K Wildcat [$100K to 1st] (DET @ CAR);NFL Showdown $402K Luxury Box [$100K to 1st] (DET @ CAR);NFL Showdown $200K Play-Action [20 Entry Max] (DET @ CAR);NFL Showdown $140K Four-Point Stance [$30K to 1st, 5 Entry Max] (DET @ CAR);NFL Showdown $60K Huddle [Single Entry] (DET @ CAR);NFL Showdown $10K Huddle [Single Entry] (DET @ CAR);NFL Showdown $75K Spy [$15K to 1st, Single Entry] (DET @ CAR);NFL Showdown $25K Spy [Single Entry] (DET @ CAR);NFL Showdown $70K Bootleg [$20K to 1st] (DET @ CAR)",196285049;196285047;196285046;196285050;196285056;196285071;196285042;196285064;196285065;196285048;196285095;196285096;196285083;196285089;196285107;196285108;196285105;196285106;196285090;196285094,10/4 8:20PM (DET @ CAR)
Zach Wilson - Showdown Captain Mode (Flex),196285155;196285153;196285138;196285157;196285156;196285154;196285212;196285175;196285176;196285170;196285171;196285187;196285188;196285189;196285218;196285219;196285220;196285221;196285182;196285183,Zach Wilson|NO,44358556,Zach Wilson,Zach,Wilson,6000,QB,NO,ATL @ NO,10/05/2026 08:15 PM,,ATL @ NO,Showdown Captain Mode,NFL,10/5,Flex,"NFL Showdown $1.5M Monday Night Showdown [$500K to 1st] (ATL @ NO);NFL Showdown $600K Wildcat [$150K to 1st] (ATL @ NO);NFL Showdown $402K Luxury Box [$100K to 1st] (ATL @ NO);NFL Showdown $300K Play-Action [20 Entry Max] (ATL @ NO);NFL Showdown $250K Flea Flicker [$50K to 1st] (ATL @ NO);NFL Showdown $150K Bootleg [$50K to 1st] (ATL @ NO);NFL Showdown $160K Four-Point Stance [$50K to 1st, 5 Entry Max] (ATL @ NO);NFL Showdown $80K Huddle [$10K to 1st, Single Entry] (ATL @ NO);NFL Showdown $20K Huddle [Single Entry] (ATL @ NO);NFL Showdown $100K Spy [$20K to 1st, Single Entry] (ATL @ NO)",196285155;196285153;196285138;196285157;196285156;196285154;196285212;196285175;196285176;196285170;196285171;196285187;196285188;196285189;196285218;196285219;196285220;196285221;196285182;196285183,10/5 8:15PM (ATL @ NO)
Tua Tagovailoa - Showdown Captain Mode (Flex),196285155;196285153;196285138;196285157;196285156;196285154;196285212;196285175;196285176;196285170;196285171;196285187;196285188;196285189;196285218;196285219;196285220;196285221;196285182;196285183,Tua Tagovailoa|ATL,44358557,Tua Tagovailoa,Tua,Tagovailoa,6000,QB,ATL,ATL @ NO,10/05/2026 08:15 PM,,ATL @ NO,Showdown Captain Mode,NFL,10/5,Flex,"NFL Showdown $1.5M Monday Night Showdown [$500K to 1st] (ATL @ NO);NFL Showdown $600K Wildcat [$150K to 1st] (ATL @ NO);NFL Showdown $402K Luxury Box [$100K to 1st] (ATL @ NO);NFL Showdown $300K Play-Action [20 Entry Max] (ATL @ NO);NFL Showdown $250K Flea Flicker [$50K to 1st] (ATL @ NO);NFL Showdown $150K Bootleg [$50K to 1st] (ATL @ NO);NFL Showdown $160K Four-Point Stance [$50K to 1st, 5 Entry Max] (ATL @ NO);NFL Showdown $80K Huddle [$10K to 1st, Single Entry] (ATL @ NO);NFL Showdown $20K Huddle [Single Entry] (ATL @ NO);NFL Showdown $100K Spy [$20K to 1st, Single Entry] (ATL @ NO)",196285155;196285153;196285138;196285157;196285156;196285154;196285212;196285175;196285176;196285170;196285171;196285187;196285188;196285189;196285218;196285219;196285220;196285221;196285182;196285183,10/5 8:15PM (ATL @ NO)
Jack Strand - Showdown Captain Mode (Flex),196285155;196285153;196285138;196285157;196285156;196285154;196285212;196285175;196285176;196285170;196285171;196285187;196285188;196285189;196285218;196285219;196285220;196285221;196285182;196285183,Jack Strand|ATL,44358558,Jack Strand,Jack,Strand,6000,QB,ATL,ATL @ NO,10/05/2026 08:15 PM,,ATL @ NO,Showdown Captain Mode,NFL,10/5,Flex,"NFL Showdown $1.5M Monday Night Showdown [$500K to 1st] (ATL @ NO);NFL Showdown $600K Wildcat [$150K to 1st] (ATL @ NO);NFL Showdown $402K Luxury Box [$100K to 1st] (ATL @ NO);NFL Showdown $300K Play-Action [20 Entry Max] (ATL @ NO);NFL Showdown $250K Flea Flicker [$50K to 1st] (ATL @ NO);NFL Showdown $150K Bootleg [$50K to 1st] (ATL @ NO);NFL Showdown $160K Four-Point Stance [$50K to 1st, 5 Entry Max] (ATL @ NO);NFL Showdown $80K Huddle [$10K to 1st, Single Entry] (ATL @ NO);NFL Showdown $20K Huddle [Single Entry] (ATL @ NO);NFL Showdown $100K Spy [$20K to 1st, Single Entry] (ATL @ NO)",196285155;196285153;196285138;196285157;196285156;196285154;196285212;196285175;196285176;196285170;196285171;196285187;196285188;196285189;196285218;196285219;196285220;196285221;196285182;196285183,10/5 8:15PM (ATL @ NO)
Cooper Rush - Showdown Captain Mode (Flex),196285155;196285153;196285138;196285157;196285156;196285154;196285212;196285175;196285176;196285170;196285171;196285187;196285188;196285189;196285218;196285219;196285220;196285221;196285182;196285183,Cooper Rush|ATL,44358559,Cooper Rush,Cooper,Rush,6000,QB,ATL,ATL @ NO,10/05/2026 08:15 PM,,ATL @ NO,Showdown Captain Mode,NFL,10/5,Flex,"NFL Showdown $1.5M Monday Night Showdown [$500K to 1st] (ATL @ NO);NFL Showdown $600K Wildcat [$150K to 1st] (ATL @ NO);NFL Showdown $402K Luxury Box [$100K to 1st] (ATL @ NO);NFL Showdown $300K Play-Action [20 Entry Max] (ATL @ NO);NFL Showdown $250K Flea Flicker [$50K to 1st] (ATL @ NO);NFL Showdown $150K Bootleg [$50K to 1st] (ATL @ NO);NFL Showdown $160K Four-Point Stance [$50K to 1st, 5 Entry Max] (ATL @ NO);NFL Showdown $80K Huddle [$10K to 1st, Single Entry] (ATL @ NO);NFL Showdown $20K Huddle [Single Entry] (ATL @ NO);NFL Showdown $100K Spy [$20K to 1st, Single Entry] (ATL @ NO)",196285155;196285153;196285138;196285157;196285156;196285154;196285212;196285175;196285176;196285170;196285171;196285187;196285188;196285189;196285218;196285219;196285220;196285221;196285182;196285183,10/5 8:15PM (ATL @ NO)
Spencer Rattler - Showdown Captain Mode (Flex),196285155;196285153;196285138;196285157;196285156;196285154;196285212;196285175;196285176;196285170;196285171;196285187;196285188;196285189;196285218;196285219;196285220;196285221;196285182;196285183,Spencer Rattler|NO,44358560,Spencer Rattler,Spencer,Rattler,6000,QB,NO,ATL @ NO,10/05/2026 08:15 PM,,ATL @ NO,Showdown Captain Mode,NFL,10/5,Flex,"NFL Showdown $1.5M Monday Night Showdown [$500K to 1st] (ATL @ NO);NFL Showdown $600K Wildcat [$150K to 1st] (ATL @ NO);NFL Showdown $402K Luxury Box [$100K to 1st] (ATL @ NO);NFL Showdown $300K Play-Action [20 Entry Max] (ATL @ NO);NFL Showdown $250K Flea Flicker [$50K to 1st] (ATL @ NO);NFL Showdown $150K Bootleg [$50K to 1st] (ATL @ NO);NFL Showdown $160K Four-Point Stance [$50K to 1st, 5 Entry Max] (ATL @ NO);NFL Showdown $80K Huddle [$10K to 1st, Single Entry] (ATL @ NO);NFL Showdown $20K Huddle [Single Entry] (ATL @ NO);NFL Showdown $100K Spy [$20K to 1st, Single Entry] (ATL @ NO)",196285155;196285153;196285138;196285157;196285156;196285154;196285212;196285175;196285176;196285170;196285171;196285187;196285188;196285189;196285218;196285219;196285220;196285221;196285182;196285183,10/5 8:15PM (ATL @ NO)
Luke Altmyer - Showdown 2nd Half (Flex),196297427;196297821;196297824;196297424;196297431;196297428;196297426;196297698;196297429;196297822;196297825;196297820;196297827;196297823;196402607;196297697;196297425;196297430;196297432;196297828,Luke Altmyer|DET,44359017,Luke Altmyer,Luke,Altmyer,6000,QB,DET,DET @ CAR,10/04/2026 09:20 PM,,DET @ CAR,Showdown 2nd Half,NFL,10/4,Flex,"NFL In-Game $15K 2nd Half Clash [$5K to 1st] (2H DET @ CAR);NFL In-Game $20K Thunderdome [Must Fill] (2H DET @ CAR);NFL In-Game $10,170 2026 FFWC Qualifier Satellite [Must Fill] (2H DET @ CAR);NFL In-Game $1.8K Deep Threat [Single Entry] (2H DET @ CAR);NFL In-Game $1K Huddle [Single Entry] (2H DET @ CAR);NFL In-Game $500 Play-Action (2H DET @ CAR);NFL In-Game $600 Bootleg [Single Entry] (2H DET @ CAR);NFL In-Game $267 Winner Take All [$1K to 1st] (2H DET @ CAR);NFL In-Game $500 First Down (2H DET @ CAR);NFL In-Game Satellite to NFL $4,444 Fantasy Football MEGA Millionaire [Must Fill] (2H DET @ CAR)",196297427;196297821;196297824;196297424;196297431;196297428;196297426;196297698;196297429;196297822;196297825;196297820;196297827;196297823;196402607;196297697;196297425;196297430;196297432;196297828,10/4 9:20PM 2H (DET @ CAR)
Joshua Dobbs - Showdown 2nd Half (Flex),196297427;196297821;196297824;196297424;196297431;196297428;196297426;196297698;196297429;196297822;196297825;196297820;196297827;196297823;196402607;196297697;196297425;196297430;196297432;196297828,Joshua Dobbs|DET,44359015,Joshua Dobbs,Joshua,Dobbs,6000,QB,DET,DET @ CAR,10/04/2026 09:20 PM,,DET @ CAR,Showdown 2nd Half,NFL,10/4,Flex,"NFL In-Game $15K 2nd Half Clash [$5K to 1st] (2H DET @ CAR);NFL In-Game $20K Thunderdome [Must Fill] (2H DET @ CAR);NFL In-Game $10,170 2026 FFWC Qualifier Satellite [Must Fill] (2H DET @ CAR);NFL In-Game $1.8K Deep Threat [Single Entry] (2H DET @ CAR);NFL In-Game $1K Huddle [Single Entry] (2H DET @ CAR);NFL In-Game $500 Play-Action (2H DET @ CAR);NFL In-Game $600 Bootleg [Single Entry] (2H DET @ CAR);NFL In-Game $267 Winner Take All [$1K to 1st] (2H DET @ CAR);NFL In-Game $500 First Down (2H DET @ CAR);NFL In-Game Satellite to NFL $4,444 Fantasy Football MEGA Millionaire [Must Fill] (2H DET @ CAR)",196297427;196297821;196297824;196297424;196297431;196297428;196297426;196297698;196297429;196297822;196297825;196297820;196297827;196297823;196402607;196297697;196297425;196297430;196297432;196297828,10/4 9:20PM 2H (DET @ CAR)
Haynes King - Showdown 2nd Half (Flex),196297427;196297821;196297824;196297424;196297431;196297428;196297426;196297698;196297429;196297822;196297825;196297820;196297827;196297823;196402607;196297697;196297425;196297430;196297432;196297828,Haynes King|CAR,44359016,Haynes King,Haynes,King,6000,QB,CAR,DET @ CAR,10/04/2026 09:20 PM,,DET @ CAR,Showdown 2nd Half,NFL,10/4,Flex,"NFL In-Game $15K 2nd Half Clash [$5K to 1st] (2H DET @ CAR);NFL In-Game $20K Thunderdome [Must Fill] (2H DET @ CAR);NFL In-Game $10,170 2026 FFWC Qualifier Satellite [Must Fill] (2H DET @ CAR);NFL In-Game $1.8K Deep Threat [Single Entry] (2H DET @ CAR);NFL In-Game $1K Huddle [Single Entry] (2H DET @ CAR);NFL In-Game $500 Play-Action (2H DET @ CAR);NFL In-Game $600 Bootleg [Single Entry] (2H DET @ CAR);NFL In-Game $267 Winner Take All [$1K to 1st] (2H DET @ CAR);NFL In-Game $500 First Down (2H DET @ CAR);NFL In-Game Satellite to NFL $4,444 Fantasy Football MEGA Millionaire [Must Fill] (2H DET @ CAR)",196297427;196297821;196297824;196297424;196297431;196297428;196297426;196297698;196297429;196297822;196297825;196297820;196297827;196297823;196402607;196297697;196297425;196297430;196297432;196297828,10/4 9:20PM 2H (DET @ CAR)
Kenny Pickett - Showdown 2nd Half (Flex),196297427;196297821;196297824;196297424;196297431;196297428;196297426;196297698;196297429;196297822;196297825;196297820;196297827;196297823;196402607;196297697;196297425;196297430;196297432;196297828,Kenny Pickett|CAR,44359014,Kenny Pickett,Kenny,Pickett,6000,QB,CAR,DET @ CAR,10/04/2026 09:20 PM,,DET @ CAR,Showdown 2nd Half,NFL,10/4,Flex,"NFL In-Game $15K 2nd Half Clash [$5K to 1st] (2H DET @ CAR);NFL In-Game $20K Thunderdome [Must Fill] (2H DET @ CAR);NFL In-Game $10,170 2026 FFWC Qualifier Satellite [Must Fill] (2H DET @ CAR);NFL In-Game $1.8K Deep Threat [Single Entry] (2H DET @ CAR);NFL In-Game $1K Huddle [Single Entry] (2H DET @ CAR);NFL In-Game $500 Play-Action (2H DET @ CAR);NFL In-Game $600 Bootleg [Single Entry] (2H DET @ CAR);NFL In-Game $267 Winner Take All [$1K to 1st] (2H DET @ CAR);NFL In-Game $500 First Down (2H DET @ CAR);NFL In-Game Satellite to NFL $4,444 Fantasy Football MEGA Millionaire [Must Fill] (2H DET @ CAR)",196297427;196297821;196297824;196297424;196297431;196297428;196297426;196297698;196297429;196297822;196297825;196297820;196297827;196297823;196402607;196297697;196297425;196297430;196297432;196297828,10/4 9:20PM 2H (DET @ CAR)
Lions - Showdown 2nd Half (Captain),196297427;196297821;196297824;196297424;196297431;196297428;196297426;196297698;196297429;196297822;196297825;196297820;196297827;196297823;196402607;196297697;196297425;196297430;196297432;196297828,Lions|DET,44358972,Lions,Lions,,6000,CPT,DET,DET @ CAR,10/04/2026 09:20 PM,,DET @ CAR,Showdown 2nd Half,NFL,10/4,Captain,"NFL In-Game $15K 2nd Half Clash [$5K to 1st] (2H DET @ CAR);NFL In-Game $20K Thunderdome [Must Fill] (2H DET @ CAR);NFL In-Game $10,170 2026 FFWC Qualifier Satellite [Must Fill] (2H DET @ CAR);NFL In-Game $1.8K Deep Threat [Single Entry] (2H DET @ CAR);NFL In-Game $1K Huddle [Single Entry] (2H DET @ CAR);NFL In-Game $500 Play-Action (2H DET @ CAR);NFL In-Game $600 Bootleg [Single Entry] (2H DET @ CAR);NFL In-Game $267 Winner Take All [$1K to 1st] (2H DET @ CAR);NFL In-Game $500 First Down (2H DET @ CAR);NFL In-Game Satellite to NFL $4,444 Fantasy Football MEGA Millionaire [Must Fill] (2H DET @ CAR)",196297427;196297821;196297824;196297424;196297431;196297428;196297426;196297698;196297429;196297822;196297825;196297820;196297827;196297823;196402607;196297697;196297425;196297430;196297432;196297828,10/4 9:20PM 2H (DET @ CAR)
Kenny Pickett - Showdown 4th Quarter (Flex),196297920;196297923;196297434;196297921;196297924;196297433;196297919;196297926;196297922;196297435;196297436;196297927;196297705;196297704;196297856;196297925;196297829;196297834;196297830;196297835,Kenny Pickett|CAR,44359116,Kenny Pickett,Kenny,Pickett,6000,QB,CAR,DET @ CAR,10/04/2026 09:50 PM,,DET @ CAR,Showdown 4th Quarter,NFL,10/4,Flex,"NFL In-Game $20K Thunderdome [Must Fill] (4Q DET @ CAR);NFL In-Game $10,170 2026 FFWC Qualifier Satellite [Must Fill] (4Q DET @ CAR);NFL In-Game $3K 4th Quarter Finish [$1K to 1st] (4Q DET @ CAR);NFL In-Game Satellite to NFL $4,444 Fantasy Football MEGA Millionaire [Must Fill] (4Q DET @ CAR);NFL In-Game Satellite to NFL 10-12 $4,444 Showdown MEGA Millionaire [Must Fill] (4Q DET @ CAR);NFL In-Game $285 Bootleg [Single Entry] (4Q DET @ CAR);NFL In-Game $1,060 Winner Take All [$4K to 1st] (Must Fill) (4Q DET @ CAR);NFL In-Game Satellite to NFL 11-1 Midseason Main Event [Must Fill] (4Q DET @ CAR);NFL In-Game Satellite to NFL $555 Fantasy Football Millionaire [Must Fill] (4Q DET @ CAR);NFL In-Game $150 First Down (4Q DET @ CAR)",196297920;196297923;196297434;196297921;196297924;196297433;196297919;196297926;196297922;196297435;196297436;196297927;196297705;196297704;196297856;196297925;196297829;196297834;196297830;196297835,10/4 9:50PM Q4 (DET @ CAR)
Luke Altmyer - Showdown 4th Quarter (Flex),196297920;196297923;196297434;196297921;196297924;196297433;196297919;196297926;196297922;196297435;196297436;196297927;196297705;196297704;196297856;196297925;196297829;196297834;196297830;196297835,Luke Altmyer|DET,44359117,Luke Altmyer,Luke,Altmyer,6000,QB,DET,DET @ CAR,10/04/2026 09:50 PM,,DET @ CAR,Showdown 4th Quarter,NFL,10/4,Flex,"NFL In-Game $20K Thunderdome [Must Fill] (4Q DET @ CAR);NFL In-Game $10,170 2026 FFWC Qualifier Satellite [Must Fill] (4Q DET @ CAR);NFL In-Game $3K 4th Quarter Finish [$1K to 1st] (4Q DET @ CAR);NFL In-Game Satellite to NFL $4,444 Fantasy Football MEGA Millionaire [Must Fill] (4Q DET @ CAR);NFL In-Game Satellite to NFL 10-12 $4,444 Showdown MEGA Millionaire [Must Fill] (4Q DET @ CAR);NFL In-Game $285 Bootleg [Single Entry] (4Q DET @ CAR);NFL In-Game $1,060 Winner Take All [$4K to 1st] (Must Fill) (4Q DET @ CAR);NFL In-Game Satellite to NFL 11-1 Midseason Main Event [Must Fill] (4Q DET @ CAR);NFL In-Game Satellite to NFL $555 Fantasy Football Millionaire [Must Fill] (4Q DET @ CAR);NFL In-Game $150 First Down (4Q DET @ CAR)",196297920;196297923;196297434;196297921;196297924;196297433;196297919;196297926;196297922;196297435;196297436;196297927;196297705;196297704;196297856;196297925;196297829;196297834;196297830;196297835,10/4 9:50PM Q4 (DET @ CAR)
Haynes King - Showdown 4th Quarter (Flex),196297920;196297923;196297434;196297921;196297924;196297433;196297919;196297926;196297922;196297435;196297436;196297927;196297705;196297704;196297856;196297925;196297829;196297834;196297830;196297835,Haynes King|CAR,44359114,Haynes King,Haynes,King,6000,QB,CAR,DET @ CAR,10/04/2026 09:50 PM,,DET @ CAR,Showdown 4th Quarter,NFL,10/4,Flex,"NFL In-Game $20K Thunderdome [Must Fill] (4Q DET @ CAR);NFL In-Game $10,170 2026 FFWC Qualifier Satellite [Must Fill] (4Q DET @ CAR);NFL In-Game $3K 4th Quarter Finish [$1K to 1st] (4Q DET @ CAR);NFL In-Game Satellite to NFL $4,444 Fantasy Football MEGA Millionaire [Must Fill] (4Q DET @ CAR);NFL In-Game Satellite to NFL 10-12 $4,444 Showdown MEGA Millionaire [Must Fill] (4Q DET @ CAR);NFL In-Game $285 Bootleg [Single Entry] (4Q DET @ CAR);NFL In-Game $1,060 Winner Take All [$4K to 1st] (Must Fill) (4Q DET @ CAR);NFL In-Game Satellite to NFL 11-1 Midseason Main Event [Must Fill] (4Q DET @ CAR);NFL In-Game Satellite to NFL $555 Fantasy Football Millionaire [Must Fill] (4Q DET @ CAR);NFL In-Game $150 First Down (4Q DET @ CAR)",196297920;196297923;196297434;196297921;196297924;196297433;196297919;196297926;196297922;196297435;196297436;196297927;196297705;196297704;196297856;196297925;196297829;196297834;196297830;196297835,10/4 9:50PM Q4 (DET @ CAR)
Joshua Dobbs - Showdown 4th Quarter (Flex),196297920;196297923;196297434;196297921;196297924;196297433;196297919;196297926;196297922;196297435;196297436;196297927;196297705;196297704;196297856;196297925;196297829;196297834;196297830;196297835,Joshua Dobbs|DET,44359115,Joshua Dobbs,Joshua,Dobbs,6000,QB,DET,DET @ CAR,10/04/2026 09:50 PM,,DET @ CAR,Showdown 4th Quarter,NFL,10/4,Flex,"NFL In-Game $20K Thunderdome [Must Fill] (4Q DET @ CAR);NFL In-Game $10,170 2026 FFWC Qualifier Satellite [Must Fill] (4Q DET @ CAR);NFL In-Game $3K 4th Quarter Finish [$1K to 1st] (4Q DET @ CAR);NFL In-Game Satellite to NFL $4,444 Fantasy Football MEGA Millionaire [Must Fill] (4Q DET @ CAR);NFL In-Game Satellite to NFL 10-12 $4,444 Showdown MEGA Millionaire [Must Fill] (4Q DET @ CAR);NFL In-Game $285 Bootleg [Single Entry] (4Q DET @ CAR);NFL In-Game $1,060 Winner Take All [$4K to 1st] (Must Fill) (4Q DET @ CAR);NFL In-Game Satellite to NFL 11-1 Midseason Main Event [Must Fill] (4Q DET @ CAR);NFL In-Game Satellite to NFL $555 Fantasy Football Millionaire [Must Fill] (4Q DET @ CAR);NFL In-Game $150 First Down (4Q DET @ CAR)",196297920;196297923;196297434;196297921;196297924;196297433;196297919;196297926;196297922;196297435;196297436;196297927;196297705;196297704;196297856;196297925;196297829;196297834;196297830;196297835,10/4 9:50PM Q4 (DET @ CAR)
Lions - Showdown 4th Quarter (Captain),196297920;196297923;196297434;196297921;196297924;196297433;196297919;196297926;196297922;196297435;196297436;196297927;196297705;196297704;196297856;196297925;196297829;196297834;196297830;196297835,Lions|DET,44359072,Lions,Lions,,6000,CPT,DET,DET @ CAR,10/04/2026 09:50 PM,,DET @ CAR,Showdown 4th Quarter,NFL,10/4,Captain,"NFL In-Game $20K Thunderdome [Must Fill] (4Q DET @ CAR);NFL In-Game $10,170 2026 FFWC Qualifier Satellite [Must Fill] (4Q DET @ CAR);NFL In-Game $3K 4th Quarter Finish [$1K to 1st] (4Q DET @ CAR);NFL In-Game Satellite to NFL $4,444 Fantasy Football MEGA Millionaire [Must Fill] (4Q DET @ CAR);NFL In-Game Satellite to NFL 10-12 $4,444 Showdown MEGA Millionaire [Must Fill] (4Q DET @ CAR);NFL In-Game $285 Bootleg [Single Entry] (4Q DET @ CAR);NFL In-Game $1,060 Winner Take All [$4K to 1st] (Must Fill) (4Q DET @ CAR);NFL In-Game Satellite to NFL 11-1 Midseason Main Event [Must Fill] (4Q DET @ CAR);NFL In-Game Satellite to NFL $555 Fantasy Football Millionaire [Must Fill] (4Q DET @ CAR);NFL In-Game $150 First Down (4Q DET @ CAR)",196297920;196297923;196297434;196297921;196297924;196297433;196297919;196297926;196297922;196297435;196297436;196297927;196297705;196297704;196297856;196297925;196297829;196297834;196297830;196297835,10/4 9:50PM Q4 (DET @ CAR)
Spencer Rattler - Showdown 2nd Half (Flex),196297440;196298019;196298022;196297437;196297444;196297441;196297439;196297702;196297442;196298020;196298023;196298018;196298025;196298021;196297701;196297438;196297443;196297445;196298026;196297700,Spencer Rattler|NO,44359221,Spencer Rattler,Spencer,Rattler,6000,QB,NO,ATL @ NO,10/05/2026 09:15 PM,,ATL @ NO,Showdown 2nd Half,NFL,10/5,Flex,"NFL In-Game $15K 2nd Half Clash [$5K to 1st] (2H ATL @ NO);NFL In-Game $20K Thunderdome [Must Fill] (2H ATL @ NO);NFL In-Game $10,170 2026 FFWC Qualifier Satellite [Must Fill] (2H ATL @ NO);NFL In-Game $1.8K Deep Threat [Single Entry] (2H ATL @ NO);NFL In-Game $1K Huddle [Single Entry] (2H ATL @ NO);NFL In-Game $500 Play-Action (2H ATL @ NO);NFL In-Game $600 Bootleg [Single Entry] (2H ATL @ NO);NFL In-Game $267 Winner Take All [$1K to 1st] (2H ATL @ NO);NFL In-Game $500 First Down (2H ATL @ NO);NFL In-Game Satellite to NFL $4,444 Fantasy Football MEGA Millionaire [Must Fill] (2H ATL @ NO)",196297440;196298019;196298022;196297437;196297444;196297441;196297439;196297702;196297442;196298020;196298023;196298018;196298025;196298021;196297701;196297438;196297443;196297445;196298026;196297700,10/5 9:15PM 2H (ATL @ NO)
Zach Wilson - Showdown 2nd Half (Flex),196297440;196298019;196298022;196297437;196297444;196297441;196297439;196297702;196297442;196298020;196298023;196298018;196298025;196298021;196297701;196297438;196297443;196297445;196298026;196297700,Zach Wilson|NO,44359220,Zach Wilson,Zach,Wilson,6000,QB,NO,ATL @ NO,10/05/2026 09:15 PM,,ATL @ NO,Showdown 2nd Half,NFL,10/5,Flex,"NFL In-Game $15K 2nd Half Clash [$5K to 1st] (2H ATL @ NO);NFL In-Game $20K Thunderdome [Must Fill] (2H ATL @ NO);NFL In-Game $10,170 2026 FFWC Qualifier Satellite [Must Fill] (2H ATL @ NO);NFL In-Game $1.8K Deep Threat [Single Entry] (2H ATL @ NO);NFL In-Game $1K Huddle [Single Entry] (2H ATL @ NO);NFL In-Game $500 Play-Action (2H ATL @ NO);NFL In-Game $600 Bootleg [Single Entry] (2H ATL @ NO);NFL In-Game $267 Winner Take All [$1K to 1st] (2H ATL @ NO);NFL In-Game $500 First Down (2H ATL @ NO);NFL In-Game Satellite to NFL $4,444 Fantasy Football MEGA Millionaire [Must Fill] (2H ATL @ NO)",196297440;196298019;196298022;196297437;196297444;196297441;196297439;196297702;196297442;196298020;196298023;196298018;196298025;196298021;196297701;196297438;196297443;196297445;196298026;196297700,10/5 9:15PM 2H (ATL @ NO)
Tua Tagovailoa - Showdown 2nd Half (Flex),196297440;196298019;196298022;196297437;196297444;196297441;196297439;196297702;196297442;196298020;196298023;196298018;196298025;196298021;196297701;196297438;196297443;196297445;196298026;196297700,Tua Tagovailoa|ATL,44359223,Tua Tagovailoa,Tua,Tagovailoa,6000,QB,ATL,ATL @ NO,10/05/2026 09:15 PM,,ATL @ NO,Showdown 2nd Half,NFL,10/5,Flex,"NFL In-Game $15K 2nd Half Clash [$5K to 1st] (2H ATL @ NO);NFL In-Game $20K Thunderdome [Must Fill] (2H ATL @ NO);NFL In-Game $10,170 2026 FFWC Qualifier Satellite [Must Fill] (2H ATL @ NO);NFL In-Game $1.8K Deep Threat [Single Entry] (2H ATL @ NO);NFL In-Game $1K Huddle [Single Entry] (2H ATL @ NO);NFL In-Game $500 Play-Action (2H ATL @ NO);NFL In-Game $600 Bootleg [Single Entry] (2H ATL @ NO);NFL In-Game $267 Winner Take All [$1K to 1st] (2H ATL @ NO);NFL In-Game $500 First Down (2H ATL @ NO);NFL In-Game Satellite to NFL $4,444 Fantasy Football MEGA Millionaire [Must Fill] (2H ATL @ NO)",196297440;196298019;196298022;196297437;196297444;196297441;196297439;196297702;196297442;196298020;196298023;196298018;196298025;196298021;196297701;196297438;196297443;196297445;196298026;196297700,10/5 9:15PM 2H (ATL @ NO)
Cooper Rush - Showdown 2nd Half (Flex),196297440;196298019;196298022;196297437;196297444;196297441;196297439;196297702;196297442;196298020;196298023;196298018;196298025;196298021;196297701;196297438;196297443;196297445;196298026;196297700,Cooper Rush|ATL,44359224,Cooper Rush,Cooper,Rush,6000,QB,ATL,ATL @ NO,10/05/2026 09:15 PM,,ATL @ NO,Showdown 2nd Half,NFL,10/5,Flex,"NFL In-Game $15K 2nd Half Clash [$5K to 1st] (2H ATL @ NO);NFL In-Game $20K Thunderdome [Must Fill] (2H ATL @ NO);NFL In-Game $10,170 2026 FFWC Qualifier Satellite [Must Fill] (2H ATL @ NO);NFL In-Game $1.8K Deep Threat [Single Entry] (2H ATL @ NO);NFL In-Game $1K Huddle [Single Entry] (2H ATL @ NO);NFL In-Game $500 Play-Action (2H ATL @ NO);NFL In-Game $600 Bootleg [Single Entry] (2H ATL @ NO);NFL In-Game $267 Winner Take All [$1K to 1st] (2H ATL @ NO);NFL In-Game $500 First Down (2H ATL @ NO);NFL In-Game Satellite to NFL $4,444 Fantasy Football MEGA Millionaire [Must Fill] (2H ATL @ NO)",196297440;196298019;196298022;196297437;196297444;196297441;196297439;196297702;196297442;196298020;196298023;196298018;196298025;196298021;196297701;196297438;196297443;196297445;196298026;196297700,10/5 9:15PM 2H (ATL @ NO)
Jack Strand - Showdown 2nd Half (Flex),196297440;196298019;196298022;196297437;196297444;196297441;196297439;196297702;196297442;196298020;196298023;196298018;196298025;196298021;196297701;196297438;196297443;196297445;196298026;196297700,Jack Strand|ATL,44359222,Jack Strand,Jack,Strand,6000,QB,ATL,ATL @ NO,10/05/2026 09:15 PM,,ATL @ NO,Showdown 2nd Half,NFL,10/5,Flex,"NFL In-Game $15K 2nd Half Clash [$5K to 1st] (2H ATL @ NO);NFL In-Game $20K Thunderdome [Must Fill] (2H ATL @ NO);NFL In-Game $10,170 2026 FFWC Qualifier Satellite [Must Fill] (2H ATL @ NO);NFL In-Game $1.8K Deep Threat [Single Entry] (2H ATL @ NO);NFL In-Game $1K Huddle [Single Entry] (2H ATL @ NO);NFL In-Game $500 Play-Action (2H ATL @ NO);NFL In-Game $600 Bootleg [Single Entry] (2H ATL @ NO);NFL In-Game $267 Winner Take All [$1K to 1st] (2H ATL @ NO);NFL In-Game $500 First Down (2H ATL @ NO);NFL In-Game Satellite to NFL $4,444 Fantasy Football MEGA Millionaire [Must Fill] (2H ATL @ NO)",196297440;196298019;196298022;196297437;196297444;196297441;196297439;196297702;196297442;196298020;196298023;196298018;196298025;196298021;196297701;196297438;196297443;196297445;196298026;196297700,10/5 9:15PM 2H (ATL @ NO)
Spencer Rattler - Showdown 4th Quarter (Flex),196298118;196298121;196297447;196298119;196298122;196297446;196298117;196298124;196298120;196297448;196297449;196298125;196297707;196297706;196298037;196298109;196298080;196298081;196317157;196298123,Spencer Rattler|NO,44359335,Spencer Rattler,Spencer,Rattler,6000,QB,NO,ATL @ NO,10/05/2026 09:45 PM,,ATL @ NO,Showdown 4th Quarter,NFL,10/5,Flex,"NFL In-Game $20K Thunderdome [Must Fill] (4Q ATL @ NO);NFL In-Game $10,170 2026 FFWC Qualifier Satellite [Must Fill] (4Q ATL @ NO);NFL In-Game $3K 4th Quarter Finish [$1K to 1st] (4Q ATL @ NO);NFL In-Game Satellite to NFL $4,444 Fantasy Football MEGA Millionaire [Must Fill] (4Q ATL @ NO);NFL In-Game Satellite to NFL 10-12 $4,444 Showdown MEGA Millionaire [Must Fill] (4Q ATL @ NO);NFL In-Game $285 Bootleg [Single Entry] (4Q ATL @ NO);NFL In-Game $1,060 Winner Take All [$4K to 1st] (Must Fill) (4Q ATL @ NO);NFL In-Game Satellite to NFL 11-1 Midseason Main Event [Must Fill] (4Q ATL @ NO);NFL In-Game Satellite to NFL $555 Fantasy Football Millionaire [Must Fill] (4Q ATL @ NO);NFL In-Game $150 First Down (4Q ATL @ NO)",196298118;196298121;196297447;196298119;196298122;196297446;196298117;196298124;196298120;196297448;196297449;196298125;196297707;196297706;196298037;196298109;196298080;196298081;196317157;196298123,10/5 9:45PM Q4 (ATL @ NO)
Tua Tagovailoa - Showdown 4th Quarter (Flex),196298118;196298121;196297447;196298119;196298122;196297446;196298117;196298124;196298120;196297448;196297449;196298125;196297707;196297706;196298037;196298109;196298080;196298081;196317157;196298123,Tua Tagovailoa|ATL,44359332,Tua Tagovailoa,Tua,Tagovailoa,6000,QB,ATL,ATL @ NO,10/05/2026 09:45 PM,,ATL @ NO,Showdown 4th Quarter,NFL,10/5,Flex,"NFL In-Game $20K Thunderdome [Must Fill] (4Q ATL @ NO);NFL In-Game $10,170 2026 FFWC Qualifier Satellite [Must Fill] (4Q ATL @ NO);NFL In-Game $3K 4th Quarter Finish [$1K to 1st] (4Q ATL @ NO);NFL In-Game Satellite to NFL $4,444 Fantasy Football MEGA Millionaire [Must Fill] (4Q ATL @ NO);NFL In-Game Satellite to NFL 10-12 $4,444 Showdown MEGA Millionaire [Must Fill] (4Q ATL @ NO);NFL In-Game $285 Bootleg [Single Entry] (4Q ATL @ NO);NFL In-Game $1,060 Winner Take All [$4K to 1st] (Must Fill) (4Q ATL @ NO);NFL In-Game Satellite to NFL 11-1 Midseason Main Event [Must Fill] (4Q ATL @ NO);NFL In-Game Satellite to NFL $555 Fantasy Football Millionaire [Must Fill] (4Q ATL @ NO);NFL In-Game $150 First Down (4Q ATL @ NO)",196298118;196298121;196297447;196298119;196298122;196297446;196298117;196298124;196298120;196297448;196297449;196298125;196297707;196297706;196298037;196298109;196298080;196298081;196317157;196298123,10/5 9:45PM Q4 (ATL @ NO)
Jack Strand - Showdown 4th Quarter (Flex),196298118;196298121;196297447;196298119;196298122;196297446;196298117;196298124;196298120;196297448;196297449;196298125;196297707;196297706;196298037;196298109;196298080;196298081;196317157;196298123,Jack Strand|ATL,44359336,Jack Strand,Jack,Strand,6000,QB,ATL,ATL @ NO,10/05/2026 09:45 PM,,ATL @ NO,Showdown 4th Quarter,NFL,10/5,Flex,"NFL In-Game $20K Thunderdome [Must Fill] (4Q ATL @ NO);NFL In-Game $10,170 2026 FFWC Qualifier Satellite [Must Fill] (4Q ATL @ NO);NFL In-Game $3K 4th Quarter Finish [$1K to 1st] (4Q ATL @ NO);NFL In-Game Satellite to NFL $4,444 Fantasy Football MEGA Millionaire [Must Fill] (4Q ATL @ NO);NFL In-Game Satellite to NFL 10-12 $4,444 Showdown MEGA Millionaire [Must Fill] (4Q ATL @ NO);NFL In-Game $285 Bootleg [Single Entry] (4Q ATL @ NO);NFL In-Game $1,060 Winner Take All [$4K to 1st] (Must Fill) (4Q ATL @ NO);NFL In-Game Satellite to NFL 11-1 Midseason Main Event [Must Fill] (4Q ATL @ NO);NFL In-Game Satellite to NFL $555 Fantasy Football Millionaire [Must Fill] (4Q ATL @ NO);NFL In-Game $150 First Down (4Q ATL @ NO)",196298118;196298121;196297447;196298119;196298122;196297446;196298117;196298124;196298120;196297448;196297449;196298125;196297707;196297706;196298037;196298109;196298080;196298081;196317157;196298123,10/5 9:45PM Q4 (ATL @ NO)
Cooper Rush - Showdown 4th Quarter (Flex),196298118;196298121;196297447;196298119;196298122;196297446;196298117;196298124;196298120;196297448;196297449;196298125;196297707;196297706;196298037;196298109;196298080;196298081;196317157;196298123,Cooper Rush|ATL,44359334,Cooper Rush,Cooper,Rush,6000,QB,ATL,ATL @ NO,10/05/2026 09:45 PM,,ATL @ NO,Showdown 4th Quarter,NFL,10/5,Flex,"NFL In-Game $20K Thunderdome [Must Fill] (4Q ATL @ NO);NFL In-Game $10,170 2026 FFWC Qualifier Satellite [Must Fill] (4Q ATL @ NO);NFL In-Game $3K 4th Quarter Finish [$1K to 1st] (4Q ATL @ NO);NFL In-Game Satellite to NFL $4,444 Fantasy Football MEGA Millionaire [Must Fill] (4Q ATL @ NO);NFL In-Game Satellite to NFL 10-12 $4,444 Showdown MEGA Millionaire [Must Fill] (4Q ATL @ NO);NFL In-Game $285 Bootleg [Single Entry] (4Q ATL @ NO);NFL In-Game $1,060 Winner Take All [$4K to 1st] (Must Fill) (4Q ATL @ NO);NFL In-Game Satellite to NFL 11-1 Midseason Main Event [Must Fill] (4Q ATL @ NO);NFL In-Game Satellite to NFL $555 Fantasy Football Millionaire [Must Fill] (4Q ATL @ NO);NFL In-Game $150 First Down (4Q ATL @ NO)",196298118;196298121;196297447;196298119;196298122;196297446;196298117;196298124;196298120;196297448;196297449;196298125;196297707;196297706;196298037;196298109;196298080;196298081;196317157;196298123,10/5 9:45PM Q4 (ATL @ NO)
Zach Wilson - Showdown 4th Quarter (Flex),196298118;196298121;196297447;196298119;196298122;196297446;196298117;196298124;196298120;196297448;196297449;196298125;196297707;196297706;196298037;196298109;196298080;196298081;196317157;196298123,Zach Wilson|NO,44359333,Zach Wilson,Zach,Wilson,6000,QB,NO,ATL @ NO,10/05/2026 09:45 PM,,ATL @ NO,Showdown 4th Quarter,NFL,10/5,Flex,"NFL In-Game $20K Thunderdome [Must Fill] (4Q ATL @ NO);NFL In-Game $10,170 2026 FFWC Qualifier Satellite [Must Fill] (4Q ATL @ NO);NFL In-Game $3K 4th Quarter Finish [$1K to 1st] (4Q ATL @ NO);NFL In-Game Satellite to NFL $4,444 Fantasy Football MEGA Millionaire [Must Fill] (4Q ATL @ NO);NFL In-Game Satellite to NFL 10-12 $4,444 Showdown MEGA Millionaire [Must Fill] (4Q ATL @ NO);NFL In-Game $285 Bootleg [Single Entry] (4Q ATL @ NO);NFL In-Game $1,060 Winner Take All [$4K to 1st] (Must Fill) (4Q ATL @ NO);NFL In-Game Satellite to NFL 11-1 Midseason Main Event [Must Fill] (4Q ATL @ NO);NFL In-Game Satellite to NFL $555 Fantasy Football Millionaire [Must Fill] (4Q ATL @ NO);NFL In-Game $150 First Down (4Q ATL @ NO)",196298118;196298121;196297447;196298119;196298122;196297446;196298117;196298124;196298120;196297448;196297449;196298125;196297707;196297706;196298037;196298109;196298080;196298081;196317157;196298123,10/5 9:45PM Q4 (ATL @ NO)
Bryce Young - Classic,196285112;196285136;196285124;196285111;196285110;196285121;196285113;196285123;196286041;196285114;196285133;196285129;196285132;196285109;196285127;196285125;196285122;196285118;196286044;196285115,Bryce Young|CAR,44358239,Bryce Young,Bryce,Young,5900,QB,CAR,DET @ CAR,10/04/2026 08:20 PM,,DET @ CAR,Classic,NFL,10/4,Standard,NFL $60K Post Pattern [$20K to 1st] (Primetime);NFL $30K Wildcat [$10K to 1st] (Primetime);NFL $15K Huddle [Single Entry] (Primetime);NFL $10K Bootleg [$2K to 1st] (Primetime);NFL $8.5K Luxury Box [Single Entry] (Primetime);NFL $10K Spy [Single Entry] (Primetime);NFL $10K Play-Action [20 Entry Max] (Primetime);NFL $6K Fair Catch [Single Entry] (Primetime);NFL $20K Thunderdome [Must Fill] (Primetime);NFL $7K First Down (Primetime),196285112;196285136;196285124;196285111;196285110;196285121;196285113;196285123;196286041;196285114;196285133;196285129;196285132;196285109;196285127;196285125;196285122;196285118;196286044;196285115,"10/4 8:20PM, 2 Games"
Kyle Pitts Sr. - Showdown Captain Mode (Flex),196285155;196285153;196285138;196285157;196285156;196285154;196285212;196285175;196285176;196285170;196285171;196285187;196285188;196285189;196285218;196285219;196285220;196285221;196285182;196285183,Kyle Pitts Sr.|ATL,44358561,Kyle Pitts Sr.,Kyle,Pitts Sr.,5800,TE,ATL,ATL @ NO,10/05/2026 08:15 PM,,ATL @ NO,Showdown Captain Mode,NFL,10/5,Flex,"NFL Showdown $1.5M Monday Night Showdown [$500K to 1st] (ATL @ NO);NFL Showdown $600K Wildcat [$150K to 1st] (ATL @ NO);NFL Showdown $402K Luxury Box [$100K to 1st] (ATL @ NO);NFL Showdown $300K Play-Action [20 Entry Max] (ATL @ NO);NFL Showdown $250K Flea Flicker [$50K to 1st] (ATL @ NO);NFL Showdown $150K Bootleg [$50K to 1st] (ATL @ NO);NFL Showdown $160K Four-Point Stance [$50K to 1st, 5 Entry Max] (ATL @ NO);NFL Showdown $80K Huddle [$10K to 1st, Single Entry] (ATL @ NO);NFL Showdown $20K Huddle [Single Entry] (ATL @ NO);NFL Showdown $100K Spy [$20K to 1st, Single Entry] (ATL @ NO)",196285155;196285153;196285138;196285157;196285156;196285154;196285212;196285175;196285176;196285170;196285171;196285187;196285188;196285189;196285218;196285219;196285220;196285221;196285182;196285183,10/5 8:15PM (ATL @ NO)
Kyle Pitts Sr. - Showdown 2nd Half (Flex),196297440;196298019;196298022;196297437;196297444;196297441;196297439;196297702;196297442;196298020;196298023;196298018;196298025;196298021;196297701;196297438;196297443;196297445;196298026;196297700,Kyle Pitts Sr.|ATL,44359225,Kyle Pitts Sr.,Kyle,Pitts Sr.,5800,TE,ATL,ATL @ NO,10/05/2026 09:15 PM,,ATL @ NO,Showdown 2nd Half,NFL,10/5,Flex,"NFL In-Game $15K 2nd Half Clash [$5K to 1st] (2H ATL @ NO);NFL In-Game $20K Thunderdome [Must Fill] (2H ATL @ NO);NFL In-Game $10,170 2026 FFWC Qualifier Satellite [Must Fill] (2H ATL @ NO);NFL In-Game $1.8K Deep Threat [Single Entry] (2H ATL @ NO);NFL In-Game $1K Huddle [Single Entry] (2H ATL @ NO);NFL In-Game $500 Play-Action (2H ATL @ NO);NFL In-Game $600 Bootleg [Single Entry] (2H ATL @ NO);NFL In-Game $267 Winner Take All [$1K to 1st] (2H ATL @ NO);NFL In-Game $500 First Down (2H ATL @ NO);NFL In-Game Satellite to NFL $4,444 Fantasy Football MEGA Millionaire [Must Fill] (2H ATL @ NO)",196297440;196298019;196298022;196297437;196297444;196297441;196297439;196297702;196297442;196298020;196298023;196298018;196298025;196298021;196297701;196297438;196297443;196297445;196298026;196297700,10/5 9:15PM 2H (ATL @ NO)
Kyle Pitts Sr. - Showdown 4th Quarter (Flex),196298118;196298121;196297447;196298119;196298122;196297446;196298117;196298124;196298120;196297448;196297449;196298125;196297707;196297706;196298037;196298109;196298080;196298081;196317157;196298123,Kyle Pitts Sr.|ATL,44359337,Kyle Pitts Sr.,Kyle,Pitts Sr.,5800,TE,ATL,ATL @ NO,10/05/2026 09:45 PM,,ATL @ NO,Showdown 4th Quarter,NFL,10/5,Flex,"NFL In-Game $20K Thunderdome [Must Fill] (4Q ATL @ NO);NFL In-Game $10,170 2026 FFWC Qualifier Satellite [Must Fill] (4Q ATL @ NO);NFL In-Game $3K 4th Quarter Finish [$1K to 1st] (4Q ATL @ NO);NFL In-Game Satellite to NFL $4,444 Fantasy Football MEGA Millionaire [Must Fill] (4Q ATL @ NO);NFL In-Game Satellite to NFL 10-12 $4,444 Showdown MEGA Millionaire [Must Fill] (4Q ATL @ NO);NFL In-Game $285 Bootleg [Single Entry] (4Q ATL @ NO);NFL In-Game $1,060 Winner Take All [$4K to 1st] (Must Fill) (4Q ATL @ NO);NFL In-Game Satellite to NFL 11-1 Midseason Main Event [Must Fill] (4Q ATL @ NO);NFL In-Game Satellite to NFL $555 Fantasy Football Millionaire [Must Fill] (4Q ATL @ NO);NFL In-Game $150 First Down (4Q ATL @ NO)",196298118;196298121;196297447;196298119;196298122;196297446;196298117;196298124;196298120;196297448;196297449;196298125;196297707;196297706;196298037;196298109;196298080;196298081;196317157;196298123,10/5 9:45PM Q4 (ATL @ NO)
Xavier Legette - Showdown Captain Mode (Captain),196285049;196285047;196285046;196285050;196285056;196285071;196285042;196285064;196285065;196285048;196285095;196285096;196285083;196285089;196285107;196285108;196285105;196285106;196285090;196285094,Xavier Legette|CAR,44358515,Xavier Legette,Xavier,Legette,5700,CPT,CAR,DET @ CAR,10/04/2026 08:20 PM,,DET @ CAR,Showdown Captain Mode,NFL,10/4,Captain,"NFL Showdown $1M Sunday Night Showdown [$250K to 1st] (DET @ CAR);NFL Showdown $500K Wildcat [$100K to 1st] (DET @ CAR);NFL Showdown $402K Luxury Box [$100K to 1st] (DET @ CAR);NFL Showdown $200K Play-Action [20 Entry Max] (DET @ CAR);NFL Showdown $140K Four-Point Stance [$30K to 1st, 5 Entry Max] (DET @ CAR);NFL Showdown $60K Huddle [Single Entry] (DET @ CAR);NFL Showdown $10K Huddle [Single Entry] (DET @ CAR);NFL Showdown $75K Spy [$15K to 1st, Single Entry] (DET @ CAR);NFL Showdown $25K Spy [Single Entry] (DET @ CAR);NFL Showdown $70K Bootleg [$20K to 1st] (DET @ CAR)",196285049;196285047;196285046;196285050;196285056;196285071;196285042;196285064;196285065;196285048;196285095;196285096;196285083;196285089;196285107;196285108;196285105;196285106;196285090;196285094,10/4 8:20PM (DET @ CAR)
Jalen Coker - Classic,196285112;196285136;196285124;196285111;196285110;196285121;196285113;196285123;196286041;196285114;196285133;196285129;196285132;196285109;196285127;196285125;196285122;196285118;196286044;196285115,Jalen Coker|CAR,44358303,Jalen Coker,Jalen,Coker,5700,WR,CAR,DET @ CAR,10/04/2026 08:20 PM,,DET @ CAR,Classic,NFL,10/4,Standard,NFL $60K Post Pattern [$20K to 1st] (Primetime);NFL $30K Wildcat [$10K to 1st] (Primetime);NFL $15K Huddle [Single Entry] (Primetime);NFL $10K Bootleg [$2K to 1st] (Primetime);NFL $8.5K Luxury Box [Single Entry] (Primetime);NFL $10K Spy [Single Entry] (Primetime);NFL $10K Play-Action [20 Entry Max] (Primetime);NFL $6K Fair Catch [Single Entry] (Primetime);NFL $20K Thunderdome [Must Fill] (Primetime);NFL $7K First Down (Primetime),196285112;196285136;196285124;196285111;196285110;196285121;196285113;196285123;196286041;196285114;196285133;196285129;196285132;196285109;196285127;196285125;196285122;196285118;196286044;196285115,"10/4 8:20PM, 2 Games"
Brian Robinson Jr. - Showdown Captain Mode (Captain),196285155;196285153;196285138;196285157;196285156;196285154;196285212;196285175;196285176;196285170;196285171;196285187;196285188;196285189;196285218;196285219;196285220;196285221;196285182;196285183,Brian Robinson Jr.|ATL,44358624,Brian Robinson Jr.,Brian,Robinson Jr.,5700,CPT,ATL,ATL @ NO,10/05/2026 08:15 PM,,ATL @ NO,Showdown Captain Mode,NFL,10/5,Captain,"NFL Showdown $1.5M Monday Night Showdown [$500K to 1st] (ATL @ NO);NFL Showdown $600K Wildcat [$150K to 1st] (ATL @ NO);NFL Showdown $402K Luxury Box [$100K to 1st] (ATL @ NO);NFL Showdown $300K Play-Action [20 Entry Max] (ATL @ NO);NFL Showdown $250K Flea Flicker [$50K to 1st] (ATL @ NO);NFL Showdown $150K Bootleg [$50K to 1st] (ATL @ NO);NFL Showdown $160K Four-Point Stance [$50K to 1st, 5 Entry Max] (ATL @ NO);NFL Showdown $80K Huddle [$10K to 1st, Single Entry] (ATL @ NO);NFL Showdown $20K Huddle [Single Entry] (ATL @ NO);NFL Showdown $100K Spy [$20K to 1st, Single Entry] (ATL @ NO)",196285155;196285153;196285138;196285157;196285156;196285154;196285212;196285175;196285176;196285170;196285171;196285187;196285188;196285189;196285218;196285219;196285220;196285221;196285182;196285183,10/5 8:15PM (ATL @ NO)
Xavier Legette - Showdown 2nd Half (Captain),196297427;196297821;196297824;196297424;196297431;196297428;196297426;196297698;196297429;196297822;196297825;196297820;196297827;196297823;196402607;196297697;196297425;196297430;196297432;196297828,Xavier Legette|CAR,44358973,Xavier Legette,Xavier,Legette,5700,CPT,CAR,DET @ CAR,10/04/2026 09:20 PM,,DET @ CAR,Showdown 2nd Half,NFL,10/4,Captain,"NFL In-Game $15K 2nd Half Clash [$5K to 1st] (2H DET @ CAR);NFL In-Game $20K Thunderdome [Must Fill] (2H DET @ CAR);NFL In-Game $10,170 2026 FFWC Qualifier Satellite [Must Fill] (2H DET @ CAR);NFL In-Game $1.8K Deep Threat [Single Entry] (2H DET @ CAR);NFL In-Game $1K Huddle [Single Entry] (2H DET @ CAR);NFL In-Game $500 Play-Action (2H DET @ CAR);NFL In-Game $600 Bootleg [Single Entry] (2H DET @ CAR);NFL In-Game $267 Winner Take All [$1K to 1st] (2H DET @ CAR);NFL In-Game $500 First Down (2H DET @ CAR);NFL In-Game Satellite to NFL $4,444 Fantasy Football MEGA Millionaire [Must Fill] (2H DET @ CAR)",196297427;196297821;196297824;196297424;196297431;196297428;196297426;196297698;196297429;196297822;196297825;196297820;196297827;196297823;196402607;196297697;196297425;196297430;196297432;196297828,10/4 9:20PM 2H (DET @ CAR)
Xavier Legette - Showdown 4th Quarter (Captain),196297920;196297923;196297434;196297921;196297924;196297433;196297919;196297926;196297922;196297435;196297436;196297927;196297705;196297704;196297856;196297925;196297829;196297834;196297830;196297835,Xavier Legette|CAR,44359073,Xavier Legette,Xavier,Legette,5700,CPT,CAR,DET @ CAR,10/04/2026 09:50 PM,,DET @ CAR,Showdown 4th Quarter,NFL,10/4,Captain,"NFL In-Game $20K Thunderdome [Must Fill] (4Q DET @ CAR);NFL In-Game $10,170 2026 FFWC Qualifier Satellite [Must Fill] (4Q DET @ CAR);NFL In-Game $3K 4th Quarter Finish [$1K to 1st] (4Q DET @ CAR);NFL In-Game Satellite to NFL $4,444 Fantasy Football MEGA Millionaire [Must Fill] (4Q DET @ CAR);NFL In-Game Satellite to NFL 10-12 $4,444 Showdown MEGA Millionaire [Must Fill] (4Q DET @ CAR);NFL In-Game $285 Bootleg [Single Entry] (4Q DET @ CAR);NFL In-Game $1,060 Winner Take All [$4K to 1st] (Must Fill) (4Q DET @ CAR);NFL In-Game Satellite to NFL 11-1 Midseason Main Event [Must Fill] (4Q DET @ CAR);NFL In-Game Satellite to NFL $555 Fantasy Football Millionaire [Must Fill] (4Q DET @ CAR);NFL In-Game $150 First Down (4Q DET @ CAR)",196297920;196297923;196297434;196297921;196297924;196297433;196297919;196297926;196297922;196297435;196297436;196297927;196297705;196297704;196297856;196297925;196297829;196297834;196297830;196297835,10/4 9:50PM Q4 (DET @ CAR)
Brian Robinson Jr. - Showdown 2nd Half (Captain),196297440;196298019;196298022;196297437;196297444;196297441;196297439;196297702;196297442;196298020;196298023;196298018;196298025;196298021;196297701;196297438;196297443;196297445;196298026;196297700,Brian Robinson Jr.|ATL,44359176,Brian Robinson Jr.,Brian,Robinson Jr.,5700,CPT,ATL,ATL @ NO,10/05/2026 09:15 PM,,ATL @ NO,Showdown 2nd Half,NFL,10/5,Captain,"NFL In-Game $15K 2nd Half Clash [$5K to 1st] (2H ATL @ NO);NFL In-Game $20K Thunderdome [Must Fill] (2H ATL @ NO);NFL In-Game $10,170 2026 FFWC Qualifier Satellite [Must Fill] (2H ATL @ NO);NFL In-Game $1.8K Deep Threat [Single Entry] (2H ATL @ NO);NFL In-Game $1K Huddle [Single Entry] (2H ATL @ NO);NFL In-Game $500 Play-Action (2H ATL @ NO);NFL In-Game $600 Bootleg [Single Entry] (2H ATL @ NO);NFL In-Game $267 Winner Take All [$1K to 1st] (2H ATL @ NO);NFL In-Game $500 First Down (2H ATL @ NO);NFL In-Game Satellite to NFL $4,444 Fantasy Football MEGA Millionaire [Must Fill] (2H ATL @ NO)",196297440;196298019;196298022;196297437;196297444;196297441;196297439;196297702;196297442;196298020;196298023;196298018;196298025;196298021;196297701;196297438;196297443;196297445;196298026;196297700,10/5 9:15PM 2H (ATL @ NO)
Brian Robinson Jr. - Showdown 4th Quarter (Captain),196298118;196298121;196297447;196298119;196298122;196297446;196298117;196298124;196298120;196297448;196297449;196298125;196297707;196297706;196298037;196298109;196298080;196298081;196317157;196298123,Brian Robinson Jr.|ATL,44359288,Brian Robinson Jr.,Brian,Robinson Jr.,5700,CPT,ATL,ATL @ NO,10/05/2026 09:45 PM,,ATL @ NO,Showdown 4th Quarter,NFL,10/5,Captain,"NFL In-Game $20K Thunderdome [Must Fill] (4Q ATL @ NO);NFL In-Game $10,170 2026 FFWC Qualifier Satellite [Must Fill] (4Q ATL @ NO);NFL In-Game $3K 4th Quarter Finish [$1K to 1st] (4Q ATL @ NO);NFL In-Game Satellite to NFL $4,444 Fantasy Football MEGA Millionaire [Must Fill] (4Q ATL @ NO);NFL In-Game Satellite to NFL 10-12 $4,444 Showdown MEGA Millionaire [Must Fill] (4Q ATL @ NO);NFL In-Game $285 Bootleg [Single Entry] (4Q ATL @ NO);NFL In-Game $1,060 Winner Take All [$4K to 1st] (Must Fill) (4Q ATL @ NO);NFL In-Game Satellite to NFL 11-1 Midseason Main Event [Must Fill] (4Q ATL @ NO);NFL In-Game Satellite to NFL $555 Fantasy Football Millionaire [Must Fill] (4Q ATL @ NO);NFL In-Game $150 First Down (4Q ATL @ NO)",196298118;196298121;196297447;196298119;196298122;196297446;196298117;196298124;196298120;196297448;196297449;196298125;196297707;196297706;196298037;196298109;196298080;196298081;196317157;196298123,10/5 9:45PM Q4 (ATL @ NO)
Tyler Shough - Classic,196285112;196285136;196285124;196285111;196285110;196285121;196285113;196285123;196286041;196285114;196285133;196285129;196285132;196285109;196285127;196285125;196285122;196285118;196286044;196285115,Tyler Shough|NO,44358240,Tyler Shough,Tyler,Shough,5600,QB,NO,ATL @ NO,10/05/2026 08:15 PM,,ATL @ NO,Classic,NFL,10/5,Standard,NFL $60K Post Pattern [$20K to 1st] (Primetime);NFL $30K Wildcat [$10K to 1st] (Primetime);NFL $15K Huddle [Single Entry] (Primetime);NFL $10K Bootleg [$2K to 1st] (Primetime);NFL $8.5K Luxury Box [Single Entry] (Primetime);NFL $10K Spy [Single Entry] (Primetime);NFL $10K Play-Action [20 Entry Max] (Primetime);NFL $6K Fair Catch [Single Entry] (Primetime);NFL $20K Thunderdome [Must Fill] (Primetime);NFL $7K First Down (Primetime),196285112;196285136;196285124;196285111;196285110;196285121;196285113;196285123;196286041;196285114;196285133;196285129;196285132;196285109;196285127;196285125;196285122;196285118;196286044;196285115,"10/4 8:20PM, 2 Games"
Travis Etienne Jr. - Classic,196285112;196285136;196285124;196285111;196285110;196285121;196285113;196285123;196286041;196285114;196285133;196285129;196285132;196285109;196285127;196285125;196285122;196285118;196286044;196285115,Travis Etienne Jr.|NO,44358257,Travis Etienne Jr.,Travis,Etienne Jr.,5500,RB,NO,ATL @ NO,10/05/2026 08:15 PM,,ATL @ NO,Classic,NFL,10/5,Standard,NFL $60K Post Pattern [$20K to 1st] (Primetime);NFL $30K Wildcat [$10K to 1st] (Primetime);NFL $15K Huddle [Single Entry] (Primetime);NFL $10K Bootleg [$2K to 1st] (Primetime);NFL $8.5K Luxury Box [Single Entry] (Primetime);NFL $10K Spy [Single Entry] (Primetime);NFL $10K Play-Action [20 Entry Max] (Primetime);NFL $6K Fair Catch [Single Entry] (Primetime);NFL $20K Thunderdome [Must Fill] (Primetime);NFL $7K First Down (Primetime),196285112;196285136;196285124;196285111;196285110;196285121;196285113;196285123;196286041;196285114;196285133;196285129;196285132;196285109;196285127;196285125;196285122;196285118;196286044;196285115,"10/4 8:20PM, 2 Games"
Jameson Williams - Classic,196285112;196285136;196285124;196285111;196285110;196285121;196285113;196285123;196286041;196285114;196285133;196285129;196285132;196285109;196285127;196285125;196285122;196285118;196286044;196285115,Jameson Williams|DET,44358305,Jameson Williams,Jameson,Williams,5500,WR,DET,DET @ CAR,10/04/2026 08:20 PM,,DET @ CAR,Classic,NFL,10/4,Standard,NFL $60K Post Pattern [$20K to 1st] (Primetime);NFL $30K Wildcat [$10K to 1st] (Primetime);NFL $15K Huddle [Single Entry] (Primetime);NFL $10K Bootleg [$2K to 1st] (Primetime);NFL $8.5K Luxury Box [Single Entry] (Primetime);NFL $10K Spy [Single Entry] (Primetime);NFL $10K Play-Action [20 Entry Max] (Primetime);NFL $6K Fair Catch [Single Entry] (Primetime);NFL $20K Thunderdome [Must Fill] (Primetime);NFL $7K First Down (Primetime),196285112;196285136;196285124;196285111;196285110;196285121;196285113;196285123;196286041;196285114;196285133;196285129;196285132;196285109;196285127;196285125;196285122;196285118;196286044;196285115,"10/4 8:20PM, 2 Games"
Panthers - Showdown Captain Mode (Captain),196285049;196285047;196285046;196285050;196285056;196285071;196285042;196285064;196285065;196285048;196285095;196285096;196285083;196285089;196285107;196285108;196285105;196285106;196285090;196285094,Panthers|CAR,44358516,Panthers,Panthers,,5400,CPT,CAR,DET @ CAR,10/04/2026 08:20 PM,,DET @ CAR,Showdown Captain Mode,NFL,10/4,Captain,"NFL Showdown $1M Sunday Night Showdown [$250K to 1st] (DET @ CAR);NFL Showdown $500K Wildcat [$100K to 1st] (DET @ CAR);NFL Showdown $402K Luxury Box [$100K to 1st] (DET @ CAR);NFL Showdown $200K Play-Action [20 Entry Max] (DET @ CAR);NFL Showdown $140K Four-Point Stance [$30K to 1st, 5 Entry Max] (DET @ CAR);NFL Showdown $60K Huddle [Single Entry] (DET @ CAR);NFL Showdown $10K Huddle [Single Entry] (DET @ CAR);NFL Showdown $75K Spy [$15K to 1st, Single Entry] (DET @ CAR);NFL Showdown $25K Spy [Single Entry] (DET @ CAR);NFL Showdown $70K Bootleg [$20K to 1st] (DET @ CAR)",196285049;196285047;196285046;196285050;196285056;196285071;196285042;196285064;196285065;196285048;196285095;196285096;196285083;196285089;196285107;196285108;196285105;196285106;196285090;196285094,10/4 8:20PM (DET @ CAR)
Nick Folk - Showdown Captain Mode (Flex),196285155;196285153;196285138;196285157;196285156;196285154;196285212;196285175;196285176;196285170;196285171;196285187;196285188;196285189;196285218;196285219;196285220;196285221;196285182;196285183,Nick Folk|ATL,44358562,Nick Folk,Nick,Folk,5400,K,ATL,ATL @ NO,10/05/2026 08:15 PM,,ATL @ NO,Showdown Captain Mode,NFL,10/5,Flex,"NFL Showdown $1.5M Monday Night Showdown [$500K to 1st] (ATL @ NO);NFL Showdown $600K Wildcat [$150K to 1st] (ATL @ NO);NFL Showdown $402K Luxury Box [$100K to 1st] (ATL @ NO);NFL Showdown $300K Play-Action [20 Entry Max] (ATL @ NO);NFL Showdown $250K Flea Flicker [$50K to 1st] (ATL @ NO);NFL Showdown $150K Bootleg [$50K to 1st] (ATL @ NO);NFL Showdown $160K Four-Point Stance [$50K to 1st, 5 Entry Max] (ATL @ NO);NFL Showdown $80K Huddle [$10K to 1st, Single Entry] (ATL @ NO);NFL Showdown $20K Huddle [Single Entry] (ATL @ NO);NFL Showdown $100K Spy [$20K to 1st, Single Entry] (ATL @ NO)",196285155;196285153;196285138;196285157;196285156;196285154;196285212;196285175;196285176;196285170;196285171;196285187;196285188;196285189;196285218;196285219;196285220;196285221;196285182;196285183,10/5 8:15PM (ATL @ NO)
Falcons - Showdown Captain Mode (Captain),196285155;196285153;196285138;196285157;196285156;196285154;196285212;196285175;196285176;196285170;196285171;196285187;196285188;196285189;196285218;196285219;196285220;196285221;196285182;196285183,Falcons|ATL,44358625,Falcons,Falcons,,5400,CPT,ATL,ATL @ NO,10/05/2026 08:15 PM,,ATL @ NO,Showdown Captain Mode,NFL,10/5,Captain,"NFL Showdown $1.5M Monday Night Showdown [$500K to 1st] (ATL @ NO);NFL Showdown $600K Wildcat [$150K to 1st] (ATL @ NO);NFL Showdown $402K Luxury Box [$100K to 1st] (ATL @ NO);NFL Showdown $300K Play-Action [20 Entry Max] (ATL @ NO);NFL Showdown $250K Flea Flicker [$50K to 1st] (ATL @ NO);NFL Showdown $150K Bootleg [$50K to 1st] (ATL @ NO);NFL Showdown $160K Four-Point Stance [$50K to 1st, 5 Entry Max] (ATL @ NO);NFL Showdown $80K Huddle [$10K to 1st, Single Entry] (ATL @ NO);NFL Showdown $20K Huddle [Single Entry] (ATL @ NO);NFL Showdown $100K Spy [$20K to 1st, Single Entry] (ATL @ NO)",196285155;196285153;196285138;196285157;196285156;196285154;196285212;196285175;196285176;196285170;196285171;196285187;196285188;196285189;196285218;196285219;196285220;196285221;196285182;196285183,10/5 8:15PM (ATL @ NO)
Panthers - Showdown 2nd Half (Captain),196297427;196297821;196297824;196297424;196297431;196297428;196297426;196297698;196297429;196297822;196297825;196297820;196297827;196297823;196402607;196297697;196297425;196297430;196297432;196297828,Panthers|CAR,44358974,Panthers,Panthers,,5400,CPT,CAR,DET @ CAR,10/04/2026 09:20 PM,,DET @ CAR,Showdown 2nd Half,NFL,10/4,Captain,"NFL In-Game $15K 2nd Half Clash [$5K to 1st] (2H DET @ CAR);NFL In-Game $20K Thunderdome [Must Fill] (2H DET @ CAR);NFL In-Game $10,170 2026 FFWC Qualifier Satellite [Must Fill] (2H DET @ CAR);NFL In-Game $1.8K Deep Threat [Single Entry] (2H DET @ CAR);NFL In-Game $1K Huddle [Single Entry] (2H DET @ CAR);NFL In-Game $500 Play-Action (2H DET @ CAR);NFL In-Game $600 Bootleg [Single Entry] (2H DET @ CAR);NFL In-Game $267 Winner Take All [$1K to 1st] (2H DET @ CAR);NFL In-Game $500 First Down (2H DET @ CAR);NFL In-Game Satellite to NFL $4,444 Fantasy Football MEGA Millionaire [Must Fill] (2H DET @ CAR)",196297427;196297821;196297824;196297424;196297431;196297428;196297426;196297698;196297429;196297822;196297825;196297820;196297827;196297823;196402607;196297697;196297425;196297430;196297432;196297828,10/4 9:20PM 2H (DET @ CAR)
Panthers - Showdown 4th Quarter (Captain),196297920;196297923;196297434;196297921;196297924;196297433;196297919;196297926;196297922;196297435;196297436;196297927;196297705;196297704;196297856;196297925;196297829;196297834;196297830;196297835,Panthers|CAR,44359074,Panthers,Panthers,,5400,CPT,CAR,DET @ CAR,10/04/2026 09:50 PM,,DET @ CAR,Showdown 4th Quarter,NFL,10/4,Captain,"NFL In-Game $20K Thunderdome [Must Fill] (4Q DET @ CAR);NFL In-Game $10,170 2026 FFWC Qualifier Satellite [Must Fill] (4Q DET @ CAR);NFL In-Game $3K 4th Quarter Finish [$1K to 1st] (4Q DET @ CAR);NFL In-Game Satellite to NFL $4,444 Fantasy Football MEGA Millionaire [Must Fill] (4Q DET @ CAR);NFL In-Game Satellite to NFL 10-12 $4,444 Showdown MEGA Millionaire [Must Fill] (4Q DET @ CAR);NFL In-Game $285 Bootleg [Single Entry] (4Q DET @ CAR);NFL In-Game $1,060 Winner Take All [$4K to 1st] (Must Fill) (4Q DET @ CAR);NFL In-Game Satellite to NFL 11-1 Midseason Main Event [Must Fill] (4Q DET @ CAR);NFL In-Game Satellite to NFL $555 Fantasy Football Millionaire [Must Fill] (4Q DET @ CAR);NFL In-Game $150 First Down (4Q DET @ CAR)",196297920;196297923;196297434;196297921;196297924;196297433;196297919;196297926;196297922;196297435;196297436;196297927;196297705;196297704;196297856;196297925;196297829;196297834;196297830;196297835,10/4 9:50PM Q4 (DET @ CAR)
Nick Folk - Showdown 2nd Half (Flex),196297440;196298019;196298022;196297437;196297444;196297441;196297439;196297702;196297442;196298020;196298023;196298018;196298025;196298021;196297701;196297438;196297443;196297445;196298026;196297700,Nick Folk|ATL,44359226,Nick Folk,Nick,Folk,5400,K,ATL,ATL @ NO,10/05/2026 09:15 PM,,ATL @ NO,Showdown 2nd Half,NFL,10/5,Flex,"NFL In-Game $15K 2nd Half Clash [$5K to 1st] (2H ATL @ NO);NFL In-Game $20K Thunderdome [Must Fill] (2H ATL @ NO);NFL In-Game $10,170 2026 FFWC Qualifier Satellite [Must Fill] (2H ATL @ NO);NFL In-Game $1.8K Deep Threat [Single Entry] (2H ATL @ NO);NFL In-Game $1K Huddle [Single Entry] (2H ATL @ NO);NFL In-Game $500 Play-Action (2H ATL @ NO);NFL In-Game $600 Bootleg [Single Entry] (2H ATL @ NO);NFL In-Game $267 Winner Take All [$1K to 1st] (2H ATL @ NO);NFL In-Game $500 First Down (2H ATL @ NO);NFL In-Game Satellite to NFL $4,444 Fantasy Football MEGA Millionaire [Must Fill] (2H ATL @ NO)",196297440;196298019;196298022;196297437;196297444;196297441;196297439;196297702;196297442;196298020;196298023;196298018;196298025;196298021;196297701;196297438;196297443;196297445;196298026;196297700,10/5 9:15PM 2H (ATL @ NO)
Falcons - Showdown 2nd Half (Captain),196297440;196298019;196298022;196297437;196297444;196297441;196297439;196297702;196297442;196298020;196298023;196298018;196298025;196298021;196297701;196297438;196297443;196297445;196298026;196297700,Falcons|ATL,44359177,Falcons,Falcons,,5400,CPT,ATL,ATL @ NO,10/05/2026 09:15 PM,,ATL @ NO,Showdown 2nd Half,NFL,10/5,Captain,"NFL In-Game $15K 2nd Half Clash [$5K to 1st] (2H ATL @ NO);NFL In-Game $20K Thunderdome [Must Fill] (2H ATL @ NO);NFL In-Game $10,170 2026 FFWC Qualifier Satellite [Must Fill] (2H ATL @ NO);NFL In-Game $1.8K Deep Threat [Single Entry] (2H ATL @ NO);NFL In-Game $1K Huddle [Single Entry] (2H ATL @ NO);NFL In-Game $500 Play-Action (2H ATL @ NO);NFL In-Game $600 Bootleg [Single Entry] (2H ATL @ NO);NFL In-Game $267 Winner Take All [$1K to 1st] (2H ATL @ NO);NFL In-Game $500 First Down (2H ATL @ NO);NFL In-Game Satellite to NFL $4,444 Fantasy Football MEGA Millionaire [Must Fill] (2H ATL @ NO)",196297440;196298019;196298022;196297437;196297444;196297441;196297439;196297702;196297442;196298020;196298023;196298018;196298025;196298021;196297701;196297438;196297443;196297445;196298026;196297700,10/5 9:15PM 2H (ATL @ NO)
Nick Folk - Showdown 4th Quarter (Flex),196298118;196298121;196297447;196298119;196298122;196297446;196298117;196298124;196298120;196297448;196297449;196298125;196297707;196297706;196298037;196298109;196298080;196298081;196317157;196298123,Nick Folk|ATL,44359338,Nick Folk,Nick,Folk,5400,K,ATL,ATL @ NO,10/05/2026 09:45 PM,,ATL @ NO,Showdown 4th Quarter,NFL,10/5,Flex,"NFL In-Game $20K Thunderdome [Must Fill] (4Q ATL @ NO);NFL In-Game $10,170 2026 FFWC Qualifier Satellite [Must Fill] (4Q ATL @ NO);NFL In-Game $3K 4th Quarter Finish [$1K to 1st] (4Q ATL @ NO);NFL In-Game Satellite to NFL $4,444 Fantasy Football MEGA Millionaire [Must Fill] (4Q ATL @ NO);NFL In-Game Satellite to NFL 10-12 $4,444 Showdown MEGA Millionaire [Must Fill] (4Q ATL @ NO);NFL In-Game $285 Bootleg [Single Entry] (4Q ATL @ NO);NFL In-Game $1,060 Winner Take All [$4K to 1st] (Must Fill) (4Q ATL @ NO);NFL In-Game Satellite to NFL 11-1 Midseason Main Event [Must Fill] (4Q ATL @ NO);NFL In-Game Satellite to NFL $555 Fantasy Football Millionaire [Must Fill] (4Q ATL @ NO);NFL In-Game $150 First Down (4Q ATL @ NO)",196298118;196298121;196297447;196298119;196298122;196297446;196298117;196298124;196298120;196297448;196297449;196298125;196297707;196297706;196298037;196298109;196298080;196298081;196317157;196298123,10/5 9:45PM Q4 (ATL @ NO)
Falcons - Showdown 4th Quarter (Captain),196298118;196298121;196297447;196298119;196298122;196297446;196298117;196298124;196298120;196297448;196297449;196298125;196297707;196297706;196298037;196298109;196298080;196298081;196317157;196298123,Falcons|ATL,44359289,Falcons,Falcons,,5400,CPT,ATL,ATL @ NO,10/05/2026 09:45 PM,,ATL @ NO,Showdown 4th Quarter,NFL,10/5,Captain,"NFL In-Game $20K Thunderdome [Must Fill] (4Q ATL @ NO);NFL In-Game $10,170 2026 FFWC Qualifier Satellite [Must Fill] (4Q ATL @ NO);NFL In-Game $3K 4th Quarter Finish [$1K to 1st] (4Q ATL @ NO);NFL In-Game Satellite to NFL $4,444 Fantasy Football MEGA Millionaire [Must Fill] (4Q ATL @ NO);NFL In-Game Satellite to NFL 10-12 $4,444 Showdown MEGA Millionaire [Must Fill] (4Q ATL @ NO);NFL In-Game $285 Bootleg [Single Entry] (4Q ATL @ NO);NFL In-Game $1,060 Winner Take All [$4K to 1st] (Must Fill) (4Q ATL @ NO);NFL In-Game Satellite to NFL 11-1 Midseason Main Event [Must Fill] (4Q ATL @ NO);NFL In-Game Satellite to NFL $555 Fantasy Football Millionaire [Must Fill] (4Q ATL @ NO);NFL In-Game $150 First Down (4Q ATL @ NO)",196298118;196298121;196297447;196298119;196298122;196297446;196298117;196298124;196298120;196297448;196297449;196298125;196297707;196297706;196298037;196298109;196298080;196298081;196317157;196298123,10/5 9:45PM Q4 (ATL @ NO)
AJ Dillon - Showdown Captain Mode (Captain),196285049;196285047;196285046;196285050;196285056;196285071;196285042;196285064;196285065;196285048;196285095;196285096;196285083;196285089;196285107;196285108;196285105;196285106;196285090;196285094,AJ Dillon|CAR,44358517,AJ Dillon,AJ,Dillon,5100,CPT,CAR,DET @ CAR,10/04/2026 08:20 PM,,DET @ CAR,Showdown Captain Mode,NFL,10/4,Captain,"NFL Showdown $1M Sunday Night Showdown [$250K to 1st] (DET @ CAR);NFL Showdown $500K Wildcat [$100K to 1st] (DET @ CAR);NFL Showdown $402K Luxury Box [$100K to 1st] (DET @ CAR);NFL Showdown $200K Play-Action [20 Entry Max] (DET @ CAR);NFL Showdown $140K Four-Point Stance [$30K to 1st, 5 Entry Max] (DET @ CAR);NFL Showdown $60K Huddle [Single Entry] (DET @ CAR);NFL Showdown $10K Huddle [Single Entry] (DET @ CAR);NFL Showdown $75K Spy [$15K to 1st, Single Entry] (DET @ CAR);NFL Showdown $25K Spy [Single Entry] (DET @ CAR);NFL Showdown $70K Bootleg [$20K to 1st] (DET @ CAR)",196285049;196285047;196285046;196285050;196285056;196285071;196285042;196285064;196285065;196285048;196285095;196285096;196285083;196285089;196285107;196285108;196285105;196285106;196285090;196285094,10/4 8:20PM (DET @ CAR)
AJ Dillon - Showdown 2nd Half (Captain),196297427;196297821;196297824;196297424;196297431;196297428;196297426;196297698;196297429;196297822;196297825;196297820;196297827;196297823;196402607;196297697;196297425;196297430;196297432;196297828,AJ Dillon|CAR,44358975,AJ Dillon,AJ,Dillon,5100,CPT,CAR,DET @ CAR,10/04/2026 09:20 PM,,DET @ CAR,Showdown 2nd Half,NFL,10/4,Captain,"NFL In-Game $15K 2nd Half Clash [$5K to 1st] (2H DET @ CAR);NFL In-Game $20K Thunderdome [Must Fill] (2H DET @ CAR);NFL In-Game $10,170 2026 FFWC Qualifier Satellite [Must Fill] (2H DET @ CAR);NFL In-Game $1.8K Deep Threat [Single Entry] (2H DET @ CAR);NFL In-Game $1K Huddle [Single Entry] (2H DET @ CAR);NFL In-Game $500 Play-Action (2H DET @ CAR);NFL In-Game $600 Bootleg [Single Entry] (2H DET @ CAR);NFL In-Game $267 Winner Take All [$1K to 1st] (2H DET @ CAR);NFL In-Game $500 First Down (2H DET @ CAR);NFL In-Game Satellite to NFL $4,444 Fantasy Football MEGA Millionaire [Must Fill] (2H DET @ CAR)",196297427;196297821;196297824;196297424;196297431;196297428;196297426;196297698;196297429;196297822;196297825;196297820;196297827;196297823;196402607;196297697;196297425;196297430;196297432;196297828,10/4 9:20PM 2H (DET @ CAR)
AJ Dillon - Showdown 4th Quarter (Captain),196297920;196297923;196297434;196297921;196297924;196297433;196297919;196297926;196297922;196297435;196297436;196297927;196297705;196297704;196297856;196297925;196297829;196297834;196297830;196297835,AJ Dillon|CAR,44359075,AJ Dillon,AJ,Dillon,5100,CPT,CAR,DET @ CAR,10/04/2026 09:50 PM,,DET @ CAR,Showdown 4th Quarter,NFL,10/4,Captain,"NFL In-Game $20K Thunderdome [Must Fill] (4Q DET @ CAR);NFL In-Game $10,170 2026 FFWC Qualifier Satellite [Must Fill] (4Q DET @ CAR);NFL In-Game $3K 4th Quarter Finish [$1K to 1st] (4Q DET @ CAR);NFL In-Game Satellite to NFL $4,444 Fantasy Football MEGA Millionaire [Must Fill] (4Q DET @ CAR);NFL In-Game Satellite to NFL 10-12 $4,444 Showdown MEGA Millionaire [Must Fill] (4Q DET @ CAR);NFL In-Game $285 Bootleg [Single Entry] (4Q DET @ CAR);NFL In-Game $1,060 Winner Take All [$4K to 1st] (Must Fill) (4Q DET @ CAR);NFL In-Game Satellite to NFL 11-1 Midseason Main Event [Must Fill] (4Q DET @ CAR);NFL In-Game Satellite to NFL $555 Fantasy Football Millionaire [Must Fill] (4Q DET @ CAR);NFL In-Game $150 First Down (4Q DET @ CAR)",196297920;196297923;196297434;196297921;196297924;196297433;196297919;196297926;196297922;196297435;196297436;196297927;196297705;196297704;196297856;196297925;196297829;196297834;196297830;196297835,10/4 9:50PM Q4 (DET @ CAR)
Jake Bates - Showdown Captain Mode (Flex),196285049;196285047;196285046;196285050;196285056;196285071;196285042;196285064;196285065;196285048;196285095;196285096;196285083;196285089;196285107;196285108;196285105;196285106;196285090;196285094,Jake Bates|DET,44358460,Jake Bates,Jake,Bates,5000,K,DET,DET @ CAR,10/04/2026 08:20 PM,,DET @ CAR,Showdown Captain Mode,NFL,10/4,Flex,"NFL Showdown $1M Sunday Night Showdown [$250K to 1st] (DET @ CAR);NFL Showdown $500K Wildcat [$100K to 1st] (DET @ CAR);NFL Showdown $402K Luxury Box [$100K to 1st] (DET @ CAR);NFL Showdown $200K Play-Action [20 Entry Max] (DET @ CAR);NFL Showdown $140K Four-Point Stance [$30K to 1st, 5 Entry Max] (DET @ CAR);NFL Showdown $60K Huddle [Single Entry] (DET @ CAR);NFL Showdown $10K Huddle [Single Entry] (DET @ CAR);NFL Showdown $75K Spy [$15K to 1st, Single Entry] (DET @ CAR);NFL Showdown $25K Spy [Single Entry] (DET @ CAR);NFL Showdown $70K Bootleg [$20K to 1st] (DET @ CAR)",196285049;196285047;196285046;196285050;196285056;196285071;196285042;196285064;196285065;196285048;196285095;196285096;196285083;196285089;196285107;196285108;196285105;196285106;196285090;196285094,10/4 8:20PM (DET @ CAR)
Michael Penix Jr. - Classic,196285112;196285136;196285124;196285111;196285110;196285121;196285113;196285123;196286041;196285114;196285133;196285129;196285132;196285109;196285127;196285125;196285122;196285118;196286044;196285115,Michael Penix Jr.|ATL,44358241,Michael Penix Jr.,Michael,Penix Jr.,5000,QB,ATL,ATL @ NO,10/05/2026 08:15 PM,,ATL @ NO,Classic,NFL,10/5,Standard,NFL $60K Post Pattern [$20K to 1st] (Primetime);NFL $30K Wildcat [$10K to 1st] (Primetime);NFL $15K Huddle [Single Entry] (Primetime);NFL $10K Bootleg [$2K to 1st] (Primetime);NFL $8.5K Luxury Box [Single Entry] (Primetime);NFL $10K Spy [Single Entry] (Primetime);NFL $10K Play-Action [20 Entry Max] (Primetime);NFL $6K Fair Catch [Single Entry] (Primetime);NFL $20K Thunderdome [Must Fill] (Primetime);NFL $7K First Down (Primetime),196285112;196285136;196285124;196285111;196285110;196285121;196285113;196285123;196286041;196285114;196285133;196285129;196285132;196285109;196285127;196285125;196285122;196285118;196286044;196285115,"10/4 8:20PM, 2 Games"
Alvin Kamara - Classic,196285112;196285136;196285124;196285111;196285110;196285121;196285113;196285123;196286041;196285114;196285133;196285129;196285132;196285109;196285127;196285125;196285122;196285118;196286044;196285115,Alvin Kamara|NO,44358259,Alvin Kamara,Alvin,Kamara,5000,RB,NO,ATL @ NO,10/05/2026 08:15 PM,,ATL @ NO,Classic,NFL,10/5,Standard,NFL $60K Post Pattern [$20K to 1st] (Primetime);NFL $30K Wildcat [$10K to 1st] (Primetime);NFL $15K Huddle [Single Entry] (Primetime);NFL $10K Bootleg [$2K to 1st] (Primetime);NFL $8.5K Luxury Box [Single Entry] (Primetime);NFL $10K Spy [Single Entry] (Primetime);NFL $10K Play-Action [20 Entry Max] (Primetime);NFL $6K Fair Catch [Single Entry] (Primetime);NFL $20K Thunderdome [Must Fill] (Primetime);NFL $7K First Down (Primetime),196285112;196285136;196285124;196285111;196285110;196285121;196285113;196285123;196286041;196285114;196285133;196285129;196285132;196285109;196285127;196285125;196285122;196285118;196286044;196285115,"10/4 8:20PM, 2 Games"
Kendre Miller - Showdown Captain Mode (Flex),196285155;196285153;196285138;196285157;196285156;196285154;196285212;196285175;196285176;196285170;196285171;196285187;196285188;196285189;196285218;196285219;196285220;196285221;196285182;196285183,Kendre Miller|NO,44358563,Kendre Miller,Kendre,Miller,5000,RB,NO,ATL @ NO,10/05/2026 08:15 PM,,ATL @ NO,Showdown Captain Mode,NFL,10/5,Flex,"NFL Showdown $1.5M Monday Night Showdown [$500K to 1st] (ATL @ NO);NFL Showdown $600K Wildcat [$150K to 1st] (ATL @ NO);NFL Showdown $402K Luxury Box [$100K to 1st] (ATL @ NO);NFL Showdown $300K Play-Action [20 Entry Max] (ATL @ NO);NFL Showdown $250K Flea Flicker [$50K to 1st] (ATL @ NO);NFL Showdown $150K Bootleg [$50K to 1st] (ATL @ NO);NFL Showdown $160K Four-Point Stance [$50K to 1st, 5 Entry Max] (ATL @ NO);NFL Showdown $80K Huddle [$10K to 1st, Single Entry] (ATL @ NO);NFL Showdown $20K Huddle [Single Entry] (ATL @ NO);NFL Showdown $100K Spy [$20K to 1st, Single Entry] (ATL @ NO)",196285155;196285153;196285138;196285157;196285156;196285154;196285212;196285175;196285176;196285170;196285171;196285187;196285188;196285189;196285218;196285219;196285220;196285221;196285182;196285183,10/5 8:15PM (ATL @ NO)
Jake Bates - Showdown 2nd Half (Flex),196297427;196297821;196297824;196297424;196297431;196297428;196297426;196297698;196297429;196297822;196297825;196297820;196297827;196297823;196402607;196297697;196297425;196297430;196297432;196297828,Jake Bates|DET,44359018,Jake Bates,Jake,Bates,5000,K,DET,DET @ CAR,10/04/2026 09:20 PM,,DET @ CAR,Showdown 2nd Half,NFL,10/4,Flex,"NFL In-Game $15K 2nd Half Clash [$5K to 1st] (2H DET @ CAR);NFL In-Game $20K Thunderdome [Must Fill] (2H DET @ CAR);NFL In-Game $10,170 2026 FFWC Qualifier Satellite [Must Fill] (2H DET @ CAR);NFL In-Game $1.8K Deep Threat [Single Entry] (2H DET @ CAR);NFL In-Game $1K Huddle [Single Entry] (2H DET @ CAR);NFL In-Game $500 Play-Action (2H DET @ CAR);NFL In-Game $600 Bootleg [Single Entry] (2H DET @ CAR);NFL In-Game $267 Winner Take All [$1K to 1st] (2H DET @ CAR);NFL In-Game $500 First Down (2H DET @ CAR);NFL In-Game Satellite to NFL $4,444 Fantasy Football MEGA Millionaire [Must Fill] (2H DET @ CAR)",196297427;196297821;196297824;196297424;196297431;196297428;196297426;196297698;196297429;196297822;196297825;196297820;196297827;196297823;196402607;196297697;196297425;196297430;196297432;196297828,10/4 9:20PM 2H (DET @ CAR)
Jake Bates - Showdown 4th Quarter (Flex),196297920;196297923;196297434;196297921;196297924;196297433;196297919;196297926;196297922;196297435;196297436;196297927;196297705;196297704;196297856;196297925;196297829;196297834;196297830;196297835,Jake Bates|DET,44359118,Jake Bates,Jake,Bates,5000,K,DET,DET @ CAR,10/04/2026 09:50 PM,,DET @ CAR,Showdown 4th Quarter,NFL,10/4,Flex,"NFL In-Game $20K Thunderdome [Must Fill] (4Q DET @ CAR);NFL In-Game $10,170 2026 FFWC Qualifier Satellite [Must Fill] (4Q DET @ CAR);NFL In-Game $3K 4th Quarter Finish [$1K to 1st] (4Q DET @ CAR);NFL In-Game Satellite to NFL $4,444 Fantasy Football MEGA Millionaire [Must Fill] (4Q DET @ CAR);NFL In-Game Satellite to NFL 10-12 $4,444 Showdown MEGA Millionaire [Must Fill] (4Q DET @ CAR);NFL In-Game $285 Bootleg [Single Entry] (4Q DET @ CAR);NFL In-Game $1,060 Winner Take All [$4K to 1st] (Must Fill) (4Q DET @ CAR);NFL In-Game Satellite to NFL 11-1 Midseason Main Event [Must Fill] (4Q DET @ CAR);NFL In-Game Satellite to NFL $555 Fantasy Football Millionaire [Must Fill] (4Q DET @ CAR);NFL In-Game $150 First Down (4Q DET @ CAR)",196297920;196297923;196297434;196297921;196297924;196297433;196297919;196297926;196297922;196297435;196297436;196297927;196297705;196297704;196297856;196297925;196297829;196297834;196297830;196297835,10/4 9:50PM Q4 (DET @ CAR)
Kendre Miller - Showdown 2nd Half (Flex),196297440;196298019;196298022;196297437;196297444;196297441;196297439;196297702;196297442;196298020;196298023;196298018;196298025;196298021;196297701;196297438;196297443;196297445;196298026;196297700,Kendre Miller|NO,44359227,Kendre Miller,Kendre,Miller,5000,RB,NO,ATL @ NO,10/05/2026 09:15 PM,,ATL @ NO,Showdown 2nd Half,NFL,10/5,Flex,"NFL In-Game $15K 2nd Half Clash [$5K to 1st] (2H ATL @ NO);NFL In-Game $20K Thunderdome [Must Fill] (2H ATL @ NO);NFL In-Game $10,170 2026 FFWC Qualifier Satellite [Must Fill] (2H ATL @ NO);NFL In-Game $1.8K Deep Threat [Single Entry] (2H ATL @ NO);NFL In-Game $1K Huddle [Single Entry] (2H ATL @ NO);NFL In-Game $500 Play-Action (2H ATL @ NO);NFL In-Game $600 Bootleg [Single Entry] (2H ATL @ NO);NFL In-Game $267 Winner Take All [$1K to 1st] (2H ATL @ NO);NFL In-Game $500 First Down (2H ATL @ NO);NFL In-Game Satellite to NFL $4,444 Fantasy Football MEGA Millionaire [Must Fill] (2H ATL @ NO)",196297440;196298019;196298022;196297437;196297444;196297441;196297439;196297702;196297442;196298020;196298023;196298018;196298025;196298021;196297701;196297438;196297443;196297445;196298026;196297700,10/5 9:15PM 2H (ATL @ NO)
Kendre Miller - Showdown 4th Quarter (Flex),196298118;196298121;196297447;196298119;196298122;196297446;196298117;196298124;196298120;196297448;196297449;196298125;196297707;196297706;196298037;196298109;196298080;196298081;196317157;196298123,Kendre Miller|NO,44359339,Kendre Miller,Kendre,Miller,5000,RB,NO,ATL @ NO,10/05/2026 09:45 PM,,ATL @ NO,Showdown 4th Quarter,NFL,10/5,Flex,"NFL In-Game $20K Thunderdome [Must Fill] (4Q ATL @ NO);NFL In-Game $10,170 2026 FFWC Qualifier Satellite [Must Fill] (4Q ATL @ NO);NFL In-Game $3K 4th Quarter Finish [$1K to 1st] (4Q ATL @ NO);NFL In-Game Satellite to NFL $4,444 Fantasy Football MEGA Millionaire [Must Fill] (4Q ATL @ NO);NFL In-Game Satellite to NFL 10-12 $4,444 Showdown MEGA Millionaire [Must Fill] (4Q ATL @ NO);NFL In-Game $285 Bootleg [Single Entry] (4Q ATL @ NO);NFL In-Game $1,060 Winner Take All [$4K to 1st] (Must Fill) (4Q ATL @ NO);NFL In-Game Satellite to NFL 11-1 Midseason Main Event [Must Fill] (4Q ATL @ NO);NFL In-Game Satellite to NFL $555 Fantasy Football Millionaire [Must Fill] (4Q ATL @ NO);NFL In-Game $150 First Down (4Q ATL @ NO)",196298118;196298121;196297447;196298119;196298122;196297446;196298117;196298124;196298120;196297448;196297449;196298125;196297707;196297706;196298037;196298109;196298080;196298081;196317157;196298123,10/5 9:45PM Q4 (ATL @ NO)
Devaughn Vele - Classic,196285112;196285136;196285124;196285111;196285110;196285121;196285113;196285123;196286041;196285114;196285133;196285129;196285132;196285109;196285127;196285125;196285122;196285118;196286044;196285115,Devaughn Vele|NO,44358307,Devaughn Vele,Devaughn,Vele,4900,WR,NO,ATL @ NO,10/05/2026 08:15 PM,,ATL @ NO,Classic,NFL,10/5,Standard,NFL $60K Post Pattern [$20K to 1st] (Primetime);NFL $30K Wildcat [$10K to 1st] (Primetime);NFL $15K Huddle [Single Entry] (Primetime);NFL $10K Bootleg [$2K to 1st] (Primetime);NFL $8.5K Luxury Box [Single Entry] (Primetime);NFL $10K Spy [Single Entry] (Primetime);NFL $10K Play-Action [20 Entry Max] (Primetime);NFL $6K Fair Catch [Single Entry] (Primetime);NFL $20K Thunderdome [Must Fill] (Primetime);NFL $7K First Down (Primetime),196285112;196285136;196285124;196285111;196285110;196285121;196285113;196285123;196286041;196285114;196285133;196285129;196285132;196285109;196285127;196285125;196285122;196285118;196286044;196285115,"10/4 8:20PM, 2 Games"
Ryan Fitzgerald - Showdown Captain Mode (Flex),196285049;196285047;196285046;196285050;196285056;196285071;196285042;196285064;196285065;196285048;196285095;196285096;196285083;196285089;196285107;196285108;196285105;196285106;196285090;196285094,Ryan Fitzgerald|CAR,44358461,Ryan Fitzgerald,Ryan,Fitzgerald,4800,K,CAR,DET @ CAR,10/04/2026 08:20 PM,,DET @ CAR,Showdown Captain Mode,NFL,10/4,Flex,"NFL Showdown $1M Sunday Night Showdown [$250K to 1st] (DET @ CAR);NFL Showdown $500K Wildcat [$100K to 1st] (DET @ CAR);NFL Showdown $402K Luxury Box [$100K to 1st] (DET @ CAR);NFL Showdown $200K Play-Action [20 Entry Max] (DET @ CAR);NFL Showdown $140K Four-Point Stance [$30K to 1st, 5 Entry Max] (DET @ CAR);NFL Showdown $60K Huddle [Single Entry] (DET @ CAR);NFL Showdown $10K Huddle [Single Entry] (DET @ CAR);NFL Showdown $75K Spy [$15K to 1st, Single Entry] (DET @ CAR);NFL Showdown $25K Spy [Single Entry] (DET @ CAR);NFL Showdown $70K Bootleg [$20K to 1st] (DET @ CAR)",196285049;196285047;196285046;196285050;196285056;196285071;196285042;196285064;196285065;196285048;196285095;196285096;196285083;196285089;196285107;196285108;196285105;196285106;196285090;196285094,10/4 8:20PM (DET @ CAR)
John Metchie III - Showdown Captain Mode (Captain),196285049;196285047;196285046;196285050;196285056;196285071;196285042;196285064;196285065;196285048;196285095;196285096;196285083;196285089;196285107;196285108;196285105;196285106;196285090;196285094,John Metchie III|CAR,44358518,John Metchie III,John,Metchie III,4800,CPT,CAR,DET @ CAR,10/04/2026 08:20 PM,,DET @ CAR,Showdown Captain Mode,NFL,10/4,Captain,"NFL Showdown $1M Sunday Night Showdown [$250K to 1st] (DET @ CAR);NFL Showdown $500K Wildcat [$100K to 1st] (DET @ CAR);NFL Showdown $402K Luxury Box [$100K to 1st] (DET @ CAR);NFL Showdown $200K Play-Action [20 Entry Max] (DET @ CAR);NFL Showdown $140K Four-Point Stance [$30K to 1st, 5 Entry Max] (DET @ CAR);NFL Showdown $60K Huddle [Single Entry] (DET @ CAR);NFL Showdown $10K Huddle [Single Entry] (DET @ CAR);NFL Showdown $75K Spy [$15K to 1st, Single Entry] (DET @ CAR);NFL Showdown $25K Spy [Single Entry] (DET @ CAR);NFL Showdown $70K Bootleg [$20K to 1st] (DET @ CAR)",196285049;196285047;196285046;196285050;196285056;196285071;196285042;196285064;196285065;196285048;196285095;196285096;196285083;196285089;196285107;196285108;196285105;196285106;196285090;196285094,10/4 8:20PM (DET @ CAR)
Daniel Carlson - Showdown Captain Mode (Flex),196285155;196285153;196285138;196285157;196285156;196285154;196285212;196285175;196285176;196285170;196285171;196285187;196285188;196285189;196285218;196285219;196285220;196285221;196285182;196285183,Daniel Carlson|NO,44358564,Daniel Carlson,Daniel,Carlson,4800,K,NO,ATL @ NO,10/05/2026 08:15 PM,,ATL @ NO,Showdown Captain Mode,NFL,10/5,Flex,"NFL Showdown $1.5M Monday Night Showdown [$500K to 1st] (ATL @ NO);NFL Showdown $600K Wildcat [$150K to 1st] (ATL @ NO);NFL Showdown $402K Luxury Box [$100K to 1st] (ATL @ NO);NFL Showdown $300K Play-Action [20 Entry Max] (ATL @ NO);NFL Showdown $250K Flea Flicker [$50K to 1st] (ATL @ NO);NFL Showdown $150K Bootleg [$50K to 1st] (ATL @ NO);NFL Showdown $160K Four-Point Stance [$50K to 1st, 5 Entry Max] (ATL @ NO);NFL Showdown $80K Huddle [$10K to 1st, Single Entry] (ATL @ NO);NFL Showdown $20K Huddle [Single Entry] (ATL @ NO);NFL Showdown $100K Spy [$20K to 1st, Single Entry] (ATL @ NO)",196285155;196285153;196285138;196285157;196285156;196285154;196285212;196285175;196285176;196285170;196285171;196285187;196285188;196285189;196285218;196285219;196285220;196285221;196285182;196285183,10/5 8:15PM (ATL @ NO)
Charlie Smyth - Showdown Captain Mode (Flex),196285155;196285153;196285138;196285157;196285156;196285154;196285212;196285175;196285176;196285170;196285171;196285187;196285188;196285189;196285218;196285219;196285220;196285221;196285182;196285183,Charlie Smyth|NO,44358565,Charlie Smyth,Charlie,Smyth,4800,K,NO,ATL @ NO,10/05/2026 08:15 PM,,ATL @ NO,Showdown Captain Mode,NFL,10/5,Flex,"NFL Showdown $1.5M Monday Night Showdown [$500K to 1st] (ATL @ NO);NFL Showdown $600K Wildcat [$150K to 1st] (ATL @ NO);NFL Showdown $402K Luxury Box [$100K to 1st] (ATL @ NO);NFL Showdown $300K Play-Action [20 Entry Max] (ATL @ NO);NFL Showdown $250K Flea Flicker [$50K to 1st] (ATL @ NO);NFL Showdown $150K Bootleg [$50K to 1st] (ATL @ NO);NFL Showdown $160K Four-Point Stance [$50K to 1st, 5 Entry Max] (ATL @ NO);NFL Showdown $80K Huddle [$10K to 1st, Single Entry] (ATL @ NO);NFL Showdown $20K Huddle [Single Entry] (ATL @ NO);NFL Showdown $100K Spy [$20K to 1st, Single Entry] (ATL @ NO)",196285155;196285153;196285138;196285157;196285156;196285154;196285212;196285175;196285176;196285170;196285171;196285187;196285188;196285189;196285218;196285219;196285220;196285221;196285182;196285183,10/5 8:15PM (ATL @ NO)
Ryan Fitzgerald - Showdown 2nd Half (Flex),196297427;196297821;196297824;196297424;196297431;196297428;196297426;196297698;196297429;196297822;196297825;196297820;196297827;196297823;196402607;196297697;196297425;196297430;196297432;196297828,Ryan Fitzgerald|CAR,44359019,Ryan Fitzgerald,Ryan,Fitzgerald,4800,K,CAR,DET @ CAR,10/04/2026 09:20 PM,,DET @ CAR,Showdown 2nd Half,NFL,10/4,Flex,"NFL In-Game $15K 2nd Half Clash [$5K to 1st] (2H DET @ CAR);NFL In-Game $20K Thunderdome [Must Fill] (2H DET @ CAR);NFL In-Game $10,170 2026 FFWC Qualifier Satellite [Must Fill] (2H DET @ CAR);NFL In-Game $1.8K Deep Threat [Single Entry] (2H DET @ CAR);NFL In-Game $1K Huddle [Single Entry] (2H DET @ CAR);NFL In-Game $500 Play-Action (2H DET @ CAR);NFL In-Game $600 Bootleg [Single Entry] (2H DET @ CAR);NFL In-Game $267 Winner Take All [$1K to 1st] (2H DET @ CAR);NFL In-Game $500 First Down (2H DET @ CAR);NFL In-Game Satellite to NFL $4,444 Fantasy Football MEGA Millionaire [Must Fill] (2H DET @ CAR)",196297427;196297821;196297824;196297424;196297431;196297428;196297426;196297698;196297429;196297822;196297825;196297820;196297827;196297823;196402607;196297697;196297425;196297430;196297432;196297828,10/4 9:20PM 2H (DET @ CAR)
John Metchie III - Showdown 2nd Half (Captain),196297427;196297821;196297824;196297424;196297431;196297428;196297426;196297698;196297429;196297822;196297825;196297820;196297827;196297823;196402607;196297697;196297425;196297430;196297432;196297828,John Metchie III|CAR,44358976,John Metchie III,John,Metchie III,4800,CPT,CAR,DET @ CAR,10/04/2026 09:20 PM,,DET @ CAR,Showdown 2nd Half,NFL,10/4,Captain,"NFL In-Game $15K 2nd Half Clash [$5K to 1st] (2H DET @ CAR);NFL In-Game $20K Thunderdome [Must Fill] (2H DET @ CAR);NFL In-Game $10,170 2026 FFWC Qualifier Satellite [Must Fill] (2H DET @ CAR);NFL In-Game $1.8K Deep Threat [Single Entry] (2H DET @ CAR);NFL In-Game $1K Huddle [Single Entry] (2H DET @ CAR);NFL In-Game $500 Play-Action (2H DET @ CAR);NFL In-Game $600 Bootleg [Single Entry] (2H DET @ CAR);NFL In-Game $267 Winner Take All [$1K to 1st] (2H DET @ CAR);NFL In-Game $500 First Down (2H DET @ CAR);NFL In-Game Satellite to NFL $4,444 Fantasy Football MEGA Millionaire [Must Fill] (2H DET @ CAR)",196297427;196297821;196297824;196297424;196297431;196297428;196297426;196297698;196297429;196297822;196297825;196297820;196297827;196297823;196402607;196297697;196297425;196297430;196297432;196297828,10/4 9:20PM 2H (DET @ CAR)
Ryan Fitzgerald - Showdown 4th Quarter (Flex),196297920;196297923;196297434;196297921;196297924;196297433;196297919;196297926;196297922;196297435;196297436;196297927;196297705;196297704;196297856;196297925;196297829;196297834;196297830;196297835,Ryan Fitzgerald|CAR,44359119,Ryan Fitzgerald,Ryan,Fitzgerald,4800,K,CAR,DET @ CAR,10/04/2026 09:50 PM,,DET @ CAR,Showdown 4th Quarter,NFL,10/4,Flex,"NFL In-Game $20K Thunderdome [Must Fill] (4Q DET @ CAR);NFL In-Game $10,170 2026 FFWC Qualifier Satellite [Must Fill] (4Q DET @ CAR);NFL In-Game $3K 4th Quarter Finish [$1K to 1st] (4Q DET @ CAR);NFL In-Game Satellite to NFL $4,444 Fantasy Football MEGA Millionaire [Must Fill] (4Q DET @ CAR);NFL In-Game Satellite to NFL 10-12 $4,444 Showdown MEGA Millionaire [Must Fill] (4Q DET @ CAR);NFL In-Game $285 Bootleg [Single Entry] (4Q DET @ CAR);NFL In-Game $1,060 Winner Take All [$4K to 1st] (Must Fill) (4Q DET @ CAR);NFL In-Game Satellite to NFL 11-1 Midseason Main Event [Must Fill] (4Q DET @ CAR);NFL In-Game Satellite to NFL $555 Fantasy Football Millionaire [Must Fill] (4Q DET @ CAR);NFL In-Game $150 First Down (4Q DET @ CAR)",196297920;196297923;196297434;196297921;196297924;196297433;196297919;196297926;196297922;196297435;196297436;196297927;196297705;196297704;196297856;196297925;196297829;196297834;196297830;196297835,10/4 9:50PM Q4 (DET @ CAR)
John Metchie III - Showdown 4th Quarter (Captain),196297920;196297923;196297434;196297921;196297924;196297433;196297919;196297926;196297922;196297435;196297436;196297927;196297705;196297704;196297856;196297925;196297829;196297834;196297830;196297835,John Metchie III|CAR,44359076,John Metchie III,John,Metchie III,4800,CPT,CAR,DET @ CAR,10/04/2026 09:50 PM,,DET @ CAR,Showdown 4th Quarter,NFL,10/4,Captain,"NFL In-Game $20K Thunderdome [Must Fill] (4Q DET @ CAR);NFL In-Game $10,170 2026 FFWC Qualifier Satellite [Must Fill] (4Q DET @ CAR);NFL In-Game $3K 4th Quarter Finish [$1K to 1st] (4Q DET @ CAR);NFL In-Game Satellite to NFL $4,444 Fantasy Football MEGA Millionaire [Must Fill] (4Q DET @ CAR);NFL In-Game Satellite to NFL 10-12 $4,444 Showdown MEGA Millionaire [Must Fill] (4Q DET @ CAR);NFL In-Game $285 Bootleg [Single Entry] (4Q DET @ CAR);NFL In-Game $1,060 Winner Take All [$4K to 1st] (Must Fill) (4Q DET @ CAR);NFL In-Game Satellite to NFL 11-1 Midseason Main Event [Must Fill] (4Q DET @ CAR);NFL In-Game Satellite to NFL $555 Fantasy Football Millionaire [Must Fill] (4Q DET @ CAR);NFL In-Game $150 First Down (4Q DET @ CAR)",196297920;196297923;196297434;196297921;196297924;196297433;196297919;196297926;196297922;196297435;196297436;196297927;196297705;196297704;196297856;196297925;196297829;196297834;196297830;196297835,10/4 9:50PM Q4 (DET @ CAR)
Daniel Carlson - Showdown 2nd Half (Flex),196297440;196298019;196298022;196297437;196297444;196297441;196297439;196297702;196297442;196298020;196298023;196298018;196298025;196298021;196297701;196297438;196297443;196297445;196298026;196297700,Daniel Carlson|NO,44359228,Daniel Carlson,Daniel,Carlson,4800,K,NO,ATL @ NO,10/05/2026 09:15 PM,,ATL @ NO,Showdown 2nd Half,NFL,10/5,Flex,"NFL In-Game $15K 2nd Half Clash [$5K to 1st] (2H ATL @ NO);NFL In-Game $20K Thunderdome [Must Fill] (2H ATL @ NO);NFL In-Game $10,170 2026 FFWC Qualifier Satellite [Must Fill] (2H ATL @ NO);NFL In-Game $1.8K Deep Threat [Single Entry] (2H ATL @ NO);NFL In-Game $1K Huddle [Single Entry] (2H ATL @ NO);NFL In-Game $500 Play-Action (2H ATL @ NO);NFL In-Game $600 Bootleg [Single Entry] (2H ATL @ NO);NFL In-Game $267 Winner Take All [$1K to 1st] (2H ATL @ NO);NFL In-Game $500 First Down (2H ATL @ NO);NFL In-Game Satellite to NFL $4,444 Fantasy Football MEGA Millionaire [Must Fill] (2H ATL @ NO)",196297440;196298019;196298022;196297437;196297444;196297441;196297439;196297702;196297442;196298020;196298023;196298018;196298025;196298021;196297701;196297438;196297443;196297445;196298026;196297700,10/5 9:15PM 2H (ATL @ NO)
Charlie Smyth - Showdown 2nd Half (Flex),196297440;196298019;196298022;196297437;196297444;196297441;196297439;196297702;196297442;196298020;196298023;196298018;196298025;196298021;196297701;196297438;196297443;196297445;196298026;196297700,Charlie Smyth|NO,44359229,Charlie Smyth,Charlie,Smyth,4800,K,NO,ATL @ NO,10/05/2026 09:15 PM,,ATL @ NO,Showdown 2nd Half,NFL,10/5,Flex,"NFL In-Game $15K 2nd Half Clash [$5K to 1st] (2H ATL @ NO);NFL In-Game $20K Thunderdome [Must Fill] (2H ATL @ NO);NFL In-Game $10,170 2026 FFWC Qualifier Satellite [Must Fill] (2H ATL @ NO);NFL In-Game $1.8K Deep Threat [Single Entry] (2H ATL @ NO);NFL In-Game $1K Huddle [Single Entry] (2H ATL @ NO);NFL In-Game $500 Play-Action (2H ATL @ NO);NFL In-Game $600 Bootleg [Single Entry] (2H ATL @ NO);NFL In-Game $267 Winner Take All [$1K to 1st] (2H ATL @ NO);NFL In-Game $500 First Down (2H ATL @ NO);NFL In-Game Satellite to NFL $4,444 Fantasy Football MEGA Millionaire [Must Fill] (2H ATL @ NO)",196297440;196298019;196298022;196297437;196297444;196297441;196297439;196297702;196297442;196298020;196298023;196298018;196298025;196298021;196297701;196297438;196297443;196297445;196298026;196297700,10/5 9:15PM 2H (ATL @ NO)
Daniel Carlson - Showdown 4th Quarter (Flex),196298118;196298121;196297447;196298119;196298122;196297446;196298117;196298124;196298120;196297448;196297449;196298125;196297707;196297706;196298037;196298109;196298080;196298081;196317157;196298123,Daniel Carlson|NO,44359340,Daniel Carlson,Daniel,Carlson,4800,K,NO,ATL @ NO,10/05/2026 09:45 PM,,ATL @ NO,Showdown 4th Quarter,NFL,10/5,Flex,"NFL In-Game $20K Thunderdome [Must Fill] (4Q ATL @ NO);NFL In-Game $10,170 2026 FFWC Qualifier Satellite [Must Fill] (4Q ATL @ NO);NFL In-Game $3K 4th Quarter Finish [$1K to 1st] (4Q ATL @ NO);NFL In-Game Satellite to NFL $4,444 Fantasy Football MEGA Millionaire [Must Fill] (4Q ATL @ NO);NFL In-Game Satellite to NFL 10-12 $4,444 Showdown MEGA Millionaire [Must Fill] (4Q ATL @ NO);NFL In-Game $285 Bootleg [Single Entry] (4Q ATL @ NO);NFL In-Game $1,060 Winner Take All [$4K to 1st] (Must Fill) (4Q ATL @ NO);NFL In-Game Satellite to NFL 11-1 Midseason Main Event [Must Fill] (4Q ATL @ NO);NFL In-Game Satellite to NFL $555 Fantasy Football Millionaire [Must Fill] (4Q ATL @ NO);NFL In-Game $150 First Down (4Q ATL @ NO)",196298118;196298121;196297447;196298119;196298122;196297446;196298117;196298124;196298120;196297448;196297449;196298125;196297707;196297706;196298037;196298109;196298080;196298081;196317157;196298123,10/5 9:45PM Q4 (ATL @ NO)
Charlie Smyth - Showdown 4th Quarter (Flex),196298118;196298121;196297447;196298119;196298122;196297446;196298117;196298124;196298120;196297448;196297449;196298125;196297707;196297706;196298037;196298109;196298080;196298081;196317157;196298123,Charlie Smyth|NO,44359341,Charlie Smyth,Charlie,Smyth,4800,K,NO,ATL @ NO,10/05/2026 09:45 PM,,ATL @ NO,Showdown 4th Quarter,NFL,10/5,Flex,"NFL In-Game $20K Thunderdome [Must Fill] (4Q ATL @ NO);NFL In-Game $10,170 2026 FFWC Qualifier Satellite [Must Fill] (4Q ATL @ NO);NFL In-Game $3K 4th Quarter Finish [$1K to 1st] (4Q ATL @ NO);NFL In-Game Satellite to NFL $4,444 Fantasy Football MEGA Millionaire [Must Fill] (4Q ATL @ NO);NFL In-Game Satellite to NFL 10-12 $4,444 Showdown MEGA Millionaire [Must Fill] (4Q ATL @ NO);NFL In-Game $285 Bootleg [Single Entry] (4Q ATL @ NO);NFL In-Game $1,060 Winner Take All [$4K to 1st] (Must Fill) (4Q ATL @ NO);NFL In-Game Satellite to NFL 11-1 Midseason Main Event [Must Fill] (4Q ATL @ NO);NFL In-Game Satellite to NFL $555 Fantasy Football Millionaire [Must Fill] (4Q ATL @ NO);NFL In-Game $150 First Down (4Q ATL @ NO)",196298118;196298121;196297447;196298119;196298122;196297446;196298117;196298124;196298120;196297448;196297449;196298125;196297707;196297706;196298037;196298109;196298080;196298081;196317157;196298123,10/5 9:45PM Q4 (ATL @ NO)
Brian Robinson Jr. - Classic,196285112;196285136;196285124;196285111;196285110;196285121;196285113;196285123;196286041;196285114;196285133;196285129;196285132;196285109;196285127;196285125;196285122;196285118;196286044;196285115,Brian Robinson Jr.|ATL,44358261,Brian Robinson Jr.,Brian,Robinson Jr.,4700,RB,ATL,ATL @ NO,10/05/2026 08:15 PM,,ATL @ NO,Classic,NFL,10/5,Standard,NFL $60K Post Pattern [$20K to 1st] (Primetime);NFL $30K Wildcat [$10K to 1st] (Primetime);NFL $15K Huddle [Single Entry] (Primetime);NFL $10K Bootleg [$2K to 1st] (Primetime);NFL $8.5K Luxury Box [Single Entry] (Primetime);NFL $10K Spy [Single Entry] (Primetime);NFL $10K Play-Action [20 Entry Max] (Primetime);NFL $6K Fair Catch [Single Entry] (Primetime);NFL $20K Thunderdome [Must Fill] (Primetime);NFL $7K First Down (Primetime),196285112;196285136;196285124;196285111;196285110;196285121;196285113;196285123;196286041;196285114;196285133;196285129;196285132;196285109;196285127;196285125;196285122;196285118;196286044;196285115,"10/4 8:20PM, 2 Games"
Sione Vaki - Showdown Captain Mode (Captain),196285049;196285047;196285046;196285050;196285056;196285071;196285042;196285064;196285065;196285048;196285095;196285096;196285083;196285089;196285107;196285108;196285105;196285106;196285090;196285094,Sione Vaki|DET,44358519,Sione Vaki,Sione,Vaki,4500,CPT,DET,DET @ CAR,10/04/2026 08:20 PM,,DET @ CAR,Showdown Captain Mode,NFL,10/4,Captain,"NFL Showdown $1M Sunday Night Showdown [$250K to 1st] (DET @ CAR);NFL Showdown $500K Wildcat [$100K to 1st] (DET @ CAR);NFL Showdown $402K Luxury Box [$100K to 1st] (DET @ CAR);NFL Showdown $200K Play-Action [20 Entry Max] (DET @ CAR);NFL Showdown $140K Four-Point Stance [$30K to 1st, 5 Entry Max] (DET @ CAR);NFL Showdown $60K Huddle [Single Entry] (DET @ CAR);NFL Showdown $10K Huddle [Single Entry] (DET @ CAR);NFL Showdown $75K Spy [$15K to 1st, Single Entry] (DET @ CAR);NFL Showdown $25K Spy [Single Entry] (DET @ CAR);NFL Showdown $70K Bootleg [$20K to 1st] (DET @ CAR)",196285049;196285047;196285046;196285050;196285056;196285071;196285042;196285064;196285065;196285048;196285095;196285096;196285083;196285089;196285107;196285108;196285105;196285106;196285090;196285094,10/4 8:20PM (DET @ CAR)
Sione Vaki - Classic,196285112;196285136;196285124;196285111;196285110;196285121;196285113;196285123;196286041;196285114;196285133;196285129;196285132;196285109;196285127;196285125;196285122;196285118;196286044;196285115,Sione Vaki|DET,44358263,Sione Vaki,Sione,Vaki,4500,RB,DET,DET @ CAR,10/04/2026 08:20 PM,,DET @ CAR,Classic,NFL,10/4,Standard,NFL $60K Post Pattern [$20K to 1st] (Primetime);NFL $30K Wildcat [$10K to 1st] (Primetime);NFL $15K Huddle [Single Entry] (Primetime);NFL $10K Bootleg [$2K to 1st] (Primetime);NFL $8.5K Luxury Box [Single Entry] (Primetime);NFL $10K Spy [Single Entry] (Primetime);NFL $10K Play-Action [20 Entry Max] (Primetime);NFL $6K Fair Catch [Single Entry] (Primetime);NFL $20K Thunderdome [Must Fill] (Primetime);NFL $7K First Down (Primetime),196285112;196285136;196285124;196285111;196285110;196285121;196285113;196285123;196286041;196285114;196285133;196285129;196285132;196285109;196285127;196285125;196285122;196285118;196286044;196285115,"10/4 8:20PM, 2 Games"
Kendre Miller - Classic,196285112;196285136;196285124;196285111;196285110;196285121;196285113;196285123;196286041;196285114;196285133;196285129;196285132;196285109;196285127;196285125;196285122;196285118;196286044;196285115,Kendre Miller|NO,44358265,Kendre Miller,Kendre,Miller,4500,RB,NO,ATL @ NO,10/05/2026 08:15 PM,,ATL @ NO,Classic,NFL,10/5,Standard,NFL $60K Post Pattern [$20K to 1st] (Primetime);NFL $30K Wildcat [$10K to 1st] (Primetime);NFL $15K Huddle [Single Entry] (Primetime);NFL $10K Bootleg [$2K to 1st] (Primetime);NFL $8.5K Luxury Box [Single Entry] (Primetime);NFL $10K Spy [Single Entry] (Primetime);NFL $10K Play-Action [20 Entry Max] (Primetime);NFL $6K Fair Catch [Single Entry] (Primetime);NFL $20K Thunderdome [Must Fill] (Primetime);NFL $7K First Down (Primetime),196285112;196285136;196285124;196285111;196285110;196285121;196285113;196285123;196286041;196285114;196285133;196285129;196285132;196285109;196285127;196285125;196285122;196285118;196286044;196285115,"10/4 8:20PM, 2 Games"
Jahan Dotson - Showdown Captain Mode (Captain),196285155;196285153;196285138;196285157;196285156;196285154;196285212;196285175;196285176;196285170;196285171;196285187;196285188;196285189;196285218;196285219;196285220;196285221;196285182;196285183,Jahan Dotson|ATL,44358626,Jahan Dotson,Jahan,Dotson,4500,CPT,ATL,ATL @ NO,10/05/2026 08:15 PM,,ATL @ NO,Showdown Captain Mode,NFL,10/5,Captain,"NFL Showdown $1.5M Monday Night Showdown [$500K to 1st] (ATL @ NO);NFL Showdown $600K Wildcat [$150K to 1st] (ATL @ NO);NFL Showdown $402K Luxury Box [$100K to 1st] (ATL @ NO);NFL Showdown $300K Play-Action [20 Entry Max] (ATL @ NO);NFL Showdown $250K Flea Flicker [$50K to 1st] (ATL @ NO);NFL Showdown $150K Bootleg [$50K to 1st] (ATL @ NO);NFL Showdown $160K Four-Point Stance [$50K to 1st, 5 Entry Max] (ATL @ NO);NFL Showdown $80K Huddle [$10K to 1st, Single Entry] (ATL @ NO);NFL Showdown $20K Huddle [Single Entry] (ATL @ NO);NFL Showdown $100K Spy [$20K to 1st, Single Entry] (ATL @ NO)",196285155;196285153;196285138;196285157;196285156;196285154;196285212;196285175;196285176;196285170;196285171;196285187;196285188;196285189;196285218;196285219;196285220;196285221;196285182;196285183,10/5 8:15PM (ATL @ NO)
Sione Vaki - Showdown 2nd Half (Captain),196297427;196297821;196297824;196297424;196297431;196297428;196297426;196297698;196297429;196297822;196297825;196297820;196297827;196297823;196402607;196297697;196297425;196297430;196297432;196297828,Sione Vaki|DET,44358977,Sione Vaki,Sione,Vaki,4500,CPT,DET,DET @ CAR,10/04/2026 09:20 PM,,DET @ CAR,Showdown 2nd Half,NFL,10/4,Captain,"NFL In-Game $15K 2nd Half Clash [$5K to 1st] (2H DET @ CAR);NFL In-Game $20K Thunderdome [Must Fill] (2H DET @ CAR);NFL In-Game $10,170 2026 FFWC Qualifier Satellite [Must Fill] (2H DET @ CAR);NFL In-Game $1.8K Deep Threat [Single Entry] (2H DET @ CAR);NFL In-Game $1K Huddle [Single Entry] (2H DET @ CAR);NFL In-Game $500 Play-Action (2H DET @ CAR);NFL In-Game $600 Bootleg [Single Entry] (2H DET @ CAR);NFL In-Game $267 Winner Take All [$1K to 1st] (2H DET @ CAR);NFL In-Game $500 First Down (2H DET @ CAR);NFL In-Game Satellite to NFL $4,444 Fantasy Football MEGA Millionaire [Must Fill] (2H DET @ CAR)",196297427;196297821;196297824;196297424;196297431;196297428;196297426;196297698;196297429;196297822;196297825;196297820;196297827;196297823;196402607;196297697;196297425;196297430;196297432;196297828,10/4 9:20PM 2H (DET @ CAR)
Sione Vaki - Showdown 4th Quarter (Captain),196297920;196297923;196297434;196297921;196297924;196297433;196297919;196297926;196297922;196297435;196297436;196297927;196297705;196297704;196297856;196297925;196297829;196297834;196297830;196297835,Sione Vaki|DET,44359077,Sione Vaki,Sione,Vaki,4500,CPT,DET,DET @ CAR,10/04/2026 09:50 PM,,DET @ CAR,Showdown 4th Quarter,NFL,10/4,Captain,"NFL In-Game $20K Thunderdome [Must Fill] (4Q DET @ CAR);NFL In-Game $10,170 2026 FFWC Qualifier Satellite [Must Fill] (4Q DET @ CAR);NFL In-Game $3K 4th Quarter Finish [$1K to 1st] (4Q DET @ CAR);NFL In-Game Satellite to NFL $4,444 Fantasy Football MEGA Millionaire [Must Fill] (4Q DET @ CAR);NFL In-Game Satellite to NFL 10-12 $4,444 Showdown MEGA Millionaire [Must Fill] (4Q DET @ CAR);NFL In-Game $285 Bootleg [Single Entry] (4Q DET @ CAR);NFL In-Game $1,060 Winner Take All [$4K to 1st] (Must Fill) (4Q DET @ CAR);NFL In-Game Satellite to NFL 11-1 Midseason Main Event [Must Fill] (4Q DET @ CAR);NFL In-Game Satellite to NFL $555 Fantasy Football Millionaire [Must Fill] (4Q DET @ CAR);NFL In-Game $150 First Down (4Q DET @ CAR)",196297920;196297923;196297434;196297921;196297924;196297433;196297919;196297926;196297922;196297435;196297436;196297927;196297705;196297704;196297856;196297925;196297829;196297834;196297830;196297835,10/4 9:50PM Q4 (DET @ CAR)
Jahan Dotson - Showdown 2nd Half (Captain),196297440;196298019;196298022;196297437;196297444;196297441;196297439;196297702;196297442;196298020;196298023;196298018;196298025;196298021;196297701;196297438;196297443;196297445;196298026;196297700,Jahan Dotson|ATL,44359178,Jahan Dotson,Jahan,Dotson,4500,CPT,ATL,ATL @ NO,10/05/2026 09:15 PM,,ATL @ NO,Showdown 2nd Half,NFL,10/5,Captain,"NFL In-Game $15K 2nd Half Clash [$5K to 1st] (2H ATL @ NO);NFL In-Game $20K Thunderdome [Must Fill] (2H ATL @ NO);NFL In-Game $10,170 2026 FFWC Qualifier Satellite [Must Fill] (2H ATL @ NO);NFL In-Game $1.8K Deep Threat [Single Entry] (2H ATL @ NO);NFL In-Game $1K Huddle [Single Entry] (2H ATL @ NO);NFL In-Game $500 Play-Action (2H ATL @ NO);NFL In-Game $600 Bootleg [Single Entry] (2H ATL @ NO);NFL In-Game $267 Winner Take All [$1K to 1st] (2H ATL @ NO);NFL In-Game $500 First Down (2H ATL @ NO);NFL In-Game Satellite to NFL $4,444 Fantasy Football MEGA Millionaire [Must Fill] (2H ATL @ NO)",196297440;196298019;196298022;196297437;196297444;196297441;196297439;196297702;196297442;196298020;196298023;196298018;196298025;196298021;196297701;196297438;196297443;196297445;196298026;196297700,10/5 9:15PM 2H (ATL @ NO)
Jahan Dotson - Showdown 4th Quarter (Captain),196298118;196298121;196297447;196298119;196298122;196297446;196298117;196298124;196298120;196297448;196297449;196298125;196297707;196297706;196298037;196298109;196298080;196298081;196317157;196298123,Jahan Dotson|ATL,44359290,Jahan Dotson,Jahan,Dotson,4500,CPT,ATL,ATL @ NO,10/05/2026 09:45 PM,,ATL @ NO,Showdown 4th Quarter,NFL,10/5,Captain,"NFL In-Game $20K Thunderdome [Must Fill] (4Q ATL @ NO);NFL In-Game $10,170 2026 FFWC Qualifier Satellite [Must Fill] (4Q ATL @ NO);NFL In-Game $3K 4th Quarter Finish [$1K to 1st] (4Q ATL @ NO);NFL In-Game Satellite to NFL $4,444 Fantasy Football MEGA Millionaire [Must Fill] (4Q ATL @ NO);NFL In-Game Satellite to NFL 10-12 $4,444 Showdown MEGA Millionaire [Must Fill] (4Q ATL @ NO);NFL In-Game $285 Bootleg [Single Entry] (4Q ATL @ NO);NFL In-Game $1,060 Winner Take All [$4K to 1st] (Must Fill) (4Q ATL @ NO);NFL In-Game Satellite to NFL 11-1 Midseason Main Event [Must Fill] (4Q ATL @ NO);NFL In-Game Satellite to NFL $555 Fantasy Football Millionaire [Must Fill] (4Q ATL @ NO);NFL In-Game $150 First Down (4Q ATL @ NO)",196298118;196298121;196297447;196298119;196298122;196297446;196298117;196298124;196298120;196297448;196297449;196298125;196297707;196297706;196298037;196298109;196298080;196298081;196317157;196298123,10/5 9:45PM Q4 (ATL @ NO)
Darren Waller - Showdown Captain Mode (Flex),196285049;196285047;196285046;196285050;196285056;196285071;196285042;196285064;196285065;196285048;196285095;196285096;196285083;196285089;196285107;196285108;196285105;196285106;196285090;196285094,Darren Waller|CAR,44358462,Darren Waller,Darren,Waller,4400,TE,CAR,DET @ CAR,10/04/2026 08:20 PM,,DET @ CAR,Showdown Captain Mode,NFL,10/4,Flex,"NFL Showdown $1M Sunday Night Showdown [$250K to 1st] (DET @ CAR);NFL Showdown $500K Wildcat [$100K to 1st] (DET @ CAR);NFL Showdown $402K Luxury Box [$100K to 1st] (DET @ CAR);NFL Showdown $200K Play-Action [20 Entry Max] (DET @ CAR);NFL Showdown $140K Four-Point Stance [$30K to 1st, 5 Entry Max] (DET @ CAR);NFL Showdown $60K Huddle [Single Entry] (DET @ CAR);NFL Showdown $10K Huddle [Single Entry] (DET @ CAR);NFL Showdown $75K Spy [$15K to 1st, Single Entry] (DET @ CAR);NFL Showdown $25K Spy [Single Entry] (DET @ CAR);NFL Showdown $70K Bootleg [$20K to 1st] (DET @ CAR)",196285049;196285047;196285046;196285050;196285056;196285071;196285042;196285064;196285065;196285048;196285095;196285096;196285083;196285089;196285107;196285108;196285105;196285106;196285090;196285094,10/4 8:20PM (DET @ CAR)
AJ Dillon - Classic,196285112;196285136;196285124;196285111;196285110;196285121;196285113;196285123;196286041;196285114;196285133;196285129;196285132;196285109;196285127;196285125;196285122;196285118;196286044;196285115,AJ Dillon|CAR,44358267,AJ Dillon,AJ,Dillon,4400,RB,CAR,DET @ CAR,10/04/2026 08:20 PM,,DET @ CAR,Classic,NFL,10/4,Standard,NFL $60K Post Pattern [$20K to 1st] (Primetime);NFL $30K Wildcat [$10K to 1st] (Primetime);NFL $15K Huddle [Single Entry] (Primetime);NFL $10K Bootleg [$2K to 1st] (Primetime);NFL $8.5K Luxury Box [Single Entry] (Primetime);NFL $10K Spy [Single Entry] (Primetime);NFL $10K Play-Action [20 Entry Max] (Primetime);NFL $6K Fair Catch [Single Entry] (Primetime);NFL $20K Thunderdome [Must Fill] (Primetime);NFL $7K First Down (Primetime),196285112;196285136;196285124;196285111;196285110;196285121;196285113;196285123;196286041;196285114;196285133;196285129;196285132;196285109;196285127;196285125;196285122;196285118;196286044;196285115,"10/4 8:20PM, 2 Games"
Noah Fant - Showdown Captain Mode (Flex),196285155;196285153;196285138;196285157;196285156;196285154;196285212;196285175;196285176;196285170;196285171;196285187;196285188;196285189;196285218;196285219;196285220;196285221;196285182;196285183,Noah Fant|NO,44358566,Noah Fant,Noah,Fant,4400,TE,NO,ATL @ NO,10/05/2026 08:15 PM,,ATL @ NO,Showdown Captain Mode,NFL,10/5,Flex,"NFL Showdown $1.5M Monday Night Showdown [$500K to 1st] (ATL @ NO);NFL Showdown $600K Wildcat [$150K to 1st] (ATL @ NO);NFL Showdown $402K Luxury Box [$100K to 1st] (ATL @ NO);NFL Showdown $300K Play-Action [20 Entry Max] (ATL @ NO);NFL Showdown $250K Flea Flicker [$50K to 1st] (ATL @ NO);NFL Showdown $150K Bootleg [$50K to 1st] (ATL @ NO);NFL Showdown $160K Four-Point Stance [$50K to 1st, 5 Entry Max] (ATL @ NO);NFL Showdown $80K Huddle [$10K to 1st, Single Entry] (ATL @ NO);NFL Showdown $20K Huddle [Single Entry] (ATL @ NO);NFL Showdown $100K Spy [$20K to 1st, Single Entry] (ATL @ NO)",196285155;196285153;196285138;196285157;196285156;196285154;196285212;196285175;196285176;196285170;196285171;196285187;196285188;196285189;196285218;196285219;196285220;196285221;196285182;196285183,10/5 8:15PM (ATL @ NO)
Darren Waller - Showdown 2nd Half (Flex),196297427;196297821;196297824;196297424;196297431;196297428;196297426;196297698;196297429;196297822;196297825;196297820;196297827;196297823;196402607;196297697;196297425;196297430;196297432;196297828,Darren Waller|CAR,44359020,Darren Waller,Darren,Waller,4400,TE,CAR,DET @ CAR,10/04/2026 09:20 PM,,DET @ CAR,Showdown 2nd Half,NFL,10/4,Flex,"NFL In-Game $15K 2nd Half Clash [$5K to 1st] (2H DET @ CAR);NFL In-Game $20K Thunderdome [Must Fill] (2H DET @ CAR);NFL In-Game $10,170 2026 FFWC Qualifier Satellite [Must Fill] (2H DET @ CAR);NFL In-Game $1.8K Deep Threat [Single Entry] (2H DET @ CAR);NFL In-Game $1K Huddle [Single Entry] (2H DET @ CAR);NFL In-Game $500 Play-Action (2H DET @ CAR);NFL In-Game $600 Bootleg [Single Entry] (2H DET @ CAR);NFL In-Game $267 Winner Take All [$1K to 1st] (2H DET @ CAR);NFL In-Game $500 First Down (2H DET @ CAR);NFL In-Game Satellite to NFL $4,444 Fantasy Football MEGA Millionaire [Must Fill] (2H DET @ CAR)",196297427;196297821;196297824;196297424;196297431;196297428;196297426;196297698;196297429;196297822;196297825;196297820;196297827;196297823;196402607;196297697;196297425;196297430;196297432;196297828,10/4 9:20PM 2H (DET @ CAR)
Darren Waller - Showdown 4th Quarter (Flex),196297920;196297923;196297434;196297921;196297924;196297433;196297919;196297926;196297922;196297435;196297436;196297927;196297705;196297704;196297856;196297925;196297829;196297834;196297830;196297835,Darren Waller|CAR,44359120,Darren Waller,Darren,Waller,4400,TE,CAR,DET @ CAR,10/04/2026 09:50 PM,,DET @ CAR,Showdown 4th Quarter,NFL,10/4,Flex,"NFL In-Game $20K Thunderdome [Must Fill] (4Q DET @ CAR);NFL In-Game $10,170 2026 FFWC Qualifier Satellite [Must Fill] (4Q DET @ CAR);NFL In-Game $3K 4th Quarter Finish [$1K to 1st] (4Q DET @ CAR);NFL In-Game Satellite to NFL $4,444 Fantasy Football MEGA Millionaire [Must Fill] (4Q DET @ CAR);NFL In-Game Satellite to NFL 10-12 $4,444 Showdown MEGA Millionaire [Must Fill] (4Q DET @ CAR);NFL In-Game $285 Bootleg [Single Entry] (4Q DET @ CAR);NFL In-Game $1,060 Winner Take All [$4K to 1st] (Must Fill) (4Q DET @ CAR);NFL In-Game Satellite to NFL 11-1 Midseason Main Event [Must Fill] (4Q DET @ CAR);NFL In-Game Satellite to NFL $555 Fantasy Football Millionaire [Must Fill] (4Q DET @ CAR);NFL In-Game $150 First Down (4Q DET @ CAR)",196297920;196297923;196297434;196297921;196297924;196297433;196297919;196297926;196297922;196297435;196297436;196297927;196297705;196297704;196297856;196297925;196297829;196297834;196297830;196297835,10/4 9:50PM Q4 (DET @ CAR)
Noah Fant - Showdown 2nd Half (Flex),196297440;196298019;196298022;196297437;196297444;196297441;196297439;196297702;196297442;196298020;196298023;196298018;196298025;196298021;196297701;196297438;196297443;196297445;196298026;196297700,Noah Fant|NO,44359230,Noah Fant,Noah,Fant,4400,TE,NO,ATL @ NO,10/05/2026 09:15 PM,,ATL @ NO,Showdown 2nd Half,NFL,10/5,Flex,"NFL In-Game $15K 2nd Half Clash [$5K to 1st] (2H ATL @ NO);NFL In-Game $20K Thunderdome [Must Fill] (2H ATL @ NO);NFL In-Game $10,170 2026 FFWC Qualifier Satellite [Must Fill] (2H ATL @ NO);NFL In-Game $1.8K Deep Threat [Single Entry] (2H ATL @ NO);NFL In-Game $1K Huddle [Single Entry] (2H ATL @ NO);NFL In-Game $500 Play-Action (2H ATL @ NO);NFL In-Game $600 Bootleg [Single Entry] (2H ATL @ NO);NFL In-Game $267 Winner Take All [$1K to 1st] (2H ATL @ NO);NFL In-Game $500 First Down (2H ATL @ NO);NFL In-Game Satellite to NFL $4,444 Fantasy Football MEGA Millionaire [Must Fill] (2H ATL @ NO)",196297440;196298019;196298022;196297437;196297444;196297441;196297439;196297702;196297442;196298020;196298023;196298018;196298025;196298021;196297701;196297438;196297443;196297445;196298026;196297700,10/5 9:15PM 2H (ATL @ NO)
Noah Fant - Showdown 4th Quarter (Flex),196298118;196298121;196297447;196298119;196298122;196297446;196298117;196298124;196298120;196297448;196297449;196298125;196297707;196297706;196298037;196298109;196298080;196298081;196317157;196298123,Noah Fant|NO,44359342,Noah Fant,Noah,Fant,4400,TE,NO,ATL @ NO,10/05/2026 09:45 PM,,ATL @ NO,Showdown 4th Quarter,NFL,10/5,Flex,"NFL In-Game $20K Thunderdome [Must Fill] (4Q ATL @ NO);NFL In-Game $10,170 2026 FFWC Qualifier Satellite [Must Fill] (4Q ATL @ NO);NFL In-Game $3K 4th Quarter Finish [$1K to 1st] (4Q ATL @ NO);NFL In-Game Satellite to NFL $4,444 Fantasy Football MEGA Millionaire [Must Fill] (4Q ATL @ NO);NFL In-Game Satellite to NFL 10-12 $4,444 Showdown MEGA Millionaire [Must Fill] (4Q ATL @ NO);NFL In-Game $285 Bootleg [Single Entry] (4Q ATL @ NO);NFL In-Game $1,060 Winner Take All [$4K to 1st] (Must Fill) (4Q ATL @ NO);NFL In-Game Satellite to NFL 11-1 Midseason Main Event [Must Fill] (4Q ATL @ NO);NFL In-Game Satellite to NFL $555 Fantasy Football Millionaire [Must Fill] (4Q ATL @ NO);NFL In-Game $150 First Down (4Q ATL @ NO)",196298118;196298121;196297447;196298119;196298122;196297446;196298117;196298124;196298120;196297448;196297449;196298125;196297707;196297706;196298037;196298109;196298080;196298081;196317157;196298123,10/5 9:45PM Q4 (ATL @ NO)
Isaac TeSlaa - Showdown Captain Mode (Flex),196285049;196285047;196285046;196285050;196285056;196285071;196285042;196285064;196285065;196285048;196285095;196285096;196285083;196285089;196285107;196285108;196285105;196285106;196285090;196285094,Isaac TeSlaa|DET,44358463,Isaac TeSlaa,Isaac,TeSlaa,4200,WR,DET,DET @ CAR,10/04/2026 08:20 PM,,DET @ CAR,Showdown Captain Mode,NFL,10/4,Flex,"NFL Showdown $1M Sunday Night Showdown [$250K to 1st] (DET @ CAR);NFL Showdown $500K Wildcat [$100K to 1st] (DET @ CAR);NFL Showdown $402K Luxury Box [$100K to 1st] (DET @ CAR);NFL Showdown $200K Play-Action [20 Entry Max] (DET @ CAR);NFL Showdown $140K Four-Point Stance [$30K to 1st, 5 Entry Max] (DET @ CAR);NFL Showdown $60K Huddle [Single Entry] (DET @ CAR);NFL Showdown $10K Huddle [Single Entry] (DET @ CAR);NFL Showdown $75K Spy [$15K to 1st, Single Entry] (DET @ CAR);NFL Showdown $25K Spy [Single Entry] (DET @ CAR);NFL Showdown $70K Bootleg [$20K to 1st] (DET @ CAR)",196285049;196285047;196285046;196285050;196285056;196285071;196285042;196285064;196285065;196285048;196285095;196285096;196285083;196285089;196285107;196285108;196285105;196285106;196285090;196285094,10/4 8:20PM (DET @ CAR)
Juwan Johnson - Classic,196285112;196285136;196285124;196285111;196285110;196285121;196285113;196285123;196286041;196285114;196285133;196285129;196285132;196285109;196285127;196285125;196285122;196285118;196286044;196285115,Juwan Johnson|NO,44358371,Juwan Johnson,Juwan,Johnson,4200,TE,NO,ATL @ NO,10/05/2026 08:15 PM,,ATL @ NO,Classic,NFL,10/5,Standard,NFL $60K Post Pattern [$20K to 1st] (Primetime);NFL $30K Wildcat [$10K to 1st] (Primetime);NFL $15K Huddle [Single Entry] (Primetime);NFL $10K Bootleg [$2K to 1st] (Primetime);NFL $8.5K Luxury Box [Single Entry] (Primetime);NFL $10K Spy [Single Entry] (Primetime);NFL $10K Play-Action [20 Entry Max] (Primetime);NFL $6K Fair Catch [Single Entry] (Primetime);NFL $20K Thunderdome [Must Fill] (Primetime);NFL $7K First Down (Primetime),196285112;196285136;196285124;196285111;196285110;196285121;196285113;196285123;196286041;196285114;196285133;196285129;196285132;196285109;196285127;196285125;196285122;196285118;196286044;196285115,"10/4 8:20PM, 2 Games"
Saints - Showdown Captain Mode (Flex),196285155;196285153;196285138;196285157;196285156;196285154;196285212;196285175;196285176;196285170;196285171;196285187;196285188;196285189;196285218;196285219;196285220;196285221;196285182;196285183,Saints|NO,44358567,Saints,Saints,,4200,DST,NO,ATL @ NO,10/05/2026 08:15 PM,,ATL @ NO,Showdown Captain Mode,NFL,10/5,Flex,"NFL Showdown $1.5M Monday Night Showdown [$500K to 1st] (ATL @ NO);NFL Showdown $600K Wildcat [$150K to 1st] (ATL @ NO);NFL Showdown $402K Luxury Box [$100K to 1st] (ATL @ NO);NFL Showdown $300K Play-Action [20 Entry Max] (ATL @ NO);NFL Showdown $250K Flea Flicker [$50K to 1st] (ATL @ NO);NFL Showdown $150K Bootleg [$50K to 1st] (ATL @ NO);NFL Showdown $160K Four-Point Stance [$50K to 1st, 5 Entry Max] (ATL @ NO);NFL Showdown $80K Huddle [$10K to 1st, Single Entry] (ATL @ NO);NFL Showdown $20K Huddle [Single Entry] (ATL @ NO);NFL Showdown $100K Spy [$20K to 1st, Single Entry] (ATL @ NO)",196285155;196285153;196285138;196285157;196285156;196285154;196285212;196285175;196285176;196285170;196285171;196285187;196285188;196285189;196285218;196285219;196285220;196285221;196285182;196285183,10/5 8:15PM (ATL @ NO)
Austin Hooper - Showdown Captain Mode (Captain),196285155;196285153;196285138;196285157;196285156;196285154;196285212;196285175;196285176;196285170;196285171;196285187;196285188;196285189;196285218;196285219;196285220;196285221;196285182;196285183,Austin Hooper|ATL,44358627,Austin Hooper,Austin,Hooper,4200,CPT,ATL,ATL @ NO,10/05/2026 08:15 PM,,ATL @ NO,Showdown Captain Mode,NFL,10/5,Captain,"NFL Showdown $1.5M Monday Night Showdown [$500K to 1st] (ATL @ NO);NFL Showdown $600K Wildcat [$150K to 1st] (ATL @ NO);NFL Showdown $402K Luxury Box [$100K to 1st] (ATL @ NO);NFL Showdown $300K Play-Action [20 Entry Max] (ATL @ NO);NFL Showdown $250K Flea Flicker [$50K to 1st] (ATL @ NO);NFL Showdown $150K Bootleg [$50K to 1st] (ATL @ NO);NFL Showdown $160K Four-Point Stance [$50K to 1st, 5 Entry Max] (ATL @ NO);NFL Showdown $80K Huddle [$10K to 1st, Single Entry] (ATL @ NO);NFL Showdown $20K Huddle [Single Entry] (ATL @ NO);NFL Showdown $100K Spy [$20K to 1st, Single Entry] (ATL @ NO)",196285155;196285153;196285138;196285157;196285156;196285154;196285212;196285175;196285176;196285170;196285171;196285187;196285188;196285189;196285218;196285219;196285220;196285221;196285182;196285183,10/5 8:15PM (ATL @ NO)
Isaac TeSlaa - Showdown 2nd Half (Flex),196297427;196297821;196297824;196297424;196297431;196297428;196297426;196297698;196297429;196297822;196297825;196297820;196297827;196297823;196402607;196297697;196297425;196297430;196297432;196297828,Isaac TeSlaa|DET,44359021,Isaac TeSlaa,Isaac,TeSlaa,4200,WR,DET,DET @ CAR,10/04/2026 09:20 PM,,DET @ CAR,Showdown 2nd Half,NFL,10/4,Flex,"NFL In-Game $15K 2nd Half Clash [$5K to 1st] (2H DET @ CAR);NFL In-Game $20K Thunderdome [Must Fill] (2H DET @ CAR);NFL In-Game $10,170 2026 FFWC Qualifier Satellite [Must Fill] (2H DET @ CAR);NFL In-Game $1.8K Deep Threat [Single Entry] (2H DET @ CAR);NFL In-Game $1K Huddle [Single Entry] (2H DET @ CAR);NFL In-Game $500 Play-Action (2H DET @ CAR);NFL In-Game $600 Bootleg [Single Entry] (2H DET @ CAR);NFL In-Game $267 Winner Take All [$1K to 1st] (2H DET @ CAR);NFL In-Game $500 First Down (2H DET @ CAR);NFL In-Game Satellite to NFL $4,444 Fantasy Football MEGA Millionaire [Must Fill] (2H DET @ CAR)",196297427;196297821;196297824;196297424;196297431;196297428;196297426;196297698;196297429;196297822;196297825;196297820;196297827;196297823;196402607;196297697;196297425;196297430;196297432;196297828,10/4 9:20PM 2H (DET @ CAR)
Isaac TeSlaa - Showdown 4th Quarter (Flex),196297920;196297923;196297434;196297921;196297924;196297433;196297919;196297926;196297922;196297435;196297436;196297927;196297705;196297704;196297856;196297925;196297829;196297834;196297830;196297835,Isaac TeSlaa|DET,44359121,Isaac TeSlaa,Isaac,TeSlaa,4200,WR,DET,DET @ CAR,10/04/2026 09:50 PM,,DET @ CAR,Showdown 4th Quarter,NFL,10/4,Flex,"NFL In-Game $20K Thunderdome [Must Fill] (4Q DET @ CAR);NFL In-Game $10,170 2026 FFWC Qualifier Satellite [Must Fill] (4Q DET @ CAR);NFL In-Game $3K 4th Quarter Finish [$1K to 1st] (4Q DET @ CAR);NFL In-Game Satellite to NFL $4,444 Fantasy Football MEGA Millionaire [Must Fill] (4Q DET @ CAR);NFL In-Game Satellite to NFL 10-12 $4,444 Showdown MEGA Millionaire [Must Fill] (4Q DET @ CAR);NFL In-Game $285 Bootleg [Single Entry] (4Q DET @ CAR);NFL In-Game $1,060 Winner Take All [$4K to 1st] (Must Fill) (4Q DET @ CAR);NFL In-Game Satellite to NFL 11-1 Midseason Main Event [Must Fill] (4Q DET @ CAR);NFL In-Game Satellite to NFL $555 Fantasy Football Millionaire [Must Fill] (4Q DET @ CAR);NFL In-Game $150 First Down (4Q DET @ CAR)",196297920;196297923;196297434;196297921;196297924;196297433;196297919;196297926;196297922;196297435;196297436;196297927;196297705;196297704;196297856;196297925;196297829;196297834;196297830;196297835,10/4 9:50PM Q4 (DET @ CAR)
Saints - Showdown 2nd Half (Flex),196297440;196298019;196298022;196297437;196297444;196297441;196297439;196297702;196297442;196298020;196298023;196298018;196298025;196298021;196297701;196297438;196297443;196297445;196298026;196297700,Saints|NO,44359231,Saints,Saints,,4200,DST,NO,ATL @ NO,10/05/2026 09:15 PM,,ATL @ NO,Showdown 2nd Half,NFL,10/5,Flex,"NFL In-Game $15K 2nd Half Clash [$5K to 1st] (2H ATL @ NO);NFL In-Game $20K Thunderdome [Must Fill] (2H ATL @ NO);NFL In-Game $10,170 2026 FFWC Qualifier Satellite [Must Fill] (2H ATL @ NO);NFL In-Game $1.8K Deep Threat [Single Entry] (2H ATL @ NO);NFL In-Game $1K Huddle [Single Entry] (2H ATL @ NO);NFL In-Game $500 Play-Action (2H ATL @ NO);NFL In-Game $600 Bootleg [Single Entry] (2H ATL @ NO);NFL In-Game $267 Winner Take All [$1K to 1st] (2H ATL @ NO);NFL In-Game $500 First Down (2H ATL @ NO);NFL In-Game Satellite to NFL $4,444 Fantasy Football MEGA Millionaire [Must Fill] (2H ATL @ NO)",196297440;196298019;196298022;196297437;196297444;196297441;196297439;196297702;196297442;196298020;196298023;196298018;196298025;196298021;196297701;196297438;196297443;196297445;196298026;196297700,10/5 9:15PM 2H (ATL @ NO)
Austin Hooper - Showdown 2nd Half (Captain),196297440;196298019;196298022;196297437;196297444;196297441;196297439;196297702;196297442;196298020;196298023;196298018;196298025;196298021;196297701;196297438;196297443;196297445;196298026;196297700,Austin Hooper|ATL,44359179,Austin Hooper,Austin,Hooper,4200,CPT,ATL,ATL @ NO,10/05/2026 09:15 PM,,ATL @ NO,Showdown 2nd Half,NFL,10/5,Captain,"NFL In-Game $15K 2nd Half Clash [$5K to 1st] (2H ATL @ NO);NFL In-Game $20K Thunderdome [Must Fill] (2H ATL @ NO);NFL In-Game $10,170 2026 FFWC Qualifier Satellite [Must Fill] (2H ATL @ NO);NFL In-Game $1.8K Deep Threat [Single Entry] (2H ATL @ NO);NFL In-Game $1K Huddle [Single Entry] (2H ATL @ NO);NFL In-Game $500 Play-Action (2H ATL @ NO);NFL In-Game $600 Bootleg [Single Entry] (2H ATL @ NO);NFL In-Game $267 Winner Take All [$1K to 1st] (2H ATL @ NO);NFL In-Game $500 First Down (2H ATL @ NO);NFL In-Game Satellite to NFL $4,444 Fantasy Football MEGA Millionaire [Must Fill] (2H ATL @ NO)",196297440;196298019;196298022;196297437;196297444;196297441;196297439;196297702;196297442;196298020;196298023;196298018;196298025;196298021;196297701;196297438;196297443;196297445;196298026;196297700,10/5 9:15PM 2H (ATL @ NO)
Saints - Showdown 4th Quarter (Flex),196298118;196298121;196297447;196298119;196298122;196297446;196298117;196298124;196298120;196297448;196297449;196298125;196297707;196297706;196298037;196298109;196298080;196298081;196317157;196298123,Saints|NO,44359343,Saints,Saints,,4200,DST,NO,ATL @ NO,10/05/2026 09:45 PM,,ATL @ NO,Showdown 4th Quarter,NFL,10/5,Flex,"NFL In-Game $20K Thunderdome [Must Fill] (4Q ATL @ NO);NFL In-Game $10,170 2026 FFWC Qualifier Satellite [Must Fill] (4Q ATL @ NO);NFL In-Game $3K 4th Quarter Finish [$1K to 1st] (4Q ATL @ NO);NFL In-Game Satellite to NFL $4,444 Fantasy Football MEGA Millionaire [Must Fill] (4Q ATL @ NO);NFL In-Game Satellite to NFL 10-12 $4,444 Showdown MEGA Millionaire [Must Fill] (4Q ATL @ NO);NFL In-Game $285 Bootleg [Single Entry] (4Q ATL @ NO);NFL In-Game $1,060 Winner Take All [$4K to 1st] (Must Fill) (4Q ATL @ NO);NFL In-Game Satellite to NFL 11-1 Midseason Main Event [Must Fill] (4Q ATL @ NO);NFL In-Game Satellite to NFL $555 Fantasy Football Millionaire [Must Fill] (4Q ATL @ NO);NFL In-Game $150 First Down (4Q ATL @ NO)",196298118;196298121;196297447;196298119;196298122;196297446;196298117;196298124;196298120;196297448;196297449;196298125;196297707;196297706;196298037;196298109;196298080;196298081;196317157;196298123,10/5 9:45PM Q4 (ATL @ NO)
Austin Hooper - Showdown 4th Quarter (Captain),196298118;196298121;196297447;196298119;196298122;196297446;196298117;196298124;196298120;196297448;196297449;196298125;196297707;196297706;196298037;196298109;196298080;196298081;196317157;196298123,Austin Hooper|ATL,44359291,Austin Hooper,Austin,Hooper,4200,CPT,ATL,ATL @ NO,10/05/2026 09:45 PM,,ATL @ NO,Showdown 4th Quarter,NFL,10/5,Captain,"NFL In-Game $20K Thunderdome [Must Fill] (4Q ATL @ NO);NFL In-Game $10,170 2026 FFWC Qualifier Satellite [Must Fill] (4Q ATL @ NO);NFL In-Game $3K 4th Quarter Finish [$1K to 1st] (4Q ATL @ NO);NFL In-Game Satellite to NFL $4,444 Fantasy Football MEGA Millionaire [Must Fill] (4Q ATL @ NO);NFL In-Game Satellite to NFL 10-12 $4,444 Showdown MEGA Millionaire [Must Fill] (4Q ATL @ NO);NFL In-Game $285 Bootleg [Single Entry] (4Q ATL @ NO);NFL In-Game $1,060 Winner Take All [$4K to 1st] (Must Fill) (4Q ATL @ NO);NFL In-Game Satellite to NFL 11-1 Midseason Main Event [Must Fill] (4Q ATL @ NO);NFL In-Game Satellite to NFL $555 Fantasy Football Millionaire [Must Fill] (4Q ATL @ NO);NFL In-Game $150 First Down (4Q ATL @ NO)",196298118;196298121;196297447;196298119;196298122;196297446;196298117;196298124;196298120;196297448;196297449;196298125;196297707;196297706;196298037;196298109;196298080;196298081;196317157;196298123,10/5 9:45PM Q4 (ATL @ NO)
Sam LaPorta - Classic,196285112;196285136;196285124;196285111;196285110;196285121;196285113;196285123;196286041;196285114;196285133;196285129;196285132;196285109;196285127;196285125;196285122;196285118;196286044;196285115,Sam LaPorta|DET,44358373,Sam LaPorta,Sam,LaPorta,4100,TE,DET,DET @ CAR,10/04/2026 08:20 PM,,DET @ CAR,Classic,NFL,10/4,Standard,NFL $60K Post Pattern [$20K to 1st] (Primetime);NFL $30K Wildcat [$10K to 1st] (Primetime);NFL $15K Huddle [Single Entry] (Primetime);NFL $10K Bootleg [$2K to 1st] (Primetime);NFL $8.5K Luxury Box [Single Entry] (Primetime);NFL $10K Spy [Single Entry] (Primetime);NFL $10K Play-Action [20 Entry Max] (Primetime);NFL $6K Fair Catch [Single Entry] (Primetime);NFL $20K Thunderdome [Must Fill] (Primetime);NFL $7K First Down (Primetime),196285112;196285136;196285124;196285111;196285110;196285121;196285113;196285123;196286041;196285114;196285133;196285129;196285132;196285109;196285127;196285125;196285122;196285118;196286044;196285115,"10/4 8:20PM, 2 Games"
Lions - Showdown Captain Mode (Flex),196285049;196285047;196285046;196285050;196285056;196285071;196285042;196285064;196285065;196285048;196285095;196285096;196285083;196285089;196285107;196285108;196285105;196285106;196285090;196285094,Lions|DET,44358464,Lions,Lions,,4000,DST,DET,DET @ CAR,10/04/2026 08:20 PM,,DET @ CAR,Showdown Captain Mode,NFL,10/4,Flex,"NFL Showdown $1M Sunday Night Showdown [$250K to 1st] (DET @ CAR);NFL Showdown $500K Wildcat [$100K to 1st] (DET @ CAR);NFL Showdown $402K Luxury Box [$100K to 1st] (DET @ CAR);NFL Showdown $200K Play-Action [20 Entry Max] (DET @ CAR);NFL Showdown $140K Four-Point Stance [$30K to 1st, 5 Entry Max] (DET @ CAR);NFL Showdown $60K Huddle [Single Entry] (DET @ CAR);NFL Showdown $10K Huddle [Single Entry] (DET @ CAR);NFL Showdown $75K Spy [$15K to 1st, Single Entry] (DET @ CAR);NFL Showdown $25K Spy [Single Entry] (DET @ CAR);NFL Showdown $70K Bootleg [$20K to 1st] (DET @ CAR)",196285049;196285047;196285046;196285050;196285056;196285071;196285042;196285064;196285065;196285048;196285095;196285096;196285083;196285089;196285107;196285108;196285105;196285106;196285090;196285094,10/4 8:20PM (DET @ CAR)
Kenny Pickett - Classic,196285112;196285136;196285124;196285111;196285110;196285121;196285113;196285123;196286041;196285114;196285133;196285129;196285132;196285109;196285127;196285125;196285122;196285118;196286044;196285115,Kenny Pickett|CAR,44358242,Kenny Pickett,Kenny,Pickett,4000,QB,CAR,DET @ CAR,10/04/2026 08:20 PM,,DET @ CAR,Classic,NFL,10/4,Standard,NFL $60K Post Pattern [$20K to 1st] (Primetime);NFL $30K Wildcat [$10K to 1st] (Primetime);NFL $15K Huddle [Single Entry] (Primetime);NFL $10K Bootleg [$2K to 1st] (Primetime);NFL $8.5K Luxury Box [Single Entry] (Primetime);NFL $10K Spy [Single Entry] (Primetime);NFL $10K Play-Action [20 Entry Max] (Primetime);NFL $6K Fair Catch [Single Entry] (Primetime);NFL $20K Thunderdome [Must Fill] (Primetime);NFL $7K First Down (Primetime),196285112;196285136;196285124;196285111;196285110;196285121;196285113;196285123;196286041;196285114;196285133;196285129;196285132;196285109;196285127;196285125;196285122;196285118;196286044;196285115,"10/4 8:20PM, 2 Games"
Haynes King - Classic,196285112;196285136;196285124;196285111;196285110;196285121;196285113;196285123;196286041;196285114;196285133;196285129;196285132;196285109;196285127;196285125;196285122;196285118;196286044;196285115,Haynes King|CAR,44358243,Haynes King,Haynes,King,4000,QB,CAR,DET @ CAR,10/04/2026 08:20 PM,,DET @ CAR,Classic,NFL,10/4,Standard,NFL $60K Post Pattern [$20K to 1st] (Primetime);NFL $30K Wildcat [$10K to 1st] (Primetime);NFL $15K Huddle [Single Entry] (Primetime);NFL $10K Bootleg [$2K to 1st] (Primetime);NFL $8.5K Luxury Box [Single Entry] (Primetime);NFL $10K Spy [Single Entry] (Primetime);NFL $10K Play-Action [20 Entry Max] (Primetime);NFL $6K Fair Catch [Single Entry] (Primetime);NFL $20K Thunderdome [Must Fill] (Primetime);NFL $7K First Down (Primetime),196285112;196285136;196285124;196285111;196285110;196285121;196285113;196285123;196286041;196285114;196285133;196285129;196285132;196285109;196285127;196285125;196285122;196285118;196286044;196285115,"10/4 8:20PM, 2 Games"
Joshua Dobbs - Classic,196285112;196285136;196285124;196285111;196285110;196285121;196285113;196285123;196286041;196285114;196285133;196285129;196285132;196285109;196285127;196285125;196285122;196285118;196286044;196285115,Joshua Dobbs|DET,44358244,Joshua Dobbs,Joshua,Dobbs,4000,QB,DET,DET @ CAR,10/04/2026 08:20 PM,,DET @ CAR,Classic,NFL,10/4,Standard,NFL $60K Post Pattern [$20K to 1st] (Primetime);NFL $30K Wildcat [$10K to 1st] (Primetime);NFL $15K Huddle [Single Entry] (Primetime);NFL $10K Bootleg [$2K to 1st] (Primetime);NFL $8.5K Luxury Box [Single Entry] (Primetime);NFL $10K Spy [Single Entry] (Primetime);NFL $10K Play-Action [20 Entry Max] (Primetime);NFL $6K Fair Catch [Single Entry] (Primetime);NFL $20K Thunderdome [Must Fill] (Primetime);NFL $7K First Down (Primetime),196285112;196285136;196285124;196285111;196285110;196285121;196285113;196285123;196286041;196285114;196285133;196285129;196285132;196285109;196285127;196285125;196285122;196285118;196286044;196285115,"10/4 8:20PM, 2 Games"
Luke Altmyer - Classic,196285112;196285136;196285124;196285111;196285110;196285121;196285113;196285123;196286041;196285114;196285133;196285129;196285132;196285109;196285127;196285125;196285122;196285118;196286044;196285115,Luke Altmyer|DET,44358245,Luke Altmyer,Luke,Altmyer,4000,QB,DET,DET @ CAR,10/04/2026 08:20 PM,,DET @ CAR,Classic,NFL,10/4,Standard,NFL $60K Post Pattern [$20K to 1st] (Primetime);NFL $30K Wildcat [$10K to 1st] (Primetime);NFL $15K Huddle [Single Entry] (Primetime);NFL $10K Bootleg [$2K to 1st] (Primetime);NFL $8.5K Luxury Box [Single Entry] (Primetime);NFL $10K Spy [Single Entry] (Primetime);NFL $10K Play-Action [20 Entry Max] (Primetime);NFL $6K Fair Catch [Single Entry] (Primetime);NFL $20K Thunderdome [Must Fill] (Primetime);NFL $7K First Down (Primetime),196285112;196285136;196285124;196285111;196285110;196285121;196285113;196285123;196286041;196285114;196285133;196285129;196285132;196285109;196285127;196285125;196285122;196285118;196286044;196285115,"10/4 8:20PM, 2 Games"
Spencer Rattler - Classic,196285112;196285136;196285124;196285111;196285110;196285121;196285113;196285123;196286041;196285114;196285133;196285129;196285132;196285109;196285127;196285125;196285122;196285118;196286044;196285115,Spencer Rattler|NO,44358246,Spencer Rattler,Spencer,Rattler,4000,QB,NO,ATL @ NO,10/05/2026 08:15 PM,,ATL @ NO,Classic,NFL,10/5,Standard,NFL $60K Post Pattern [$20K to 1st] (Primetime);NFL $30K Wildcat [$10K to 1st] (Primetime);NFL $15K Huddle [Single Entry] (Primetime);NFL $10K Bootleg [$2K to 1st] (Primetime);NFL $8.5K Luxury Box [Single Entry] (Primetime);NFL $10K Spy [Single Entry] (Primetime);NFL $10K Play-Action [20 Entry Max] (Primetime);NFL $6K Fair Catch [Single Entry] (Primetime);NFL $20K Thunderdome [Must Fill] (Primetime);NFL $7K First Down (Primetime),196285112;196285136;196285124;196285111;196285110;196285121;196285113;196285123;196286041;196285114;196285133;196285129;196285132;196285109;196285127;196285125;196285122;196285118;196286044;196285115,"10/4 8:20PM, 2 Games"
Zach Wilson - Classic,196285112;196285136;196285124;196285111;196285110;196285121;196285113;196285123;196286041;196285114;196285133;196285129;196285132;196285109;196285127;196285125;196285122;196285118;196286044;196285115,Zach Wilson|NO,44358247,Zach Wilson,Zach,Wilson,4000,QB,NO,ATL @ NO,10/05/2026 08:15 PM,,ATL @ NO,Classic,NFL,10/5,Standard,NFL $60K Post Pattern [$20K to 1st] (Primetime);NFL $30K Wildcat [$10K to 1st] (Primetime);NFL $15K Huddle [Single Entry] (Primetime);NFL $10K Bootleg [$2K to 1st] (Primetime);NFL $8.5K Luxury Box [Single Entry] (Primetime);NFL $10K Spy [Single Entry] (Primetime);NFL $10K Play-Action [20 Entry Max] (Primetime);NFL $6K Fair Catch [Single Entry] (Primetime);NFL $20K Thunderdome [Must Fill] (Primetime);NFL $7K First Down (Primetime),196285112;196285136;196285124;196285111;196285110;196285121;196285113;196285123;196286041;196285114;196285133;196285129;196285132;196285109;196285127;196285125;196285122;196285118;196286044;196285115,"10/4 8:20PM, 2 Games"
Tua Tagovailoa - Classic,196285112;196285136;196285124;196285111;196285110;196285121;196285113;196285123;196286041;196285114;196285133;196285129;196285132;196285109;196285127;196285125;196285122;196285118;196286044;196285115,Tua Tagovailoa|ATL,44358248,Tua Tagovailoa,Tua,Tagovailoa,4000,QB,ATL,ATL @ NO,10/05/2026 08:15 PM,,ATL @ NO,Classic,NFL,10/5,Standard,NFL $60K Post Pattern [$20K to 1st] (Primetime);NFL $30K Wildcat [$10K to 1st] (Primetime);NFL $15K Huddle [Single Entry] (Primetime);NFL $10K Bootleg [$2K to 1st] (Primetime);NFL $8.5K Luxury Box [Single Entry] (Primetime);NFL $10K Spy [Single Entry] (Primetime);NFL $10K Play-Action [20 Entry Max] (Primetime);NFL $6K Fair Catch [Single Entry] (Primetime);NFL $20K Thunderdome [Must Fill] (Primetime);NFL $7K First Down (Primetime),196285112;196285136;196285124;196285111;196285110;196285121;196285113;196285123;196286041;196285114;196285133;196285129;196285132;196285109;196285127;196285125;196285122;196285118;196286044;196285115,"10/4 8:20PM, 2 Games"
Cooper Rush - Classic,196285112;196285136;196285124;196285111;196285110;196285121;196285113;196285123;196286041;196285114;196285133;196285129;196285132;196285109;196285127;196285125;196285122;196285118;196286044;196285115,Cooper Rush|ATL,44358249,Cooper Rush,Cooper,Rush,4000,QB,ATL,ATL @ NO,10/05/2026 08:15 PM,,ATL @ NO,Classic,NFL,10/5,Standard,NFL $60K Post Pattern [$20K to 1st] (Primetime);NFL $30K Wildcat [$10K to 1st] (Primetime);NFL $15K Huddle [Single Entry] (Primetime);NFL $10K Bootleg [$2K to 1st] (Primetime);NFL $8.5K Luxury Box [Single Entry] (Primetime);NFL $10K Spy [Single Entry] (Primetime);NFL $10K Play-Action [20 Entry Max] (Primetime);NFL $6K Fair Catch [Single Entry] (Primetime);NFL $20K Thunderdome [Must Fill] (Primetime);NFL $7K First Down (Primetime),196285112;196285136;196285124;196285111;196285110;196285121;196285113;196285123;196286041;196285114;196285133;196285129;196285132;196285109;196285127;196285125;196285122;196285118;196286044;196285115,"10/4 8:20PM, 2 Games"
Jack Strand - Classic,196285112;196285136;196285124;196285111;196285110;196285121;196285113;196285123;196286041;196285114;196285133;196285129;196285132;196285109;196285127;196285125;196285122;196285118;196286044;196285115,Jack Strand|ATL,44358250,Jack Strand,Jack,Strand,4000,QB,ATL,ATL @ NO,10/05/2026 08:15 PM,,ATL @ NO,Classic,NFL,10/5,Standard,NFL $60K Post Pattern [$20K to 1st] (Primetime);NFL $30K Wildcat [$10K to 1st] (Primetime);NFL $15K Huddle [Single Entry] (Primetime);NFL $10K Bootleg [$2K to 1st] (Primetime);NFL $8.5K Luxury Box [Single Entry] (Primetime);NFL $10K Spy [Single Entry] (Primetime);NFL $10K Play-Action [20 Entry Max] (Primetime);NFL $6K Fair Catch [Single Entry] (Primetime);NFL $20K Thunderdome [Must Fill] (Primetime);NFL $7K First Down (Primetime),196285112;196285136;196285124;196285111;196285110;196285121;196285113;196285123;196286041;196285114;196285133;196285129;196285132;196285109;196285127;196285125;196285122;196285118;196286044;196285115,"10/4 8:20PM, 2 Games"
Anthony Tyus III - Classic,196285112;196285136;196285124;196285111;196285110;196285121;196285113;196285123;196286041;196285114;196285133;196285129;196285132;196285109;196285127;196285125;196285122;196285118;196286044;196285115,Anthony Tyus III|CAR,44358269,Anthony Tyus III,Anthony,Tyus III,4000,RB,CAR,DET @ CAR,10/04/2026 08:20 PM,,DET @ CAR,Classic,NFL,10/4,Standard,NFL $60K Post Pattern [$20K to 1st] (Primetime);NFL $30K Wildcat [$10K to 1st] (Primetime);NFL $15K Huddle [Single Entry] (Primetime);NFL $10K Bootleg [$2K to 1st] (Primetime);NFL $8.5K Luxury Box [Single Entry] (Primetime);NFL $10K Spy [Single Entry] (Primetime);NFL $10K Play-Action [20 Entry Max] (Primetime);NFL $6K Fair Catch [Single Entry] (Primetime);NFL $20K Thunderdome [Must Fill] (Primetime);NFL $7K First Down (Primetime),196285112;196285136;196285124;196285111;196285110;196285121;196285113;196285123;196286041;196285114;196285133;196285129;196285132;196285109;196285127;196285125;196285122;196285118;196286044;196285115,"10/4 8:20PM, 2 Games"
Trevor Etienne - Classic,196285112;196285136;196285124;196285111;196285110;196285121;196285113;196285123;196286041;196285114;196285133;196285129;196285132;196285109;196285127;196285125;196285122;196285118;196286044;196285115,Trevor Etienne|CAR,44358271,Trevor Etienne,Trevor,Etienne,4000,RB,CAR,DET @ CAR,10/04/2026 08:20 PM,,DET @ CAR,Classic,NFL,10/4,Standard,NFL $60K Post Pattern [$20K to 1st] (Primetime);NFL $30K Wildcat [$10K to 1st] (Primetime);NFL $15K Huddle [Single Entry] (Primetime);NFL $10K Bootleg [$2K to 1st] (Primetime);NFL $8.5K Luxury Box [Single Entry] (Primetime);NFL $10K Spy [Single Entry] (Primetime);NFL $10K Play-Action [20 Entry Max] (Primetime);NFL $6K Fair Catch [Single Entry] (Primetime);NFL $20K Thunderdome [Must Fill] (Primetime);NFL $7K First Down (Primetime),196285112;196285136;196285124;196285111;196285110;196285121;196285113;196285123;196286041;196285114;196285133;196285129;196285132;196285109;196285127;196285125;196285122;196285118;196286044;196285115,"10/4 8:20PM, 2 Games"
Jonathon Brooks - Classic,196285112;196285136;196285124;196285111;196285110;196285121;196285113;196285123;196286041;196285114;196285133;196285129;196285132;196285109;196285127;196285125;196285122;196285118;196286044;196285115,Jonathon Brooks|CAR,44358273,Jonathon Brooks,Jonathon,Brooks,4000,RB,CAR,DET @ CAR,10/04/2026 08:20 PM,,DET @ CAR,Classic,NFL,10/4,Standard,NFL $60K Post Pattern [$20K to 1st] (Primetime);NFL $30K Wildcat [$10K to 1st] (Primetime);NFL $15K Huddle [Single Entry] (Primetime);NFL $10K Bootleg [$2K to 1st] (Primetime);NFL $8.5K Luxury Box [Single Entry] (Primetime);NFL $10K Spy [Single Entry] (Primetime);NFL $10K Play-Action [20 Entry Max] (Primetime);NFL $6K Fair Catch [Single Entry] (Primetime);NFL $20K Thunderdome [Must Fill] (Primetime);NFL $7K First Down (Primetime),196285112;196285136;196285124;196285111;196285110;196285121;196285113;196285123;196286041;196285114;196285133;196285129;196285132;196285109;196285127;196285125;196285122;196285118;196286044;196285115,"10/4 8:20PM, 2 Games"
Ahmani Marshall - Classic,196285112;196285136;196285124;196285111;196285110;196285121;196285113;196285123;196286041;196285114;196285133;196285129;196285132;196285109;196285127;196285125;196285122;196285118;196286044;196285115,Ahmani Marshall|CAR,44358275,Ahmani Marshall,Ahmani,Marshall,4000,RB,CAR,DET @ CAR,10/04/2026 08:20 PM,,DET @ CAR,Classic,NFL,10/4,Standard,NFL $60K Post Pattern [$20K to 1st] (Primetime);NFL $30K Wildcat [$10K to 1st] (Primetime);NFL $15K Huddle [Single Entry] (Primetime);NFL $10K Bootleg [$2K to 1st] (Primetime);NFL $8.5K Luxury Box [Single Entry] (Primetime);NFL $10K Spy [Single Entry] (Primetime);NFL $10K Play-Action [20 Entry Max] (Primetime);NFL $6K Fair Catch [Single Entry] (Primetime);NFL $20K Thunderdome [Must Fill] (Primetime);NFL $7K First Down (Primetime),196285112;196285136;196285124;196285111;196285110;196285121;196285113;196285123;196286041;196285114;196285133;196285129;196285132;196285109;196285127;196285125;196285122;196285118;196286044;196285115,"10/4 8:20PM, 2 Games"
Jacob Saylors - Classic,196285112;196285136;196285124;196285111;196285110;196285121;196285113;196285123;196286041;196285114;196285133;196285129;196285132;196285109;196285127;196285125;196285122;196285118;196286044;196285115,Jacob Saylors|DET,44358277,Jacob Saylors,Jacob,Saylors,4000,RB,DET,DET @ CAR,10/04/2026 08:20 PM,,DET @ CAR,Classic,NFL,10/4,Standard,NFL $60K Post Pattern [$20K to 1st] (Primetime);NFL $30K Wildcat [$10K to 1st] (Primetime);NFL $15K Huddle [Single Entry] (Primetime);NFL $10K Bootleg [$2K to 1st] (Primetime);NFL $8.5K Luxury Box [Single Entry] (Primetime);NFL $10K Spy [Single Entry] (Primetime);NFL $10K Play-Action [20 Entry Max] (Primetime);NFL $6K Fair Catch [Single Entry] (Primetime);NFL $20K Thunderdome [Must Fill] (Primetime);NFL $7K First Down (Primetime),196285112;196285136;196285124;196285111;196285110;196285121;196285113;196285123;196286041;196285114;196285133;196285129;196285132;196285109;196285127;196285125;196285122;196285118;196286044;196285115,"10/4 8:20PM, 2 Games"
Isiah Pacheco - Classic,196285112;196285136;196285124;196285111;196285110;196285121;196285113;196285123;196286041;196285114;196285133;196285129;196285132;196285109;196285127;196285125;196285122;196285118;196286044;196285115,Isiah Pacheco|DET,44358279,Isiah Pacheco,Isiah,Pacheco,4000,RB,DET,DET @ CAR,10/04/2026 08:20 PM,,DET @ CAR,Classic,NFL,10/4,Standard,NFL $60K Post Pattern [$20K to 1st] (Primetime);NFL $30K Wildcat [$10K to 1st] (Primetime);NFL $15K Huddle [Single Entry] (Primetime);NFL $10K Bootleg [$2K to 1st] (Primetime);NFL $8.5K Luxury Box [Single Entry] (Primetime);NFL $10K Spy [Single Entry] (Primetime);NFL $10K Play-Action [20 Entry Max] (Primetime);NFL $6K Fair Catch [Single Entry] (Primetime);NFL $20K Thunderdome [Must Fill] (Primetime);NFL $7K First Down (Primetime),196285112;196285136;196285124;196285111;196285110;196285121;196285113;196285123;196286041;196285114;196285133;196285129;196285132;196285109;196285127;196285125;196285122;196285118;196286044;196285115,"10/4 8:20PM, 2 Games"
Jabari Small - Classic,196285112;196285136;196285124;196285111;196285110;196285121;196285113;196285123;196286041;196285114;196285133;196285129;196285132;196285109;196285127;196285125;196285122;196285118;196286044;196285115,Jabari Small|DET,44358281,Jabari Small,Jabari,Small,4000,RB,DET,DET @ CAR,10/04/2026 08:20 PM,,DET @ CAR,Classic,NFL,10/4,Standard,NFL $60K Post Pattern [$20K to 1st] (Primetime);NFL $30K Wildcat [$10K to 1st] (Primetime);NFL $15K Huddle [Single Entry] (Primetime);NFL $10K Bootleg [$2K to 1st] (Primetime);NFL $8.5K Luxury Box [Single Entry] (Primetime);NFL $10K Spy [Single Entry] (Primetime);NFL $10K Play-Action [20 Entry Max] (Primetime);NFL $6K Fair Catch [Single Entry] (Primetime);NFL $20K Thunderdome [Must Fill] (Primetime);NFL $7K First Down (Primetime),196285112;196285136;196285124;196285111;196285110;196285121;196285113;196285123;196286041;196285114;196285133;196285129;196285132;196285109;196285127;196285125;196285122;196285118;196286044;196285115,"10/4 8:20PM, 2 Games"
CJ Donaldson - Classic,196285112;196285136;196285124;196285111;196285110;196285121;196285113;196285123;196286041;196285114;196285133;196285129;196285132;196285109;196285127;196285125;196285122;196285118;196286044;196285115,CJ Donaldson|NO,44358283,CJ Donaldson,CJ,Donaldson,4000,RB,NO,ATL @ NO,10/05/2026 08:15 PM,,ATL @ NO,Classic,NFL,10/5,Standard,NFL $60K Post Pattern [$20K to 1st] (Primetime);NFL $30K Wildcat [$10K to 1st] (Primetime);NFL $15K Huddle [Single Entry] (Primetime);NFL $10K Bootleg [$2K to 1st] (Primetime);NFL $8.5K Luxury Box [Single Entry] (Primetime);NFL $10K Spy [Single Entry] (Primetime);NFL $10K Play-Action [20 Entry Max] (Primetime);NFL $6K Fair Catch [Single Entry] (Primetime);NFL $20K Thunderdome [Must Fill] (Primetime);NFL $7K First Down (Primetime),196285112;196285136;196285124;196285111;196285110;196285121;196285113;196285123;196286041;196285114;196285133;196285129;196285132;196285109;196285127;196285125;196285122;196285118;196286044;196285115,"10/4 8:20PM, 2 Games"
Ty Chandler - Classic,196285112;196285136;196285124;196285111;196285110;196285121;196285113;196285123;196286041;196285114;196285133;196285129;196285132;196285109;196285127;196285125;196285122;196285118;196286044;196285115,Ty Chandler|NO,44358285,Ty Chandler,Ty,Chandler,4000,RB,NO,ATL @ NO,10/05/2026 08:15 PM,,ATL @ NO,Classic,NFL,10/5,Standard,NFL $60K Post Pattern [$20K to 1st] (Primetime);NFL $30K Wildcat [$10K to 1st] (Primetime);NFL $15K Huddle [Single Entry] (Primetime);NFL $10K Bootleg [$2K to 1st] (Primetime);NFL $8.5K Luxury Box [Single Entry] (Primetime);NFL $10K Spy [Single Entry] (Primetime);NFL $10K Play-Action [20 Entry Max] (Primetime);NFL $6K Fair Catch [Single Entry] (Primetime);NFL $20K Thunderdome [Must Fill] (Primetime);NFL $7K First Down (Primetime),196285112;196285136;196285124;196285111;196285110;196285121;196285113;196285123;196286041;196285114;196285133;196285129;196285132;196285109;196285127;196285125;196285122;196285118;196286044;196285115,"10/4 8:20PM, 2 Games"
Zamir White - Classic,196285112;196285136;196285124;196285111;196285110;196285121;196285113;196285123;196286041;196285114;196285133;196285129;196285132;196285109;196285127;196285125;196285122;196285118;196286044;196285115,Zamir White|NO,44358287,Zamir White,Zamir,White,4000,RB,NO,ATL @ NO,10/05/2026 08:15 PM,,ATL @ NO,Classic,NFL,10/5,Standard,NFL $60K Post Pattern [$20K to 1st] (Primetime);NFL $30K Wildcat [$10K to 1st] (Primetime);NFL $15K Huddle [Single Entry] (Primetime);NFL $10K Bootleg [$2K to 1st] (Primetime);NFL $8.5K Luxury Box [Single Entry] (Primetime);NFL $10K Spy [Single Entry] (Primetime);NFL $10K Play-Action [20 Entry Max] (Primetime);NFL $6K Fair Catch [Single Entry] (Primetime);NFL $20K Thunderdome [Must Fill] (Primetime);NFL $7K First Down (Primetime),196285112;196285136;196285124;196285111;196285110;196285121;196285113;196285123;196286041;196285114;196285133;196285129;196285132;196285109;196285127;196285125;196285122;196285118;196286044;196285115,"10/4 8:20PM, 2 Games"
Trey Sermon - Classic,196285112;196285136;196285124;196285111;196285110;196285121;196285113;196285123;196286041;196285114;196285133;196285129;196285132;196285109;196285127;196285125;196285122;196285118;196286044;196285115,Trey Sermon|ATL,44358289,Trey Sermon,Trey,Sermon,4000,RB,ATL,ATL @ NO,10/05/2026 08:15 PM,,ATL @ NO,Classic,NFL,10/5,Standard,NFL $60K Post Pattern [$20K to 1st] (Primetime);NFL $30K Wildcat [$10K to 1st] (Primetime);NFL $15K Huddle [Single Entry] (Primetime);NFL $10K Bootleg [$2K to 1st] (Primetime);NFL $8.5K Luxury Box [Single Entry] (Primetime);NFL $10K Spy [Single Entry] (Primetime);NFL $10K Play-Action [20 Entry Max] (Primetime);NFL $6K Fair Catch [Single Entry] (Primetime);NFL $20K Thunderdome [Must Fill] (Primetime);NFL $7K First Down (Primetime),196285112;196285136;196285124;196285111;196285110;196285121;196285113;196285123;196286041;196285114;196285133;196285129;196285132;196285109;196285127;196285125;196285122;196285118;196286044;196285115,"10/4 8:20PM, 2 Games"
Cash Jones - Classic,196285112;196285136;196285124;196285111;196285110;196285121;196285113;196285123;196286041;196285114;196285133;196285129;196285132;196285109;196285127;196285125;196285122;196285118;196286044;196285115,Cash Jones|ATL,44358291,Cash Jones,Cash,Jones,4000,RB,ATL,ATL @ NO,10/05/2026 08:15 PM,,ATL @ NO,Classic,NFL,10/5,Standard,NFL $60K Post Pattern [$20K to 1st] (Primetime);NFL $30K Wildcat [$10K to 1st] (Primetime);NFL $15K Huddle [Single Entry] (Primetime);NFL $10K Bootleg [$2K to 1st] (Primetime);NFL $8.5K Luxury Box [Single Entry] (Primetime);NFL $10K Spy [Single Entry] (Primetime);NFL $10K Play-Action [20 Entry Max] (Primetime);NFL $6K Fair Catch [Single Entry] (Primetime);NFL $20K Thunderdome [Must Fill] (Primetime);NFL $7K First Down (Primetime),196285112;196285136;196285124;196285111;196285110;196285121;196285113;196285123;196286041;196285114;196285133;196285129;196285132;196285109;196285127;196285125;196285122;196285118;196286044;196285115,"10/4 8:20PM, 2 Games"
Khalil Herbert - Classic,196285112;196285136;196285124;196285111;196285110;196285121;196285113;196285123;196286041;196285114;196285133;196285129;196285132;196285109;196285127;196285125;196285122;196285118;196286044;196285115,Khalil Herbert|ATL,44358293,Khalil Herbert,Khalil,Herbert,4000,RB,ATL,ATL @ NO,10/05/2026 08:15 PM,,ATL @ NO,Classic,NFL,10/5,Standard,NFL $60K Post Pattern [$20K to 1st] (Primetime);NFL $30K Wildcat [$10K to 1st] (Primetime);NFL $15K Huddle [Single Entry] (Primetime);NFL $10K Bootleg [$2K to 1st] (Primetime);NFL $8.5K Luxury Box [Single Entry] (Primetime);NFL $10K Spy [Single Entry] (Primetime);NFL $10K Play-Action [20 Entry Max] (Primetime);NFL $6K Fair Catch [Single Entry] (Primetime);NFL $20K Thunderdome [Must Fill] (Primetime);NFL $7K First Down (Primetime),196285112;196285136;196285124;196285111;196285110;196285121;196285113;196285123;196286041;196285114;196285133;196285129;196285132;196285109;196285127;196285125;196285122;196285118;196286044;196285115,"10/4 8:20PM, 2 Games"
Lions - Showdown 2nd Half (Flex),196297427;196297821;196297824;196297424;196297431;196297428;196297426;196297698;196297429;196297822;196297825;196297820;196297827;196297823;196402607;196297697;196297425;196297430;196297432;196297828,Lions|DET,44359022,Lions,Lions,,4000,DST,DET,DET @ CAR,10/04/2026 09:20 PM,,DET @ CAR,Showdown 2nd Half,NFL,10/4,Flex,"NFL In-Game $15K 2nd Half Clash [$5K to 1st] (2H DET @ CAR);NFL In-Game $20K Thunderdome [Must Fill] (2H DET @ CAR);NFL In-Game $10,170 2026 FFWC Qualifier Satellite [Must Fill] (2H DET @ CAR);NFL In-Game $1.8K Deep Threat [Single Entry] (2H DET @ CAR);NFL In-Game $1K Huddle [Single Entry] (2H DET @ CAR);NFL In-Game $500 Play-Action (2H DET @ CAR);NFL In-Game $600 Bootleg [Single Entry] (2H DET @ CAR);NFL In-Game $267 Winner Take All [$1K to 1st] (2H DET @ CAR);NFL In-Game $500 First Down (2H DET @ CAR);NFL In-Game Satellite to NFL $4,444 Fantasy Football MEGA Millionaire [Must Fill] (2H DET @ CAR)",196297427;196297821;196297824;196297424;196297431;196297428;196297426;196297698;196297429;196297822;196297825;196297820;196297827;196297823;196402607;196297697;196297425;196297430;196297432;196297828,10/4 9:20PM 2H (DET @ CAR)
Lions - Showdown 4th Quarter (Flex),196297920;196297923;196297434;196297921;196297924;196297433;196297919;196297926;196297922;196297435;196297436;196297927;196297705;196297704;196297856;196297925;196297829;196297834;196297830;196297835,Lions|DET,44359122,Lions,Lions,,4000,DST,DET,DET @ CAR,10/04/2026 09:50 PM,,DET @ CAR,Showdown 4th Quarter,NFL,10/4,Flex,"NFL In-Game $20K Thunderdome [Must Fill] (4Q DET @ CAR);NFL In-Game $10,170 2026 FFWC Qualifier Satellite [Must Fill] (4Q DET @ CAR);NFL In-Game $3K 4th Quarter Finish [$1K to 1st] (4Q DET @ CAR);NFL In-Game Satellite to NFL $4,444 Fantasy Football MEGA Millionaire [Must Fill] (4Q DET @ CAR);NFL In-Game Satellite to NFL 10-12 $4,444 Showdown MEGA Millionaire [Must Fill] (4Q DET @ CAR);NFL In-Game $285 Bootleg [Single Entry] (4Q DET @ CAR);NFL In-Game $1,060 Winner Take All [$4K to 1st] (Must Fill) (4Q DET @ CAR);NFL In-Game Satellite to NFL 11-1 Midseason Main Event [Must Fill] (4Q DET @ CAR);NFL In-Game Satellite to NFL $555 Fantasy Football Millionaire [Must Fill] (4Q DET @ CAR);NFL In-Game $150 First Down (4Q DET @ CAR)",196297920;196297923;196297434;196297921;196297924;196297433;196297919;196297926;196297922;196297435;196297436;196297927;196297705;196297704;196297856;196297925;196297829;196297834;196297830;196297835,10/4 9:50PM Q4 (DET @ CAR)
Brycen Tremayne - Showdown Captain Mode (Captain),196285049;196285047;196285046;196285050;196285056;196285071;196285042;196285064;196285065;196285048;196285095;196285096;196285083;196285089;196285107;196285108;196285105;196285106;196285090;196285094,Brycen Tremayne|CAR,44358520,Brycen Tremayne,Brycen,Tremayne,3900,CPT,CAR,DET @ CAR,10/04/2026 08:20 PM,,DET @ CAR,Showdown Captain Mode,NFL,10/4,Captain,"NFL Showdown $1M Sunday Night Showdown [$250K to 1st] (DET @ CAR);NFL Showdown $500K Wildcat [$100K to 1st] (DET @ CAR);NFL Showdown $402K Luxury Box [$100K to 1st] (DET @ CAR);NFL Showdown $200K Play-Action [20 Entry Max] (DET @ CAR);NFL Showdown $140K Four-Point Stance [$30K to 1st, 5 Entry Max] (DET @ CAR);NFL Showdown $60K Huddle [Single Entry] (DET @ CAR);NFL Showdown $10K Huddle [Single Entry] (DET @ CAR);NFL Showdown $75K Spy [$15K to 1st, Single Entry] (DET @ CAR);NFL Showdown $25K Spy [Single Entry] (DET @ CAR);NFL Showdown $70K Bootleg [$20K to 1st] (DET @ CAR)",196285049;196285047;196285046;196285050;196285056;196285071;196285042;196285064;196285065;196285048;196285095;196285096;196285083;196285089;196285107;196285108;196285105;196285106;196285090;196285094,10/4 8:20PM (DET @ CAR)
Kyle Pitts Sr. - Classic,196285112;196285136;196285124;196285111;196285110;196285121;196285113;196285123;196286041;196285114;196285133;196285129;196285132;196285109;196285127;196285125;196285122;196285118;196286044;196285115,Kyle Pitts Sr.|ATL,44358375,Kyle Pitts Sr.,Kyle,Pitts Sr.,3900,TE,ATL,ATL @ NO,10/05/2026 08:15 PM,,ATL @ NO,Classic,NFL,10/5,Standard,NFL $60K Post Pattern [$20K to 1st] (Primetime);NFL $30K Wildcat [$10K to 1st] (Primetime);NFL $15K Huddle [Single Entry] (Primetime);NFL $10K Bootleg [$2K to 1st] (Primetime);NFL $8.5K Luxury Box [Single Entry] (Primetime);NFL $10K Spy [Single Entry] (Primetime);NFL $10K Play-Action [20 Entry Max] (Primetime);NFL $6K Fair Catch [Single Entry] (Primetime);NFL $20K Thunderdome [Must Fill] (Primetime);NFL $7K First Down (Primetime),196285112;196285136;196285124;196285111;196285110;196285121;196285113;196285123;196286041;196285114;196285133;196285129;196285132;196285109;196285127;196285125;196285122;196285118;196286044;196285115,"10/4 8:20PM, 2 Games"
Brycen Tremayne - Showdown 2nd Half (Captain),196297427;196297821;196297824;196297424;196297431;196297428;196297426;196297698;196297429;196297822;196297825;196297820;196297827;196297823;196402607;196297697;196297425;196297430;196297432;196297828,Brycen Tremayne|CAR,44358978,Brycen Tremayne,Brycen,Tremayne,3900,CPT,CAR,DET @ CAR,10/04/2026 09:20 PM,,DET @ CAR,Showdown 2nd Half,NFL,10/4,Captain,"NFL In-Game $15K 2nd Half Clash [$5K to 1st] (2H DET @ CAR);NFL In-Game $20K Thunderdome [Must Fill] (2H DET @ CAR);NFL In-Game $10,170 2026 FFWC Qualifier Satellite [Must Fill] (2H DET @ CAR);NFL In-Game $1.8K Deep Threat [Single Entry] (2H DET @ CAR);NFL In-Game $1K Huddle [Single Entry] (2H DET @ CAR);NFL In-Game $500 Play-Action (2H DET @ CAR);NFL In-Game $600 Bootleg [Single Entry] (2H DET @ CAR);NFL In-Game $267 Winner Take All [$1K to 1st] (2H DET @ CAR);NFL In-Game $500 First Down (2H DET @ CAR);NFL In-Game Satellite to NFL $4,444 Fantasy Football MEGA Millionaire [Must Fill] (2H DET @ CAR)",196297427;196297821;196297824;196297424;196297431;196297428;196297426;196297698;196297429;196297822;196297825;196297820;196297827;196297823;196402607;196297697;196297425;196297430;196297432;196297828,10/4 9:20PM 2H (DET @ CAR)
Brycen Tremayne - Showdown 4th Quarter (Captain),196297920;196297923;196297434;196297921;196297924;196297433;196297919;196297926;196297922;196297435;196297436;196297927;196297705;196297704;196297856;196297925;196297829;196297834;196297830;196297835,Brycen Tremayne|CAR,44359078,Brycen Tremayne,Brycen,Tremayne,3900,CPT,CAR,DET @ CAR,10/04/2026 09:50 PM,,DET @ CAR,Showdown 4th Quarter,NFL,10/4,Captain,"NFL In-Game $20K Thunderdome [Must Fill] (4Q DET @ CAR);NFL In-Game $10,170 2026 FFWC Qualifier Satellite [Must Fill] (4Q DET @ CAR);NFL In-Game $3K 4th Quarter Finish [$1K to 1st] (4Q DET @ CAR);NFL In-Game Satellite to NFL $4,444 Fantasy Football MEGA Millionaire [Must Fill] (4Q DET @ CAR);NFL In-Game Satellite to NFL 10-12 $4,444 Showdown MEGA Millionaire [Must Fill] (4Q DET @ CAR);NFL In-Game $285 Bootleg [Single Entry] (4Q DET @ CAR);NFL In-Game $1,060 Winner Take All [$4K to 1st] (Must Fill) (4Q DET @ CAR);NFL In-Game Satellite to NFL 11-1 Midseason Main Event [Must Fill] (4Q DET @ CAR);NFL In-Game Satellite to NFL $555 Fantasy Football Millionaire [Must Fill] (4Q DET @ CAR);NFL In-Game $150 First Down (4Q DET @ CAR)",196297920;196297923;196297434;196297921;196297924;196297433;196297919;196297926;196297922;196297435;196297436;196297927;196297705;196297704;196297856;196297925;196297829;196297834;196297830;196297835,10/4 9:50PM Q4 (DET @ CAR)
Xavier Legette - Showdown Captain Mode (Flex),196285049;196285047;196285046;196285050;196285056;196285071;196285042;196285064;196285065;196285048;196285095;196285096;196285083;196285089;196285107;196285108;196285105;196285106;196285090;196285094,Xavier Legette|CAR,44358465,Xavier Legette,Xavier,Legette,3800,WR,CAR,DET @ CAR,10/04/2026 08:20 PM,,DET @ CAR,Showdown Captain Mode,NFL,10/4,Flex,"NFL Showdown $1M Sunday Night Showdown [$250K to 1st] (DET @ CAR);NFL Showdown $500K Wildcat [$100K to 1st] (DET @ CAR);NFL Showdown $402K Luxury Box [$100K to 1st] (DET @ CAR);NFL Showdown $200K Play-Action [20 Entry Max] (DET @ CAR);NFL Showdown $140K Four-Point Stance [$30K to 1st, 5 Entry Max] (DET @ CAR);NFL Showdown $60K Huddle [Single Entry] (DET @ CAR);NFL Showdown $10K Huddle [Single Entry] (DET @ CAR);NFL Showdown $75K Spy [$15K to 1st, Single Entry] (DET @ CAR);NFL Showdown $25K Spy [Single Entry] (DET @ CAR);NFL Showdown $70K Bootleg [$20K to 1st] (DET @ CAR)",196285049;196285047;196285046;196285050;196285056;196285071;196285042;196285064;196285065;196285048;196285095;196285096;196285083;196285089;196285107;196285108;196285105;196285106;196285090;196285094,10/4 8:20PM (DET @ CAR)
Brian Robinson Jr. - Showdown Captain Mode (Flex),196285155;196285153;196285138;196285157;196285156;196285154;196285212;196285175;196285176;196285170;196285171;196285187;196285188;196285189;196285218;196285219;196285220;196285221;196285182;196285183,Brian Robinson Jr.|ATL,44358568,Brian Robinson Jr.,Brian,Robinson Jr.,3800,RB,ATL,ATL @ NO,10/05/2026 08:15 PM,,ATL @ NO,Showdown Captain Mode,NFL,10/5,Flex,"NFL Showdown $1.5M Monday Night Showdown [$500K to 1st] (ATL @ NO);NFL Showdown $600K Wildcat [$150K to 1st] (ATL @ NO);NFL Showdown $402K Luxury Box [$100K to 1st] (ATL @ NO);NFL Showdown $300K Play-Action [20 Entry Max] (ATL @ NO);NFL Showdown $250K Flea Flicker [$50K to 1st] (ATL @ NO);NFL Showdown $150K Bootleg [$50K to 1st] (ATL @ NO);NFL Showdown $160K Four-Point Stance [$50K to 1st, 5 Entry Max] (ATL @ NO);NFL Showdown $80K Huddle [$10K to 1st, Single Entry] (ATL @ NO);NFL Showdown $20K Huddle [Single Entry] (ATL @ NO);NFL Showdown $100K Spy [$20K to 1st, Single Entry] (ATL @ NO)",196285155;196285153;196285138;196285157;196285156;196285154;196285212;196285175;196285176;196285170;196285171;196285187;196285188;196285189;196285218;196285219;196285220;196285221;196285182;196285183,10/5 8:15PM (ATL @ NO)
Xavier Legette - Showdown 2nd Half (Flex),196297427;196297821;196297824;196297424;196297431;196297428;196297426;196297698;196297429;196297822;196297825;196297820;196297827;196297823;196402607;196297697;196297425;196297430;196297432;196297828,Xavier Legette|CAR,44359023,Xavier Legette,Xavier,Legette,3800,WR,CAR,DET @ CAR,10/04/2026 09:20 PM,,DET @ CAR,Showdown 2nd Half,NFL,10/4,Flex,"NFL In-Game $15K 2nd Half Clash [$5K to 1st] (2H DET @ CAR);NFL In-Game $20K Thunderdome [Must Fill] (2H DET @ CAR);NFL In-Game $10,170 2026 FFWC Qualifier Satellite [Must Fill] (2H DET @ CAR);NFL In-Game $1.8K Deep Threat [Single Entry] (2H DET @ CAR);NFL In-Game $1K Huddle [Single Entry] (2H DET @ CAR);NFL In-Game $500 Play-Action (2H DET @ CAR);NFL In-Game $600 Bootleg [Single Entry] (2H DET @ CAR);NFL In-Game $267 Winner Take All [$1K to 1st] (2H DET @ CAR);NFL In-Game $500 First Down (2H DET @ CAR);NFL In-Game Satellite to NFL $4,444 Fantasy Football MEGA Millionaire [Must Fill] (2H DET @ CAR)",196297427;196297821;196297824;196297424;196297431;196297428;196297426;196297698;196297429;196297822;196297825;196297820;196297827;196297823;196402607;196297697;196297425;196297430;196297432;196297828,10/4 9:20PM 2H (DET @ CAR)
Xavier Legette - Showdown 4th Quarter (Flex),196297920;196297923;196297434;196297921;196297924;196297433;196297919;196297926;196297922;196297435;196297436;196297927;196297705;196297704;196297856;196297925;196297829;196297834;196297830;196297835,Xavier Legette|CAR,44359123,Xavier Legette,Xavier,Legette,3800,WR,CAR,DET @ CAR,10/04/2026 09:50 PM,,DET @ CAR,Showdown 4th Quarter,NFL,10/4,Flex,"NFL In-Game $20K Thunderdome [Must Fill] (4Q DET @ CAR);NFL In-Game $10,170 2026 FFWC Qualifier Satellite [Must Fill] (4Q DET @ CAR);NFL In-Game $3K 4th Quarter Finish [$1K to 1st] (4Q DET @ CAR);NFL In-Game Satellite to NFL $4,444 Fantasy Football MEGA Millionaire [Must Fill] (4Q DET @ CAR);NFL In-Game Satellite to NFL 10-12 $4,444 Showdown MEGA Millionaire [Must Fill] (4Q DET @ CAR);NFL In-Game $285 Bootleg [Single Entry] (4Q DET @ CAR);NFL In-Game $1,060 Winner Take All [$4K to 1st] (Must Fill) (4Q DET @ CAR);NFL In-Game Satellite to NFL 11-1 Midseason Main Event [Must Fill] (4Q DET @ CAR);NFL In-Game Satellite to NFL $555 Fantasy Football Millionaire [Must Fill] (4Q DET @ CAR);NFL In-Game $150 First Down (4Q DET @ CAR)",196297920;196297923;196297434;196297921;196297924;196297433;196297919;196297926;196297922;196297435;196297436;196297927;196297705;196297704;196297856;196297925;196297829;196297834;196297830;196297835,10/4 9:50PM Q4 (DET @ CAR)
Brian Robinson Jr. - Showdown 2nd Half (Flex),196297440;196298019;196298022;196297437;196297444;196297441;196297439;196297702;196297442;196298020;196298023;196298018;196298025;196298021;196297701;196297438;196297443;196297445;196298026;196297700,Brian Robinson Jr.|ATL,44359232,Brian Robinson Jr.,Brian,Robinson Jr.,3800,RB,ATL,ATL @ NO,10/05/2026 09:15 PM,,ATL @ NO,Showdown 2nd Half,NFL,10/5,Flex,"NFL In-Game $15K 2nd Half Clash [$5K to 1st] (2H ATL @ NO);NFL In-Game $20K Thunderdome [Must Fill] (2H ATL @ NO);NFL In-Game $10,170 2026 FFWC Qualifier Satellite [Must Fill] (2H ATL @ NO);NFL In-Game $1.8K Deep Threat [Single Entry] (2H ATL @ NO);NFL In-Game $1K Huddle [Single Entry] (2H ATL @ NO);NFL In-Game $500 Play-Action (2H ATL @ NO);NFL In-Game $600 Bootleg [Single Entry] (2H ATL @ NO);NFL In-Game $267 Winner Take All [$1K to 1st] (2H ATL @ NO);NFL In-Game $500 First Down (2H ATL @ NO);NFL In-Game Satellite to NFL $4,444 Fantasy Football MEGA Millionaire [Must Fill] (2H ATL @ NO)",196297440;196298019;196298022;196297437;196297444;196297441;196297439;196297702;196297442;196298020;196298023;196298018;196298025;196298021;196297701;196297438;196297443;196297445;196298026;196297700,10/5 9:15PM 2H (ATL @ NO)
Brian Robinson Jr. - Showdown 4th Quarter (Flex),196298118;196298121;196297447;196298119;196298122;196297446;196298117;196298124;196298120;196297448;196297449;196298125;196297707;196297706;196298037;196298109;196298080;196298081;196317157;196298123,Brian Robinson Jr.|ATL,44359344,Brian Robinson Jr.,Brian,Robinson Jr.,3800,RB,ATL,ATL @ NO,10/05/2026 09:45 PM,,ATL @ NO,Showdown 4th Quarter,NFL,10/5,Flex,"NFL In-Game $20K Thunderdome [Must Fill] (4Q ATL @ NO);NFL In-Game $10,170 2026 FFWC Qualifier Satellite [Must Fill] (4Q ATL @ NO);NFL In-Game $3K 4th Quarter Finish [$1K to 1st] (4Q ATL @ NO);NFL In-Game Satellite to NFL $4,444 Fantasy Football MEGA Millionaire [Must Fill] (4Q ATL @ NO);NFL In-Game Satellite to NFL 10-12 $4,444 Showdown MEGA Millionaire [Must Fill] (4Q ATL @ NO);NFL In-Game $285 Bootleg [Single Entry] (4Q ATL @ NO);NFL In-Game $1,060 Winner Take All [$4K to 1st] (Must Fill) (4Q ATL @ NO);NFL In-Game Satellite to NFL 11-1 Midseason Main Event [Must Fill] (4Q ATL @ NO);NFL In-Game Satellite to NFL $555 Fantasy Football Millionaire [Must Fill] (4Q ATL @ NO);NFL In-Game $150 First Down (4Q ATL @ NO)",196298118;196298121;196297447;196298119;196298122;196297446;196298117;196298124;196298120;196297448;196297449;196298125;196297707;196297706;196298037;196298109;196298080;196298081;196317157;196298123,10/5 9:45PM Q4 (ATL @ NO)
Xavier Legette - Classic,196285112;196285136;196285124;196285111;196285110;196285121;196285113;196285123;196286041;196285114;196285133;196285129;196285132;196285109;196285127;196285125;196285122;196285118;196286044;196285115,Xavier Legette|CAR,44358309,Xavier Legette,Xavier,Legette,3700,WR,CAR,DET @ CAR,10/04/2026 08:20 PM,,DET @ CAR,Classic,NFL,10/4,Standard,NFL $60K Post Pattern [$20K to 1st] (Primetime);NFL $30K Wildcat [$10K to 1st] (Primetime);NFL $15K Huddle [Single Entry] (Primetime);NFL $10K Bootleg [$2K to 1st] (Primetime);NFL $8.5K Luxury Box [Single Entry] (Primetime);NFL $10K Spy [Single Entry] (Primetime);NFL $10K Play-Action [20 Entry Max] (Primetime);NFL $6K Fair Catch [Single Entry] (Primetime);NFL $20K Thunderdome [Must Fill] (Primetime);NFL $7K First Down (Primetime),196285112;196285136;196285124;196285111;196285110;196285121;196285113;196285123;196286041;196285114;196285133;196285129;196285132;196285109;196285127;196285125;196285122;196285118;196286044;196285115,"10/4 8:20PM, 2 Games"
Isaac TeSlaa - Classic,196285112;196285136;196285124;196285111;196285110;196285121;196285113;196285123;196286041;196285114;196285133;196285129;196285132;196285109;196285127;196285125;196285122;196285118;196286044;196285115,Isaac TeSlaa|DET,44358311,Isaac TeSlaa,Isaac,TeSlaa,3700,WR,DET,DET @ CAR,10/04/2026 08:20 PM,,DET @ CAR,Classic,NFL,10/4,Standard,NFL $60K Post Pattern [$20K to 1st] (Primetime);NFL $30K Wildcat [$10K to 1st] (Primetime);NFL $15K Huddle [Single Entry] (Primetime);NFL $10K Bootleg [$2K to 1st] (Primetime);NFL $8.5K Luxury Box [Single Entry] (Primetime);NFL $10K Spy [Single Entry] (Primetime);NFL $10K Play-Action [20 Entry Max] (Primetime);NFL $6K Fair Catch [Single Entry] (Primetime);NFL $20K Thunderdome [Must Fill] (Primetime);NFL $7K First Down (Primetime),196285112;196285136;196285124;196285111;196285110;196285121;196285113;196285123;196286041;196285114;196285133;196285129;196285132;196285109;196285127;196285125;196285122;196285118;196286044;196285115,"10/4 8:20PM, 2 Games"
Panthers - Showdown Captain Mode (Flex),196285049;196285047;196285046;196285050;196285056;196285071;196285042;196285064;196285065;196285048;196285095;196285096;196285083;196285089;196285107;196285108;196285105;196285106;196285090;196285094,Panthers|CAR,44358466,Panthers,Panthers,,3600,DST,CAR,DET @ CAR,10/04/2026 08:20 PM,,DET @ CAR,Showdown Captain Mode,NFL,10/4,Flex,"NFL Showdown $1M Sunday Night Showdown [$250K to 1st] (DET @ CAR);NFL Showdown $500K Wildcat [$100K to 1st] (DET @ CAR);NFL Showdown $402K Luxury Box [$100K to 1st] (DET @ CAR);NFL Showdown $200K Play-Action [20 Entry Max] (DET @ CAR);NFL Showdown $140K Four-Point Stance [$30K to 1st, 5 Entry Max] (DET @ CAR);NFL Showdown $60K Huddle [Single Entry] (DET @ CAR);NFL Showdown $10K Huddle [Single Entry] (DET @ CAR);NFL Showdown $75K Spy [$15K to 1st, Single Entry] (DET @ CAR);NFL Showdown $25K Spy [Single Entry] (DET @ CAR);NFL Showdown $70K Bootleg [$20K to 1st] (DET @ CAR)",196285049;196285047;196285046;196285050;196285056;196285071;196285042;196285064;196285065;196285048;196285095;196285096;196285083;196285089;196285107;196285108;196285105;196285106;196285090;196285094,10/4 8:20PM (DET @ CAR)
Tommy Tremble - Showdown Captain Mode (Captain),196285049;196285047;196285046;196285050;196285056;196285071;196285042;196285064;196285065;196285048;196285095;196285096;196285083;196285089;196285107;196285108;196285105;196285106;196285090;196285094,Tommy Tremble|CAR,44358521,Tommy Tremble,Tommy,Tremble,3600,CPT,CAR,DET @ CAR,10/04/2026 08:20 PM,,DET @ CAR,Showdown Captain Mode,NFL,10/4,Captain,"NFL Showdown $1M Sunday Night Showdown [$250K to 1st] (DET @ CAR);NFL Showdown $500K Wildcat [$100K to 1st] (DET @ CAR);NFL Showdown $402K Luxury Box [$100K to 1st] (DET @ CAR);NFL Showdown $200K Play-Action [20 Entry Max] (DET @ CAR);NFL Showdown $140K Four-Point Stance [$30K to 1st, 5 Entry Max] (DET @ CAR);NFL Showdown $60K Huddle [Single Entry] (DET @ CAR);NFL Showdown $10K Huddle [Single Entry] (DET @ CAR);NFL Showdown $75K Spy [$15K to 1st, Single Entry] (DET @ CAR);NFL Showdown $25K Spy [Single Entry] (DET @ CAR);NFL Showdown $70K Bootleg [$20K to 1st] (DET @ CAR)",196285049;196285047;196285046;196285050;196285056;196285071;196285042;196285064;196285065;196285048;196285095;196285096;196285083;196285089;196285107;196285108;196285105;196285106;196285090;196285094,10/4 8:20PM (DET @ CAR)
Falcons - Showdown Captain Mode (Flex),196285155;196285153;196285138;196285157;196285156;196285154;196285212;196285175;196285176;196285170;196285171;196285187;196285188;196285189;196285218;196285219;196285220;196285221;196285182;196285183,Falcons|ATL,44358569,Falcons,Falcons,,3600,DST,ATL,ATL @ NO,10/05/2026 08:15 PM,,ATL @ NO,Showdown Captain Mode,NFL,10/5,Flex,"NFL Showdown $1.5M Monday Night Showdown [$500K to 1st] (ATL @ NO);NFL Showdown $600K Wildcat [$150K to 1st] (ATL @ NO);NFL Showdown $402K Luxury Box [$100K to 1st] (ATL @ NO);NFL Showdown $300K Play-Action [20 Entry Max] (ATL @ NO);NFL Showdown $250K Flea Flicker [$50K to 1st] (ATL @ NO);NFL Showdown $150K Bootleg [$50K to 1st] (ATL @ NO);NFL Showdown $160K Four-Point Stance [$50K to 1st, 5 Entry Max] (ATL @ NO);NFL Showdown $80K Huddle [$10K to 1st, Single Entry] (ATL @ NO);NFL Showdown $20K Huddle [Single Entry] (ATL @ NO);NFL Showdown $100K Spy [$20K to 1st, Single Entry] (ATL @ NO)",196285155;196285153;196285138;196285157;196285156;196285154;196285212;196285175;196285176;196285170;196285171;196285187;196285188;196285189;196285218;196285219;196285220;196285221;196285182;196285183,10/5 8:15PM (ATL @ NO)
Zachariah Branch - Showdown Captain Mode (Captain),196285155;196285153;196285138;196285157;196285156;196285154;196285212;196285175;196285176;196285170;196285171;196285187;196285188;196285189;196285218;196285219;196285220;196285221;196285182;196285183,Zachariah Branch|ATL,44358628,Zachariah Branch,Zachariah,Branch,3600,CPT,ATL,ATL @ NO,10/05/2026 08:15 PM,,ATL @ NO,Showdown Captain Mode,NFL,10/5,Captain,"NFL Showdown $1.5M Monday Night Showdown [$500K to 1st] (ATL @ NO);NFL Showdown $600K Wildcat [$150K to 1st] (ATL @ NO);NFL Showdown $402K Luxury Box [$100K to 1st] (ATL @ NO);NFL Showdown $300K Play-Action [20 Entry Max] (ATL @ NO);NFL Showdown $250K Flea Flicker [$50K to 1st] (ATL @ NO);NFL Showdown $150K Bootleg [$50K to 1st] (ATL @ NO);NFL Showdown $160K Four-Point Stance [$50K to 1st, 5 Entry Max] (ATL @ NO);NFL Showdown $80K Huddle [$10K to 1st, Single Entry] (ATL @ NO);NFL Showdown $20K Huddle [Single Entry] (ATL @ NO);NFL Showdown $100K Spy [$20K to 1st, Single Entry] (ATL @ NO)",196285155;196285153;196285138;196285157;196285156;196285154;196285212;196285175;196285176;196285170;196285171;196285187;196285188;196285189;196285218;196285219;196285220;196285221;196285182;196285183,10/5 8:15PM (ATL @ NO)
Panthers - Showdown 2nd Half (Flex),196297427;196297821;196297824;196297424;196297431;196297428;196297426;196297698;196297429;196297822;196297825;196297820;196297827;196297823;196402607;196297697;196297425;196297430;196297432;196297828,Panthers|CAR,44359024,Panthers,Panthers,,3600,DST,CAR,DET @ CAR,10/04/2026 09:20 PM,,DET @ CAR,Showdown 2nd Half,NFL,10/4,Flex,"NFL In-Game $15K 2nd Half Clash [$5K to 1st] (2H DET @ CAR);NFL In-Game $20K Thunderdome [Must Fill] (2H DET @ CAR);NFL In-Game $10,170 2026 FFWC Qualifier Satellite [Must Fill] (2H DET @ CAR);NFL In-Game $1.8K Deep Threat [Single Entry] (2H DET @ CAR);NFL In-Game $1K Huddle [Single Entry] (2H DET @ CAR);NFL In-Game $500 Play-Action (2H DET @ CAR);NFL In-Game $600 Bootleg [Single Entry] (2H DET @ CAR);NFL In-Game $267 Winner Take All [$1K to 1st] (2H DET @ CAR);NFL In-Game $500 First Down (2H DET @ CAR);NFL In-Game Satellite to NFL $4,444 Fantasy Football MEGA Millionaire [Must Fill] (2H DET @ CAR)",196297427;196297821;196297824;196297424;196297431;196297428;196297426;196297698;196297429;196297822;196297825;196297820;196297827;196297823;196402607;196297697;196297425;196297430;196297432;196297828,10/4 9:20PM 2H (DET @ CAR)
Tommy Tremble - Showdown 2nd Half (Captain),196297427;196297821;196297824;196297424;196297431;196297428;196297426;196297698;196297429;196297822;196297825;196297820;196297827;196297823;196402607;196297697;196297425;196297430;196297432;196297828,Tommy Tremble|CAR,44358979,Tommy Tremble,Tommy,Tremble,3600,CPT,CAR,DET @ CAR,10/04/2026 09:20 PM,,DET @ CAR,Showdown 2nd Half,NFL,10/4,Captain,"NFL In-Game $15K 2nd Half Clash [$5K to 1st] (2H DET @ CAR);NFL In-Game $20K Thunderdome [Must Fill] (2H DET @ CAR);NFL In-Game $10,170 2026 FFWC Qualifier Satellite [Must Fill] (2H DET @ CAR);NFL In-Game $1.8K Deep Threat [Single Entry] (2H DET @ CAR);NFL In-Game $1K Huddle [Single Entry] (2H DET @ CAR);NFL In-Game $500 Play-Action (2H DET @ CAR);NFL In-Game $600 Bootleg [Single Entry] (2H DET @ CAR);NFL In-Game $267 Winner Take All [$1K to 1st] (2H DET @ CAR);NFL In-Game $500 First Down (2H DET @ CAR);NFL In-Game Satellite to NFL $4,444 Fantasy Football MEGA Millionaire [Must Fill] (2H DET @ CAR)",196297427;196297821;196297824;196297424;196297431;196297428;196297426;196297698;196297429;196297822;196297825;196297820;196297827;196297823;196402607;196297697;196297425;196297430;196297432;196297828,10/4 9:20PM 2H (DET @ CAR)
Panthers - Showdown 4th Quarter (Flex),196297920;196297923;196297434;196297921;196297924;196297433;196297919;196297926;196297922;196297435;196297436;196297927;196297705;196297704;196297856;196297925;196297829;196297834;196297830;196297835,Panthers|CAR,44359124,Panthers,Panthers,,3600,DST,CAR,DET @ CAR,10/04/2026 09:50 PM,,DET @ CAR,Showdown 4th Quarter,NFL,10/4,Flex,"NFL In-Game $20K Thunderdome [Must Fill] (4Q DET @ CAR);NFL In-Game $10,170 2026 FFWC Qualifier Satellite [Must Fill] (4Q DET @ CAR);NFL In-Game $3K 4th Quarter Finish [$1K to 1st] (4Q DET @ CAR);NFL In-Game Satellite to NFL $4,444 Fantasy Football MEGA Millionaire [Must Fill] (4Q DET @ CAR);NFL In-Game Satellite to NFL 10-12 $4,444 Showdown MEGA Millionaire [Must Fill] (4Q DET @ CAR);NFL In-Game $285 Bootleg [Single Entry] (4Q DET @ CAR);NFL In-Game $1,060 Winner Take All [$4K to 1st] (Must Fill) (4Q DET @ CAR);NFL In-Game Satellite to NFL 11-1 Midseason Main Event [Must Fill] (4Q DET @ CAR);NFL In-Game Satellite to NFL $555 Fantasy Football Millionaire [Must Fill] (4Q DET @ CAR);NFL In-Game $150 First Down (4Q DET @ CAR)",196297920;196297923;196297434;196297921;196297924;196297433;196297919;196297926;196297922;196297435;196297436;196297927;196297705;196297704;196297856;196297925;196297829;196297834;196297830;196297835,10/4 9:50PM Q4 (DET @ CAR)
Tommy Tremble - Showdown 4th Quarter (Captain),196297920;196297923;196297434;196297921;196297924;196297433;196297919;196297926;196297922;196297435;196297436;196297927;196297705;196297704;196297856;196297925;196297829;196297834;196297830;196297835,Tommy Tremble|CAR,44359079,Tommy Tremble,Tommy,Tremble,3600,CPT,CAR,DET @ CAR,10/04/2026 09:50 PM,,DET @ CAR,Showdown 4th Quarter,NFL,10/4,Captain,"NFL In-Game $20K Thunderdome [Must Fill] (4Q DET @ CAR);NFL In-Game $10,170 2026 FFWC Qualifier Satellite [Must Fill] (4Q DET @ CAR);NFL In-Game $3K 4th Quarter Finish [$1K to 1st] (4Q DET @ CAR);NFL In-Game Satellite to NFL $4,444 Fantasy Football MEGA Millionaire [Must Fill] (4Q DET @ CAR);NFL In-Game Satellite to NFL 10-12 $4,444 Showdown MEGA Millionaire [Must Fill] (4Q DET @ CAR);NFL In-Game $285 Bootleg [Single Entry] (4Q DET @ CAR);NFL In-Game $1,060 Winner Take All [$4K to 1st] (Must Fill) (4Q DET @ CAR);NFL In-Game Satellite to NFL 11-1 Midseason Main Event [Must Fill] (4Q DET @ CAR);NFL In-Game Satellite to NFL $555 Fantasy Football Millionaire [Must Fill] (4Q DET @ CAR);NFL In-Game $150 First Down (4Q DET @ CAR)",196297920;196297923;196297434;196297921;196297924;196297433;196297919;196297926;196297922;196297435;196297436;196297927;196297705;196297704;196297856;196297925;196297829;196297834;196297830;196297835,10/4 9:50PM Q4 (DET @ CAR)
Falcons - Showdown 2nd Half (Flex),196297440;196298019;196298022;196297437;196297444;196297441;196297439;196297702;196297442;196298020;196298023;196298018;196298025;196298021;196297701;196297438;196297443;196297445;196298026;196297700,Falcons|ATL,44359233,Falcons,Falcons,,3600,DST,ATL,ATL @ NO,10/05/2026 09:15 PM,,ATL @ NO,Showdown 2nd Half,NFL,10/5,Flex,"NFL In-Game $15K 2nd Half Clash [$5K to 1st] (2H ATL @ NO);NFL In-Game $20K Thunderdome [Must Fill] (2H ATL @ NO);NFL In-Game $10,170 2026 FFWC Qualifier Satellite [Must Fill] (2H ATL @ NO);NFL In-Game $1.8K Deep Threat [Single Entry] (2H ATL @ NO);NFL In-Game $1K Huddle [Single Entry] (2H ATL @ NO);NFL In-Game $500 Play-Action (2H ATL @ NO);NFL In-Game $600 Bootleg [Single Entry] (2H ATL @ NO);NFL In-Game $267 Winner Take All [$1K to 1st] (2H ATL @ NO);NFL In-Game $500 First Down (2H ATL @ NO);NFL In-Game Satellite to NFL $4,444 Fantasy Football MEGA Millionaire [Must Fill] (2H ATL @ NO)",196297440;196298019;196298022;196297437;196297444;196297441;196297439;196297702;196297442;196298020;196298023;196298018;196298025;196298021;196297701;196297438;196297443;196297445;196298026;196297700,10/5 9:15PM 2H (ATL @ NO)
Zachariah Branch - Showdown 2nd Half (Captain),196297440;196298019;196298022;196297437;196297444;196297441;196297439;196297702;196297442;196298020;196298023;196298018;196298025;196298021;196297701;196297438;196297443;196297445;196298026;196297700,Zachariah Branch|ATL,44359180,Zachariah Branch,Zachariah,Branch,3600,CPT,ATL,ATL @ NO,10/05/2026 09:15 PM,,ATL @ NO,Showdown 2nd Half,NFL,10/5,Captain,"NFL In-Game $15K 2nd Half Clash [$5K to 1st] (2H ATL @ NO);NFL In-Game $20K Thunderdome [Must Fill] (2H ATL @ NO);NFL In-Game $10,170 2026 FFWC Qualifier Satellite [Must Fill] (2H ATL @ NO);NFL In-Game $1.8K Deep Threat [Single Entry] (2H ATL @ NO);NFL In-Game $1K Huddle [Single Entry] (2H ATL @ NO);NFL In-Game $500 Play-Action (2H ATL @ NO);NFL In-Game $600 Bootleg [Single Entry] (2H ATL @ NO);NFL In-Game $267 Winner Take All [$1K to 1st] (2H ATL @ NO);NFL In-Game $500 First Down (2H ATL @ NO);NFL In-Game Satellite to NFL $4,444 Fantasy Football MEGA Millionaire [Must Fill] (2H ATL @ NO)",196297440;196298019;196298022;196297437;196297444;196297441;196297439;196297702;196297442;196298020;196298023;196298018;196298025;196298021;196297701;196297438;196297443;196297445;196298026;196297700,10/5 9:15PM 2H (ATL @ NO)
Falcons - Showdown 4th Quarter (Flex),196298118;196298121;196297447;196298119;196298122;196297446;196298117;196298124;196298120;196297448;196297449;196298125;196297707;196297706;196298037;196298109;196298080;196298081;196317157;196298123,Falcons|ATL,44359345,Falcons,Falcons,,3600,DST,ATL,ATL @ NO,10/05/2026 09:45 PM,,ATL @ NO,Showdown 4th Quarter,NFL,10/5,Flex,"NFL In-Game $20K Thunderdome [Must Fill] (4Q ATL @ NO);NFL In-Game $10,170 2026 FFWC Qualifier Satellite [Must Fill] (4Q ATL @ NO);NFL In-Game $3K 4th Quarter Finish [$1K to 1st] (4Q ATL @ NO);NFL In-Game Satellite to NFL $4,444 Fantasy Football MEGA Millionaire [Must Fill] (4Q ATL @ NO);NFL In-Game Satellite to NFL 10-12 $4,444 Showdown MEGA Millionaire [Must Fill] (4Q ATL @ NO);NFL In-Game $285 Bootleg [Single Entry] (4Q ATL @ NO);NFL In-Game $1,060 Winner Take All [$4K to 1st] (Must Fill) (4Q ATL @ NO);NFL In-Game Satellite to NFL 11-1 Midseason Main Event [Must Fill] (4Q ATL @ NO);NFL In-Game Satellite to NFL $555 Fantasy Football Millionaire [Must Fill] (4Q ATL @ NO);NFL In-Game $150 First Down (4Q ATL @ NO)",196298118;196298121;196297447;196298119;196298122;196297446;196298117;196298124;196298120;196297448;196297449;196298125;196297707;196297706;196298037;196298109;196298080;196298081;196317157;196298123,10/5 9:45PM Q4 (ATL @ NO)
Zachariah Branch - Showdown 4th Quarter (Captain),196298118;196298121;196297447;196298119;196298122;196297446;196298117;196298124;196298120;196297448;196297449;196298125;196297707;196297706;196298037;196298109;196298080;196298081;196317157;196298123,Zachariah Branch|ATL,44359292,Zachariah Branch,Zachariah,Branch,3600,CPT,ATL,ATL @ NO,10/05/2026 09:45 PM,,ATL @ NO,Showdown 4th Quarter,NFL,10/5,Captain,"NFL In-Game $20K Thunderdome [Must Fill] (4Q ATL @ NO);NFL In-Game $10,170 2026 FFWC Qualifier Satellite [Must Fill] (4Q ATL @ NO);NFL In-Game $3K 4th Quarter Finish [$1K to 1st] (4Q ATL @ NO);NFL In-Game Satellite to NFL $4,444 Fantasy Football MEGA Millionaire [Must Fill] (4Q ATL @ NO);NFL In-Game Satellite to NFL 10-12 $4,444 Showdown MEGA Millionaire [Must Fill] (4Q ATL @ NO);NFL In-Game $285 Bootleg [Single Entry] (4Q ATL @ NO);NFL In-Game $1,060 Winner Take All [$4K to 1st] (Must Fill) (4Q ATL @ NO);NFL In-Game Satellite to NFL 11-1 Midseason Main Event [Must Fill] (4Q ATL @ NO);NFL In-Game Satellite to NFL $555 Fantasy Football Millionaire [Must Fill] (4Q ATL @ NO);NFL In-Game $150 First Down (4Q ATL @ NO)",196298118;196298121;196297447;196298119;196298122;196297446;196298117;196298124;196298120;196297448;196297449;196298125;196297707;196297706;196298037;196298109;196298080;196298081;196317157;196298123,10/5 9:45PM Q4 (ATL @ NO)
AJ Dillon - Showdown Captain Mode (Flex),196285049;196285047;196285046;196285050;196285056;196285071;196285042;196285064;196285065;196285048;196285095;196285096;196285083;196285089;196285107;196285108;196285105;196285106;196285090;196285094,AJ Dillon|CAR,44358467,AJ Dillon,AJ,Dillon,3400,RB,CAR,DET @ CAR,10/04/2026 08:20 PM,,DET @ CAR,Showdown Captain Mode,NFL,10/4,Flex,"NFL Showdown $1M Sunday Night Showdown [$250K to 1st] (DET @ CAR);NFL Showdown $500K Wildcat [$100K to 1st] (DET @ CAR);NFL Showdown $402K Luxury Box [$100K to 1st] (DET @ CAR);NFL Showdown $200K Play-Action [20 Entry Max] (DET @ CAR);NFL Showdown $140K Four-Point Stance [$30K to 1st, 5 Entry Max] (DET @ CAR);NFL Showdown $60K Huddle [Single Entry] (DET @ CAR);NFL Showdown $10K Huddle [Single Entry] (DET @ CAR);NFL Showdown $75K Spy [$15K to 1st, Single Entry] (DET @ CAR);NFL Showdown $25K Spy [Single Entry] (DET @ CAR);NFL Showdown $70K Bootleg [$20K to 1st] (DET @ CAR)",196285049;196285047;196285046;196285050;196285056;196285071;196285042;196285064;196285065;196285048;196285095;196285096;196285083;196285089;196285107;196285108;196285105;196285106;196285090;196285094,10/4 8:20PM (DET @ CAR)
AJ Dillon - Showdown 2nd Half (Flex),196297427;196297821;196297824;196297424;196297431;196297428;196297426;196297698;196297429;196297822;196297825;196297820;196297827;196297823;196402607;196297697;196297425;196297430;196297432;196297828,AJ Dillon|CAR,44359025,AJ Dillon,AJ,Dillon,3400,RB,CAR,DET @ CAR,10/04/2026 09:20 PM,,DET @ CAR,Showdown 2nd Half,NFL,10/4,Flex,"NFL In-Game $15K 2nd Half Clash [$5K to 1st] (2H DET @ CAR);NFL In-Game $20K Thunderdome [Must Fill] (2H DET @ CAR);NFL In-Game $10,170 2026 FFWC Qualifier Satellite [Must Fill] (2H DET @ CAR);NFL In-Game $1.8K Deep Threat [Single Entry] (2H DET @ CAR);NFL In-Game $1K Huddle [Single Entry] (2H DET @ CAR);NFL In-Game $500 Play-Action (2H DET @ CAR);NFL In-Game $600 Bootleg [Single Entry] (2H DET @ CAR);NFL In-Game $267 Winner Take All [$1K to 1st] (2H DET @ CAR);NFL In-Game $500 First Down (2H DET @ CAR);NFL In-Game Satellite to NFL $4,444 Fantasy Football MEGA Millionaire [Must Fill] (2H DET @ CAR)",196297427;196297821;196297824;196297424;196297431;196297428;196297426;196297698;196297429;196297822;196297825;196297820;196297827;196297823;196402607;196297697;196297425;196297430;196297432;196297828,10/4 9:20PM 2H (DET @ CAR)
AJ Dillon - Showdown 4th Quarter (Flex),196297920;196297923;196297434;196297921;196297924;196297433;196297919;196297926;196297922;196297435;196297436;196297927;196297705;196297704;196297856;196297925;196297829;196297834;196297830;196297835,AJ Dillon|CAR,44359125,AJ Dillon,AJ,Dillon,3400,RB,CAR,DET @ CAR,10/04/2026 09:50 PM,,DET @ CAR,Showdown 4th Quarter,NFL,10/4,Flex,"NFL In-Game $20K Thunderdome [Must Fill] (4Q DET @ CAR);NFL In-Game $10,170 2026 FFWC Qualifier Satellite [Must Fill] (4Q DET @ CAR);NFL In-Game $3K 4th Quarter Finish [$1K to 1st] (4Q DET @ CAR);NFL In-Game Satellite to NFL $4,444 Fantasy Football MEGA Millionaire [Must Fill] (4Q DET @ CAR);NFL In-Game Satellite to NFL 10-12 $4,444 Showdown MEGA Millionaire [Must Fill] (4Q DET @ CAR);NFL In-Game $285 Bootleg [Single Entry] (4Q DET @ CAR);NFL In-Game $1,060 Winner Take All [$4K to 1st] (Must Fill) (4Q DET @ CAR);NFL In-Game Satellite to NFL 11-1 Midseason Main Event [Must Fill] (4Q DET @ CAR);NFL In-Game Satellite to NFL $555 Fantasy Football Millionaire [Must Fill] (4Q DET @ CAR);NFL In-Game $150 First Down (4Q DET @ CAR)",196297920;196297923;196297434;196297921;196297924;196297433;196297919;196297926;196297922;196297435;196297436;196297927;196297705;196297704;196297856;196297925;196297829;196297834;196297830;196297835,10/4 9:50PM Q4 (DET @ CAR)
Darren Waller - Classic,196285112;196285136;196285124;196285111;196285110;196285121;196285113;196285123;196286041;196285114;196285133;196285129;196285132;196285109;196285127;196285125;196285122;196285118;196286044;196285115,Darren Waller|CAR,44358377,Darren Waller,Darren,Waller,3300,TE,CAR,DET @ CAR,10/04/2026 08:20 PM,,DET @ CAR,Classic,NFL,10/4,Standard,NFL $60K Post Pattern [$20K to 1st] (Primetime);NFL $30K Wildcat [$10K to 1st] (Primetime);NFL $15K Huddle [Single Entry] (Primetime);NFL $10K Bootleg [$2K to 1st] (Primetime);NFL $8.5K Luxury Box [Single Entry] (Primetime);NFL $10K Spy [Single Entry] (Primetime);NFL $10K Play-Action [20 Entry Max] (Primetime);NFL $6K Fair Catch [Single Entry] (Primetime);NFL $20K Thunderdome [Must Fill] (Primetime);NFL $7K First Down (Primetime),196285112;196285136;196285124;196285111;196285110;196285121;196285113;196285123;196286041;196285114;196285133;196285129;196285132;196285109;196285127;196285125;196285122;196285118;196286044;196285115,"10/4 8:20PM, 2 Games"
John Metchie III - Showdown Captain Mode (Flex),196285049;196285047;196285046;196285050;196285056;196285071;196285042;196285064;196285065;196285048;196285095;196285096;196285083;196285089;196285107;196285108;196285105;196285106;196285090;196285094,John Metchie III|CAR,44358468,John Metchie III,John,Metchie III,3200,WR,CAR,DET @ CAR,10/04/2026 08:20 PM,,DET @ CAR,Showdown Captain Mode,NFL,10/4,Flex,"NFL Showdown $1M Sunday Night Showdown [$250K to 1st] (DET @ CAR);NFL Showdown $500K Wildcat [$100K to 1st] (DET @ CAR);NFL Showdown $402K Luxury Box [$100K to 1st] (DET @ CAR);NFL Showdown $200K Play-Action [20 Entry Max] (DET @ CAR);NFL Showdown $140K Four-Point Stance [$30K to 1st, 5 Entry Max] (DET @ CAR);NFL Showdown $60K Huddle [Single Entry] (DET @ CAR);NFL Showdown $10K Huddle [Single Entry] (DET @ CAR);NFL Showdown $75K Spy [$15K to 1st, Single Entry] (DET @ CAR);NFL Showdown $25K Spy [Single Entry] (DET @ CAR);NFL Showdown $70K Bootleg [$20K to 1st] (DET @ CAR)",196285049;196285047;196285046;196285050;196285056;196285071;196285042;196285064;196285065;196285048;196285095;196285096;196285083;196285089;196285107;196285108;196285105;196285106;196285090;196285094,10/4 8:20PM (DET @ CAR)
John Metchie III - Classic,196285112;196285136;196285124;196285111;196285110;196285121;196285113;196285123;196286041;196285114;196285133;196285129;196285132;196285109;196285127;196285125;196285122;196285118;196286044;196285115,John Metchie III|CAR,44358313,John Metchie III,John,Metchie III,3200,WR,CAR,DET @ CAR,10/04/2026 08:20 PM,,DET @ CAR,Classic,NFL,10/4,Standard,NFL $60K Post Pattern [$20K to 1st] (Primetime);NFL $30K Wildcat [$10K to 1st] (Primetime);NFL $15K Huddle [Single Entry] (Primetime);NFL $10K Bootleg [$2K to 1st] (Primetime);NFL $8.5K Luxury Box [Single Entry] (Primetime);NFL $10K Spy [Single Entry] (Primetime);NFL $10K Play-Action [20 Entry Max] (Primetime);NFL $6K Fair Catch [Single Entry] (Primetime);NFL $20K Thunderdome [Must Fill] (Primetime);NFL $7K First Down (Primetime),196285112;196285136;196285124;196285111;196285110;196285121;196285113;196285123;196286041;196285114;196285133;196285129;196285132;196285109;196285127;196285125;196285122;196285118;196286044;196285115,"10/4 8:20PM, 2 Games"
Zachariah Branch - Classic,196285112;196285136;196285124;196285111;196285110;196285121;196285113;196285123;196286041;196285114;196285133;196285129;196285132;196285109;196285127;196285125;196285122;196285118;196286044;196285115,Zachariah Branch|ATL,44358315,Zachariah Branch,Zachariah,Branch,3200,WR,ATL,ATL @ NO,10/05/2026 08:15 PM,,ATL @ NO,Classic,NFL,10/5,Standard,NFL $60K Post Pattern [$20K to 1st] (Primetime);NFL $30K Wildcat [$10K to 1st] (Primetime);NFL $15K Huddle [Single Entry] (Primetime);NFL $10K Bootleg [$2K to 1st] (Primetime);NFL $8.5K Luxury Box [Single Entry] (Primetime);NFL $10K Spy [Single Entry] (Primetime);NFL $10K Play-Action [20 Entry Max] (Primetime);NFL $6K Fair Catch [Single Entry] (Primetime);NFL $20K Thunderdome [Must Fill] (Primetime);NFL $7K First Down (Primetime),196285112;196285136;196285124;196285111;196285110;196285121;196285113;196285123;196286041;196285114;196285133;196285129;196285132;196285109;196285127;196285125;196285122;196285118;196286044;196285115,"10/4 8:20PM, 2 Games"
Noah Fant - Classic,196285112;196285136;196285124;196285111;196285110;196285121;196285113;196285123;196286041;196285114;196285133;196285129;196285132;196285109;196285127;196285125;196285122;196285118;196286044;196285115,Noah Fant|NO,44358379,Noah Fant,Noah,Fant,3200,TE,NO,ATL @ NO,10/05/2026 08:15 PM,,ATL @ NO,Classic,NFL,10/5,Standard,NFL $60K Post Pattern [$20K to 1st] (Primetime);NFL $30K Wildcat [$10K to 1st] (Primetime);NFL $15K Huddle [Single Entry] (Primetime);NFL $10K Bootleg [$2K to 1st] (Primetime);NFL $8.5K Luxury Box [Single Entry] (Primetime);NFL $10K Spy [Single Entry] (Primetime);NFL $10K Play-Action [20 Entry Max] (Primetime);NFL $6K Fair Catch [Single Entry] (Primetime);NFL $20K Thunderdome [Must Fill] (Primetime);NFL $7K First Down (Primetime),196285112;196285136;196285124;196285111;196285110;196285121;196285113;196285123;196286041;196285114;196285133;196285129;196285132;196285109;196285127;196285125;196285122;196285118;196286044;196285115,"10/4 8:20PM, 2 Games"
John Metchie III - Showdown 2nd Half (Flex),196297427;196297821;196297824;196297424;196297431;196297428;196297426;196297698;196297429;196297822;196297825;196297820;196297827;196297823;196402607;196297697;196297425;196297430;196297432;196297828,John Metchie III|CAR,44359026,John Metchie III,John,Metchie III,3200,WR,CAR,DET @ CAR,10/04/2026 09:20 PM,,DET @ CAR,Showdown 2nd Half,NFL,10/4,Flex,"NFL In-Game $15K 2nd Half Clash [$5K to 1st] (2H DET @ CAR);NFL In-Game $20K Thunderdome [Must Fill] (2H DET @ CAR);NFL In-Game $10,170 2026 FFWC Qualifier Satellite [Must Fill] (2H DET @ CAR);NFL In-Game $1.8K Deep Threat [Single Entry] (2H DET @ CAR);NFL In-Game $1K Huddle [Single Entry] (2H DET @ CAR);NFL In-Game $500 Play-Action (2H DET @ CAR);NFL In-Game $600 Bootleg [Single Entry] (2H DET @ CAR);NFL In-Game $267 Winner Take All [$1K to 1st] (2H DET @ CAR);NFL In-Game $500 First Down (2H DET @ CAR);NFL In-Game Satellite to NFL $4,444 Fantasy Football MEGA Millionaire [Must Fill] (2H DET @ CAR)",196297427;196297821;196297824;196297424;196297431;196297428;196297426;196297698;196297429;196297822;196297825;196297820;196297827;196297823;196402607;196297697;196297425;196297430;196297432;196297828,10/4 9:20PM 2H (DET @ CAR)
John Metchie III - Showdown 4th Quarter (Flex),196297920;196297923;196297434;196297921;196297924;196297433;196297919;196297926;196297922;196297435;196297436;196297927;196297705;196297704;196297856;196297925;196297829;196297834;196297830;196297835,John Metchie III|CAR,44359126,John Metchie III,John,Metchie III,3200,WR,CAR,DET @ CAR,10/04/2026 09:50 PM,,DET @ CAR,Showdown 4th Quarter,NFL,10/4,Flex,"NFL In-Game $20K Thunderdome [Must Fill] (4Q DET @ CAR);NFL In-Game $10,170 2026 FFWC Qualifier Satellite [Must Fill] (4Q DET @ CAR);NFL In-Game $3K 4th Quarter Finish [$1K to 1st] (4Q DET @ CAR);NFL In-Game Satellite to NFL $4,444 Fantasy Football MEGA Millionaire [Must Fill] (4Q DET @ CAR);NFL In-Game Satellite to NFL 10-12 $4,444 Showdown MEGA Millionaire [Must Fill] (4Q DET @ CAR);NFL In-Game $285 Bootleg [Single Entry] (4Q DET @ CAR);NFL In-Game $1,060 Winner Take All [$4K to 1st] (Must Fill) (4Q DET @ CAR);NFL In-Game Satellite to NFL 11-1 Midseason Main Event [Must Fill] (4Q DET @ CAR);NFL In-Game Satellite to NFL $555 Fantasy Football Millionaire [Must Fill] (4Q DET @ CAR);NFL In-Game $150 First Down (4Q DET @ CAR)",196297920;196297923;196297434;196297921;196297924;196297433;196297919;196297926;196297922;196297435;196297436;196297927;196297705;196297704;196297856;196297925;196297829;196297834;196297830;196297835,10/4 9:50PM Q4 (DET @ CAR)
Brycen Tremayne - Classic,196285112;196285136;196285124;196285111;196285110;196285121;196285113;196285123;196286041;196285114;196285133;196285129;196285132;196285109;196285127;196285125;196285122;196285118;196286044;196285115,Brycen Tremayne|CAR,44358317,Brycen Tremayne,Brycen,Tremayne,3100,WR,CAR,DET @ CAR,10/04/2026 08:20 PM,,DET @ CAR,Classic,NFL,10/4,Standard,NFL $60K Post Pattern [$20K to 1st] (Primetime);NFL $30K Wildcat [$10K to 1st] (Primetime);NFL $15K Huddle [Single Entry] (Primetime);NFL $10K Bootleg [$2K to 1st] (Primetime);NFL $8.5K Luxury Box [Single Entry] (Primetime);NFL $10K Spy [Single Entry] (Primetime);NFL $10K Play-Action [20 Entry Max] (Primetime);NFL $6K Fair Catch [Single Entry] (Primetime);NFL $20K Thunderdome [Must Fill] (Primetime);NFL $7K First Down (Primetime),196285112;196285136;196285124;196285111;196285110;196285121;196285113;196285123;196286041;196285114;196285133;196285129;196285132;196285109;196285127;196285125;196285122;196285118;196286044;196285115,"10/4 8:20PM, 2 Games"
Saints - Classic,196285112;196285136;196285124;196285111;196285110;196285121;196285113;196285123;196286041;196285114;196285133;196285129;196285132;196285109;196285127;196285125;196285122;196285118;196286044;196285115,Saints|NO,44358419,Saints,Saints,,3100,DST,NO,ATL @ NO,10/05/2026 08:15 PM,,ATL @ NO,Classic,NFL,10/5,Standard,NFL $60K Post Pattern [$20K to 1st] (Primetime);NFL $30K Wildcat [$10K to 1st] (Primetime);NFL $15K Huddle [Single Entry] (Primetime);NFL $10K Bootleg [$2K to 1st] (Primetime);NFL $8.5K Luxury Box [Single Entry] (Primetime);NFL $10K Spy [Single Entry] (Primetime);NFL $10K Play-Action [20 Entry Max] (Primetime);NFL $6K Fair Catch [Single Entry] (Primetime);NFL $20K Thunderdome [Must Fill] (Primetime);NFL $7K First Down (Primetime),196285112;196285136;196285124;196285111;196285110;196285121;196285113;196285123;196286041;196285114;196285133;196285129;196285132;196285109;196285127;196285125;196285122;196285118;196286044;196285115,"10/4 8:20PM, 2 Games"
Sione Vaki - Showdown Captain Mode (Flex),196285049;196285047;196285046;196285050;196285056;196285071;196285042;196285064;196285065;196285048;196285095;196285096;196285083;196285089;196285107;196285108;196285105;196285106;196285090;196285094,Sione Vaki|DET,44358469,Sione Vaki,Sione,Vaki,3000,RB,DET,DET @ CAR,10/04/2026 08:20 PM,,DET @ CAR,Showdown Captain Mode,NFL,10/4,Flex,"NFL Showdown $1M Sunday Night Showdown [$250K to 1st] (DET @ CAR);NFL Showdown $500K Wildcat [$100K to 1st] (DET @ CAR);NFL Showdown $402K Luxury Box [$100K to 1st] (DET @ CAR);NFL Showdown $200K Play-Action [20 Entry Max] (DET @ CAR);NFL Showdown $140K Four-Point Stance [$30K to 1st, 5 Entry Max] (DET @ CAR);NFL Showdown $60K Huddle [Single Entry] (DET @ CAR);NFL Showdown $10K Huddle [Single Entry] (DET @ CAR);NFL Showdown $75K Spy [$15K to 1st, Single Entry] (DET @ CAR);NFL Showdown $25K Spy [Single Entry] (DET @ CAR);NFL Showdown $70K Bootleg [$20K to 1st] (DET @ CAR)",196285049;196285047;196285046;196285050;196285056;196285071;196285042;196285064;196285065;196285048;196285095;196285096;196285083;196285089;196285107;196285108;196285105;196285106;196285090;196285094,10/4 8:20PM (DET @ CAR)
Mitchell Evans - Showdown Captain Mode (Captain),196285049;196285047;196285046;196285050;196285056;196285071;196285042;196285064;196285065;196285048;196285095;196285096;196285083;196285089;196285107;196285108;196285105;196285106;196285090;196285094,Mitchell Evans|CAR,44358522,Mitchell Evans,Mitchell,Evans,3000,CPT,CAR,DET @ CAR,10/04/2026 08:20 PM,,DET @ CAR,Showdown Captain Mode,NFL,10/4,Captain,"NFL Showdown $1M Sunday Night Showdown [$250K to 1st] (DET @ CAR);NFL Showdown $500K Wildcat [$100K to 1st] (DET @ CAR);NFL Showdown $402K Luxury Box [$100K to 1st] (DET @ CAR);NFL Showdown $200K Play-Action [20 Entry Max] (DET @ CAR);NFL Showdown $140K Four-Point Stance [$30K to 1st, 5 Entry Max] (DET @ CAR);NFL Showdown $60K Huddle [Single Entry] (DET @ CAR);NFL Showdown $10K Huddle [Single Entry] (DET @ CAR);NFL Showdown $75K Spy [$15K to 1st, Single Entry] (DET @ CAR);NFL Showdown $25K Spy [Single Entry] (DET @ CAR);NFL Showdown $70K Bootleg [$20K to 1st] (DET @ CAR)",196285049;196285047;196285046;196285050;196285056;196285071;196285042;196285064;196285065;196285048;196285095;196285096;196285083;196285089;196285107;196285108;196285105;196285106;196285090;196285094,10/4 8:20PM (DET @ CAR)
David Moore - Classic,196285112;196285136;196285124;196285111;196285110;196285121;196285113;196285123;196286041;196285114;196285133;196285129;196285132;196285109;196285127;196285125;196285122;196285118;196286044;196285115,David Moore|CAR,44358319,David Moore,David,Moore,3000,WR,CAR,DET @ CAR,10/04/2026 08:20 PM,,DET @ CAR,Classic,NFL,10/4,Standard,NFL $60K Post Pattern [$20K to 1st] (Primetime);NFL $30K Wildcat [$10K to 1st] (Primetime);NFL $15K Huddle [Single Entry] (Primetime);NFL $10K Bootleg [$2K to 1st] (Primetime);NFL $8.5K Luxury Box [Single Entry] (Primetime);NFL $10K Spy [Single Entry] (Primetime);NFL $10K Play-Action [20 Entry Max] (Primetime);NFL $6K Fair Catch [Single Entry] (Primetime);NFL $20K Thunderdome [Must Fill] (Primetime);NFL $7K First Down (Primetime),196285112;196285136;196285124;196285111;196285110;196285121;196285113;196285123;196286041;196285114;196285133;196285129;196285132;196285109;196285127;196285125;196285122;196285118;196286044;196285115,"10/4 8:20PM, 2 Games"
Chris Brazzell II - Classic,196285112;196285136;196285124;196285111;196285110;196285121;196285113;196285123;196286041;196285114;196285133;196285129;196285132;196285109;196285127;196285125;196285122;196285118;196286044;196285115,Chris Brazzell II|CAR,44358321,Chris Brazzell II,Chris,Brazzell II,3000,WR,CAR,DET @ CAR,10/04/2026 08:20 PM,,DET @ CAR,Classic,NFL,10/4,Standard,NFL $60K Post Pattern [$20K to 1st] (Primetime);NFL $30K Wildcat [$10K to 1st] (Primetime);NFL $15K Huddle [Single Entry] (Primetime);NFL $10K Bootleg [$2K to 1st] (Primetime);NFL $8.5K Luxury Box [Single Entry] (Primetime);NFL $10K Spy [Single Entry] (Primetime);NFL $10K Play-Action [20 Entry Max] (Primetime);NFL $6K Fair Catch [Single Entry] (Primetime);NFL $20K Thunderdome [Must Fill] (Primetime);NFL $7K First Down (Primetime),196285112;196285136;196285124;196285111;196285110;196285121;196285113;196285123;196286041;196285114;196285133;196285129;196285132;196285109;196285127;196285125;196285122;196285118;196286044;196285115,"10/4 8:20PM, 2 Games"
Casey Washington - Classic,196285112;196285136;196285124;196285111;196285110;196285121;196285113;196285123;196286041;196285114;196285133;196285129;196285132;196285109;196285127;196285125;196285122;196285118;196286044;196285115,Casey Washington|CAR,44358323,Casey Washington,Casey,Washington,3000,WR,CAR,DET @ CAR,10/04/2026 08:20 PM,,DET @ CAR,Classic,NFL,10/4,Standard,NFL $60K Post Pattern [$20K to 1st] (Primetime);NFL $30K Wildcat [$10K to 1st] (Primetime);NFL $15K Huddle [Single Entry] (Primetime);NFL $10K Bootleg [$2K to 1st] (Primetime);NFL $8.5K Luxury Box [Single Entry] (Primetime);NFL $10K Spy [Single Entry] (Primetime);NFL $10K Play-Action [20 Entry Max] (Primetime);NFL $6K Fair Catch [Single Entry] (Primetime);NFL $20K Thunderdome [Must Fill] (Primetime);NFL $7K First Down (Primetime),196285112;196285136;196285124;196285111;196285110;196285121;196285113;196285123;196286041;196285114;196285133;196285129;196285132;196285109;196285127;196285125;196285122;196285118;196286044;196285115,"10/4 8:20PM, 2 Games"
Ja'seem Reed - Classic,196285112;196285136;196285124;196285111;196285110;196285121;196285113;196285123;196286041;196285114;196285133;196285129;196285132;196285109;196285127;196285125;196285122;196285118;196286044;196285115,Ja'seem Reed|CAR,44358325,Ja'seem Reed,Ja'seem,Reed,3000,WR,CAR,DET @ CAR,10/04/2026 08:20 PM,,DET @ CAR,Classic,NFL,10/4,Standard,NFL $60K Post Pattern [$20K to 1st] (Primetime);NFL $30K Wildcat [$10K to 1st] (Primetime);NFL $15K Huddle [Single Entry] (Primetime);NFL $10K Bootleg [$2K to 1st] (Primetime);NFL $8.5K Luxury Box [Single Entry] (Primetime);NFL $10K Spy [Single Entry] (Primetime);NFL $10K Play-Action [20 Entry Max] (Primetime);NFL $6K Fair Catch [Single Entry] (Primetime);NFL $20K Thunderdome [Must Fill] (Primetime);NFL $7K First Down (Primetime),196285112;196285136;196285124;196285111;196285110;196285121;196285113;196285123;196286041;196285114;196285133;196285129;196285132;196285109;196285127;196285125;196285122;196285118;196286044;196285115,"10/4 8:20PM, 2 Games"
Tom Kennedy - Classic,196285112;196285136;196285124;196285111;196285110;196285121;196285113;196285123;196286041;196285114;196285133;196285129;196285132;196285109;196285127;196285125;196285122;196285118;196286044;196285115,Tom Kennedy|DET,44358327,Tom Kennedy,Tom,Kennedy,3000,WR,DET,DET @ CAR,10/04/2026 08:20 PM,,DET @ CAR,Classic,NFL,10/4,Standard,NFL $60K Post Pattern [$20K to 1st] (Primetime);NFL $30K Wildcat [$10K to 1st] (Primetime);NFL $15K Huddle [Single Entry] (Primetime);NFL $10K Bootleg [$2K to 1st] (Primetime);NFL $8.5K Luxury Box [Single Entry] (Primetime);NFL $10K Spy [Single Entry] (Primetime);NFL $10K Play-Action [20 Entry Max] (Primetime);NFL $6K Fair Catch [Single Entry] (Primetime);NFL $20K Thunderdome [Must Fill] (Primetime);NFL $7K First Down (Primetime),196285112;196285136;196285124;196285111;196285110;196285121;196285113;196285123;196286041;196285114;196285133;196285129;196285132;196285109;196285127;196285125;196285122;196285118;196286044;196285115,"10/4 8:20PM, 2 Games"
Tay Martin - Classic,196285112;196285136;196285124;196285111;196285110;196285121;196285113;196285123;196286041;196285114;196285133;196285129;196285132;196285109;196285127;196285125;196285122;196285118;196286044;196285115,Tay Martin|DET,44358329,Tay Martin,Tay,Martin,3000,WR,DET,DET @ CAR,10/04/2026 08:20 PM,,DET @ CAR,Classic,NFL,10/4,Standard,NFL $60K Post Pattern [$20K to 1st] (Primetime);NFL $30K Wildcat [$10K to 1st] (Primetime);NFL $15K Huddle [Single Entry] (Primetime);NFL $10K Bootleg [$2K to 1st] (Primetime);NFL $8.5K Luxury Box [Single Entry] (Primetime);NFL $10K Spy [Single Entry] (Primetime);NFL $10K Play-Action [20 Entry Max] (Primetime);NFL $6K Fair Catch [Single Entry] (Primetime);NFL $20K Thunderdome [Must Fill] (Primetime);NFL $7K First Down (Primetime),196285112;196285136;196285124;196285111;196285110;196285121;196285113;196285123;196286041;196285114;196285133;196285129;196285132;196285109;196285127;196285125;196285122;196285118;196286044;196285115,"10/4 8:20PM, 2 Games"
Kendrick Law - Classic,196285112;196285136;196285124;196285111;196285110;196285121;196285113;196285123;196286041;196285114;196285133;196285129;196285132;196285109;196285127;196285125;196285122;196285118;196286044;196285115,Kendrick Law|DET,44358331,Kendrick Law,Kendrick,Law,3000,WR,DET,DET @ CAR,10/04/2026 08:20 PM,,DET @ CAR,Classic,NFL,10/4,Standard,NFL $60K Post Pattern [$20K to 1st] (Primetime);NFL $30K Wildcat [$10K to 1st] (Primetime);NFL $15K Huddle [Single Entry] (Primetime);NFL $10K Bootleg [$2K to 1st] (Primetime);NFL $8.5K Luxury Box [Single Entry] (Primetime);NFL $10K Spy [Single Entry] (Primetime);NFL $10K Play-Action [20 Entry Max] (Primetime);NFL $6K Fair Catch [Single Entry] (Primetime);NFL $20K Thunderdome [Must Fill] (Primetime);NFL $7K First Down (Primetime),196285112;196285136;196285124;196285111;196285110;196285121;196285113;196285123;196286041;196285114;196285133;196285129;196285132;196285109;196285127;196285125;196285122;196285118;196286044;196285115,"10/4 8:20PM, 2 Games"
Dominic Lovett - Classic,196285112;196285136;196285124;196285111;196285110;196285121;196285113;196285123;196286041;196285114;196285133;196285129;196285132;196285109;196285127;196285125;196285122;196285118;196286044;196285115,Dominic Lovett|DET,44358333,Dominic Lovett,Dominic,Lovett,3000,WR,DET,DET @ CAR,10/04/2026 08:20 PM,,DET @ CAR,Classic,NFL,10/4,Standard,NFL $60K Post Pattern [$20K to 1st] (Primetime);NFL $30K Wildcat [$10K to 1st] (Primetime);NFL $15K Huddle [Single Entry] (Primetime);NFL $10K Bootleg [$2K to 1st] (Primetime);NFL $8.5K Luxury Box [Single Entry] (Primetime);NFL $10K Spy [Single Entry] (Primetime);NFL $10K Play-Action [20 Entry Max] (Primetime);NFL $6K Fair Catch [Single Entry] (Primetime);NFL $20K Thunderdome [Must Fill] (Primetime);NFL $7K First Down (Primetime),196285112;196285136;196285124;196285111;196285110;196285121;196285113;196285123;196286041;196285114;196285133;196285129;196285132;196285109;196285127;196285125;196285122;196285118;196286044;196285115,"10/4 8:20PM, 2 Games"
Lucky Jackson - Classic,196285112;196285136;196285124;196285111;196285110;196285121;196285113;196285123;196286041;196285114;196285133;196285129;196285132;196285109;196285127;196285125;196285122;196285118;196286044;196285115,Lucky Jackson|DET,44358335,Lucky Jackson,Lucky,Jackson,3000,WR,DET,DET @ CAR,10/04/2026 08:20 PM,,DET @ CAR,Classic,NFL,10/4,Standard,NFL $60K Post Pattern [$20K to 1st] (Primetime);NFL $30K Wildcat [$10K to 1st] (Primetime);NFL $15K Huddle [Single Entry] (Primetime);NFL $10K Bootleg [$2K to 1st] (Primetime);NFL $8.5K Luxury Box [Single Entry] (Primetime);NFL $10K Spy [Single Entry] (Primetime);NFL $10K Play-Action [20 Entry Max] (Primetime);NFL $6K Fair Catch [Single Entry] (Primetime);NFL $20K Thunderdome [Must Fill] (Primetime);NFL $7K First Down (Primetime),196285112;196285136;196285124;196285111;196285110;196285121;196285113;196285123;196286041;196285114;196285133;196285129;196285132;196285109;196285127;196285125;196285122;196285118;196286044;196285115,"10/4 8:20PM, 2 Games"
Lawrence Keys III - Classic,196285112;196285136;196285124;196285111;196285110;196285121;196285113;196285123;196286041;196285114;196285133;196285129;196285132;196285109;196285127;196285125;196285122;196285118;196286044;196285115,Lawrence Keys III|DET,44358337,Lawrence Keys III,Lawrence,Keys III,3000,WR,DET,DET @ CAR,10/04/2026 08:20 PM,,DET @ CAR,Classic,NFL,10/4,Standard,NFL $60K Post Pattern [$20K to 1st] (Primetime);NFL $30K Wildcat [$10K to 1st] (Primetime);NFL $15K Huddle [Single Entry] (Primetime);NFL $10K Bootleg [$2K to 1st] (Primetime);NFL $8.5K Luxury Box [Single Entry] (Primetime);NFL $10K Spy [Single Entry] (Primetime);NFL $10K Play-Action [20 Entry Max] (Primetime);NFL $6K Fair Catch [Single Entry] (Primetime);NFL $20K Thunderdome [Must Fill] (Primetime);NFL $7K First Down (Primetime),196285112;196285136;196285124;196285111;196285110;196285121;196285113;196285123;196286041;196285114;196285133;196285129;196285132;196285109;196285127;196285125;196285122;196285118;196286044;196285115,"10/4 8:20PM, 2 Games"
Bryce Lance - Classic,196285112;196285136;196285124;196285111;196285110;196285121;196285113;196285123;196286041;196285114;196285133;196285129;196285132;196285109;196285127;196285125;196285122;196285118;196286044;196285115,Bryce Lance|NO,44358339,Bryce Lance,Bryce,Lance,3000,WR,NO,ATL @ NO,10/05/2026 08:15 PM,,ATL @ NO,Classic,NFL,10/5,Standard,NFL $60K Post Pattern [$20K to 1st] (Primetime);NFL $30K Wildcat [$10K to 1st] (Primetime);NFL $15K Huddle [Single Entry] (Primetime);NFL $10K Bootleg [$2K to 1st] (Primetime);NFL $8.5K Luxury Box [Single Entry] (Primetime);NFL $10K Spy [Single Entry] (Primetime);NFL $10K Play-Action [20 Entry Max] (Primetime);NFL $6K Fair Catch [Single Entry] (Primetime);NFL $20K Thunderdome [Must Fill] (Primetime);NFL $7K First Down (Primetime),196285112;196285136;196285124;196285111;196285110;196285121;196285113;196285123;196286041;196285114;196285133;196285129;196285132;196285109;196285127;196285125;196285122;196285118;196286044;196285115,"10/4 8:20PM, 2 Games"
Barion Brown - Classic,196285112;196285136;196285124;196285111;196285110;196285121;196285113;196285123;196286041;196285114;196285133;196285129;196285132;196285109;196285127;196285125;196285122;196285118;196286044;196285115,Barion Brown|NO,44358341,Barion Brown,Barion,Brown,3000,WR,NO,ATL @ NO,10/05/2026 08:15 PM,,ATL @ NO,Classic,NFL,10/5,Standard,NFL $60K Post Pattern [$20K to 1st] (Primetime);NFL $30K Wildcat [$10K to 1st] (Primetime);NFL $15K Huddle [Single Entry] (Primetime);NFL $10K Bootleg [$2K to 1st] (Primetime);NFL $8.5K Luxury Box [Single Entry] (Primetime);NFL $10K Spy [Single Entry] (Primetime);NFL $10K Play-Action [20 Entry Max] (Primetime);NFL $6K Fair Catch [Single Entry] (Primetime);NFL $20K Thunderdome [Must Fill] (Primetime);NFL $7K First Down (Primetime),196285112;196285136;196285124;196285111;196285110;196285121;196285113;196285123;196286041;196285114;196285133;196285129;196285132;196285109;196285127;196285125;196285122;196285118;196286044;196285115,"10/4 8:20PM, 2 Games"
Jordyn Tyson - Classic,196285112;196285136;196285124;196285111;196285110;196285121;196285113;196285123;196286041;196285114;196285133;196285129;196285132;196285109;196285127;196285125;196285122;196285118;196286044;196285115,Jordyn Tyson|NO,44358343,Jordyn Tyson,Jordyn,Tyson,3000,WR,NO,ATL @ NO,10/05/2026 08:15 PM,,ATL @ NO,Classic,NFL,10/5,Standard,NFL $60K Post Pattern [$20K to 1st] (Primetime);NFL $30K Wildcat [$10K to 1st] (Primetime);NFL $15K Huddle [Single Entry] (Primetime);NFL $10K Bootleg [$2K to 1st] (Primetime);NFL $8.5K Luxury Box [Single Entry] (Primetime);NFL $10K Spy [Single Entry] (Primetime);NFL $10K Play-Action [20 Entry Max] (Primetime);NFL $6K Fair Catch [Single Entry] (Primetime);NFL $20K Thunderdome [Must Fill] (Primetime);NFL $7K First Down (Primetime),196285112;196285136;196285124;196285111;196285110;196285121;196285113;196285123;196286041;196285114;196285133;196285129;196285132;196285109;196285127;196285125;196285122;196285118;196286044;196285115,"10/4 8:20PM, 2 Games"
Mason Tipton - Classic,196285112;196285136;196285124;196285111;196285110;196285121;196285113;196285123;196286041;196285114;196285133;196285129;196285132;196285109;196285127;196285125;196285122;196285118;196286044;196285115,Mason Tipton|NO,44358345,Mason Tipton,Mason,Tipton,3000,WR,NO,ATL @ NO,10/05/2026 08:15 PM,,ATL @ NO,Classic,NFL,10/5,Standard,NFL $60K Post Pattern [$20K to 1st] (Primetime);NFL $30K Wildcat [$10K to 1st] (Primetime);NFL $15K Huddle [Single Entry] (Primetime);NFL $10K Bootleg [$2K to 1st] (Primetime);NFL $8.5K Luxury Box [Single Entry] (Primetime);NFL $10K Spy [Single Entry] (Primetime);NFL $10K Play-Action [20 Entry Max] (Primetime);NFL $6K Fair Catch [Single Entry] (Primetime);NFL $20K Thunderdome [Must Fill] (Primetime);NFL $7K First Down (Primetime),196285112;196285136;196285124;196285111;196285110;196285121;196285113;196285123;196286041;196285114;196285133;196285129;196285132;196285109;196285127;196285125;196285122;196285118;196286044;196285115,"10/4 8:20PM, 2 Games"
Kyrese Rowan - Classic,196285112;196285136;196285124;196285111;196285110;196285121;196285113;196285123;196286041;196285114;196285133;196285129;196285132;196285109;196285127;196285125;196285122;196285118;196286044;196285115,Kyrese Rowan|NO,44358347,Kyrese Rowan,Kyrese,Rowan,3000,WR,NO,ATL @ NO,10/05/2026 08:15 PM,,ATL @ NO,Classic,NFL,10/5,Standard,NFL $60K Post Pattern [$20K to 1st] (Primetime);NFL $30K Wildcat [$10K to 1st] (Primetime);NFL $15K Huddle [Single Entry] (Primetime);NFL $10K Bootleg [$2K to 1st] (Primetime);NFL $8.5K Luxury Box [Single Entry] (Primetime);NFL $10K Spy [Single Entry] (Primetime);NFL $10K Play-Action [20 Entry Max] (Primetime);NFL $6K Fair Catch [Single Entry] (Primetime);NFL $20K Thunderdome [Must Fill] (Primetime);NFL $7K First Down (Primetime),196285112;196285136;196285124;196285111;196285110;196285121;196285113;196285123;196286041;196285114;196285133;196285129;196285132;196285109;196285127;196285125;196285122;196285118;196286044;196285115,"10/4 8:20PM, 2 Games"
Trey Palmer - Classic,196285112;196285136;196285124;196285111;196285110;196285121;196285113;196285123;196286041;196285114;196285133;196285129;196285132;196285109;196285127;196285125;196285122;196285118;196286044;196285115,Trey Palmer|NO,44358349,Trey Palmer,Trey,Palmer,3000,WR,NO,ATL @ NO,10/05/2026 08:15 PM,,ATL @ NO,Classic,NFL,10/5,Standard,NFL $60K Post Pattern [$20K to 1st] (Primetime);NFL $30K Wildcat [$10K to 1st] (Primetime);NFL $15K Huddle [Single Entry] (Primetime);NFL $10K Bootleg [$2K to 1st] (Primetime);NFL $8.5K Luxury Box [Single Entry] (Primetime);NFL $10K Spy [Single Entry] (Primetime);NFL $10K Play-Action [20 Entry Max] (Primetime);NFL $6K Fair Catch [Single Entry] (Primetime);NFL $20K Thunderdome [Must Fill] (Primetime);NFL $7K First Down (Primetime),196285112;196285136;196285124;196285111;196285110;196285121;196285113;196285123;196286041;196285114;196285133;196285129;196285132;196285109;196285127;196285125;196285122;196285118;196286044;196285115,"10/4 8:20PM, 2 Games"
Kevin Austin Jr. - Classic,196285112;196285136;196285124;196285111;196285110;196285121;196285113;196285123;196286041;196285114;196285133;196285129;196285132;196285109;196285127;196285125;196285122;196285118;196286044;196285115,Kevin Austin Jr.|NO,44358351,Kevin Austin Jr.,Kevin,Austin Jr.,3000,WR,NO,ATL @ NO,10/05/2026 08:15 PM,,ATL @ NO,Classic,NFL,10/5,Standard,NFL $60K Post Pattern [$20K to 1st] (Primetime);NFL $30K Wildcat [$10K to 1st] (Primetime);NFL $15K Huddle [Single Entry] (Primetime);NFL $10K Bootleg [$2K to 1st] (Primetime);NFL $8.5K Luxury Box [Single Entry] (Primetime);NFL $10K Spy [Single Entry] (Primetime);NFL $10K Play-Action [20 Entry Max] (Primetime);NFL $6K Fair Catch [Single Entry] (Primetime);NFL $20K Thunderdome [Must Fill] (Primetime);NFL $7K First Down (Primetime),196285112;196285136;196285124;196285111;196285110;196285121;196285113;196285123;196286041;196285114;196285133;196285129;196285132;196285109;196285127;196285125;196285122;196285118;196286044;196285115,"10/4 8:20PM, 2 Games"
Cedric Tillman - Classic,196285112;196285136;196285124;196285111;196285110;196285121;196285113;196285123;196286041;196285114;196285133;196285129;196285132;196285109;196285127;196285125;196285122;196285118;196286044;196285115,Cedric Tillman|NO,44358353,Cedric Tillman,Cedric,Tillman,3000,WR,NO,ATL @ NO,10/05/2026 08:15 PM,,ATL @ NO,Classic,NFL,10/5,Standard,NFL $60K Post Pattern [$20K to 1st] (Primetime);NFL $30K Wildcat [$10K to 1st] (Primetime);NFL $15K Huddle [Single Entry] (Primetime);NFL $10K Bootleg [$2K to 1st] (Primetime);NFL $8.5K Luxury Box [Single Entry] (Primetime);NFL $10K Spy [Single Entry] (Primetime);NFL $10K Play-Action [20 Entry Max] (Primetime);NFL $6K Fair Catch [Single Entry] (Primetime);NFL $20K Thunderdome [Must Fill] (Primetime);NFL $7K First Down (Primetime),196285112;196285136;196285124;196285111;196285110;196285121;196285113;196285123;196286041;196285114;196285133;196285129;196285132;196285109;196285127;196285125;196285122;196285118;196286044;196285115,"10/4 8:20PM, 2 Games"
Jalen Moreno-Cropper - Classic,196285112;196285136;196285124;196285111;196285110;196285121;196285113;196285123;196286041;196285114;196285133;196285129;196285132;196285109;196285127;196285125;196285122;196285118;196286044;196285115,Jalen Moreno-Cropper|NO,44358355,Jalen Moreno-Cropper,Jalen,Moreno-Cropper,3000,WR,NO,ATL @ NO,10/05/2026 08:15 PM,,ATL @ NO,Classic,NFL,10/5,Standard,NFL $60K Post Pattern [$20K to 1st] (Primetime);NFL $30K Wildcat [$10K to 1st] (Primetime);NFL $15K Huddle [Single Entry] (Primetime);NFL $10K Bootleg [$2K to 1st] (Primetime);NFL $8.5K Luxury Box [Single Entry] (Primetime);NFL $10K Spy [Single Entry] (Primetime);NFL $10K Play-Action [20 Entry Max] (Primetime);NFL $6K Fair Catch [Single Entry] (Primetime);NFL $20K Thunderdome [Must Fill] (Primetime);NFL $7K First Down (Primetime),196285112;196285136;196285124;196285111;196285110;196285121;196285113;196285123;196286041;196285114;196285133;196285129;196285132;196285109;196285127;196285125;196285122;196285118;196286044;196285115,"10/4 8:20PM, 2 Games"
Jahan Dotson - Classic,196285112;196285136;196285124;196285111;196285110;196285121;196285113;196285123;196286041;196285114;196285133;196285129;196285132;196285109;196285127;196285125;196285122;196285118;196286044;196285115,Jahan Dotson|ATL,44358357,Jahan Dotson,Jahan,Dotson,3000,WR,ATL,ATL @ NO,10/05/2026 08:15 PM,,ATL @ NO,Classic,NFL,10/5,Standard,NFL $60K Post Pattern [$20K to 1st] (Primetime);NFL $30K Wildcat [$10K to 1st] (Primetime);NFL $15K Huddle [Single Entry] (Primetime);NFL $10K Bootleg [$2K to 1st] (Primetime);NFL $8.5K Luxury Box [Single Entry] (Primetime);NFL $10K Spy [Single Entry] (Primetime);NFL $10K Play-Action [20 Entry Max] (Primetime);NFL $6K Fair Catch [Single Entry] (Primetime);NFL $20K Thunderdome [Must Fill] (Primetime);NFL $7K First Down (Primetime),196285112;196285136;196285124;196285111;196285110;196285121;196285113;196285123;196286041;196285114;196285133;196285129;196285132;196285109;196285127;196285125;196285122;196285118;196286044;196285115,"10/4 8:20PM, 2 Games"
Olamide Zaccheaus - Classic,196285112;196285136;196285124;196285111;196285110;196285121;196285113;196285123;196286041;196285114;196285133;196285129;196285132;196285109;196285127;196285125;196285122;196285118;196286044;196285115,Olamide Zaccheaus|ATL,44358359,Olamide Zaccheaus,Olamide,Zaccheaus,3000,WR,ATL,ATL @ NO,10/05/2026 08:15 PM,,ATL @ NO,Classic,NFL,10/5,Standard,NFL $60K Post Pattern [$20K to 1st] (Primetime);NFL $30K Wildcat [$10K to 1st] (Primetime);NFL $15K Huddle [Single Entry] (Primetime);NFL $10K Bootleg [$2K to 1st] (Primetime);NFL $8.5K Luxury Box [Single Entry] (Primetime);NFL $10K Spy [Single Entry] (Primetime);NFL $10K Play-Action [20 Entry Max] (Primetime);NFL $6K Fair Catch [Single Entry] (Primetime);NFL $20K Thunderdome [Must Fill] (Primetime);NFL $7K First Down (Primetime),196285112;196285136;196285124;196285111;196285110;196285121;196285113;196285123;196286041;196285114;196285133;196285129;196285132;196285109;196285127;196285125;196285122;196285118;196286044;196285115,"10/4 8:20PM, 2 Games"
Chris Blair - Classic,196285112;196285136;196285124;196285111;196285110;196285121;196285113;196285123;196286041;196285114;196285133;196285129;196285132;196285109;196285127;196285125;196285122;196285118;196286044;196285115,Chris Blair|ATL,44358361,Chris Blair,Chris,Blair,3000,WR,ATL,ATL @ NO,10/05/2026 08:15 PM,,ATL @ NO,Classic,NFL,10/5,Standard,NFL $60K Post Pattern [$20K to 1st] (Primetime);NFL $30K Wildcat [$10K to 1st] (Primetime);NFL $15K Huddle [Single Entry] (Primetime);NFL $10K Bootleg [$2K to 1st] (Primetime);NFL $8.5K Luxury Box [Single Entry] (Primetime);NFL $10K Spy [Single Entry] (Primetime);NFL $10K Play-Action [20 Entry Max] (Primetime);NFL $6K Fair Catch [Single Entry] (Primetime);NFL $20K Thunderdome [Must Fill] (Primetime);NFL $7K First Down (Primetime),196285112;196285136;196285124;196285111;196285110;196285121;196285113;196285123;196286041;196285114;196285133;196285129;196285132;196285109;196285127;196285125;196285122;196285118;196286044;196285115,"10/4 8:20PM, 2 Games"
Beaux Collins - Classic,196285112;196285136;196285124;196285111;196285110;196285121;196285113;196285123;196286041;196285114;196285133;196285129;196285132;196285109;196285127;196285125;196285122;196285118;196286044;196285115,Beaux Collins|ATL,44358363,Beaux Collins,Beaux,Collins,3000,WR,ATL,ATL @ NO,10/05/2026 08:15 PM,,ATL @ NO,Classic,NFL,10/5,Standard,NFL $60K Post Pattern [$20K to 1st] (Primetime);NFL $30K Wildcat [$10K to 1st] (Primetime);NFL $15K Huddle [Single Entry] (Primetime);NFL $10K Bootleg [$2K to 1st] (Primetime);NFL $8.5K Luxury Box [Single Entry] (Primetime);NFL $10K Spy [Single Entry] (Primetime);NFL $10K Play-Action [20 Entry Max] (Primetime);NFL $6K Fair Catch [Single Entry] (Primetime);NFL $20K Thunderdome [Must Fill] (Primetime);NFL $7K First Down (Primetime),196285112;196285136;196285124;196285111;196285110;196285121;196285113;196285123;196286041;196285114;196285133;196285129;196285132;196285109;196285127;196285125;196285122;196285118;196286044;196285115,"10/4 8:20PM, 2 Games"
Vinny Anthony II - Classic,196285112;196285136;196285124;196285111;196285110;196285121;196285113;196285123;196286041;196285114;196285133;196285129;196285132;196285109;196285127;196285125;196285122;196285118;196286044;196285115,Vinny Anthony II|ATL,44358365,Vinny Anthony II,Vinny,Anthony II,3000,WR,ATL,ATL @ NO,10/05/2026 08:15 PM,,ATL @ NO,Classic,NFL,10/5,Standard,NFL $60K Post Pattern [$20K to 1st] (Primetime);NFL $30K Wildcat [$10K to 1st] (Primetime);NFL $15K Huddle [Single Entry] (Primetime);NFL $10K Bootleg [$2K to 1st] (Primetime);NFL $8.5K Luxury Box [Single Entry] (Primetime);NFL $10K Spy [Single Entry] (Primetime);NFL $10K Play-Action [20 Entry Max] (Primetime);NFL $6K Fair Catch [Single Entry] (Primetime);NFL $20K Thunderdome [Must Fill] (Primetime);NFL $7K First Down (Primetime),196285112;196285136;196285124;196285111;196285110;196285121;196285113;196285123;196286041;196285114;196285133;196285129;196285132;196285109;196285127;196285125;196285122;196285118;196286044;196285115,"10/4 8:20PM, 2 Games"
Antwane Wells Jr. - Classic,196285112;196285136;196285124;196285111;196285110;196285121;196285113;196285123;196286041;196285114;196285133;196285129;196285132;196285109;196285127;196285125;196285122;196285118;196286044;196285115,Antwane Wells Jr.|ATL,44358367,Antwane Wells Jr.,Antwane,Wells Jr.,3000,WR,ATL,ATL @ NO,10/05/2026 08:15 PM,,ATL @ NO,Classic,NFL,10/5,Standard,NFL $60K Post Pattern [$20K to 1st] (Primetime);NFL $30K Wildcat [$10K to 1st] (Primetime);NFL $15K Huddle [Single Entry] (Primetime);NFL $10K Bootleg [$2K to 1st] (Primetime);NFL $8.5K Luxury Box [Single Entry] (Primetime);NFL $10K Spy [Single Entry] (Primetime);NFL $10K Play-Action [20 Entry Max] (Primetime);NFL $6K Fair Catch [Single Entry] (Primetime);NFL $20K Thunderdome [Must Fill] (Primetime);NFL $7K First Down (Primetime),196285112;196285136;196285124;196285111;196285110;196285121;196285113;196285123;196286041;196285114;196285133;196285129;196285132;196285109;196285127;196285125;196285122;196285118;196286044;196285115,"10/4 8:20PM, 2 Games"
Dylan Drummond - Classic,196285112;196285136;196285124;196285111;196285110;196285121;196285113;196285123;196286041;196285114;196285133;196285129;196285132;196285109;196285127;196285125;196285122;196285118;196286044;196285115,Dylan Drummond|ATL,44358369,Dylan Drummond,Dylan,Drummond,3000,WR,ATL,ATL @ NO,10/05/2026 08:15 PM,,ATL @ NO,Classic,NFL,10/5,Standard,NFL $60K Post Pattern [$20K to 1st] (Primetime);NFL $30K Wildcat [$10K to 1st] (Primetime);NFL $15K Huddle [Single Entry] (Primetime);NFL $10K Bootleg [$2K to 1st] (Primetime);NFL $8.5K Luxury Box [Single Entry] (Primetime);NFL $10K Spy [Single Entry] (Primetime);NFL $10K Play-Action [20 Entry Max] (Primetime);NFL $6K Fair Catch [Single Entry] (Primetime);NFL $20K Thunderdome [Must Fill] (Primetime);NFL $7K First Down (Primetime),196285112;196285136;196285124;196285111;196285110;196285121;196285113;196285123;196286041;196285114;196285133;196285129;196285132;196285109;196285127;196285125;196285122;196285118;196286044;196285115,"10/4 8:20PM, 2 Games"
Jahan Dotson - Showdown Captain Mode (Flex),196285155;196285153;196285138;196285157;196285156;196285154;196285212;196285175;196285176;196285170;196285171;196285187;196285188;196285189;196285218;196285219;196285220;196285221;196285182;196285183,Jahan Dotson|ATL,44358570,Jahan Dotson,Jahan,Dotson,3000,WR,ATL,ATL @ NO,10/05/2026 08:15 PM,,ATL @ NO,Showdown Captain Mode,NFL,10/5,Flex,"NFL Showdown $1.5M Monday Night Showdown [$500K to 1st] (ATL @ NO);NFL Showdown $600K Wildcat [$150K to 1st] (ATL @ NO);NFL Showdown $402K Luxury Box [$100K to 1st] (ATL @ NO);NFL Showdown $300K Play-Action [20 Entry Max] (ATL @ NO);NFL Showdown $250K Flea Flicker [$50K to 1st] (ATL @ NO);NFL Showdown $150K Bootleg [$50K to 1st] (ATL @ NO);NFL Showdown $160K Four-Point Stance [$50K to 1st, 5 Entry Max] (ATL @ NO);NFL Showdown $80K Huddle [$10K to 1st, Single Entry] (ATL @ NO);NFL Showdown $20K Huddle [Single Entry] (ATL @ NO);NFL Showdown $100K Spy [$20K to 1st, Single Entry] (ATL @ NO)",196285155;196285153;196285138;196285157;196285156;196285154;196285212;196285175;196285176;196285170;196285171;196285187;196285188;196285189;196285218;196285219;196285220;196285221;196285182;196285183,10/5 8:15PM (ATL @ NO)
Olamide Zaccheaus - Showdown Captain Mode (Captain),196285155;196285153;196285138;196285157;196285156;196285154;196285212;196285175;196285176;196285170;196285171;196285187;196285188;196285189;196285218;196285219;196285220;196285221;196285182;196285183,Olamide Zaccheaus|ATL,44358629,Olamide Zaccheaus,Olamide,Zaccheaus,3000,CPT,ATL,ATL @ NO,10/05/2026 08:15 PM,,ATL @ NO,Showdown Captain Mode,NFL,10/5,Captain,"NFL Showdown $1.5M Monday Night Showdown [$500K to 1st] (ATL @ NO);NFL Showdown $600K Wildcat [$150K to 1st] (ATL @ NO);NFL Showdown $402K Luxury Box [$100K to 1st] (ATL @ NO);NFL Showdown $300K Play-Action [20 Entry Max] (ATL @ NO);NFL Showdown $250K Flea Flicker [$50K to 1st] (ATL @ NO);NFL Showdown $150K Bootleg [$50K to 1st] (ATL @ NO);NFL Showdown $160K Four-Point Stance [$50K to 1st, 5 Entry Max] (ATL @ NO);NFL Showdown $80K Huddle [$10K to 1st, Single Entry] (ATL @ NO);NFL Showdown $20K Huddle [Single Entry] (ATL @ NO);NFL Showdown $100K Spy [$20K to 1st, Single Entry] (ATL @ NO)",196285155;196285153;196285138;196285157;196285156;196285154;196285212;196285175;196285176;196285170;196285171;196285187;196285188;196285189;196285218;196285219;196285220;196285221;196285182;196285183,10/5 8:15PM (ATL @ NO)
Sione Vaki - Showdown 2nd Half (Flex),196297427;196297821;196297824;196297424;196297431;196297428;196297426;196297698;196297429;196297822;196297825;196297820;196297827;196297823;196402607;196297697;196297425;196297430;196297432;196297828,Sione Vaki|DET,44359027,Sione Vaki,Sione,Vaki,3000,RB,DET,DET @ CAR,10/04/2026 09:20 PM,,DET @ CAR,Showdown 2nd Half,NFL,10/4,Flex,"NFL In-Game $15K 2nd Half Clash [$5K to 1st] (2H DET @ CAR);NFL In-Game $20K Thunderdome [Must Fill] (2H DET @ CAR);NFL In-Game $10,170 2026 FFWC Qualifier Satellite [Must Fill] (2H DET @ CAR);NFL In-Game $1.8K Deep Threat [Single Entry] (2H DET @ CAR);NFL In-Game $1K Huddle [Single Entry] (2H DET @ CAR);NFL In-Game $500 Play-Action (2H DET @ CAR);NFL In-Game $600 Bootleg [Single Entry] (2H DET @ CAR);NFL In-Game $267 Winner Take All [$1K to 1st] (2H DET @ CAR);NFL In-Game $500 First Down (2H DET @ CAR);NFL In-Game Satellite to NFL $4,444 Fantasy Football MEGA Millionaire [Must Fill] (2H DET @ CAR)",196297427;196297821;196297824;196297424;196297431;196297428;196297426;196297698;196297429;196297822;196297825;196297820;196297827;196297823;196402607;196297697;196297425;196297430;196297432;196297828,10/4 9:20PM 2H (DET @ CAR)
Mitchell Evans - Showdown 2nd Half (Captain),196297427;196297821;196297824;196297424;196297431;196297428;196297426;196297698;196297429;196297822;196297825;196297820;196297827;196297823;196402607;196297697;196297425;196297430;196297432;196297828,Mitchell Evans|CAR,44358980,Mitchell Evans,Mitchell,Evans,3000,CPT,CAR,DET @ CAR,10/04/2026 09:20 PM,,DET @ CAR,Showdown 2nd Half,NFL,10/4,Captain,"NFL In-Game $15K 2nd Half Clash [$5K to 1st] (2H DET @ CAR);NFL In-Game $20K Thunderdome [Must Fill] (2H DET @ CAR);NFL In-Game $10,170 2026 FFWC Qualifier Satellite [Must Fill] (2H DET @ CAR);NFL In-Game $1.8K Deep Threat [Single Entry] (2H DET @ CAR);NFL In-Game $1K Huddle [Single Entry] (2H DET @ CAR);NFL In-Game $500 Play-Action (2H DET @ CAR);NFL In-Game $600 Bootleg [Single Entry] (2H DET @ CAR);NFL In-Game $267 Winner Take All [$1K to 1st] (2H DET @ CAR);NFL In-Game $500 First Down (2H DET @ CAR);NFL In-Game Satellite to NFL $4,444 Fantasy Football MEGA Millionaire [Must Fill] (2H DET @ CAR)",196297427;196297821;196297824;196297424;196297431;196297428;196297426;196297698;196297429;196297822;196297825;196297820;196297827;196297823;196402607;196297697;196297425;196297430;196297432;196297828,10/4 9:20PM 2H (DET @ CAR)
Sione Vaki - Showdown 4th Quarter (Flex),196297920;196297923;196297434;196297921;196297924;196297433;196297919;196297926;196297922;196297435;196297436;196297927;196297705;196297704;196297856;196297925;196297829;196297834;196297830;196297835,Sione Vaki|DET,44359127,Sione Vaki,Sione,Vaki,3000,RB,DET,DET @ CAR,10/04/2026 09:50 PM,,DET @ CAR,Showdown 4th Quarter,NFL,10/4,Flex,"NFL In-Game $20K Thunderdome [Must Fill] (4Q DET @ CAR);NFL In-Game $10,170 2026 FFWC Qualifier Satellite [Must Fill] (4Q DET @ CAR);NFL In-Game $3K 4th Quarter Finish [$1K to 1st] (4Q DET @ CAR);NFL In-Game Satellite to NFL $4,444 Fantasy Football MEGA Millionaire [Must Fill] (4Q DET @ CAR);NFL In-Game Satellite to NFL 10-12 $4,444 Showdown MEGA Millionaire [Must Fill] (4Q DET @ CAR);NFL In-Game $285 Bootleg [Single Entry] (4Q DET @ CAR);NFL In-Game $1,060 Winner Take All [$4K to 1st] (Must Fill) (4Q DET @ CAR);NFL In-Game Satellite to NFL 11-1 Midseason Main Event [Must Fill] (4Q DET @ CAR);NFL In-Game Satellite to NFL $555 Fantasy Football Millionaire [Must Fill] (4Q DET @ CAR);NFL In-Game $150 First Down (4Q DET @ CAR)",196297920;196297923;196297434;196297921;196297924;196297433;196297919;196297926;196297922;196297435;196297436;196297927;196297705;196297704;196297856;196297925;196297829;196297834;196297830;196297835,10/4 9:50PM Q4 (DET @ CAR)
Mitchell Evans - Showdown 4th Quarter (Captain),196297920;196297923;196297434;196297921;196297924;196297433;196297919;196297926;196297922;196297435;196297436;196297927;196297705;196297704;196297856;196297925;196297829;196297834;196297830;196297835,Mitchell Evans|CAR,44359080,Mitchell Evans,Mitchell,Evans,3000,CPT,CAR,DET @ CAR,10/04/2026 09:50 PM,,DET @ CAR,Showdown 4th Quarter,NFL,10/4,Captain,"NFL In-Game $20K Thunderdome [Must Fill] (4Q DET @ CAR);NFL In-Game $10,170 2026 FFWC Qualifier Satellite [Must Fill] (4Q DET @ CAR);NFL In-Game $3K 4th Quarter Finish [$1K to 1st] (4Q DET @ CAR);NFL In-Game Satellite to NFL $4,444 Fantasy Football MEGA Millionaire [Must Fill] (4Q DET @ CAR);NFL In-Game Satellite to NFL 10-12 $4,444 Showdown MEGA Millionaire [Must Fill] (4Q DET @ CAR);NFL In-Game $285 Bootleg [Single Entry] (4Q DET @ CAR);NFL In-Game $1,060 Winner Take All [$4K to 1st] (Must Fill) (4Q DET @ CAR);NFL In-Game Satellite to NFL 11-1 Midseason Main Event [Must Fill] (4Q DET @ CAR);NFL In-Game Satellite to NFL $555 Fantasy Football Millionaire [Must Fill] (4Q DET @ CAR);NFL In-Game $150 First Down (4Q DET @ CAR)",196297920;196297923;196297434;196297921;196297924;196297433;196297919;196297926;196297922;196297435;196297436;196297927;196297705;196297704;196297856;196297925;196297829;196297834;196297830;196297835,10/4 9:50PM Q4 (DET @ CAR)
Jahan Dotson - Showdown 2nd Half (Flex),196297440;196298019;196298022;196297437;196297444;196297441;196297439;196297702;196297442;196298020;196298023;196298018;196298025;196298021;196297701;196297438;196297443;196297445;196298026;196297700,Jahan Dotson|ATL,44359234,Jahan Dotson,Jahan,Dotson,3000,WR,ATL,ATL @ NO,10/05/2026 09:15 PM,,ATL @ NO,Showdown 2nd Half,NFL,10/5,Flex,"NFL In-Game $15K 2nd Half Clash [$5K to 1st] (2H ATL @ NO);NFL In-Game $20K Thunderdome [Must Fill] (2H ATL @ NO);NFL In-Game $10,170 2026 FFWC Qualifier Satellite [Must Fill] (2H ATL @ NO);NFL In-Game $1.8K Deep Threat [Single Entry] (2H ATL @ NO);NFL In-Game $1K Huddle [Single Entry] (2H ATL @ NO);NFL In-Game $500 Play-Action (2H ATL @ NO);NFL In-Game $600 Bootleg [Single Entry] (2H ATL @ NO);NFL In-Game $267 Winner Take All [$1K to 1st] (2H ATL @ NO);NFL In-Game $500 First Down (2H ATL @ NO);NFL In-Game Satellite to NFL $4,444 Fantasy Football MEGA Millionaire [Must Fill] (2H ATL @ NO)",196297440;196298019;196298022;196297437;196297444;196297441;196297439;196297702;196297442;196298020;196298023;196298018;196298025;196298021;196297701;196297438;196297443;196297445;196298026;196297700,10/5 9:15PM 2H (ATL @ NO)
Olamide Zaccheaus - Showdown 2nd Half (Captain),196297440;196298019;196298022;196297437;196297444;196297441;196297439;196297702;196297442;196298020;196298023;196298018;196298025;196298021;196297701;196297438;196297443;196297445;196298026;196297700,Olamide Zaccheaus|ATL,44359181,Olamide Zaccheaus,Olamide,Zaccheaus,3000,CPT,ATL,ATL @ NO,10/05/2026 09:15 PM,,ATL @ NO,Showdown 2nd Half,NFL,10/5,Captain,"NFL In-Game $15K 2nd Half Clash [$5K to 1st] (2H ATL @ NO);NFL In-Game $20K Thunderdome [Must Fill] (2H ATL @ NO);NFL In-Game $10,170 2026 FFWC Qualifier Satellite [Must Fill] (2H ATL @ NO);NFL In-Game $1.8K Deep Threat [Single Entry] (2H ATL @ NO);NFL In-Game $1K Huddle [Single Entry] (2H ATL @ NO);NFL In-Game $500 Play-Action (2H ATL @ NO);NFL In-Game $600 Bootleg [Single Entry] (2H ATL @ NO);NFL In-Game $267 Winner Take All [$1K to 1st] (2H ATL @ NO);NFL In-Game $500 First Down (2H ATL @ NO);NFL In-Game Satellite to NFL $4,444 Fantasy Football MEGA Millionaire [Must Fill] (2H ATL @ NO)",196297440;196298019;196298022;196297437;196297444;196297441;196297439;196297702;196297442;196298020;196298023;196298018;196298025;196298021;196297701;196297438;196297443;196297445;196298026;196297700,10/5 9:15PM 2H (ATL @ NO)
Jahan Dotson - Showdown 4th Quarter (Flex),196298118;196298121;196297447;196298119;196298122;196297446;196298117;196298124;196298120;196297448;196297449;196298125;196297707;196297706;196298037;196298109;196298080;196298081;196317157;196298123,Jahan Dotson|ATL,44359346,Jahan Dotson,Jahan,Dotson,3000,WR,ATL,ATL @ NO,10/05/2026 09:45 PM,,ATL @ NO,Showdown 4th Quarter,NFL,10/5,Flex,"NFL In-Game $20K Thunderdome [Must Fill] (4Q ATL @ NO);NFL In-Game $10,170 2026 FFWC Qualifier Satellite [Must Fill] (4Q ATL @ NO);NFL In-Game $3K 4th Quarter Finish [$1K to 1st] (4Q ATL @ NO);NFL In-Game Satellite to NFL $4,444 Fantasy Football MEGA Millionaire [Must Fill] (4Q ATL @ NO);NFL In-Game Satellite to NFL 10-12 $4,444 Showdown MEGA Millionaire [Must Fill] (4Q ATL @ NO);NFL In-Game $285 Bootleg [Single Entry] (4Q ATL @ NO);NFL In-Game $1,060 Winner Take All [$4K to 1st] (Must Fill) (4Q ATL @ NO);NFL In-Game Satellite to NFL 11-1 Midseason Main Event [Must Fill] (4Q ATL @ NO);NFL In-Game Satellite to NFL $555 Fantasy Football Millionaire [Must Fill] (4Q ATL @ NO);NFL In-Game $150 First Down (4Q ATL @ NO)",196298118;196298121;196297447;196298119;196298122;196297446;196298117;196298124;196298120;196297448;196297449;196298125;196297707;196297706;196298037;196298109;196298080;196298081;196317157;196298123,10/5 9:45PM Q4 (ATL @ NO)
Olamide Zaccheaus - Showdown 4th Quarter (Captain),196298118;196298121;196297447;196298119;196298122;196297446;196298117;196298124;196298120;196297448;196297449;196298125;196297707;196297706;196298037;196298109;196298080;196298081;196317157;196298123,Olamide Zaccheaus|ATL,44359293,Olamide Zaccheaus,Olamide,Zaccheaus,3000,CPT,ATL,ATL @ NO,10/05/2026 09:45 PM,,ATL @ NO,Showdown 4th Quarter,NFL,10/5,Captain,"NFL In-Game $20K Thunderdome [Must Fill] (4Q ATL @ NO);NFL In-Game $10,170 2026 FFWC Qualifier Satellite [Must Fill] (4Q ATL @ NO);NFL In-Game $3K 4th Quarter Finish [$1K to 1st] (4Q ATL @ NO);NFL In-Game Satellite to NFL $4,444 Fantasy Football MEGA Millionaire [Must Fill] (4Q ATL @ NO);NFL In-Game Satellite to NFL 10-12 $4,444 Showdown MEGA Millionaire [Must Fill] (4Q ATL @ NO);NFL In-Game $285 Bootleg [Single Entry] (4Q ATL @ NO);NFL In-Game $1,060 Winner Take All [$4K to 1st] (Must Fill) (4Q ATL @ NO);NFL In-Game Satellite to NFL 11-1 Midseason Main Event [Must Fill] (4Q ATL @ NO);NFL In-Game Satellite to NFL $555 Fantasy Football Millionaire [Must Fill] (4Q ATL @ NO);NFL In-Game $150 First Down (4Q ATL @ NO)",196298118;196298121;196297447;196298119;196298122;196297446;196298117;196298124;196298120;196297448;196297449;196298125;196297707;196297706;196298037;196298109;196298080;196298081;196317157;196298123,10/5 9:45PM Q4 (ATL @ NO)
Lions - Classic,196285112;196285136;196285124;196285111;196285110;196285121;196285113;196285123;196286041;196285114;196285133;196285129;196285132;196285109;196285127;196285125;196285122;196285118;196286044;196285115,Lions|DET,44358420,Lions,Lions,,2900,DST,DET,DET @ CAR,10/04/2026 08:20 PM,,DET @ CAR,Classic,NFL,10/4,Standard,NFL $60K Post Pattern [$20K to 1st] (Primetime);NFL $30K Wildcat [$10K to 1st] (Primetime);NFL $15K Huddle [Single Entry] (Primetime);NFL $10K Bootleg [$2K to 1st] (Primetime);NFL $8.5K Luxury Box [Single Entry] (Primetime);NFL $10K Spy [Single Entry] (Primetime);NFL $10K Play-Action [20 Entry Max] (Primetime);NFL $6K Fair Catch [Single Entry] (Primetime);NFL $20K Thunderdome [Must Fill] (Primetime);NFL $7K First Down (Primetime),196285112;196285136;196285124;196285111;196285110;196285121;196285113;196285123;196286041;196285114;196285133;196285129;196285132;196285109;196285127;196285125;196285122;196285118;196286044;196285115,"10/4 8:20PM, 2 Games"
Austin Hooper - Showdown Captain Mode (Flex),196285155;196285153;196285138;196285157;196285156;196285154;196285212;196285175;196285176;196285170;196285171;196285187;196285188;196285189;196285218;196285219;196285220;196285221;196285182;196285183,Austin Hooper|ATL,44358571,Austin Hooper,Austin,Hooper,2800,TE,ATL,ATL @ NO,10/05/2026 08:15 PM,,ATL @ NO,Showdown Captain Mode,NFL,10/5,Flex,"NFL Showdown $1.5M Monday Night Showdown [$500K to 1st] (ATL @ NO);NFL Showdown $600K Wildcat [$150K to 1st] (ATL @ NO);NFL Showdown $402K Luxury Box [$100K to 1st] (ATL @ NO);NFL Showdown $300K Play-Action [20 Entry Max] (ATL @ NO);NFL Showdown $250K Flea Flicker [$50K to 1st] (ATL @ NO);NFL Showdown $150K Bootleg [$50K to 1st] (ATL @ NO);NFL Showdown $160K Four-Point Stance [$50K to 1st, 5 Entry Max] (ATL @ NO);NFL Showdown $80K Huddle [$10K to 1st, Single Entry] (ATL @ NO);NFL Showdown $20K Huddle [Single Entry] (ATL @ NO);NFL Showdown $100K Spy [$20K to 1st, Single Entry] (ATL @ NO)",196285155;196285153;196285138;196285157;196285156;196285154;196285212;196285175;196285176;196285170;196285171;196285187;196285188;196285189;196285218;196285219;196285220;196285221;196285182;196285183,10/5 8:15PM (ATL @ NO)
Austin Hooper - Showdown 2nd Half (Flex),196297440;196298019;196298022;196297437;196297444;196297441;196297439;196297702;196297442;196298020;196298023;196298018;196298025;196298021;196297701;196297438;196297443;196297445;196298026;196297700,Austin Hooper|ATL,44359235,Austin Hooper,Austin,Hooper,2800,TE,ATL,ATL @ NO,10/05/2026 09:15 PM,,ATL @ NO,Showdown 2nd Half,NFL,10/5,Flex,"NFL In-Game $15K 2nd Half Clash [$5K to 1st] (2H ATL @ NO);NFL In-Game $20K Thunderdome [Must Fill] (2H ATL @ NO);NFL In-Game $10,170 2026 FFWC Qualifier Satellite [Must Fill] (2H ATL @ NO);NFL In-Game $1.8K Deep Threat [Single Entry] (2H ATL @ NO);NFL In-Game $1K Huddle [Single Entry] (2H ATL @ NO);NFL In-Game $500 Play-Action (2H ATL @ NO);NFL In-Game $600 Bootleg [Single Entry] (2H ATL @ NO);NFL In-Game $267 Winner Take All [$1K to 1st] (2H ATL @ NO);NFL In-Game $500 First Down (2H ATL @ NO);NFL In-Game Satellite to NFL $4,444 Fantasy Football MEGA Millionaire [Must Fill] (2H ATL @ NO)",196297440;196298019;196298022;196297437;196297444;196297441;196297439;196297702;196297442;196298020;196298023;196298018;196298025;196298021;196297701;196297438;196297443;196297445;196298026;196297700,10/5 9:15PM 2H (ATL @ NO)
Austin Hooper - Showdown 4th Quarter (Flex),196298118;196298121;196297447;196298119;196298122;196297446;196298117;196298124;196298120;196297448;196297449;196298125;196297707;196297706;196298037;196298109;196298080;196298081;196317157;196298123,Austin Hooper|ATL,44359347,Austin Hooper,Austin,Hooper,2800,TE,ATL,ATL @ NO,10/05/2026 09:45 PM,,ATL @ NO,Showdown 4th Quarter,NFL,10/5,Flex,"NFL In-Game $20K Thunderdome [Must Fill] (4Q ATL @ NO);NFL In-Game $10,170 2026 FFWC Qualifier Satellite [Must Fill] (4Q ATL @ NO);NFL In-Game $3K 4th Quarter Finish [$1K to 1st] (4Q ATL @ NO);NFL In-Game Satellite to NFL $4,444 Fantasy Football MEGA Millionaire [Must Fill] (4Q ATL @ NO);NFL In-Game Satellite to NFL 10-12 $4,444 Showdown MEGA Millionaire [Must Fill] (4Q ATL @ NO);NFL In-Game $285 Bootleg [Single Entry] (4Q ATL @ NO);NFL In-Game $1,060 Winner Take All [$4K to 1st] (Must Fill) (4Q ATL @ NO);NFL In-Game Satellite to NFL 11-1 Midseason Main Event [Must Fill] (4Q ATL @ NO);NFL In-Game Satellite to NFL $555 Fantasy Football Millionaire [Must Fill] (4Q ATL @ NO);NFL In-Game $150 First Down (4Q ATL @ NO)",196298118;196298121;196297447;196298119;196298122;196297446;196298117;196298124;196298120;196297448;196297449;196298125;196297707;196297706;196298037;196298109;196298080;196298081;196317157;196298123,10/5 9:45PM Q4 (ATL @ NO)
Falcons - Classic,196285112;196285136;196285124;196285111;196285110;196285121;196285113;196285123;196286041;196285114;196285133;196285129;196285132;196285109;196285127;196285125;196285122;196285118;196286044;196285115,Falcons|ATL,44358421,Falcons,Falcons,,2700,DST,ATL,ATL @ NO,10/05/2026 08:15 PM,,ATL @ NO,Classic,NFL,10/5,Standard,NFL $60K Post Pattern [$20K to 1st] (Primetime);NFL $30K Wildcat [$10K to 1st] (Primetime);NFL $15K Huddle [Single Entry] (Primetime);NFL $10K Bootleg [$2K to 1st] (Primetime);NFL $8.5K Luxury Box [Single Entry] (Primetime);NFL $10K Spy [Single Entry] (Primetime);NFL $10K Play-Action [20 Entry Max] (Primetime);NFL $6K Fair Catch [Single Entry] (Primetime);NFL $20K Thunderdome [Must Fill] (Primetime);NFL $7K First Down (Primetime),196285112;196285136;196285124;196285111;196285110;196285121;196285113;196285123;196286041;196285114;196285133;196285129;196285132;196285109;196285127;196285125;196285122;196285118;196286044;196285115,"10/4 8:20PM, 2 Games"
Bryce Lance - Showdown Captain Mode (Captain),196285155;196285153;196285138;196285157;196285156;196285154;196285212;196285175;196285176;196285170;196285171;196285187;196285188;196285189;196285218;196285219;196285220;196285221;196285182;196285183,Bryce Lance|NO,44358630,Bryce Lance,Bryce,Lance,2700,CPT,NO,ATL @ NO,10/05/2026 08:15 PM,,ATL @ NO,Showdown Captain Mode,NFL,10/5,Captain,"NFL Showdown $1.5M Monday Night Showdown [$500K to 1st] (ATL @ NO);NFL Showdown $600K Wildcat [$150K to 1st] (ATL @ NO);NFL Showdown $402K Luxury Box [$100K to 1st] (ATL @ NO);NFL Showdown $300K Play-Action [20 Entry Max] (ATL @ NO);NFL Showdown $250K Flea Flicker [$50K to 1st] (ATL @ NO);NFL Showdown $150K Bootleg [$50K to 1st] (ATL @ NO);NFL Showdown $160K Four-Point Stance [$50K to 1st, 5 Entry Max] (ATL @ NO);NFL Showdown $80K Huddle [$10K to 1st, Single Entry] (ATL @ NO);NFL Showdown $20K Huddle [Single Entry] (ATL @ NO);NFL Showdown $100K Spy [$20K to 1st, Single Entry] (ATL @ NO)",196285155;196285153;196285138;196285157;196285156;196285154;196285212;196285175;196285176;196285170;196285171;196285187;196285188;196285189;196285218;196285219;196285220;196285221;196285182;196285183,10/5 8:15PM (ATL @ NO)
Bryce Lance - Showdown 2nd Half (Captain),196297440;196298019;196298022;196297437;196297444;196297441;196297439;196297702;196297442;196298020;196298023;196298018;196298025;196298021;196297701;196297438;196297443;196297445;196298026;196297700,Bryce Lance|NO,44359182,Bryce Lance,Bryce,Lance,2700,CPT,NO,ATL @ NO,10/05/2026 09:15 PM,,ATL @ NO,Showdown 2nd Half,NFL,10/5,Captain,"NFL In-Game $15K 2nd Half Clash [$5K to 1st] (2H ATL @ NO);NFL In-Game $20K Thunderdome [Must Fill] (2H ATL @ NO);NFL In-Game $10,170 2026 FFWC Qualifier Satellite [Must Fill] (2H ATL @ NO);NFL In-Game $1.8K Deep Threat [Single Entry] (2H ATL @ NO);NFL In-Game $1K Huddle [Single Entry] (2H ATL @ NO);NFL In-Game $500 Play-Action (2H ATL @ NO);NFL In-Game $600 Bootleg [Single Entry] (2H ATL @ NO);NFL In-Game $267 Winner Take All [$1K to 1st] (2H ATL @ NO);NFL In-Game $500 First Down (2H ATL @ NO);NFL In-Game Satellite to NFL $4,444 Fantasy Football MEGA Millionaire [Must Fill] (2H ATL @ NO)",196297440;196298019;196298022;196297437;196297444;196297441;196297439;196297702;196297442;196298020;196298023;196298018;196298025;196298021;196297701;196297438;196297443;196297445;196298026;196297700,10/5 9:15PM 2H (ATL @ NO)
Bryce Lance - Showdown 4th Quarter (Captain),196298118;196298121;196297447;196298119;196298122;196297446;196298117;196298124;196298120;196297448;196297449;196298125;196297707;196297706;196298037;196298109;196298080;196298081;196317157;196298123,Bryce Lance|NO,44359294,Bryce Lance,Bryce,Lance,2700,CPT,NO,ATL @ NO,10/05/2026 09:45 PM,,ATL @ NO,Showdown 4th Quarter,NFL,10/5,Captain,"NFL In-Game $20K Thunderdome [Must Fill] (4Q ATL @ NO);NFL In-Game $10,170 2026 FFWC Qualifier Satellite [Must Fill] (4Q ATL @ NO);NFL In-Game $3K 4th Quarter Finish [$1K to 1st] (4Q ATL @ NO);NFL In-Game Satellite to NFL $4,444 Fantasy Football MEGA Millionaire [Must Fill] (4Q ATL @ NO);NFL In-Game Satellite to NFL 10-12 $4,444 Showdown MEGA Millionaire [Must Fill] (4Q ATL @ NO);NFL In-Game $285 Bootleg [Single Entry] (4Q ATL @ NO);NFL In-Game $1,060 Winner Take All [$4K to 1st] (Must Fill) (4Q ATL @ NO);NFL In-Game Satellite to NFL 11-1 Midseason Main Event [Must Fill] (4Q ATL @ NO);NFL In-Game Satellite to NFL $555 Fantasy Football Millionaire [Must Fill] (4Q ATL @ NO);NFL In-Game $150 First Down (4Q ATL @ NO)",196298118;196298121;196297447;196298119;196298122;196297446;196298117;196298124;196298120;196297448;196297449;196298125;196297707;196297706;196298037;196298109;196298080;196298081;196317157;196298123,10/5 9:45PM Q4 (ATL @ NO)
Brycen Tremayne - Showdown Captain Mode (Flex),196285049;196285047;196285046;196285050;196285056;196285071;196285042;196285064;196285065;196285048;196285095;196285096;196285083;196285089;196285107;196285108;196285105;196285106;196285090;196285094,Brycen Tremayne|CAR,44358470,Brycen Tremayne,Brycen,Tremayne,2600,WR,CAR,DET @ CAR,10/04/2026 08:20 PM,,DET @ CAR,Showdown Captain Mode,NFL,10/4,Flex,"NFL Showdown $1M Sunday Night Showdown [$250K to 1st] (DET @ CAR);NFL Showdown $500K Wildcat [$100K to 1st] (DET @ CAR);NFL Showdown $402K Luxury Box [$100K to 1st] (DET @ CAR);NFL Showdown $200K Play-Action [20 Entry Max] (DET @ CAR);NFL Showdown $140K Four-Point Stance [$30K to 1st, 5 Entry Max] (DET @ CAR);NFL Showdown $60K Huddle [Single Entry] (DET @ CAR);NFL Showdown $10K Huddle [Single Entry] (DET @ CAR);NFL Showdown $75K Spy [$15K to 1st, Single Entry] (DET @ CAR);NFL Showdown $25K Spy [Single Entry] (DET @ CAR);NFL Showdown $70K Bootleg [$20K to 1st] (DET @ CAR)",196285049;196285047;196285046;196285050;196285056;196285071;196285042;196285064;196285065;196285048;196285095;196285096;196285083;196285089;196285107;196285108;196285105;196285106;196285090;196285094,10/4 8:20PM (DET @ CAR)
Austin Hooper - Classic,196285112;196285136;196285124;196285111;196285110;196285121;196285113;196285123;196286041;196285114;196285133;196285129;196285132;196285109;196285127;196285125;196285122;196285118;196286044;196285115,Austin Hooper|ATL,44358381,Austin Hooper,Austin,Hooper,2600,TE,ATL,ATL @ NO,10/05/2026 08:15 PM,,ATL @ NO,Classic,NFL,10/5,Standard,NFL $60K Post Pattern [$20K to 1st] (Primetime);NFL $30K Wildcat [$10K to 1st] (Primetime);NFL $15K Huddle [Single Entry] (Primetime);NFL $10K Bootleg [$2K to 1st] (Primetime);NFL $8.5K Luxury Box [Single Entry] (Primetime);NFL $10K Spy [Single Entry] (Primetime);NFL $10K Play-Action [20 Entry Max] (Primetime);NFL $6K Fair Catch [Single Entry] (Primetime);NFL $20K Thunderdome [Must Fill] (Primetime);NFL $7K First Down (Primetime),196285112;196285136;196285124;196285111;196285110;196285121;196285113;196285123;196286041;196285114;196285133;196285129;196285132;196285109;196285127;196285125;196285122;196285118;196286044;196285115,"10/4 8:20PM, 2 Games"
Brycen Tremayne - Showdown 2nd Half (Flex),196297427;196297821;196297824;196297424;196297431;196297428;196297426;196297698;196297429;196297822;196297825;196297820;196297827;196297823;196402607;196297697;196297425;196297430;196297432;196297828,Brycen Tremayne|CAR,44359028,Brycen Tremayne,Brycen,Tremayne,2600,WR,CAR,DET @ CAR,10/04/2026 09:20 PM,,DET @ CAR,Showdown 2nd Half,NFL,10/4,Flex,"NFL In-Game $15K 2nd Half Clash [$5K to 1st] (2H DET @ CAR);NFL In-Game $20K Thunderdome [Must Fill] (2H DET @ CAR);NFL In-Game $10,170 2026 FFWC Qualifier Satellite [Must Fill] (2H DET @ CAR);NFL In-Game $1.8K Deep Threat [Single Entry] (2H DET @ CAR);NFL In-Game $1K Huddle [Single Entry] (2H DET @ CAR);NFL In-Game $500 Play-Action (2H DET @ CAR);NFL In-Game $600 Bootleg [Single Entry] (2H DET @ CAR);NFL In-Game $267 Winner Take All [$1K to 1st] (2H DET @ CAR);NFL In-Game $500 First Down (2H DET @ CAR);NFL In-Game Satellite to NFL $4,444 Fantasy Football MEGA Millionaire [Must Fill] (2H DET @ CAR)",196297427;196297821;196297824;196297424;196297431;196297428;196297426;196297698;196297429;196297822;196297825;196297820;196297827;196297823;196402607;196297697;196297425;196297430;196297432;196297828,10/4 9:20PM 2H (DET @ CAR)
Brycen Tremayne - Showdown 4th Quarter (Flex),196297920;196297923;196297434;196297921;196297924;196297433;196297919;196297926;196297922;196297435;196297436;196297927;196297705;196297704;196297856;196297925;196297829;196297834;196297830;196297835,Brycen Tremayne|CAR,44359128,Brycen Tremayne,Brycen,Tremayne,2600,WR,CAR,DET @ CAR,10/04/2026 09:50 PM,,DET @ CAR,Showdown 4th Quarter,NFL,10/4,Flex,"NFL In-Game $20K Thunderdome [Must Fill] (4Q DET @ CAR);NFL In-Game $10,170 2026 FFWC Qualifier Satellite [Must Fill] (4Q DET @ CAR);NFL In-Game $3K 4th Quarter Finish [$1K to 1st] (4Q DET @ CAR);NFL In-Game Satellite to NFL $4,444 Fantasy Football MEGA Millionaire [Must Fill] (4Q DET @ CAR);NFL In-Game Satellite to NFL 10-12 $4,444 Showdown MEGA Millionaire [Must Fill] (4Q DET @ CAR);NFL In-Game $285 Bootleg [Single Entry] (4Q DET @ CAR);NFL In-Game $1,060 Winner Take All [$4K to 1st] (Must Fill) (4Q DET @ CAR);NFL In-Game Satellite to NFL 11-1 Midseason Main Event [Must Fill] (4Q DET @ CAR);NFL In-Game Satellite to NFL $555 Fantasy Football Millionaire [Must Fill] (4Q DET @ CAR);NFL In-Game $150 First Down (4Q DET @ CAR)",196297920;196297923;196297434;196297921;196297924;196297433;196297919;196297926;196297922;196297435;196297436;196297927;196297705;196297704;196297856;196297925;196297829;196297834;196297830;196297835,10/4 9:50PM Q4 (DET @ CAR)
Tommy Tremble - Classic,196285112;196285136;196285124;196285111;196285110;196285121;196285113;196285123;196286041;196285114;196285133;196285129;196285132;196285109;196285127;196285125;196285122;196285118;196286044;196285115,Tommy Tremble|CAR,44358383,Tommy Tremble,Tommy,Tremble,2500,TE,CAR,DET @ CAR,10/04/2026 08:20 PM,,DET @ CAR,Classic,NFL,10/4,Standard,NFL $60K Post Pattern [$20K to 1st] (Primetime);NFL $30K Wildcat [$10K to 1st] (Primetime);NFL $15K Huddle [Single Entry] (Primetime);NFL $10K Bootleg [$2K to 1st] (Primetime);NFL $8.5K Luxury Box [Single Entry] (Primetime);NFL $10K Spy [Single Entry] (Primetime);NFL $10K Play-Action [20 Entry Max] (Primetime);NFL $6K Fair Catch [Single Entry] (Primetime);NFL $20K Thunderdome [Must Fill] (Primetime);NFL $7K First Down (Primetime),196285112;196285136;196285124;196285111;196285110;196285121;196285113;196285123;196286041;196285114;196285133;196285129;196285132;196285109;196285127;196285125;196285122;196285118;196286044;196285115,"10/4 8:20PM, 2 Games"
Mitchell Evans - Classic,196285112;196285136;196285124;196285111;196285110;196285121;196285113;196285123;196286041;196285114;196285133;196285129;196285132;196285109;196285127;196285125;196285122;196285118;196286044;196285115,Mitchell Evans|CAR,44358385,Mitchell Evans,Mitchell,Evans,2500,TE,CAR,DET @ CAR,10/04/2026 08:20 PM,,DET @ CAR,Classic,NFL,10/4,Standard,NFL $60K Post Pattern [$20K to 1st] (Primetime);NFL $30K Wildcat [$10K to 1st] (Primetime);NFL $15K Huddle [Single Entry] (Primetime);NFL $10K Bootleg [$2K to 1st] (Primetime);NFL $8.5K Luxury Box [Single Entry] (Primetime);NFL $10K Spy [Single Entry] (Primetime);NFL $10K Play-Action [20 Entry Max] (Primetime);NFL $6K Fair Catch [Single Entry] (Primetime);NFL $20K Thunderdome [Must Fill] (Primetime);NFL $7K First Down (Primetime),196285112;196285136;196285124;196285111;196285110;196285121;196285113;196285123;196286041;196285114;196285133;196285129;196285132;196285109;196285127;196285125;196285122;196285118;196286044;196285115,"10/4 8:20PM, 2 Games"
Feleipe Franks - Classic,196285112;196285136;196285124;196285111;196285110;196285121;196285113;196285123;196286041;196285114;196285133;196285129;196285132;196285109;196285127;196285125;196285122;196285118;196286044;196285115,Feleipe Franks|CAR,44358387,Feleipe Franks,Feleipe,Franks,2500,TE,CAR,DET @ CAR,10/04/2026 08:20 PM,,DET @ CAR,Classic,NFL,10/4,Standard,NFL $60K Post Pattern [$20K to 1st] (Primetime);NFL $30K Wildcat [$10K to 1st] (Primetime);NFL $15K Huddle [Single Entry] (Primetime);NFL $10K Bootleg [$2K to 1st] (Primetime);NFL $8.5K Luxury Box [Single Entry] (Primetime);NFL $10K Spy [Single Entry] (Primetime);NFL $10K Play-Action [20 Entry Max] (Primetime);NFL $6K Fair Catch [Single Entry] (Primetime);NFL $20K Thunderdome [Must Fill] (Primetime);NFL $7K First Down (Primetime),196285112;196285136;196285124;196285111;196285110;196285121;196285113;196285123;196286041;196285114;196285133;196285129;196285132;196285109;196285127;196285125;196285122;196285118;196286044;196285115,"10/4 8:20PM, 2 Games"
Ja'Tavion Sanders - Classic,196285112;196285136;196285124;196285111;196285110;196285121;196285113;196285123;196286041;196285114;196285133;196285129;196285132;196285109;196285127;196285125;196285122;196285118;196286044;196285115,Ja'Tavion Sanders|CAR,44358389,Ja'Tavion Sanders,Ja'Tavion,Sanders,2500,TE,CAR,DET @ CAR,10/04/2026 08:20 PM,,DET @ CAR,Classic,NFL,10/4,Standard,NFL $60K Post Pattern [$20K to 1st] (Primetime);NFL $30K Wildcat [$10K to 1st] (Primetime);NFL $15K Huddle [Single Entry] (Primetime);NFL $10K Bootleg [$2K to 1st] (Primetime);NFL $8.5K Luxury Box [Single Entry] (Primetime);NFL $10K Spy [Single Entry] (Primetime);NFL $10K Play-Action [20 Entry Max] (Primetime);NFL $6K Fair Catch [Single Entry] (Primetime);NFL $20K Thunderdome [Must Fill] (Primetime);NFL $7K First Down (Primetime),196285112;196285136;196285124;196285111;196285110;196285121;196285113;196285123;196286041;196285114;196285133;196285129;196285132;196285109;196285127;196285125;196285122;196285118;196286044;196285115,"10/4 8:20PM, 2 Games"
Brock Wright - Classic,196285112;196285136;196285124;196285111;196285110;196285121;196285113;196285123;196286041;196285114;196285133;196285129;196285132;196285109;196285127;196285125;196285122;196285118;196286044;196285115,Brock Wright|DET,44358391,Brock Wright,Brock,Wright,2500,TE,DET,DET @ CAR,10/04/2026 08:20 PM,,DET @ CAR,Classic,NFL,10/4,Standard,NFL $60K Post Pattern [$20K to 1st] (Primetime);NFL $30K Wildcat [$10K to 1st] (Primetime);NFL $15K Huddle [Single Entry] (Primetime);NFL $10K Bootleg [$2K to 1st] (Primetime);NFL $8.5K Luxury Box [Single Entry] (Primetime);NFL $10K Spy [Single Entry] (Primetime);NFL $10K Play-Action [20 Entry Max] (Primetime);NFL $6K Fair Catch [Single Entry] (Primetime);NFL $20K Thunderdome [Must Fill] (Primetime);NFL $7K First Down (Primetime),196285112;196285136;196285124;196285111;196285110;196285121;196285113;196285123;196286041;196285114;196285133;196285129;196285132;196285109;196285127;196285125;196285122;196285118;196286044;196285115,"10/4 8:20PM, 2 Games"
Jackson Meeks - Classic,196285112;196285136;196285124;196285111;196285110;196285121;196285113;196285123;196286041;196285114;196285133;196285129;196285132;196285109;196285127;196285125;196285122;196285118;196286044;196285115,Jackson Meeks|DET,44358393,Jackson Meeks,Jackson,Meeks,2500,TE,DET,DET @ CAR,10/04/2026 08:20 PM,,DET @ CAR,Classic,NFL,10/4,Standard,NFL $60K Post Pattern [$20K to 1st] (Primetime);NFL $30K Wildcat [$10K to 1st] (Primetime);NFL $15K Huddle [Single Entry] (Primetime);NFL $10K Bootleg [$2K to 1st] (Primetime);NFL $8.5K Luxury Box [Single Entry] (Primetime);NFL $10K Spy [Single Entry] (Primetime);NFL $10K Play-Action [20 Entry Max] (Primetime);NFL $6K Fair Catch [Single Entry] (Primetime);NFL $20K Thunderdome [Must Fill] (Primetime);NFL $7K First Down (Primetime),196285112;196285136;196285124;196285111;196285110;196285121;196285113;196285123;196286041;196285114;196285133;196285129;196285132;196285109;196285127;196285125;196285122;196285118;196286044;196285115,"10/4 8:20PM, 2 Games"
Tyler Conklin - Classic,196285112;196285136;196285124;196285111;196285110;196285121;196285113;196285123;196286041;196285114;196285133;196285129;196285132;196285109;196285127;196285125;196285122;196285118;196286044;196285115,Tyler Conklin|DET,44358395,Tyler Conklin,Tyler,Conklin,2500,TE,DET,DET @ CAR,10/04/2026 08:20 PM,,DET @ CAR,Classic,NFL,10/4,Standard,NFL $60K Post Pattern [$20K to 1st] (Primetime);NFL $30K Wildcat [$10K to 1st] (Primetime);NFL $15K Huddle [Single Entry] (Primetime);NFL $10K Bootleg [$2K to 1st] (Primetime);NFL $8.5K Luxury Box [Single Entry] (Primetime);NFL $10K Spy [Single Entry] (Primetime);NFL $10K Play-Action [20 Entry Max] (Primetime);NFL $6K Fair Catch [Single Entry] (Primetime);NFL $20K Thunderdome [Must Fill] (Primetime);NFL $7K First Down (Primetime),196285112;196285136;196285124;196285111;196285110;196285121;196285113;196285123;196286041;196285114;196285133;196285129;196285132;196285109;196285127;196285125;196285122;196285118;196286044;196285115,"10/4 8:20PM, 2 Games"
Thomas Gordon - Classic,196285112;196285136;196285124;196285111;196285110;196285121;196285113;196285123;196286041;196285114;196285133;196285129;196285132;196285109;196285127;196285125;196285122;196285118;196286044;196285115,Thomas Gordon|DET,44358397,Thomas Gordon,Thomas,Gordon,2500,TE,DET,DET @ CAR,10/04/2026 08:20 PM,,DET @ CAR,Classic,NFL,10/4,Standard,NFL $60K Post Pattern [$20K to 1st] (Primetime);NFL $30K Wildcat [$10K to 1st] (Primetime);NFL $15K Huddle [Single Entry] (Primetime);NFL $10K Bootleg [$2K to 1st] (Primetime);NFL $8.5K Luxury Box [Single Entry] (Primetime);NFL $10K Spy [Single Entry] (Primetime);NFL $10K Play-Action [20 Entry Max] (Primetime);NFL $6K Fair Catch [Single Entry] (Primetime);NFL $20K Thunderdome [Must Fill] (Primetime);NFL $7K First Down (Primetime),196285112;196285136;196285124;196285111;196285110;196285121;196285113;196285123;196286041;196285114;196285133;196285129;196285132;196285109;196285127;196285125;196285122;196285118;196286044;196285115,"10/4 8:20PM, 2 Games"
Miles Kitselman - Classic,196285112;196285136;196285124;196285111;196285110;196285121;196285113;196285123;196286041;196285114;196285133;196285129;196285132;196285109;196285127;196285125;196285122;196285118;196286044;196285115,Miles Kitselman|DET,44358399,Miles Kitselman,Miles,Kitselman,2500,TE,DET,DET @ CAR,10/04/2026 08:20 PM,,DET @ CAR,Classic,NFL,10/4,Standard,NFL $60K Post Pattern [$20K to 1st] (Primetime);NFL $30K Wildcat [$10K to 1st] (Primetime);NFL $15K Huddle [Single Entry] (Primetime);NFL $10K Bootleg [$2K to 1st] (Primetime);NFL $8.5K Luxury Box [Single Entry] (Primetime);NFL $10K Spy [Single Entry] (Primetime);NFL $10K Play-Action [20 Entry Max] (Primetime);NFL $6K Fair Catch [Single Entry] (Primetime);NFL $20K Thunderdome [Must Fill] (Primetime);NFL $7K First Down (Primetime),196285112;196285136;196285124;196285111;196285110;196285121;196285113;196285123;196286041;196285114;196285133;196285129;196285132;196285109;196285127;196285125;196285122;196285118;196286044;196285115,"10/4 8:20PM, 2 Games"
Oscar Delp - Classic,196285112;196285136;196285124;196285111;196285110;196285121;196285113;196285123;196286041;196285114;196285133;196285129;196285132;196285109;196285127;196285125;196285122;196285118;196286044;196285115,Oscar Delp|NO,44358401,Oscar Delp,Oscar,Delp,2500,TE,NO,ATL @ NO,10/05/2026 08:15 PM,,ATL @ NO,Classic,NFL,10/5,Standard,NFL $60K Post Pattern [$20K to 1st] (Primetime);NFL $30K Wildcat [$10K to 1st] (Primetime);NFL $15K Huddle [Single Entry] (Primetime);NFL $10K Bootleg [$2K to 1st] (Primetime);NFL $8.5K Luxury Box [Single Entry] (Primetime);NFL $10K Spy [Single Entry] (Primetime);NFL $10K Play-Action [20 Entry Max] (Primetime);NFL $6K Fair Catch [Single Entry] (Primetime);NFL $20K Thunderdome [Must Fill] (Primetime);NFL $7K First Down (Primetime),196285112;196285136;196285124;196285111;196285110;196285121;196285113;196285123;196286041;196285114;196285133;196285129;196285132;196285109;196285127;196285125;196285122;196285118;196286044;196285115,"10/4 8:20PM, 2 Games"
Treyton Welch - Classic,196285112;196285136;196285124;196285111;196285110;196285121;196285113;196285123;196286041;196285114;196285133;196285129;196285132;196285109;196285127;196285125;196285122;196285118;196286044;196285115,Treyton Welch|NO,44358403,Treyton Welch,Treyton,Welch,2500,TE,NO,ATL @ NO,10/05/2026 08:15 PM,,ATL @ NO,Classic,NFL,10/5,Standard,NFL $60K Post Pattern [$20K to 1st] (Primetime);NFL $30K Wildcat [$10K to 1st] (Primetime);NFL $15K Huddle [Single Entry] (Primetime);NFL $10K Bootleg [$2K to 1st] (Primetime);NFL $8.5K Luxury Box [Single Entry] (Primetime);NFL $10K Spy [Single Entry] (Primetime);NFL $10K Play-Action [20 Entry Max] (Primetime);NFL $6K Fair Catch [Single Entry] (Primetime);NFL $20K Thunderdome [Must Fill] (Primetime);NFL $7K First Down (Primetime),196285112;196285136;196285124;196285111;196285110;196285121;196285113;196285123;196286041;196285114;196285133;196285129;196285132;196285109;196285127;196285125;196285122;196285118;196286044;196285115,"10/4 8:20PM, 2 Games"
Moliki Matavao - Classic,196285112;196285136;196285124;196285111;196285110;196285121;196285113;196285123;196286041;196285114;196285133;196285129;196285132;196285109;196285127;196285125;196285122;196285118;196286044;196285115,Moliki Matavao|NO,44358405,Moliki Matavao,Moliki,Matavao,2500,TE,NO,ATL @ NO,10/05/2026 08:15 PM,,ATL @ NO,Classic,NFL,10/5,Standard,NFL $60K Post Pattern [$20K to 1st] (Primetime);NFL $30K Wildcat [$10K to 1st] (Primetime);NFL $15K Huddle [Single Entry] (Primetime);NFL $10K Bootleg [$2K to 1st] (Primetime);NFL $8.5K Luxury Box [Single Entry] (Primetime);NFL $10K Spy [Single Entry] (Primetime);NFL $10K Play-Action [20 Entry Max] (Primetime);NFL $6K Fair Catch [Single Entry] (Primetime);NFL $20K Thunderdome [Must Fill] (Primetime);NFL $7K First Down (Primetime),196285112;196285136;196285124;196285111;196285110;196285121;196285113;196285123;196286041;196285114;196285133;196285129;196285132;196285109;196285127;196285125;196285122;196285118;196286044;196285115,"10/4 8:20PM, 2 Games"
Cal Adomitis - Classic,196285112;196285136;196285124;196285111;196285110;196285121;196285113;196285123;196286041;196285114;196285133;196285129;196285132;196285109;196285127;196285125;196285122;196285118;196286044;196285115,Cal Adomitis|NO,44358407,Cal Adomitis,Cal,Adomitis,2500,TE,NO,ATL @ NO,10/05/2026 08:15 PM,,ATL @ NO,Classic,NFL,10/5,Standard,NFL $60K Post Pattern [$20K to 1st] (Primetime);NFL $30K Wildcat [$10K to 1st] (Primetime);NFL $15K Huddle [Single Entry] (Primetime);NFL $10K Bootleg [$2K to 1st] (Primetime);NFL $8.5K Luxury Box [Single Entry] (Primetime);NFL $10K Spy [Single Entry] (Primetime);NFL $10K Play-Action [20 Entry Max] (Primetime);NFL $6K Fair Catch [Single Entry] (Primetime);NFL $20K Thunderdome [Must Fill] (Primetime);NFL $7K First Down (Primetime),196285112;196285136;196285124;196285111;196285110;196285121;196285113;196285123;196286041;196285114;196285133;196285129;196285132;196285109;196285127;196285125;196285122;196285118;196286044;196285115,"10/4 8:20PM, 2 Games"
Zach Wood - Classic,196285112;196285136;196285124;196285111;196285110;196285121;196285113;196285123;196286041;196285114;196285133;196285129;196285132;196285109;196285127;196285125;196285122;196285118;196286044;196285115,Zach Wood|NO,44358409,Zach Wood,Zach,Wood,2500,TE,NO,ATL @ NO,10/05/2026 08:15 PM,,ATL @ NO,Classic,NFL,10/5,Standard,NFL $60K Post Pattern [$20K to 1st] (Primetime);NFL $30K Wildcat [$10K to 1st] (Primetime);NFL $15K Huddle [Single Entry] (Primetime);NFL $10K Bootleg [$2K to 1st] (Primetime);NFL $8.5K Luxury Box [Single Entry] (Primetime);NFL $10K Spy [Single Entry] (Primetime);NFL $10K Play-Action [20 Entry Max] (Primetime);NFL $6K Fair Catch [Single Entry] (Primetime);NFL $20K Thunderdome [Must Fill] (Primetime);NFL $7K First Down (Primetime),196285112;196285136;196285124;196285111;196285110;196285121;196285113;196285123;196286041;196285114;196285133;196285129;196285132;196285109;196285127;196285125;196285122;196285118;196286044;196285115,"10/4 8:20PM, 2 Games"
Stone Smartt - Classic,196285112;196285136;196285124;196285111;196285110;196285121;196285113;196285123;196286041;196285114;196285133;196285129;196285132;196285109;196285127;196285125;196285122;196285118;196286044;196285115,Stone Smartt|NO,44358411,Stone Smartt,Stone,Smartt,2500,TE,NO,ATL @ NO,10/05/2026 08:15 PM,,ATL @ NO,Classic,NFL,10/5,Standard,NFL $60K Post Pattern [$20K to 1st] (Primetime);NFL $30K Wildcat [$10K to 1st] (Primetime);NFL $15K Huddle [Single Entry] (Primetime);NFL $10K Bootleg [$2K to 1st] (Primetime);NFL $8.5K Luxury Box [Single Entry] (Primetime);NFL $10K Spy [Single Entry] (Primetime);NFL $10K Play-Action [20 Entry Max] (Primetime);NFL $6K Fair Catch [Single Entry] (Primetime);NFL $20K Thunderdome [Must Fill] (Primetime);NFL $7K First Down (Primetime),196285112;196285136;196285124;196285111;196285110;196285121;196285113;196285123;196286041;196285114;196285133;196285129;196285132;196285109;196285127;196285125;196285122;196285118;196286044;196285115,"10/4 8:20PM, 2 Games"
Charlie Woerner - Classic,196285112;196285136;196285124;196285111;196285110;196285121;196285113;196285123;196286041;196285114;196285133;196285129;196285132;196285109;196285127;196285125;196285122;196285118;196286044;196285115,Charlie Woerner|ATL,44358413,Charlie Woerner,Charlie,Woerner,2500,TE,ATL,ATL @ NO,10/05/2026 08:15 PM,,ATL @ NO,Classic,NFL,10/5,Standard,NFL $60K Post Pattern [$20K to 1st] (Primetime);NFL $30K Wildcat [$10K to 1st] (Primetime);NFL $15K Huddle [Single Entry] (Primetime);NFL $10K Bootleg [$2K to 1st] (Primetime);NFL $8.5K Luxury Box [Single Entry] (Primetime);NFL $10K Spy [Single Entry] (Primetime);NFL $10K Play-Action [20 Entry Max] (Primetime);NFL $6K Fair Catch [Single Entry] (Primetime);NFL $20K Thunderdome [Must Fill] (Primetime);NFL $7K First Down (Primetime),196285112;196285136;196285124;196285111;196285110;196285121;196285113;196285123;196286041;196285114;196285133;196285129;196285132;196285109;196285127;196285125;196285122;196285118;196286044;196285115,"10/4 8:20PM, 2 Games"
Nick Muse - Classic,196285112;196285136;196285124;196285111;196285110;196285121;196285113;196285123;196286041;196285114;196285133;196285129;196285132;196285109;196285127;196285125;196285122;196285118;196286044;196285115,Nick Muse|ATL,44358415,Nick Muse,Nick,Muse,2500,TE,ATL,ATL @ NO,10/05/2026 08:15 PM,,ATL @ NO,Classic,NFL,10/5,Standard,NFL $60K Post Pattern [$20K to 1st] (Primetime);NFL $30K Wildcat [$10K to 1st] (Primetime);NFL $15K Huddle [Single Entry] (Primetime);NFL $10K Bootleg [$2K to 1st] (Primetime);NFL $8.5K Luxury Box [Single Entry] (Primetime);NFL $10K Spy [Single Entry] (Primetime);NFL $10K Play-Action [20 Entry Max] (Primetime);NFL $6K Fair Catch [Single Entry] (Primetime);NFL $20K Thunderdome [Must Fill] (Primetime);NFL $7K First Down (Primetime),196285112;196285136;196285124;196285111;196285110;196285121;196285113;196285123;196286041;196285114;196285133;196285129;196285132;196285109;196285127;196285125;196285122;196285118;196286044;196285115,"10/4 8:20PM, 2 Games"
Jack Velling - Classic,196285112;196285136;196285124;196285111;196285110;196285121;196285113;196285123;196286041;196285114;196285133;196285129;196285132;196285109;196285127;196285125;196285122;196285118;196286044;196285115,Jack Velling|ATL,44358417,Jack Velling,Jack,Velling,2500,TE,ATL,ATL @ NO,10/05/2026 08:15 PM,,ATL @ NO,Classic,NFL,10/5,Standard,NFL $60K Post Pattern [$20K to 1st] (Primetime);NFL $30K Wildcat [$10K to 1st] (Primetime);NFL $15K Huddle [Single Entry] (Primetime);NFL $10K Bootleg [$2K to 1st] (Primetime);NFL $8.5K Luxury Box [Single Entry] (Primetime);NFL $10K Spy [Single Entry] (Primetime);NFL $10K Play-Action [20 Entry Max] (Primetime);NFL $6K Fair Catch [Single Entry] (Primetime);NFL $20K Thunderdome [Must Fill] (Primetime);NFL $7K First Down (Primetime),196285112;196285136;196285124;196285111;196285110;196285121;196285113;196285123;196286041;196285114;196285133;196285129;196285132;196285109;196285127;196285125;196285122;196285118;196286044;196285115,"10/4 8:20PM, 2 Games"
Panthers - Classic,196285112;196285136;196285124;196285111;196285110;196285121;196285113;196285123;196286041;196285114;196285133;196285129;196285132;196285109;196285127;196285125;196285122;196285118;196286044;196285115,Panthers|CAR,44358422,Panthers,Panthers,,2500,DST,CAR,DET @ CAR,10/04/2026 08:20 PM,,DET @ CAR,Classic,NFL,10/4,Standard,NFL $60K Post Pattern [$20K to 1st] (Primetime);NFL $30K Wildcat [$10K to 1st] (Primetime);NFL $15K Huddle [Single Entry] (Primetime);NFL $10K Bootleg [$2K to 1st] (Primetime);NFL $8.5K Luxury Box [Single Entry] (Primetime);NFL $10K Spy [Single Entry] (Primetime);NFL $10K Play-Action [20 Entry Max] (Primetime);NFL $6K Fair Catch [Single Entry] (Primetime);NFL $20K Thunderdome [Must Fill] (Primetime);NFL $7K First Down (Primetime),196285112;196285136;196285124;196285111;196285110;196285121;196285113;196285123;196286041;196285114;196285133;196285129;196285132;196285109;196285127;196285125;196285122;196285118;196286044;196285115,"10/4 8:20PM, 2 Games"
Tommy Tremble - Showdown Captain Mode (Flex),196285049;196285047;196285046;196285050;196285056;196285071;196285042;196285064;196285065;196285048;196285095;196285096;196285083;196285089;196285107;196285108;196285105;196285106;196285090;196285094,Tommy Tremble|CAR,44358471,Tommy Tremble,Tommy,Tremble,2400,TE,CAR,DET @ CAR,10/04/2026 08:20 PM,,DET @ CAR,Showdown Captain Mode,NFL,10/4,Flex,"NFL Showdown $1M Sunday Night Showdown [$250K to 1st] (DET @ CAR);NFL Showdown $500K Wildcat [$100K to 1st] (DET @ CAR);NFL Showdown $402K Luxury Box [$100K to 1st] (DET @ CAR);NFL Showdown $200K Play-Action [20 Entry Max] (DET @ CAR);NFL Showdown $140K Four-Point Stance [$30K to 1st, 5 Entry Max] (DET @ CAR);NFL Showdown $60K Huddle [Single Entry] (DET @ CAR);NFL Showdown $10K Huddle [Single Entry] (DET @ CAR);NFL Showdown $75K Spy [$15K to 1st, Single Entry] (DET @ CAR);NFL Showdown $25K Spy [Single Entry] (DET @ CAR);NFL Showdown $70K Bootleg [$20K to 1st] (DET @ CAR)",196285049;196285047;196285046;196285050;196285056;196285071;196285042;196285064;196285065;196285048;196285095;196285096;196285083;196285089;196285107;196285108;196285105;196285106;196285090;196285094,10/4 8:20PM (DET @ CAR)
Brock Wright - Showdown Captain Mode (Captain),196285049;196285047;196285046;196285050;196285056;196285071;196285042;196285064;196285065;196285048;196285095;196285096;196285083;196285089;196285107;196285108;196285105;196285106;196285090;196285094,Brock Wright|DET,44358523,Brock Wright,Brock,Wright,2400,CPT,DET,DET @ CAR,10/04/2026 08:20 PM,,DET @ CAR,Showdown Captain Mode,NFL,10/4,Captain,"NFL Showdown $1M Sunday Night Showdown [$250K to 1st] (DET @ CAR);NFL Showdown $500K Wildcat [$100K to 1st] (DET @ CAR);NFL Showdown $402K Luxury Box [$100K to 1st] (DET @ CAR);NFL Showdown $200K Play-Action [20 Entry Max] (DET @ CAR);NFL Showdown $140K Four-Point Stance [$30K to 1st, 5 Entry Max] (DET @ CAR);NFL Showdown $60K Huddle [Single Entry] (DET @ CAR);NFL Showdown $10K Huddle [Single Entry] (DET @ CAR);NFL Showdown $75K Spy [$15K to 1st, Single Entry] (DET @ CAR);NFL Showdown $25K Spy [Single Entry] (DET @ CAR);NFL Showdown $70K Bootleg [$20K to 1st] (DET @ CAR)",196285049;196285047;196285046;196285050;196285056;196285071;196285042;196285064;196285065;196285048;196285095;196285096;196285083;196285089;196285107;196285108;196285105;196285106;196285090;196285094,10/4 8:20PM (DET @ CAR)
Zachariah Branch - Showdown Captain Mode (Flex),196285155;196285153;196285138;196285157;196285156;196285154;196285212;196285175;196285176;196285170;196285171;196285187;196285188;196285189;196285218;196285219;196285220;196285221;196285182;196285183,Zachariah Branch|ATL,44358572,Zachariah Branch,Zachariah,Branch,2400,WR,ATL,ATL @ NO,10/05/2026 08:15 PM,,ATL @ NO,Showdown Captain Mode,NFL,10/5,Flex,"NFL Showdown $1.5M Monday Night Showdown [$500K to 1st] (ATL @ NO);NFL Showdown $600K Wildcat [$150K to 1st] (ATL @ NO);NFL Showdown $402K Luxury Box [$100K to 1st] (ATL @ NO);NFL Showdown $300K Play-Action [20 Entry Max] (ATL @ NO);NFL Showdown $250K Flea Flicker [$50K to 1st] (ATL @ NO);NFL Showdown $150K Bootleg [$50K to 1st] (ATL @ NO);NFL Showdown $160K Four-Point Stance [$50K to 1st, 5 Entry Max] (ATL @ NO);NFL Showdown $80K Huddle [$10K to 1st, Single Entry] (ATL @ NO);NFL Showdown $20K Huddle [Single Entry] (ATL @ NO);NFL Showdown $100K Spy [$20K to 1st, Single Entry] (ATL @ NO)",196285155;196285153;196285138;196285157;196285156;196285154;196285212;196285175;196285176;196285170;196285171;196285187;196285188;196285189;196285218;196285219;196285220;196285221;196285182;196285183,10/5 8:15PM (ATL @ NO)
Tommy Tremble - Showdown 2nd Half (Flex),196297427;196297821;196297824;196297424;196297431;196297428;196297426;196297698;196297429;196297822;196297825;196297820;196297827;196297823;196402607;196297697;196297425;196297430;196297432;196297828,Tommy Tremble|CAR,44359029,Tommy Tremble,Tommy,Tremble,2400,TE,CAR,DET @ CAR,10/04/2026 09:20 PM,,DET @ CAR,Showdown 2nd Half,NFL,10/4,Flex,"NFL In-Game $15K 2nd Half Clash [$5K to 1st] (2H DET @ CAR);NFL In-Game $20K Thunderdome [Must Fill] (2H DET @ CAR);NFL In-Game $10,170 2026 FFWC Qualifier Satellite [Must Fill] (2H DET @ CAR);NFL In-Game $1.8K Deep Threat [Single Entry] (2H DET @ CAR);NFL In-Game $1K Huddle [Single Entry] (2H DET @ CAR);NFL In-Game $500 Play-Action (2H DET @ CAR);NFL In-Game $600 Bootleg [Single Entry] (2H DET @ CAR);NFL In-Game $267 Winner Take All [$1K to 1st] (2H DET @ CAR);NFL In-Game $500 First Down (2H DET @ CAR);NFL In-Game Satellite to NFL $4,444 Fantasy Football MEGA Millionaire [Must Fill] (2H DET @ CAR)",196297427;196297821;196297824;196297424;196297431;196297428;196297426;196297698;196297429;196297822;196297825;196297820;196297827;196297823;196402607;196297697;196297425;196297430;196297432;196297828,10/4 9:20PM 2H (DET @ CAR)
Brock Wright - Showdown 2nd Half (Captain),196297427;196297821;196297824;196297424;196297431;196297428;196297426;196297698;196297429;196297822;196297825;196297820;196297827;196297823;196402607;196297697;196297425;196297430;196297432;196297828,Brock Wright|DET,44358981,Brock Wright,Brock,Wright,2400,CPT,DET,DET @ CAR,10/04/2026 09:20 PM,,DET @ CAR,Showdown 2nd Half,NFL,10/4,Captain,"NFL In-Game $15K 2nd Half Clash [$5K to 1st] (2H DET @ CAR);NFL In-Game $20K Thunderdome [Must Fill] (2H DET @ CAR);NFL In-Game $10,170 2026 FFWC Qualifier Satellite [Must Fill] (2H DET @ CAR);NFL In-Game $1.8K Deep Threat [Single Entry] (2H DET @ CAR);NFL In-Game $1K Huddle [Single Entry] (2H DET @ CAR);NFL In-Game $500 Play-Action (2H DET @ CAR);NFL In-Game $600 Bootleg [Single Entry] (2H DET @ CAR);NFL In-Game $267 Winner Take All [$1K to 1st] (2H DET @ CAR);NFL In-Game $500 First Down (2H DET @ CAR);NFL In-Game Satellite to NFL $4,444 Fantasy Football MEGA Millionaire [Must Fill] (2H DET @ CAR)",196297427;196297821;196297824;196297424;196297431;196297428;196297426;196297698;196297429;196297822;196297825;196297820;196297827;196297823;196402607;196297697;196297425;196297430;196297432;196297828,10/4 9:20PM 2H (DET @ CAR)
Tommy Tremble - Showdown 4th Quarter (Flex),196297920;196297923;196297434;196297921;196297924;196297433;196297919;196297926;196297922;196297435;196297436;196297927;196297705;196297704;196297856;196297925;196297829;196297834;196297830;196297835,Tommy Tremble|CAR,44359129,Tommy Tremble,Tommy,Tremble,2400,TE,CAR,DET @ CAR,10/04/2026 09:50 PM,,DET @ CAR,Showdown 4th Quarter,NFL,10/4,Flex,"NFL In-Game $20K Thunderdome [Must Fill] (4Q DET @ CAR);NFL In-Game $10,170 2026 FFWC Qualifier Satellite [Must Fill] (4Q DET @ CAR);NFL In-Game $3K 4th Quarter Finish [$1K to 1st] (4Q DET @ CAR);NFL In-Game Satellite to NFL $4,444 Fantasy Football MEGA Millionaire [Must Fill] (4Q DET @ CAR);NFL In-Game Satellite to NFL 10-12 $4,444 Showdown MEGA Millionaire [Must Fill] (4Q DET @ CAR);NFL In-Game $285 Bootleg [Single Entry] (4Q DET @ CAR);NFL In-Game $1,060 Winner Take All [$4K to 1st] (Must Fill) (4Q DET @ CAR);NFL In-Game Satellite to NFL 11-1 Midseason Main Event [Must Fill] (4Q DET @ CAR);NFL In-Game Satellite to NFL $555 Fantasy Football Millionaire [Must Fill] (4Q DET @ CAR);NFL In-Game $150 First Down (4Q DET @ CAR)",196297920;196297923;196297434;196297921;196297924;196297433;196297919;196297926;196297922;196297435;196297436;196297927;196297705;196297704;196297856;196297925;196297829;196297834;196297830;196297835,10/4 9:50PM Q4 (DET @ CAR)
Brock Wright - Showdown 4th Quarter (Captain),196297920;196297923;196297434;196297921;196297924;196297433;196297919;196297926;196297922;196297435;196297436;196297927;196297705;196297704;196297856;196297925;196297829;196297834;196297830;196297835,Brock Wright|DET,44359081,Brock Wright,Brock,Wright,2400,CPT,DET,DET @ CAR,10/04/2026 09:50 PM,,DET @ CAR,Showdown 4th Quarter,NFL,10/4,Captain,"NFL In-Game $20K Thunderdome [Must Fill] (4Q DET @ CAR);NFL In-Game $10,170 2026 FFWC Qualifier Satellite [Must Fill] (4Q DET @ CAR);NFL In-Game $3K 4th Quarter Finish [$1K to 1st] (4Q DET @ CAR);NFL In-Game Satellite to NFL $4,444 Fantasy Football MEGA Millionaire [Must Fill] (4Q DET @ CAR);NFL In-Game Satellite to NFL 10-12 $4,444 Showdown MEGA Millionaire [Must Fill] (4Q DET @ CAR);NFL In-Game $285 Bootleg [Single Entry] (4Q DET @ CAR);NFL In-Game $1,060 Winner Take All [$4K to 1st] (Must Fill) (4Q DET @ CAR);NFL In-Game Satellite to NFL 11-1 Midseason Main Event [Must Fill] (4Q DET @ CAR);NFL In-Game Satellite to NFL $555 Fantasy Football Millionaire [Must Fill] (4Q DET @ CAR);NFL In-Game $150 First Down (4Q DET @ CAR)",196297920;196297923;196297434;196297921;196297924;196297433;196297919;196297926;196297922;196297435;196297436;196297927;196297705;196297704;196297856;196297925;196297829;196297834;196297830;196297835,10/4 9:50PM Q4 (DET @ CAR)
Zachariah Branch - Showdown 2nd Half (Flex),196297440;196298019;196298022;196297437;196297444;196297441;196297439;196297702;196297442;196298020;196298023;196298018;196298025;196298021;196297701;196297438;196297443;196297445;196298026;196297700,Zachariah Branch|ATL,44359236,Zachariah Branch,Zachariah,Branch,2400,WR,ATL,ATL @ NO,10/05/2026 09:15 PM,,ATL @ NO,Showdown 2nd Half,NFL,10/5,Flex,"NFL In-Game $15K 2nd Half Clash [$5K to 1st] (2H ATL @ NO);NFL In-Game $20K Thunderdome [Must Fill] (2H ATL @ NO);NFL In-Game $10,170 2026 FFWC Qualifier Satellite [Must Fill] (2H ATL @ NO);NFL In-Game $1.8K Deep Threat [Single Entry] (2H ATL @ NO);NFL In-Game $1K Huddle [Single Entry] (2H ATL @ NO);NFL In-Game $500 Play-Action (2H ATL @ NO);NFL In-Game $600 Bootleg [Single Entry] (2H ATL @ NO);NFL In-Game $267 Winner Take All [$1K to 1st] (2H ATL @ NO);NFL In-Game $500 First Down (2H ATL @ NO);NFL In-Game Satellite to NFL $4,444 Fantasy Football MEGA Millionaire [Must Fill] (2H ATL @ NO)",196297440;196298019;196298022;196297437;196297444;196297441;196297439;196297702;196297442;196298020;196298023;196298018;196298025;196298021;196297701;196297438;196297443;196297445;196298026;196297700,10/5 9:15PM 2H (ATL @ NO)
Zachariah Branch - Showdown 4th Quarter (Flex),196298118;196298121;196297447;196298119;196298122;196297446;196298117;196298124;196298120;196297448;196297449;196298125;196297707;196297706;196298037;196298109;196298080;196298081;196317157;196298123,Zachariah Branch|ATL,44359348,Zachariah Branch,Zachariah,Branch,2400,WR,ATL,ATL @ NO,10/05/2026 09:45 PM,,ATL @ NO,Showdown 4th Quarter,NFL,10/5,Flex,"NFL In-Game $20K Thunderdome [Must Fill] (4Q ATL @ NO);NFL In-Game $10,170 2026 FFWC Qualifier Satellite [Must Fill] (4Q ATL @ NO);NFL In-Game $3K 4th Quarter Finish [$1K to 1st] (4Q ATL @ NO);NFL In-Game Satellite to NFL $4,444 Fantasy Football MEGA Millionaire [Must Fill] (4Q ATL @ NO);NFL In-Game Satellite to NFL 10-12 $4,444 Showdown MEGA Millionaire [Must Fill] (4Q ATL @ NO);NFL In-Game $285 Bootleg [Single Entry] (4Q ATL @ NO);NFL In-Game $1,060 Winner Take All [$4K to 1st] (Must Fill) (4Q ATL @ NO);NFL In-Game Satellite to NFL 11-1 Midseason Main Event [Must Fill] (4Q ATL @ NO);NFL In-Game Satellite to NFL $555 Fantasy Football Millionaire [Must Fill] (4Q ATL @ NO);NFL In-Game $150 First Down (4Q ATL @ NO)",196298118;196298121;196297447;196298119;196298122;196297446;196298117;196298124;196298120;196297448;196297449;196298125;196297707;196297706;196298037;196298109;196298080;196298081;196317157;196298123,10/5 9:45PM Q4 (ATL @ NO)
CJ Donaldson - Showdown Captain Mode (Captain),196285155;196285153;196285138;196285157;196285156;196285154;196285212;196285175;196285176;196285170;196285171;196285187;196285188;196285189;196285218;196285219;196285220;196285221;196285182;196285183,CJ Donaldson|NO,44358631,CJ Donaldson,CJ,Donaldson,2100,CPT,NO,ATL @ NO,10/05/2026 08:15 PM,,ATL @ NO,Showdown Captain Mode,NFL,10/5,Captain,"NFL Showdown $1.5M Monday Night Showdown [$500K to 1st] (ATL @ NO);NFL Showdown $600K Wildcat [$150K to 1st] (ATL @ NO);NFL Showdown $402K Luxury Box [$100K to 1st] (ATL @ NO);NFL Showdown $300K Play-Action [20 Entry Max] (ATL @ NO);NFL Showdown $250K Flea Flicker [$50K to 1st] (ATL @ NO);NFL Showdown $150K Bootleg [$50K to 1st] (ATL @ NO);NFL Showdown $160K Four-Point Stance [$50K to 1st, 5 Entry Max] (ATL @ NO);NFL Showdown $80K Huddle [$10K to 1st, Single Entry] (ATL @ NO);NFL Showdown $20K Huddle [Single Entry] (ATL @ NO);NFL Showdown $100K Spy [$20K to 1st, Single Entry] (ATL @ NO)",196285155;196285153;196285138;196285157;196285156;196285154;196285212;196285175;196285176;196285170;196285171;196285187;196285188;196285189;196285218;196285219;196285220;196285221;196285182;196285183,10/5 8:15PM (ATL @ NO)
CJ Donaldson - Showdown 2nd Half (Captain),196297440;196298019;196298022;196297437;196297444;196297441;196297439;196297702;196297442;196298020;196298023;196298018;196298025;196298021;196297701;196297438;196297443;196297445;196298026;196297700,CJ Donaldson|NO,44359183,CJ Donaldson,CJ,Donaldson,2100,CPT,NO,ATL @ NO,10/05/2026 09:15 PM,,ATL @ NO,Showdown 2nd Half,NFL,10/5,Captain,"NFL In-Game $15K 2nd Half Clash [$5K to 1st] (2H ATL @ NO);NFL In-Game $20K Thunderdome [Must Fill] (2H ATL @ NO);NFL In-Game $10,170 2026 FFWC Qualifier Satellite [Must Fill] (2H ATL @ NO);NFL In-Game $1.8K Deep Threat [Single Entry] (2H ATL @ NO);NFL In-Game $1K Huddle [Single Entry] (2H ATL @ NO);NFL In-Game $500 Play-Action (2H ATL @ NO);NFL In-Game $600 Bootleg [Single Entry] (2H ATL @ NO);NFL In-Game $267 Winner Take All [$1K to 1st] (2H ATL @ NO);NFL In-Game $500 First Down (2H ATL @ NO);NFL In-Game Satellite to NFL $4,444 Fantasy Football MEGA Millionaire [Must Fill] (2H ATL @ NO)",196297440;196298019;196298022;196297437;196297444;196297441;196297439;196297702;196297442;196298020;196298023;196298018;196298025;196298021;196297701;196297438;196297443;196297445;196298026;196297700,10/5 9:15PM 2H (ATL @ NO)
CJ Donaldson - Showdown 4th Quarter (Captain),196298118;196298121;196297447;196298119;196298122;196297446;196298117;196298124;196298120;196297448;196297449;196298125;196297707;196297706;196298037;196298109;196298080;196298081;196317157;196298123,CJ Donaldson|NO,44359295,CJ Donaldson,CJ,Donaldson,2100,CPT,NO,ATL @ NO,10/05/2026 09:45 PM,,ATL @ NO,Showdown 4th Quarter,NFL,10/5,Captain,"NFL In-Game $20K Thunderdome [Must Fill] (4Q ATL @ NO);NFL In-Game $10,170 2026 FFWC Qualifier Satellite [Must Fill] (4Q ATL @ NO);NFL In-Game $3K 4th Quarter Finish [$1K to 1st] (4Q ATL @ NO);NFL In-Game Satellite to NFL $4,444 Fantasy Football MEGA Millionaire [Must Fill] (4Q ATL @ NO);NFL In-Game Satellite to NFL 10-12 $4,444 Showdown MEGA Millionaire [Must Fill] (4Q ATL @ NO);NFL In-Game $285 Bootleg [Single Entry] (4Q ATL @ NO);NFL In-Game $1,060 Winner Take All [$4K to 1st] (Must Fill) (4Q ATL @ NO);NFL In-Game Satellite to NFL 11-1 Midseason Main Event [Must Fill] (4Q ATL @ NO);NFL In-Game Satellite to NFL $555 Fantasy Football Millionaire [Must Fill] (4Q ATL @ NO);NFL In-Game $150 First Down (4Q ATL @ NO)",196298118;196298121;196297447;196298119;196298122;196297446;196298117;196298124;196298120;196297448;196297449;196298125;196297707;196297706;196298037;196298109;196298080;196298081;196317157;196298123,10/5 9:45PM Q4 (ATL @ NO)
Mitchell Evans - Showdown Captain Mode (Flex),196285049;196285047;196285046;196285050;196285056;196285071;196285042;196285064;196285065;196285048;196285095;196285096;196285083;196285089;196285107;196285108;196285105;196285106;196285090;196285094,Mitchell Evans|CAR,44358472,Mitchell Evans,Mitchell,Evans,2000,TE,CAR,DET @ CAR,10/04/2026 08:20 PM,,DET @ CAR,Showdown Captain Mode,NFL,10/4,Flex,"NFL Showdown $1M Sunday Night Showdown [$250K to 1st] (DET @ CAR);NFL Showdown $500K Wildcat [$100K to 1st] (DET @ CAR);NFL Showdown $402K Luxury Box [$100K to 1st] (DET @ CAR);NFL Showdown $200K Play-Action [20 Entry Max] (DET @ CAR);NFL Showdown $140K Four-Point Stance [$30K to 1st, 5 Entry Max] (DET @ CAR);NFL Showdown $60K Huddle [Single Entry] (DET @ CAR);NFL Showdown $10K Huddle [Single Entry] (DET @ CAR);NFL Showdown $75K Spy [$15K to 1st, Single Entry] (DET @ CAR);NFL Showdown $25K Spy [Single Entry] (DET @ CAR);NFL Showdown $70K Bootleg [$20K to 1st] (DET @ CAR)",196285049;196285047;196285046;196285050;196285056;196285071;196285042;196285064;196285065;196285048;196285095;196285096;196285083;196285089;196285107;196285108;196285105;196285106;196285090;196285094,10/4 8:20PM (DET @ CAR)
Olamide Zaccheaus - Showdown Captain Mode (Flex),196285155;196285153;196285138;196285157;196285156;196285154;196285212;196285175;196285176;196285170;196285171;196285187;196285188;196285189;196285218;196285219;196285220;196285221;196285182;196285183,Olamide Zaccheaus|ATL,44358573,Olamide Zaccheaus,Olamide,Zaccheaus,2000,WR,ATL,ATL @ NO,10/05/2026 08:15 PM,,ATL @ NO,Showdown Captain Mode,NFL,10/5,Flex,"NFL Showdown $1.5M Monday Night Showdown [$500K to 1st] (ATL @ NO);NFL Showdown $600K Wildcat [$150K to 1st] (ATL @ NO);NFL Showdown $402K Luxury Box [$100K to 1st] (ATL @ NO);NFL Showdown $300K Play-Action [20 Entry Max] (ATL @ NO);NFL Showdown $250K Flea Flicker [$50K to 1st] (ATL @ NO);NFL Showdown $150K Bootleg [$50K to 1st] (ATL @ NO);NFL Showdown $160K Four-Point Stance [$50K to 1st, 5 Entry Max] (ATL @ NO);NFL Showdown $80K Huddle [$10K to 1st, Single Entry] (ATL @ NO);NFL Showdown $20K Huddle [Single Entry] (ATL @ NO);NFL Showdown $100K Spy [$20K to 1st, Single Entry] (ATL @ NO)",196285155;196285153;196285138;196285157;196285156;196285154;196285212;196285175;196285176;196285170;196285171;196285187;196285188;196285189;196285218;196285219;196285220;196285221;196285182;196285183,10/5 8:15PM (ATL @ NO)
Mitchell Evans - Showdown 2nd Half (Flex),196297427;196297821;196297824;196297424;196297431;196297428;196297426;196297698;196297429;196297822;196297825;196297820;196297827;196297823;196402607;196297697;196297425;196297430;196297432;196297828,Mitchell Evans|CAR,44359030,Mitchell Evans,Mitchell,Evans,2000,TE,CAR,DET @ CAR,10/04/2026 09:20 PM,,DET @ CAR,Showdown 2nd Half,NFL,10/4,Flex,"NFL In-Game $15K 2nd Half Clash [$5K to 1st] (2H DET @ CAR);NFL In-Game $20K Thunderdome [Must Fill] (2H DET @ CAR);NFL In-Game $10,170 2026 FFWC Qualifier Satellite [Must Fill] (2H DET @ CAR);NFL In-Game $1.8K Deep Threat [Single Entry] (2H DET @ CAR);NFL In-Game $1K Huddle [Single Entry] (2H DET @ CAR);NFL In-Game $500 Play-Action (2H DET @ CAR);NFL In-Game $600 Bootleg [Single Entry] (2H DET @ CAR);NFL In-Game $267 Winner Take All [$1K to 1st] (2H DET @ CAR);NFL In-Game $500 First Down (2H DET @ CAR);NFL In-Game Satellite to NFL $4,444 Fantasy Football MEGA Millionaire [Must Fill] (2H DET @ CAR)",196297427;196297821;196297824;196297424;196297431;196297428;196297426;196297698;196297429;196297822;196297825;196297820;196297827;196297823;196402607;196297697;196297425;196297430;196297432;196297828,10/4 9:20PM 2H (DET @ CAR)
Mitchell Evans - Showdown 4th Quarter (Flex),196297920;196297923;196297434;196297921;196297924;196297433;196297919;196297926;196297922;196297435;196297436;196297927;196297705;196297704;196297856;196297925;196297829;196297834;196297830;196297835,Mitchell Evans|CAR,44359130,Mitchell Evans,Mitchell,Evans,2000,TE,CAR,DET @ CAR,10/04/2026 09:50 PM,,DET @ CAR,Showdown 4th Quarter,NFL,10/4,Flex,"NFL In-Game $20K Thunderdome [Must Fill] (4Q DET @ CAR);NFL In-Game $10,170 2026 FFWC Qualifier Satellite [Must Fill] (4Q DET @ CAR);NFL In-Game $3K 4th Quarter Finish [$1K to 1st] (4Q DET @ CAR);NFL In-Game Satellite to NFL $4,444 Fantasy Football MEGA Millionaire [Must Fill] (4Q DET @ CAR);NFL In-Game Satellite to NFL 10-12 $4,444 Showdown MEGA Millionaire [Must Fill] (4Q DET @ CAR);NFL In-Game $285 Bootleg [Single Entry] (4Q DET @ CAR);NFL In-Game $1,060 Winner Take All [$4K to 1st] (Must Fill) (4Q DET @ CAR);NFL In-Game Satellite to NFL 11-1 Midseason Main Event [Must Fill] (4Q DET @ CAR);NFL In-Game Satellite to NFL $555 Fantasy Football Millionaire [Must Fill] (4Q DET @ CAR);NFL In-Game $150 First Down (4Q DET @ CAR)",196297920;196297923;196297434;196297921;196297924;196297433;196297919;196297926;196297922;196297435;196297436;196297927;196297705;196297704;196297856;196297925;196297829;196297834;196297830;196297835,10/4 9:50PM Q4 (DET @ CAR)
Olamide Zaccheaus - Showdown 2nd Half (Flex),196297440;196298019;196298022;196297437;196297444;196297441;196297439;196297702;196297442;196298020;196298023;196298018;196298025;196298021;196297701;196297438;196297443;196297445;196298026;196297700,Olamide Zaccheaus|ATL,44359237,Olamide Zaccheaus,Olamide,Zaccheaus,2000,WR,ATL,ATL @ NO,10/05/2026 09:15 PM,,ATL @ NO,Showdown 2nd Half,NFL,10/5,Flex,"NFL In-Game $15K 2nd Half Clash [$5K to 1st] (2H ATL @ NO);NFL In-Game $20K Thunderdome [Must Fill] (2H ATL @ NO);NFL In-Game $10,170 2026 FFWC Qualifier Satellite [Must Fill] (2H ATL @ NO);NFL In-Game $1.8K Deep Threat [Single Entry] (2H ATL @ NO);NFL In-Game $1K Huddle [Single Entry] (2H ATL @ NO);NFL In-Game $500 Play-Action (2H ATL @ NO);NFL In-Game $600 Bootleg [Single Entry] (2H ATL @ NO);NFL In-Game $267 Winner Take All [$1K to 1st] (2H ATL @ NO);NFL In-Game $500 First Down (2H ATL @ NO);NFL In-Game Satellite to NFL $4,444 Fantasy Football MEGA Millionaire [Must Fill] (2H ATL @ NO)",196297440;196298019;196298022;196297437;196297444;196297441;196297439;196297702;196297442;196298020;196298023;196298018;196298025;196298021;196297701;196297438;196297443;196297445;196298026;196297700,10/5 9:15PM 2H (ATL @ NO)
Olamide Zaccheaus - Showdown 4th Quarter (Flex),196298118;196298121;196297447;196298119;196298122;196297446;196298117;196298124;196298120;196297448;196297449;196298125;196297707;196297706;196298037;196298109;196298080;196298081;196317157;196298123,Olamide Zaccheaus|ATL,44359349,Olamide Zaccheaus,Olamide,Zaccheaus,2000,WR,ATL,ATL @ NO,10/05/2026 09:45 PM,,ATL @ NO,Showdown 4th Quarter,NFL,10/5,Flex,"NFL In-Game $20K Thunderdome [Must Fill] (4Q ATL @ NO);NFL In-Game $10,170 2026 FFWC Qualifier Satellite [Must Fill] (4Q ATL @ NO);NFL In-Game $3K 4th Quarter Finish [$1K to 1st] (4Q ATL @ NO);NFL In-Game Satellite to NFL $4,444 Fantasy Football MEGA Millionaire [Must Fill] (4Q ATL @ NO);NFL In-Game Satellite to NFL 10-12 $4,444 Showdown MEGA Millionaire [Must Fill] (4Q ATL @ NO);NFL In-Game $285 Bootleg [Single Entry] (4Q ATL @ NO);NFL In-Game $1,060 Winner Take All [$4K to 1st] (Must Fill) (4Q ATL @ NO);NFL In-Game Satellite to NFL 11-1 Midseason Main Event [Must Fill] (4Q ATL @ NO);NFL In-Game Satellite to NFL $555 Fantasy Football Millionaire [Must Fill] (4Q ATL @ NO);NFL In-Game $150 First Down (4Q ATL @ NO)",196298118;196298121;196297447;196298119;196298122;196297446;196298117;196298124;196298120;196297448;196297449;196298125;196297707;196297706;196298037;196298109;196298080;196298081;196317157;196298123,10/5 9:45PM Q4 (ATL @ NO)
David Moore - Showdown Captain Mode (Captain),196285049;196285047;196285046;196285050;196285056;196285071;196285042;196285064;196285065;196285048;196285095;196285096;196285083;196285089;196285107;196285108;196285105;196285106;196285090;196285094,David Moore|CAR,44358524,David Moore,David,Moore,1800,CPT,CAR,DET @ CAR,10/04/2026 08:20 PM,,DET @ CAR,Showdown Captain Mode,NFL,10/4,Captain,"NFL Showdown $1M Sunday Night Showdown [$250K to 1st] (DET @ CAR);NFL Showdown $500K Wildcat [$100K to 1st] (DET @ CAR);NFL Showdown $402K Luxury Box [$100K to 1st] (DET @ CAR);NFL Showdown $200K Play-Action [20 Entry Max] (DET @ CAR);NFL Showdown $140K Four-Point Stance [$30K to 1st, 5 Entry Max] (DET @ CAR);NFL Showdown $60K Huddle [Single Entry] (DET @ CAR);NFL Showdown $10K Huddle [Single Entry] (DET @ CAR);NFL Showdown $75K Spy [$15K to 1st, Single Entry] (DET @ CAR);NFL Showdown $25K Spy [Single Entry] (DET @ CAR);NFL Showdown $70K Bootleg [$20K to 1st] (DET @ CAR)",196285049;196285047;196285046;196285050;196285056;196285071;196285042;196285064;196285065;196285048;196285095;196285096;196285083;196285089;196285107;196285108;196285105;196285106;196285090;196285094,10/4 8:20PM (DET @ CAR)
Bryce Lance - Showdown Captain Mode (Flex),196285155;196285153;196285138;196285157;196285156;196285154;196285212;196285175;196285176;196285170;196285171;196285187;196285188;196285189;196285218;196285219;196285220;196285221;196285182;196285183,Bryce Lance|NO,44358574,Bryce Lance,Bryce,Lance,1800,WR,NO,ATL @ NO,10/05/2026 08:15 PM,,ATL @ NO,Showdown Captain Mode,NFL,10/5,Flex,"NFL Showdown $1.5M Monday Night Showdown [$500K to 1st] (ATL @ NO);NFL Showdown $600K Wildcat [$150K to 1st] (ATL @ NO);NFL Showdown $402K Luxury Box [$100K to 1st] (ATL @ NO);NFL Showdown $300K Play-Action [20 Entry Max] (ATL @ NO);NFL Showdown $250K Flea Flicker [$50K to 1st] (ATL @ NO);NFL Showdown $150K Bootleg [$50K to 1st] (ATL @ NO);NFL Showdown $160K Four-Point Stance [$50K to 1st, 5 Entry Max] (ATL @ NO);NFL Showdown $80K Huddle [$10K to 1st, Single Entry] (ATL @ NO);NFL Showdown $20K Huddle [Single Entry] (ATL @ NO);NFL Showdown $100K Spy [$20K to 1st, Single Entry] (ATL @ NO)",196285155;196285153;196285138;196285157;196285156;196285154;196285212;196285175;196285176;196285170;196285171;196285187;196285188;196285189;196285218;196285219;196285220;196285221;196285182;196285183,10/5 8:15PM (ATL @ NO)
Barion Brown - Showdown Captain Mode (Captain),196285155;196285153;196285138;196285157;196285156;196285154;196285212;196285175;196285176;196285170;196285171;196285187;196285188;196285189;196285218;196285219;196285220;196285221;196285182;196285183,Barion Brown|NO,44358632,Barion Brown,Barion,Brown,1800,CPT,NO,ATL @ NO,10/05/2026 08:15 PM,,ATL @ NO,Showdown Captain Mode,NFL,10/5,Captain,"NFL Showdown $1.5M Monday Night Showdown [$500K to 1st] (ATL @ NO);NFL Showdown $600K Wildcat [$150K to 1st] (ATL @ NO);NFL Showdown $402K Luxury Box [$100K to 1st] (ATL @ NO);NFL Showdown $300K Play-Action [20 Entry Max] (ATL @ NO);NFL Showdown $250K Flea Flicker [$50K to 1st] (ATL @ NO);NFL Showdown $150K Bootleg [$50K to 1st] (ATL @ NO);NFL Showdown $160K Four-Point Stance [$50K to 1st, 5 Entry Max] (ATL @ NO);NFL Showdown $80K Huddle [$10K to 1st, Single Entry] (ATL @ NO);NFL Showdown $20K Huddle [Single Entry] (ATL @ NO);NFL Showdown $100K Spy [$20K to 1st, Single Entry] (ATL @ NO)",196285155;196285153;196285138;196285157;196285156;196285154;196285212;196285175;196285176;196285170;196285171;196285187;196285188;196285189;196285218;196285219;196285220;196285221;196285182;196285183,10/5 8:15PM (ATL @ NO)
David Moore - Showdown 2nd Half (Captain),196297427;196297821;196297824;196297424;196297431;196297428;196297426;196297698;196297429;196297822;196297825;196297820;196297827;196297823;196402607;196297697;196297425;196297430;196297432;196297828,David Moore|CAR,44358982,David Moore,David,Moore,1800,CPT,CAR,DET @ CAR,10/04/2026 09:20 PM,,DET @ CAR,Showdown 2nd Half,NFL,10/4,Captain,"NFL In-Game $15K 2nd Half Clash [$5K to 1st] (2H DET @ CAR);NFL In-Game $20K Thunderdome [Must Fill] (2H DET @ CAR);NFL In-Game $10,170 2026 FFWC Qualifier Satellite [Must Fill] (2H DET @ CAR);NFL In-Game $1.8K Deep Threat [Single Entry] (2H DET @ CAR);NFL In-Game $1K Huddle [Single Entry] (2H DET @ CAR);NFL In-Game $500 Play-Action (2H DET @ CAR);NFL In-Game $600 Bootleg [Single Entry] (2H DET @ CAR);NFL In-Game $267 Winner Take All [$1K to 1st] (2H DET @ CAR);NFL In-Game $500 First Down (2H DET @ CAR);NFL In-Game Satellite to NFL $4,444 Fantasy Football MEGA Millionaire [Must Fill] (2H DET @ CAR)",196297427;196297821;196297824;196297424;196297431;196297428;196297426;196297698;196297429;196297822;196297825;196297820;196297827;196297823;196402607;196297697;196297425;196297430;196297432;196297828,10/4 9:20PM 2H (DET @ CAR)
David Moore - Showdown 4th Quarter (Captain),196297920;196297923;196297434;196297921;196297924;196297433;196297919;196297926;196297922;196297435;196297436;196297927;196297705;196297704;196297856;196297925;196297829;196297834;196297830;196297835,David Moore|CAR,44359082,David Moore,David,Moore,1800,CPT,CAR,DET @ CAR,10/04/2026 09:50 PM,,DET @ CAR,Showdown 4th Quarter,NFL,10/4,Captain,"NFL In-Game $20K Thunderdome [Must Fill] (4Q DET @ CAR);NFL In-Game $10,170 2026 FFWC Qualifier Satellite [Must Fill] (4Q DET @ CAR);NFL In-Game $3K 4th Quarter Finish [$1K to 1st] (4Q DET @ CAR);NFL In-Game Satellite to NFL $4,444 Fantasy Football MEGA Millionaire [Must Fill] (4Q DET @ CAR);NFL In-Game Satellite to NFL 10-12 $4,444 Showdown MEGA Millionaire [Must Fill] (4Q DET @ CAR);NFL In-Game $285 Bootleg [Single Entry] (4Q DET @ CAR);NFL In-Game $1,060 Winner Take All [$4K to 1st] (Must Fill) (4Q DET @ CAR);NFL In-Game Satellite to NFL 11-1 Midseason Main Event [Must Fill] (4Q DET @ CAR);NFL In-Game Satellite to NFL $555 Fantasy Football Millionaire [Must Fill] (4Q DET @ CAR);NFL In-Game $150 First Down (4Q DET @ CAR)",196297920;196297923;196297434;196297921;196297924;196297433;196297919;196297926;196297922;196297435;196297436;196297927;196297705;196297704;196297856;196297925;196297829;196297834;196297830;196297835,10/4 9:50PM Q4 (DET @ CAR)
Bryce Lance - Showdown 2nd Half (Flex),196297440;196298019;196298022;196297437;196297444;196297441;196297439;196297702;196297442;196298020;196298023;196298018;196298025;196298021;196297701;196297438;196297443;196297445;196298026;196297700,Bryce Lance|NO,44359238,Bryce Lance,Bryce,Lance,1800,WR,NO,ATL @ NO,10/05/2026 09:15 PM,,ATL @ NO,Showdown 2nd Half,NFL,10/5,Flex,"NFL In-Game $15K 2nd Half Clash [$5K to 1st] (2H ATL @ NO);NFL In-Game $20K Thunderdome [Must Fill] (2H ATL @ NO);NFL In-Game $10,170 2026 FFWC Qualifier Satellite [Must Fill] (2H ATL @ NO);NFL In-Game $1.8K Deep Threat [Single Entry] (2H ATL @ NO);NFL In-Game $1K Huddle [Single Entry] (2H ATL @ NO);NFL In-Game $500 Play-Action (2H ATL @ NO);NFL In-Game $600 Bootleg [Single Entry] (2H ATL @ NO);NFL In-Game $267 Winner Take All [$1K to 1st] (2H ATL @ NO);NFL In-Game $500 First Down (2H ATL @ NO);NFL In-Game Satellite to NFL $4,444 Fantasy Football MEGA Millionaire [Must Fill] (2H ATL @ NO)",196297440;196298019;196298022;196297437;196297444;196297441;196297439;196297702;196297442;196298020;196298023;196298018;196298025;196298021;196297701;196297438;196297443;196297445;196298026;196297700,10/5 9:15PM 2H (ATL @ NO)
Barion Brown - Showdown 2nd Half (Captain),196297440;196298019;196298022;196297437;196297444;196297441;196297439;196297702;196297442;196298020;196298023;196298018;196298025;196298021;196297701;196297438;196297443;196297445;196298026;196297700,Barion Brown|NO,44359184,Barion Brown,Barion,Brown,1800,CPT,NO,ATL @ NO,10/05/2026 09:15 PM,,ATL @ NO,Showdown 2nd Half,NFL,10/5,Captain,"NFL In-Game $15K 2nd Half Clash [$5K to 1st] (2H ATL @ NO);NFL In-Game $20K Thunderdome [Must Fill] (2H ATL @ NO);NFL In-Game $10,170 2026 FFWC Qualifier Satellite [Must Fill] (2H ATL @ NO);NFL In-Game $1.8K Deep Threat [Single Entry] (2H ATL @ NO);NFL In-Game $1K Huddle [Single Entry] (2H ATL @ NO);NFL In-Game $500 Play-Action (2H ATL @ NO);NFL In-Game $600 Bootleg [Single Entry] (2H ATL @ NO);NFL In-Game $267 Winner Take All [$1K to 1st] (2H ATL @ NO);NFL In-Game $500 First Down (2H ATL @ NO);NFL In-Game Satellite to NFL $4,444 Fantasy Football MEGA Millionaire [Must Fill] (2H ATL @ NO)",196297440;196298019;196298022;196297437;196297444;196297441;196297439;196297702;196297442;196298020;196298023;196298018;196298025;196298021;196297701;196297438;196297443;196297445;196298026;196297700,10/5 9:15PM 2H (ATL @ NO)
Bryce Lance - Showdown 4th Quarter (Flex),196298118;196298121;196297447;196298119;196298122;196297446;196298117;196298124;196298120;196297448;196297449;196298125;196297707;196297706;196298037;196298109;196298080;196298081;196317157;196298123,Bryce Lance|NO,44359350,Bryce Lance,Bryce,Lance,1800,WR,NO,ATL @ NO,10/05/2026 09:45 PM,,ATL @ NO,Showdown 4th Quarter,NFL,10/5,Flex,"NFL In-Game $20K Thunderdome [Must Fill] (4Q ATL @ NO);NFL In-Game $10,170 2026 FFWC Qualifier Satellite [Must Fill] (4Q ATL @ NO);NFL In-Game $3K 4th Quarter Finish [$1K to 1st] (4Q ATL @ NO);NFL In-Game Satellite to NFL $4,444 Fantasy Football MEGA Millionaire [Must Fill] (4Q ATL @ NO);NFL In-Game Satellite to NFL 10-12 $4,444 Showdown MEGA Millionaire [Must Fill] (4Q ATL @ NO);NFL In-Game $285 Bootleg [Single Entry] (4Q ATL @ NO);NFL In-Game $1,060 Winner Take All [$4K to 1st] (Must Fill) (4Q ATL @ NO);NFL In-Game Satellite to NFL 11-1 Midseason Main Event [Must Fill] (4Q ATL @ NO);NFL In-Game Satellite to NFL $555 Fantasy Football Millionaire [Must Fill] (4Q ATL @ NO);NFL In-Game $150 First Down (4Q ATL @ NO)",196298118;196298121;196297447;196298119;196298122;196297446;196298117;196298124;196298120;196297448;196297449;196298125;196297707;196297706;196298037;196298109;196298080;196298081;196317157;196298123,10/5 9:45PM Q4 (ATL @ NO)
Barion Brown - Showdown 4th Quarter (Captain),196298118;196298121;196297447;196298119;196298122;196297446;196298117;196298124;196298120;196297448;196297449;196298125;196297707;196297706;196298037;196298109;196298080;196298081;196317157;196298123,Barion Brown|NO,44359296,Barion Brown,Barion,Brown,1800,CPT,NO,ATL @ NO,10/05/2026 09:45 PM,,ATL @ NO,Showdown 4th Quarter,NFL,10/5,Captain,"NFL In-Game $20K Thunderdome [Must Fill] (4Q ATL @ NO);NFL In-Game $10,170 2026 FFWC Qualifier Satellite [Must Fill] (4Q ATL @ NO);NFL In-Game $3K 4th Quarter Finish [$1K to 1st] (4Q ATL @ NO);NFL In-Game Satellite to NFL $4,444 Fantasy Football MEGA Millionaire [Must Fill] (4Q ATL @ NO);NFL In-Game Satellite to NFL 10-12 $4,444 Showdown MEGA Millionaire [Must Fill] (4Q ATL @ NO);NFL In-Game $285 Bootleg [Single Entry] (4Q ATL @ NO);NFL In-Game $1,060 Winner Take All [$4K to 1st] (Must Fill) (4Q ATL @ NO);NFL In-Game Satellite to NFL 11-1 Midseason Main Event [Must Fill] (4Q ATL @ NO);NFL In-Game Satellite to NFL $555 Fantasy Football Millionaire [Must Fill] (4Q ATL @ NO);NFL In-Game $150 First Down (4Q ATL @ NO)",196298118;196298121;196297447;196298119;196298122;196297446;196298117;196298124;196298120;196297448;196297449;196298125;196297707;196297706;196298037;196298109;196298080;196298081;196317157;196298123,10/5 9:45PM Q4 (ATL @ NO)
Brock Wright - Showdown Captain Mode (Flex),196285049;196285047;196285046;196285050;196285056;196285071;196285042;196285064;196285065;196285048;196285095;196285096;196285083;196285089;196285107;196285108;196285105;196285106;196285090;196285094,Brock Wright|DET,44358473,Brock Wright,Brock,Wright,1600,TE,DET,DET @ CAR,10/04/2026 08:20 PM,,DET @ CAR,Showdown Captain Mode,NFL,10/4,Flex,"NFL Showdown $1M Sunday Night Showdown [$250K to 1st] (DET @ CAR);NFL Showdown $500K Wildcat [$100K to 1st] (DET @ CAR);NFL Showdown $402K Luxury Box [$100K to 1st] (DET @ CAR);NFL Showdown $200K Play-Action [20 Entry Max] (DET @ CAR);NFL Showdown $140K Four-Point Stance [$30K to 1st, 5 Entry Max] (DET @ CAR);NFL Showdown $60K Huddle [Single Entry] (DET @ CAR);NFL Showdown $10K Huddle [Single Entry] (DET @ CAR);NFL Showdown $75K Spy [$15K to 1st, Single Entry] (DET @ CAR);NFL Showdown $25K Spy [Single Entry] (DET @ CAR);NFL Showdown $70K Bootleg [$20K to 1st] (DET @ CAR)",196285049;196285047;196285046;196285050;196285056;196285071;196285042;196285064;196285065;196285048;196285095;196285096;196285083;196285089;196285107;196285108;196285105;196285106;196285090;196285094,10/4 8:20PM (DET @ CAR)
Brock Wright - Showdown 2nd Half (Flex),196297427;196297821;196297824;196297424;196297431;196297428;196297426;196297698;196297429;196297822;196297825;196297820;196297827;196297823;196402607;196297697;196297425;196297430;196297432;196297828,Brock Wright|DET,44359031,Brock Wright,Brock,Wright,1600,TE,DET,DET @ CAR,10/04/2026 09:20 PM,,DET @ CAR,Showdown 2nd Half,NFL,10/4,Flex,"NFL In-Game $15K 2nd Half Clash [$5K to 1st] (2H DET @ CAR);NFL In-Game $20K Thunderdome [Must Fill] (2H DET @ CAR);NFL In-Game $10,170 2026 FFWC Qualifier Satellite [Must Fill] (2H DET @ CAR);NFL In-Game $1.8K Deep Threat [Single Entry] (2H DET @ CAR);NFL In-Game $1K Huddle [Single Entry] (2H DET @ CAR);NFL In-Game $500 Play-Action (2H DET @ CAR);NFL In-Game $600 Bootleg [Single Entry] (2H DET @ CAR);NFL In-Game $267 Winner Take All [$1K to 1st] (2H DET @ CAR);NFL In-Game $500 First Down (2H DET @ CAR);NFL In-Game Satellite to NFL $4,444 Fantasy Football MEGA Millionaire [Must Fill] (2H DET @ CAR)",196297427;196297821;196297824;196297424;196297431;196297428;196297426;196297698;196297429;196297822;196297825;196297820;196297827;196297823;196402607;196297697;196297425;196297430;196297432;196297828,10/4 9:20PM 2H (DET @ CAR)
Brock Wright - Showdown 4th Quarter (Flex),196297920;196297923;196297434;196297921;196297924;196297433;196297919;196297926;196297922;196297435;196297436;196297927;196297705;196297704;196297856;196297925;196297829;196297834;196297830;196297835,Brock Wright|DET,44359131,Brock Wright,Brock,Wright,1600,TE,DET,DET @ CAR,10/04/2026 09:50 PM,,DET @ CAR,Showdown 4th Quarter,NFL,10/4,Flex,"NFL In-Game $20K Thunderdome [Must Fill] (4Q DET @ CAR);NFL In-Game $10,170 2026 FFWC Qualifier Satellite [Must Fill] (4Q DET @ CAR);NFL In-Game $3K 4th Quarter Finish [$1K to 1st] (4Q DET @ CAR);NFL In-Game Satellite to NFL $4,444 Fantasy Football MEGA Millionaire [Must Fill] (4Q DET @ CAR);NFL In-Game Satellite to NFL 10-12 $4,444 Showdown MEGA Millionaire [Must Fill] (4Q DET @ CAR);NFL In-Game $285 Bootleg [Single Entry] (4Q DET @ CAR);NFL In-Game $1,060 Winner Take All [$4K to 1st] (Must Fill) (4Q DET @ CAR);NFL In-Game Satellite to NFL 11-1 Midseason Main Event [Must Fill] (4Q DET @ CAR);NFL In-Game Satellite to NFL $555 Fantasy Football Millionaire [Must Fill] (4Q DET @ CAR);NFL In-Game $150 First Down (4Q DET @ CAR)",196297920;196297923;196297434;196297921;196297924;196297433;196297919;196297926;196297922;196297435;196297436;196297927;196297705;196297704;196297856;196297925;196297829;196297834;196297830;196297835,10/4 9:50PM Q4 (DET @ CAR)
Tom Kennedy - Showdown Captain Mode (Captain),196285049;196285047;196285046;196285050;196285056;196285071;196285042;196285064;196285065;196285048;196285095;196285096;196285083;196285089;196285107;196285108;196285105;196285106;196285090;196285094,Tom Kennedy|DET,44358525,Tom Kennedy,Tom,Kennedy,1500,CPT,DET,DET @ CAR,10/04/2026 08:20 PM,,DET @ CAR,Showdown Captain Mode,NFL,10/4,Captain,"NFL Showdown $1M Sunday Night Showdown [$250K to 1st] (DET @ CAR);NFL Showdown $500K Wildcat [$100K to 1st] (DET @ CAR);NFL Showdown $402K Luxury Box [$100K to 1st] (DET @ CAR);NFL Showdown $200K Play-Action [20 Entry Max] (DET @ CAR);NFL Showdown $140K Four-Point Stance [$30K to 1st, 5 Entry Max] (DET @ CAR);NFL Showdown $60K Huddle [Single Entry] (DET @ CAR);NFL Showdown $10K Huddle [Single Entry] (DET @ CAR);NFL Showdown $75K Spy [$15K to 1st, Single Entry] (DET @ CAR);NFL Showdown $25K Spy [Single Entry] (DET @ CAR);NFL Showdown $70K Bootleg [$20K to 1st] (DET @ CAR)",196285049;196285047;196285046;196285050;196285056;196285071;196285042;196285064;196285065;196285048;196285095;196285096;196285083;196285089;196285107;196285108;196285105;196285106;196285090;196285094,10/4 8:20PM (DET @ CAR)
Chris Blair - Showdown Captain Mode (Captain),196285155;196285153;196285138;196285157;196285156;196285154;196285212;196285175;196285176;196285170;196285171;196285187;196285188;196285189;196285218;196285219;196285220;196285221;196285182;196285183,Chris Blair|ATL,44358633,Chris Blair,Chris,Blair,1500,CPT,ATL,ATL @ NO,10/05/2026 08:15 PM,,ATL @ NO,Showdown Captain Mode,NFL,10/5,Captain,"NFL Showdown $1.5M Monday Night Showdown [$500K to 1st] (ATL @ NO);NFL Showdown $600K Wildcat [$150K to 1st] (ATL @ NO);NFL Showdown $402K Luxury Box [$100K to 1st] (ATL @ NO);NFL Showdown $300K Play-Action [20 Entry Max] (ATL @ NO);NFL Showdown $250K Flea Flicker [$50K to 1st] (ATL @ NO);NFL Showdown $150K Bootleg [$50K to 1st] (ATL @ NO);NFL Showdown $160K Four-Point Stance [$50K to 1st, 5 Entry Max] (ATL @ NO);NFL Showdown $80K Huddle [$10K to 1st, Single Entry] (ATL @ NO);NFL Showdown $20K Huddle [Single Entry] (ATL @ NO);NFL Showdown $100K Spy [$20K to 1st, Single Entry] (ATL @ NO)",196285155;196285153;196285138;196285157;196285156;196285154;196285212;196285175;196285176;196285170;196285171;196285187;196285188;196285189;196285218;196285219;196285220;196285221;196285182;196285183,10/5 8:15PM (ATL @ NO)
Tom Kennedy - Showdown 2nd Half (Captain),196297427;196297821;196297824;196297424;196297431;196297428;196297426;196297698;196297429;196297822;196297825;196297820;196297827;196297823;196402607;196297697;196297425;196297430;196297432;196297828,Tom Kennedy|DET,44358983,Tom Kennedy,Tom,Kennedy,1500,CPT,DET,DET @ CAR,10/04/2026 09:20 PM,,DET @ CAR,Showdown 2nd Half,NFL,10/4,Captain,"NFL In-Game $15K 2nd Half Clash [$5K to 1st] (2H DET @ CAR);NFL In-Game $20K Thunderdome [Must Fill] (2H DET @ CAR);NFL In-Game $10,170 2026 FFWC Qualifier Satellite [Must Fill] (2H DET @ CAR);NFL In-Game $1.8K Deep Threat [Single Entry] (2H DET @ CAR);NFL In-Game $1K Huddle [Single Entry] (2H DET @ CAR);NFL In-Game $500 Play-Action (2H DET @ CAR);NFL In-Game $600 Bootleg [Single Entry] (2H DET @ CAR);NFL In-Game $267 Winner Take All [$1K to 1st] (2H DET @ CAR);NFL In-Game $500 First Down (2H DET @ CAR);NFL In-Game Satellite to NFL $4,444 Fantasy Football MEGA Millionaire [Must Fill] (2H DET @ CAR)",196297427;196297821;196297824;196297424;196297431;196297428;196297426;196297698;196297429;196297822;196297825;196297820;196297827;196297823;196402607;196297697;196297425;196297430;196297432;196297828,10/4 9:20PM 2H (DET @ CAR)
Tom Kennedy - Showdown 4th Quarter (Captain),196297920;196297923;196297434;196297921;196297924;196297433;196297919;196297926;196297922;196297435;196297436;196297927;196297705;196297704;196297856;196297925;196297829;196297834;196297830;196297835,Tom Kennedy|DET,44359083,Tom Kennedy,Tom,Kennedy,1500,CPT,DET,DET @ CAR,10/04/2026 09:50 PM,,DET @ CAR,Showdown 4th Quarter,NFL,10/4,Captain,"NFL In-Game $20K Thunderdome [Must Fill] (4Q DET @ CAR);NFL In-Game $10,170 2026 FFWC Qualifier Satellite [Must Fill] (4Q DET @ CAR);NFL In-Game $3K 4th Quarter Finish [$1K to 1st] (4Q DET @ CAR);NFL In-Game Satellite to NFL $4,444 Fantasy Football MEGA Millionaire [Must Fill] (4Q DET @ CAR);NFL In-Game Satellite to NFL 10-12 $4,444 Showdown MEGA Millionaire [Must Fill] (4Q DET @ CAR);NFL In-Game $285 Bootleg [Single Entry] (4Q DET @ CAR);NFL In-Game $1,060 Winner Take All [$4K to 1st] (Must Fill) (4Q DET @ CAR);NFL In-Game Satellite to NFL 11-1 Midseason Main Event [Must Fill] (4Q DET @ CAR);NFL In-Game Satellite to NFL $555 Fantasy Football Millionaire [Must Fill] (4Q DET @ CAR);NFL In-Game $150 First Down (4Q DET @ CAR)",196297920;196297923;196297434;196297921;196297924;196297433;196297919;196297926;196297922;196297435;196297436;196297927;196297705;196297704;196297856;196297925;196297829;196297834;196297830;196297835,10/4 9:50PM Q4 (DET @ CAR)
Chris Blair - Showdown 2nd Half (Captain),196297440;196298019;196298022;196297437;196297444;196297441;196297439;196297702;196297442;196298020;196298023;196298018;196298025;196298021;196297701;196297438;196297443;196297445;196298026;196297700,Chris Blair|ATL,44359185,Chris Blair,Chris,Blair,1500,CPT,ATL,ATL @ NO,10/05/2026 09:15 PM,,ATL @ NO,Showdown 2nd Half,NFL,10/5,Captain,"NFL In-Game $15K 2nd Half Clash [$5K to 1st] (2H ATL @ NO);NFL In-Game $20K Thunderdome [Must Fill] (2H ATL @ NO);NFL In-Game $10,170 2026 FFWC Qualifier Satellite [Must Fill] (2H ATL @ NO);NFL In-Game $1.8K Deep Threat [Single Entry] (2H ATL @ NO);NFL In-Game $1K Huddle [Single Entry] (2H ATL @ NO);NFL In-Game $500 Play-Action (2H ATL @ NO);NFL In-Game $600 Bootleg [Single Entry] (2H ATL @ NO);NFL In-Game $267 Winner Take All [$1K to 1st] (2H ATL @ NO);NFL In-Game $500 First Down (2H ATL @ NO);NFL In-Game Satellite to NFL $4,444 Fantasy Football MEGA Millionaire [Must Fill] (2H ATL @ NO)",196297440;196298019;196298022;196297437;196297444;196297441;196297439;196297702;196297442;196298020;196298023;196298018;196298025;196298021;196297701;196297438;196297443;196297445;196298026;196297700,10/5 9:15PM 2H (ATL @ NO)
Chris Blair - Showdown 4th Quarter (Captain),196298118;196298121;196297447;196298119;196298122;196297446;196298117;196298124;196298120;196297448;196297449;196298125;196297707;196297706;196298037;196298109;196298080;196298081;196317157;196298123,Chris Blair|ATL,44359297,Chris Blair,Chris,Blair,1500,CPT,ATL,ATL @ NO,10/05/2026 09:45 PM,,ATL @ NO,Showdown 4th Quarter,NFL,10/5,Captain,"NFL In-Game $20K Thunderdome [Must Fill] (4Q ATL @ NO);NFL In-Game $10,170 2026 FFWC Qualifier Satellite [Must Fill] (4Q ATL @ NO);NFL In-Game $3K 4th Quarter Finish [$1K to 1st] (4Q ATL @ NO);NFL In-Game Satellite to NFL $4,444 Fantasy Football MEGA Millionaire [Must Fill] (4Q ATL @ NO);NFL In-Game Satellite to NFL 10-12 $4,444 Showdown MEGA Millionaire [Must Fill] (4Q ATL @ NO);NFL In-Game $285 Bootleg [Single Entry] (4Q ATL @ NO);NFL In-Game $1,060 Winner Take All [$4K to 1st] (Must Fill) (4Q ATL @ NO);NFL In-Game Satellite to NFL 11-1 Midseason Main Event [Must Fill] (4Q ATL @ NO);NFL In-Game Satellite to NFL $555 Fantasy Football Millionaire [Must Fill] (4Q ATL @ NO);NFL In-Game $150 First Down (4Q ATL @ NO)",196298118;196298121;196297447;196298119;196298122;196297446;196298117;196298124;196298120;196297448;196297449;196298125;196297707;196297706;196298037;196298109;196298080;196298081;196317157;196298123,10/5 9:45PM Q4 (ATL @ NO)
CJ Donaldson - Showdown Captain Mode (Flex),196285155;196285153;196285138;196285157;196285156;196285154;196285212;196285175;196285176;196285170;196285171;196285187;196285188;196285189;196285218;196285219;196285220;196285221;196285182;196285183,CJ Donaldson|NO,44358575,CJ Donaldson,CJ,Donaldson,1400,RB,NO,ATL @ NO,10/05/2026 08:15 PM,,ATL @ NO,Showdown Captain Mode,NFL,10/5,Flex,"NFL Showdown $1.5M Monday Night Showdown [$500K to 1st] (ATL @ NO);NFL Showdown $600K Wildcat [$150K to 1st] (ATL @ NO);NFL Showdown $402K Luxury Box [$100K to 1st] (ATL @ NO);NFL Showdown $300K Play-Action [20 Entry Max] (ATL @ NO);NFL Showdown $250K Flea Flicker [$50K to 1st] (ATL @ NO);NFL Showdown $150K Bootleg [$50K to 1st] (ATL @ NO);NFL Showdown $160K Four-Point Stance [$50K to 1st, 5 Entry Max] (ATL @ NO);NFL Showdown $80K Huddle [$10K to 1st, Single Entry] (ATL @ NO);NFL Showdown $20K Huddle [Single Entry] (ATL @ NO);NFL Showdown $100K Spy [$20K to 1st, Single Entry] (ATL @ NO)",196285155;196285153;196285138;196285157;196285156;196285154;196285212;196285175;196285176;196285170;196285171;196285187;196285188;196285189;196285218;196285219;196285220;196285221;196285182;196285183,10/5 8:15PM (ATL @ NO)
CJ Donaldson - Showdown 2nd Half (Flex),196297440;196298019;196298022;196297437;196297444;196297441;196297439;196297702;196297442;196298020;196298023;196298018;196298025;196298021;196297701;196297438;196297443;196297445;196298026;196297700,CJ Donaldson|NO,44359239,CJ Donaldson,CJ,Donaldson,1400,RB,NO,ATL @ NO,10/05/2026 09:15 PM,,ATL @ NO,Showdown 2nd Half,NFL,10/5,Flex,"NFL In-Game $15K 2nd Half Clash [$5K to 1st] (2H ATL @ NO);NFL In-Game $20K Thunderdome [Must Fill] (2H ATL @ NO);NFL In-Game $10,170 2026 FFWC Qualifier Satellite [Must Fill] (2H ATL @ NO);NFL In-Game $1.8K Deep Threat [Single Entry] (2H ATL @ NO);NFL In-Game $1K Huddle [Single Entry] (2H ATL @ NO);NFL In-Game $500 Play-Action (2H ATL @ NO);NFL In-Game $600 Bootleg [Single Entry] (2H ATL @ NO);NFL In-Game $267 Winner Take All [$1K to 1st] (2H ATL @ NO);NFL In-Game $500 First Down (2H ATL @ NO);NFL In-Game Satellite to NFL $4,444 Fantasy Football MEGA Millionaire [Must Fill] (2H ATL @ NO)",196297440;196298019;196298022;196297437;196297444;196297441;196297439;196297702;196297442;196298020;196298023;196298018;196298025;196298021;196297701;196297438;196297443;196297445;196298026;196297700,10/5 9:15PM 2H (ATL @ NO)
CJ Donaldson - Showdown 4th Quarter (Flex),196298118;196298121;196297447;196298119;196298122;196297446;196298117;196298124;196298120;196297448;196297449;196298125;196297707;196297706;196298037;196298109;196298080;196298081;196317157;196298123,CJ Donaldson|NO,44359351,CJ Donaldson,CJ,Donaldson,1400,RB,NO,ATL @ NO,10/05/2026 09:45 PM,,ATL @ NO,Showdown 4th Quarter,NFL,10/5,Flex,"NFL In-Game $20K Thunderdome [Must Fill] (4Q ATL @ NO);NFL In-Game $10,170 2026 FFWC Qualifier Satellite [Must Fill] (4Q ATL @ NO);NFL In-Game $3K 4th Quarter Finish [$1K to 1st] (4Q ATL @ NO);NFL In-Game Satellite to NFL $4,444 Fantasy Football MEGA Millionaire [Must Fill] (4Q ATL @ NO);NFL In-Game Satellite to NFL 10-12 $4,444 Showdown MEGA Millionaire [Must Fill] (4Q ATL @ NO);NFL In-Game $285 Bootleg [Single Entry] (4Q ATL @ NO);NFL In-Game $1,060 Winner Take All [$4K to 1st] (Must Fill) (4Q ATL @ NO);NFL In-Game Satellite to NFL 11-1 Midseason Main Event [Must Fill] (4Q ATL @ NO);NFL In-Game Satellite to NFL $555 Fantasy Football Millionaire [Must Fill] (4Q ATL @ NO);NFL In-Game $150 First Down (4Q ATL @ NO)",196298118;196298121;196297447;196298119;196298122;196297446;196298117;196298124;196298120;196297448;196297449;196298125;196297707;196297706;196298037;196298109;196298080;196298081;196317157;196298123,10/5 9:45PM Q4 (ATL @ NO)
David Moore - Showdown Captain Mode (Flex),196285049;196285047;196285046;196285050;196285056;196285071;196285042;196285064;196285065;196285048;196285095;196285096;196285083;196285089;196285107;196285108;196285105;196285106;196285090;196285094,David Moore|CAR,44358474,David Moore,David,Moore,1200,WR,CAR,DET @ CAR,10/04/2026 08:20 PM,,DET @ CAR,Showdown Captain Mode,NFL,10/4,Flex,"NFL Showdown $1M Sunday Night Showdown [$250K to 1st] (DET @ CAR);NFL Showdown $500K Wildcat [$100K to 1st] (DET @ CAR);NFL Showdown $402K Luxury Box [$100K to 1st] (DET @ CAR);NFL Showdown $200K Play-Action [20 Entry Max] (DET @ CAR);NFL Showdown $140K Four-Point Stance [$30K to 1st, 5 Entry Max] (DET @ CAR);NFL Showdown $60K Huddle [Single Entry] (DET @ CAR);NFL Showdown $10K Huddle [Single Entry] (DET @ CAR);NFL Showdown $75K Spy [$15K to 1st, Single Entry] (DET @ CAR);NFL Showdown $25K Spy [Single Entry] (DET @ CAR);NFL Showdown $70K Bootleg [$20K to 1st] (DET @ CAR)",196285049;196285047;196285046;196285050;196285056;196285071;196285042;196285064;196285065;196285048;196285095;196285096;196285083;196285089;196285107;196285108;196285105;196285106;196285090;196285094,10/4 8:20PM (DET @ CAR)
Tay Martin - Showdown Captain Mode (Captain),196285049;196285047;196285046;196285050;196285056;196285071;196285042;196285064;196285065;196285048;196285095;196285096;196285083;196285089;196285107;196285108;196285105;196285106;196285090;196285094,Tay Martin|DET,44358526,Tay Martin,Tay,Martin,1200,CPT,DET,DET @ CAR,10/04/2026 08:20 PM,,DET @ CAR,Showdown Captain Mode,NFL,10/4,Captain,"NFL Showdown $1M Sunday Night Showdown [$250K to 1st] (DET @ CAR);NFL Showdown $500K Wildcat [$100K to 1st] (DET @ CAR);NFL Showdown $402K Luxury Box [$100K to 1st] (DET @ CAR);NFL Showdown $200K Play-Action [20 Entry Max] (DET @ CAR);NFL Showdown $140K Four-Point Stance [$30K to 1st, 5 Entry Max] (DET @ CAR);NFL Showdown $60K Huddle [Single Entry] (DET @ CAR);NFL Showdown $10K Huddle [Single Entry] (DET @ CAR);NFL Showdown $75K Spy [$15K to 1st, Single Entry] (DET @ CAR);NFL Showdown $25K Spy [Single Entry] (DET @ CAR);NFL Showdown $70K Bootleg [$20K to 1st] (DET @ CAR)",196285049;196285047;196285046;196285050;196285056;196285071;196285042;196285064;196285065;196285048;196285095;196285096;196285083;196285089;196285107;196285108;196285105;196285106;196285090;196285094,10/4 8:20PM (DET @ CAR)
Barion Brown - Showdown Captain Mode (Flex),196285155;196285153;196285138;196285157;196285156;196285154;196285212;196285175;196285176;196285170;196285171;196285187;196285188;196285189;196285218;196285219;196285220;196285221;196285182;196285183,Barion Brown|NO,44358576,Barion Brown,Barion,Brown,1200,WR,NO,ATL @ NO,10/05/2026 08:15 PM,,ATL @ NO,Showdown Captain Mode,NFL,10/5,Flex,"NFL Showdown $1.5M Monday Night Showdown [$500K to 1st] (ATL @ NO);NFL Showdown $600K Wildcat [$150K to 1st] (ATL @ NO);NFL Showdown $402K Luxury Box [$100K to 1st] (ATL @ NO);NFL Showdown $300K Play-Action [20 Entry Max] (ATL @ NO);NFL Showdown $250K Flea Flicker [$50K to 1st] (ATL @ NO);NFL Showdown $150K Bootleg [$50K to 1st] (ATL @ NO);NFL Showdown $160K Four-Point Stance [$50K to 1st, 5 Entry Max] (ATL @ NO);NFL Showdown $80K Huddle [$10K to 1st, Single Entry] (ATL @ NO);NFL Showdown $20K Huddle [Single Entry] (ATL @ NO);NFL Showdown $100K Spy [$20K to 1st, Single Entry] (ATL @ NO)",196285155;196285153;196285138;196285157;196285156;196285154;196285212;196285175;196285176;196285170;196285171;196285187;196285188;196285189;196285218;196285219;196285220;196285221;196285182;196285183,10/5 8:15PM (ATL @ NO)
Kevin Austin Jr. - Showdown Captain Mode (Captain),196285155;196285153;196285138;196285157;196285156;196285154;196285212;196285175;196285176;196285170;196285171;196285187;196285188;196285189;196285218;196285219;196285220;196285221;196285182;196285183,Kevin Austin Jr.|NO,44358634,Kevin Austin Jr.,Kevin,Austin Jr.,1200,CPT,NO,ATL @ NO,10/05/2026 08:15 PM,,ATL @ NO,Showdown Captain Mode,NFL,10/5,Captain,"NFL Showdown $1.5M Monday Night Showdown [$500K to 1st] (ATL @ NO);NFL Showdown $600K Wildcat [$150K to 1st] (ATL @ NO);NFL Showdown $402K Luxury Box [$100K to 1st] (ATL @ NO);NFL Showdown $300K Play-Action [20 Entry Max] (ATL @ NO);NFL Showdown $250K Flea Flicker [$50K to 1st] (ATL @ NO);NFL Showdown $150K Bootleg [$50K to 1st] (ATL @ NO);NFL Showdown $160K Four-Point Stance [$50K to 1st, 5 Entry Max] (ATL @ NO);NFL Showdown $80K Huddle [$10K to 1st, Single Entry] (ATL @ NO);NFL Showdown $20K Huddle [Single Entry] (ATL @ NO);NFL Showdown $100K Spy [$20K to 1st, Single Entry] (ATL @ NO)",196285155;196285153;196285138;196285157;196285156;196285154;196285212;196285175;196285176;196285170;196285171;196285187;196285188;196285189;196285218;196285219;196285220;196285221;196285182;196285183,10/5 8:15PM (ATL @ NO)
David Moore - Showdown 2nd Half (Flex),196297427;196297821;196297824;196297424;196297431;196297428;196297426;196297698;196297429;196297822;196297825;196297820;196297827;196297823;196402607;196297697;196297425;196297430;196297432;196297828,David Moore|CAR,44359032,David Moore,David,Moore,1200,WR,CAR,DET @ CAR,10/04/2026 09:20 PM,,DET @ CAR,Showdown 2nd Half,NFL,10/4,Flex,"NFL In-Game $15K 2nd Half Clash [$5K to 1st] (2H DET @ CAR);NFL In-Game $20K Thunderdome [Must Fill] (2H DET @ CAR);NFL In-Game $10,170 2026 FFWC Qualifier Satellite [Must Fill] (2H DET @ CAR);NFL In-Game $1.8K Deep Threat [Single Entry] (2H DET @ CAR);NFL In-Game $1K Huddle [Single Entry] (2H DET @ CAR);NFL In-Game $500 Play-Action (2H DET @ CAR);NFL In-Game $600 Bootleg [Single Entry] (2H DET @ CAR);NFL In-Game $267 Winner Take All [$1K to 1st] (2H DET @ CAR);NFL In-Game $500 First Down (2H DET @ CAR);NFL In-Game Satellite to NFL $4,444 Fantasy Football MEGA Millionaire [Must Fill] (2H DET @ CAR)",196297427;196297821;196297824;196297424;196297431;196297428;196297426;196297698;196297429;196297822;196297825;196297820;196297827;196297823;196402607;196297697;196297425;196297430;196297432;196297828,10/4 9:20PM 2H (DET @ CAR)
Tay Martin - Showdown 2nd Half (Captain),196297427;196297821;196297824;196297424;196297431;196297428;196297426;196297698;196297429;196297822;196297825;196297820;196297827;196297823;196402607;196297697;196297425;196297430;196297432;196297828,Tay Martin|DET,44358984,Tay Martin,Tay,Martin,1200,CPT,DET,DET @ CAR,10/04/2026 09:20 PM,,DET @ CAR,Showdown 2nd Half,NFL,10/4,Captain,"NFL In-Game $15K 2nd Half Clash [$5K to 1st] (2H DET @ CAR);NFL In-Game $20K Thunderdome [Must Fill] (2H DET @ CAR);NFL In-Game $10,170 2026 FFWC Qualifier Satellite [Must Fill] (2H DET @ CAR);NFL In-Game $1.8K Deep Threat [Single Entry] (2H DET @ CAR);NFL In-Game $1K Huddle [Single Entry] (2H DET @ CAR);NFL In-Game $500 Play-Action (2H DET @ CAR);NFL In-Game $600 Bootleg [Single Entry] (2H DET @ CAR);NFL In-Game $267 Winner Take All [$1K to 1st] (2H DET @ CAR);NFL In-Game $500 First Down (2H DET @ CAR);NFL In-Game Satellite to NFL $4,444 Fantasy Football MEGA Millionaire [Must Fill] (2H DET @ CAR)",196297427;196297821;196297824;196297424;196297431;196297428;196297426;196297698;196297429;196297822;196297825;196297820;196297827;196297823;196402607;196297697;196297425;196297430;196297432;196297828,10/4 9:20PM 2H (DET @ CAR)
David Moore - Showdown 4th Quarter (Flex),196297920;196297923;196297434;196297921;196297924;196297433;196297919;196297926;196297922;196297435;196297436;196297927;196297705;196297704;196297856;196297925;196297829;196297834;196297830;196297835,David Moore|CAR,44359132,David Moore,David,Moore,1200,WR,CAR,DET @ CAR,10/04/2026 09:50 PM,,DET @ CAR,Showdown 4th Quarter,NFL,10/4,Flex,"NFL In-Game $20K Thunderdome [Must Fill] (4Q DET @ CAR);NFL In-Game $10,170 2026 FFWC Qualifier Satellite [Must Fill] (4Q DET @ CAR);NFL In-Game $3K 4th Quarter Finish [$1K to 1st] (4Q DET @ CAR);NFL In-Game Satellite to NFL $4,444 Fantasy Football MEGA Millionaire [Must Fill] (4Q DET @ CAR);NFL In-Game Satellite to NFL 10-12 $4,444 Showdown MEGA Millionaire [Must Fill] (4Q DET @ CAR);NFL In-Game $285 Bootleg [Single Entry] (4Q DET @ CAR);NFL In-Game $1,060 Winner Take All [$4K to 1st] (Must Fill) (4Q DET @ CAR);NFL In-Game Satellite to NFL 11-1 Midseason Main Event [Must Fill] (4Q DET @ CAR);NFL In-Game Satellite to NFL $555 Fantasy Football Millionaire [Must Fill] (4Q DET @ CAR);NFL In-Game $150 First Down (4Q DET @ CAR)",196297920;196297923;196297434;196297921;196297924;196297433;196297919;196297926;196297922;196297435;196297436;196297927;196297705;196297704;196297856;196297925;196297829;196297834;196297830;196297835,10/4 9:50PM Q4 (DET @ CAR)
Tay Martin - Showdown 4th Quarter (Captain),196297920;196297923;196297434;196297921;196297924;196297433;196297919;196297926;196297922;196297435;196297436;196297927;196297705;196297704;196297856;196297925;196297829;196297834;196297830;196297835,Tay Martin|DET,44359084,Tay Martin,Tay,Martin,1200,CPT,DET,DET @ CAR,10/04/2026 09:50 PM,,DET @ CAR,Showdown 4th Quarter,NFL,10/4,Captain,"NFL In-Game $20K Thunderdome [Must Fill] (4Q DET @ CAR);NFL In-Game $10,170 2026 FFWC Qualifier Satellite [Must Fill] (4Q DET @ CAR);NFL In-Game $3K 4th Quarter Finish [$1K to 1st] (4Q DET @ CAR);NFL In-Game Satellite to NFL $4,444 Fantasy Football MEGA Millionaire [Must Fill] (4Q DET @ CAR);NFL In-Game Satellite to NFL 10-12 $4,444 Showdown MEGA Millionaire [Must Fill] (4Q DET @ CAR);NFL In-Game $285 Bootleg [Single Entry] (4Q DET @ CAR);NFL In-Game $1,060 Winner Take All [$4K to 1st] (Must Fill) (4Q DET @ CAR);NFL In-Game Satellite to NFL 11-1 Midseason Main Event [Must Fill] (4Q DET @ CAR);NFL In-Game Satellite to NFL $555 Fantasy Football Millionaire [Must Fill] (4Q DET @ CAR);NFL In-Game $150 First Down (4Q DET @ CAR)",196297920;196297923;196297434;196297921;196297924;196297433;196297919;196297926;196297922;196297435;196297436;196297927;196297705;196297704;196297856;196297925;196297829;196297834;196297830;196297835,10/4 9:50PM Q4 (DET @ CAR)
Barion Brown - Showdown 2nd Half (Flex),196297440;196298019;196298022;196297437;196297444;196297441;196297439;196297702;196297442;196298020;196298023;196298018;196298025;196298021;196297701;196297438;196297443;196297445;196298026;196297700,Barion Brown|NO,44359240,Barion Brown,Barion,Brown,1200,WR,NO,ATL @ NO,10/05/2026 09:15 PM,,ATL @ NO,Showdown 2nd Half,NFL,10/5,Flex,"NFL In-Game $15K 2nd Half Clash [$5K to 1st] (2H ATL @ NO);NFL In-Game $20K Thunderdome [Must Fill] (2H ATL @ NO);NFL In-Game $10,170 2026 FFWC Qualifier Satellite [Must Fill] (2H ATL @ NO);NFL In-Game $1.8K Deep Threat [Single Entry] (2H ATL @ NO);NFL In-Game $1K Huddle [Single Entry] (2H ATL @ NO);NFL In-Game $500 Play-Action (2H ATL @ NO);NFL In-Game $600 Bootleg [Single Entry] (2H ATL @ NO);NFL In-Game $267 Winner Take All [$1K to 1st] (2H ATL @ NO);NFL In-Game $500 First Down (2H ATL @ NO);NFL In-Game Satellite to NFL $4,444 Fantasy Football MEGA Millionaire [Must Fill] (2H ATL @ NO)",196297440;196298019;196298022;196297437;196297444;196297441;196297439;196297702;196297442;196298020;196298023;196298018;196298025;196298021;196297701;196297438;196297443;196297445;196298026;196297700,10/5 9:15PM 2H (ATL @ NO)
Kevin Austin Jr. - Showdown 2nd Half (Captain),196297440;196298019;196298022;196297437;196297444;196297441;196297439;196297702;196297442;196298020;196298023;196298018;196298025;196298021;196297701;196297438;196297443;196297445;196298026;196297700,Kevin Austin Jr.|NO,44359186,Kevin Austin Jr.,Kevin,Austin Jr.,1200,CPT,NO,ATL @ NO,10/05/2026 09:15 PM,,ATL @ NO,Showdown 2nd Half,NFL,10/5,Captain,"NFL In-Game $15K 2nd Half Clash [$5K to 1st] (2H ATL @ NO);NFL In-Game $20K Thunderdome [Must Fill] (2H ATL @ NO);NFL In-Game $10,170 2026 FFWC Qualifier Satellite [Must Fill] (2H ATL @ NO);NFL In-Game $1.8K Deep Threat [Single Entry] (2H ATL @ NO);NFL In-Game $1K Huddle [Single Entry] (2H ATL @ NO);NFL In-Game $500 Play-Action (2H ATL @ NO);NFL In-Game $600 Bootleg [Single Entry] (2H ATL @ NO);NFL In-Game $267 Winner Take All [$1K to 1st] (2H ATL @ NO);NFL In-Game $500 First Down (2H ATL @ NO);NFL In-Game Satellite to NFL $4,444 Fantasy Football MEGA Millionaire [Must Fill] (2H ATL @ NO)",196297440;196298019;196298022;196297437;196297444;196297441;196297439;196297702;196297442;196298020;196298023;196298018;196298025;196298021;196297701;196297438;196297443;196297445;196298026;196297700,10/5 9:15PM 2H (ATL @ NO)
Barion Brown - Showdown 4th Quarter (Flex),196298118;196298121;196297447;196298119;196298122;196297446;196298117;196298124;196298120;196297448;196297449;196298125;196297707;196297706;196298037;196298109;196298080;196298081;196317157;196298123,Barion Brown|NO,44359352,Barion Brown,Barion,Brown,1200,WR,NO,ATL @ NO,10/05/2026 09:45 PM,,ATL @ NO,Showdown 4th Quarter,NFL,10/5,Flex,"NFL In-Game $20K Thunderdome [Must Fill] (4Q ATL @ NO);NFL In-Game $10,170 2026 FFWC Qualifier Satellite [Must Fill] (4Q ATL @ NO);NFL In-Game $3K 4th Quarter Finish [$1K to 1st] (4Q ATL @ NO);NFL In-Game Satellite to NFL $4,444 Fantasy Football MEGA Millionaire [Must Fill] (4Q ATL @ NO);NFL In-Game Satellite to NFL 10-12 $4,444 Showdown MEGA Millionaire [Must Fill] (4Q ATL @ NO);NFL In-Game $285 Bootleg [Single Entry] (4Q ATL @ NO);NFL In-Game $1,060 Winner Take All [$4K to 1st] (Must Fill) (4Q ATL @ NO);NFL In-Game Satellite to NFL 11-1 Midseason Main Event [Must Fill] (4Q ATL @ NO);NFL In-Game Satellite to NFL $555 Fantasy Football Millionaire [Must Fill] (4Q ATL @ NO);NFL In-Game $150 First Down (4Q ATL @ NO)",196298118;196298121;196297447;196298119;196298122;196297446;196298117;196298124;196298120;196297448;196297449;196298125;196297707;196297706;196298037;196298109;196298080;196298081;196317157;196298123,10/5 9:45PM Q4 (ATL @ NO)
Kevin Austin Jr. - Showdown 4th Quarter (Captain),196298118;196298121;196297447;196298119;196298122;196297446;196298117;196298124;196298120;196297448;196297449;196298125;196297707;196297706;196298037;196298109;196298080;196298081;196317157;196298123,Kevin Austin Jr.|NO,44359298,Kevin Austin Jr.,Kevin,Austin Jr.,1200,CPT,NO,ATL @ NO,10/05/2026 09:45 PM,,ATL @ NO,Showdown 4th Quarter,NFL,10/5,Captain,"NFL In-Game $20K Thunderdome [Must Fill] (4Q ATL @ NO);NFL In-Game $10,170 2026 FFWC Qualifier Satellite [Must Fill] (4Q ATL @ NO);NFL In-Game $3K 4th Quarter Finish [$1K to 1st] (4Q ATL @ NO);NFL In-Game Satellite to NFL $4,444 Fantasy Football MEGA Millionaire [Must Fill] (4Q ATL @ NO);NFL In-Game Satellite to NFL 10-12 $4,444 Showdown MEGA Millionaire [Must Fill] (4Q ATL @ NO);NFL In-Game $285 Bootleg [Single Entry] (4Q ATL @ NO);NFL In-Game $1,060 Winner Take All [$4K to 1st] (Must Fill) (4Q ATL @ NO);NFL In-Game Satellite to NFL 11-1 Midseason Main Event [Must Fill] (4Q ATL @ NO);NFL In-Game Satellite to NFL $555 Fantasy Football Millionaire [Must Fill] (4Q ATL @ NO);NFL In-Game $150 First Down (4Q ATL @ NO)",196298118;196298121;196297447;196298119;196298122;196297446;196298117;196298124;196298120;196297448;196297449;196298125;196297707;196297706;196298037;196298109;196298080;196298081;196317157;196298123,10/5 9:45PM Q4 (ATL @ NO)
Tom Kennedy - Showdown Captain Mode (Flex),196285049;196285047;196285046;196285050;196285056;196285071;196285042;196285064;196285065;196285048;196285095;196285096;196285083;196285089;196285107;196285108;196285105;196285106;196285090;196285094,Tom Kennedy|DET,44358475,Tom Kennedy,Tom,Kennedy,1000,WR,DET,DET @ CAR,10/04/2026 08:20 PM,,DET @ CAR,Showdown Captain Mode,NFL,10/4,Flex,"NFL Showdown $1M Sunday Night Showdown [$250K to 1st] (DET @ CAR);NFL Showdown $500K Wildcat [$100K to 1st] (DET @ CAR);NFL Showdown $402K Luxury Box [$100K to 1st] (DET @ CAR);NFL Showdown $200K Play-Action [20 Entry Max] (DET @ CAR);NFL Showdown $140K Four-Point Stance [$30K to 1st, 5 Entry Max] (DET @ CAR);NFL Showdown $60K Huddle [Single Entry] (DET @ CAR);NFL Showdown $10K Huddle [Single Entry] (DET @ CAR);NFL Showdown $75K Spy [$15K to 1st, Single Entry] (DET @ CAR);NFL Showdown $25K Spy [Single Entry] (DET @ CAR);NFL Showdown $70K Bootleg [$20K to 1st] (DET @ CAR)",196285049;196285047;196285046;196285050;196285056;196285071;196285042;196285064;196285065;196285048;196285095;196285096;196285083;196285089;196285107;196285108;196285105;196285106;196285090;196285094,10/4 8:20PM (DET @ CAR)
Chris Blair - Showdown Captain Mode (Flex),196285155;196285153;196285138;196285157;196285156;196285154;196285212;196285175;196285176;196285170;196285171;196285187;196285188;196285189;196285218;196285219;196285220;196285221;196285182;196285183,Chris Blair|ATL,44358577,Chris Blair,Chris,Blair,1000,WR,ATL,ATL @ NO,10/05/2026 08:15 PM,,ATL @ NO,Showdown Captain Mode,NFL,10/5,Flex,"NFL Showdown $1.5M Monday Night Showdown [$500K to 1st] (ATL @ NO);NFL Showdown $600K Wildcat [$150K to 1st] (ATL @ NO);NFL Showdown $402K Luxury Box [$100K to 1st] (ATL @ NO);NFL Showdown $300K Play-Action [20 Entry Max] (ATL @ NO);NFL Showdown $250K Flea Flicker [$50K to 1st] (ATL @ NO);NFL Showdown $150K Bootleg [$50K to 1st] (ATL @ NO);NFL Showdown $160K Four-Point Stance [$50K to 1st, 5 Entry Max] (ATL @ NO);NFL Showdown $80K Huddle [$10K to 1st, Single Entry] (ATL @ NO);NFL Showdown $20K Huddle [Single Entry] (ATL @ NO);NFL Showdown $100K Spy [$20K to 1st, Single Entry] (ATL @ NO)",196285155;196285153;196285138;196285157;196285156;196285154;196285212;196285175;196285176;196285170;196285171;196285187;196285188;196285189;196285218;196285219;196285220;196285221;196285182;196285183,10/5 8:15PM (ATL @ NO)
Tom Kennedy - Showdown 2nd Half (Flex),196297427;196297821;196297824;196297424;196297431;196297428;196297426;196297698;196297429;196297822;196297825;196297820;196297827;196297823;196402607;196297697;196297425;196297430;196297432;196297828,Tom Kennedy|DET,44359033,Tom Kennedy,Tom,Kennedy,1000,WR,DET,DET @ CAR,10/04/2026 09:20 PM,,DET @ CAR,Showdown 2nd Half,NFL,10/4,Flex,"NFL In-Game $15K 2nd Half Clash [$5K to 1st] (2H DET @ CAR);NFL In-Game $20K Thunderdome [Must Fill] (2H DET @ CAR);NFL In-Game $10,170 2026 FFWC Qualifier Satellite [Must Fill] (2H DET @ CAR);NFL In-Game $1.8K Deep Threat [Single Entry] (2H DET @ CAR);NFL In-Game $1K Huddle [Single Entry] (2H DET @ CAR);NFL In-Game $500 Play-Action (2H DET @ CAR);NFL In-Game $600 Bootleg [Single Entry] (2H DET @ CAR);NFL In-Game $267 Winner Take All [$1K to 1st] (2H DET @ CAR);NFL In-Game $500 First Down (2H DET @ CAR);NFL In-Game Satellite to NFL $4,444 Fantasy Football MEGA Millionaire [Must Fill] (2H DET @ CAR)",196297427;196297821;196297824;196297424;196297431;196297428;196297426;196297698;196297429;196297822;196297825;196297820;196297827;196297823;196402607;196297697;196297425;196297430;196297432;196297828,10/4 9:20PM 2H (DET @ CAR)
Tom Kennedy - Showdown 4th Quarter (Flex),196297920;196297923;196297434;196297921;196297924;196297433;196297919;196297926;196297922;196297435;196297436;196297927;196297705;196297704;196297856;196297925;196297829;196297834;196297830;196297835,Tom Kennedy|DET,44359133,Tom Kennedy,Tom,Kennedy,1000,WR,DET,DET @ CAR,10/04/2026 09:50 PM,,DET @ CAR,Showdown 4th Quarter,NFL,10/4,Flex,"NFL In-Game $20K Thunderdome [Must Fill] (4Q DET @ CAR);NFL In-Game $10,170 2026 FFWC Qualifier Satellite [Must Fill] (4Q DET @ CAR);NFL In-Game $3K 4th Quarter Finish [$1K to 1st] (4Q DET @ CAR);NFL In-Game Satellite to NFL $4,444 Fantasy Football MEGA Millionaire [Must Fill] (4Q DET @ CAR);NFL In-Game Satellite to NFL 10-12 $4,444 Showdown MEGA Millionaire [Must Fill] (4Q DET @ CAR);NFL In-Game $285 Bootleg [Single Entry] (4Q DET @ CAR);NFL In-Game $1,060 Winner Take All [$4K to 1st] (Must Fill) (4Q DET @ CAR);NFL In-Game Satellite to NFL 11-1 Midseason Main Event [Must Fill] (4Q DET @ CAR);NFL In-Game Satellite to NFL $555 Fantasy Football Millionaire [Must Fill] (4Q DET @ CAR);NFL In-Game $150 First Down (4Q DET @ CAR)",196297920;196297923;196297434;196297921;196297924;196297433;196297919;196297926;196297922;196297435;196297436;196297927;196297705;196297704;196297856;196297925;196297829;196297834;196297830;196297835,10/4 9:50PM Q4 (DET @ CAR)
Chris Blair - Showdown 2nd Half (Flex),196297440;196298019;196298022;196297437;196297444;196297441;196297439;196297702;196297442;196298020;196298023;196298018;196298025;196298021;196297701;196297438;196297443;196297445;196298026;196297700,Chris Blair|ATL,44359241,Chris Blair,Chris,Blair,1000,WR,ATL,ATL @ NO,10/05/2026 09:15 PM,,ATL @ NO,Showdown 2nd Half,NFL,10/5,Flex,"NFL In-Game $15K 2nd Half Clash [$5K to 1st] (2H ATL @ NO);NFL In-Game $20K Thunderdome [Must Fill] (2H ATL @ NO);NFL In-Game $10,170 2026 FFWC Qualifier Satellite [Must Fill] (2H ATL @ NO);NFL In-Game $1.8K Deep Threat [Single Entry] (2H ATL @ NO);NFL In-Game $1K Huddle [Single Entry] (2H ATL @ NO);NFL In-Game $500 Play-Action (2H ATL @ NO);NFL In-Game $600 Bootleg [Single Entry] (2H ATL @ NO);NFL In-Game $267 Winner Take All [$1K to 1st] (2H ATL @ NO);NFL In-Game $500 First Down (2H ATL @ NO);NFL In-Game Satellite to NFL $4,444 Fantasy Football MEGA Millionaire [Must Fill] (2H ATL @ NO)",196297440;196298019;196298022;196297437;196297444;196297441;196297439;196297702;196297442;196298020;196298023;196298018;196298025;196298021;196297701;196297438;196297443;196297445;196298026;196297700,10/5 9:15PM 2H (ATL @ NO)
Chris Blair - Showdown 4th Quarter (Flex),196298118;196298121;196297447;196298119;196298122;196297446;196298117;196298124;196298120;196297448;196297449;196298125;196297707;196297706;196298037;196298109;196298080;196298081;196317157;196298123,Chris Blair|ATL,44359353,Chris Blair,Chris,Blair,1000,WR,ATL,ATL @ NO,10/05/2026 09:45 PM,,ATL @ NO,Showdown 4th Quarter,NFL,10/5,Flex,"NFL In-Game $20K Thunderdome [Must Fill] (4Q ATL @ NO);NFL In-Game $10,170 2026 FFWC Qualifier Satellite [Must Fill] (4Q ATL @ NO);NFL In-Game $3K 4th Quarter Finish [$1K to 1st] (4Q ATL @ NO);NFL In-Game Satellite to NFL $4,444 Fantasy Football MEGA Millionaire [Must Fill] (4Q ATL @ NO);NFL In-Game Satellite to NFL 10-12 $4,444 Showdown MEGA Millionaire [Must Fill] (4Q ATL @ NO);NFL In-Game $285 Bootleg [Single Entry] (4Q ATL @ NO);NFL In-Game $1,060 Winner Take All [$4K to 1st] (Must Fill) (4Q ATL @ NO);NFL In-Game Satellite to NFL 11-1 Midseason Main Event [Must Fill] (4Q ATL @ NO);NFL In-Game Satellite to NFL $555 Fantasy Football Millionaire [Must Fill] (4Q ATL @ NO);NFL In-Game $150 First Down (4Q ATL @ NO)",196298118;196298121;196297447;196298119;196298122;196297446;196298117;196298124;196298120;196297448;196297449;196298125;196297707;196297706;196298037;196298109;196298080;196298081;196317157;196298123,10/5 9:45PM Q4 (ATL @ NO)
Jackson Meeks - Showdown Captain Mode (Captain),196285049;196285047;196285046;196285050;196285056;196285071;196285042;196285064;196285065;196285048;196285095;196285096;196285083;196285089;196285107;196285108;196285105;196285106;196285090;196285094,Jackson Meeks|DET,44358527,Jackson Meeks,Jackson,Meeks,900,CPT,DET,DET @ CAR,10/04/2026 08:20 PM,,DET @ CAR,Showdown Captain Mode,NFL,10/4,Captain,"NFL Showdown $1M Sunday Night Showdown [$250K to 1st] (DET @ CAR);NFL Showdown $500K Wildcat [$100K to 1st] (DET @ CAR);NFL Showdown $402K Luxury Box [$100K to 1st] (DET @ CAR);NFL Showdown $200K Play-Action [20 Entry Max] (DET @ CAR);NFL Showdown $140K Four-Point Stance [$30K to 1st, 5 Entry Max] (DET @ CAR);NFL Showdown $60K Huddle [Single Entry] (DET @ CAR);NFL Showdown $10K Huddle [Single Entry] (DET @ CAR);NFL Showdown $75K Spy [$15K to 1st, Single Entry] (DET @ CAR);NFL Showdown $25K Spy [Single Entry] (DET @ CAR);NFL Showdown $70K Bootleg [$20K to 1st] (DET @ CAR)",196285049;196285047;196285046;196285050;196285056;196285071;196285042;196285064;196285065;196285048;196285095;196285096;196285083;196285089;196285107;196285108;196285105;196285106;196285090;196285094,10/4 8:20PM (DET @ CAR)
Charlie Woerner - Showdown Captain Mode (Captain),196285155;196285153;196285138;196285157;196285156;196285154;196285212;196285175;196285176;196285170;196285171;196285187;196285188;196285189;196285218;196285219;196285220;196285221;196285182;196285183,Charlie Woerner|ATL,44358635,Charlie Woerner,Charlie,Woerner,900,CPT,ATL,ATL @ NO,10/05/2026 08:15 PM,,ATL @ NO,Showdown Captain Mode,NFL,10/5,Captain,"NFL Showdown $1.5M Monday Night Showdown [$500K to 1st] (ATL @ NO);NFL Showdown $600K Wildcat [$150K to 1st] (ATL @ NO);NFL Showdown $402K Luxury Box [$100K to 1st] (ATL @ NO);NFL Showdown $300K Play-Action [20 Entry Max] (ATL @ NO);NFL Showdown $250K Flea Flicker [$50K to 1st] (ATL @ NO);NFL Showdown $150K Bootleg [$50K to 1st] (ATL @ NO);NFL Showdown $160K Four-Point Stance [$50K to 1st, 5 Entry Max] (ATL @ NO);NFL Showdown $80K Huddle [$10K to 1st, Single Entry] (ATL @ NO);NFL Showdown $20K Huddle [Single Entry] (ATL @ NO);NFL Showdown $100K Spy [$20K to 1st, Single Entry] (ATL @ NO)",196285155;196285153;196285138;196285157;196285156;196285154;196285212;196285175;196285176;196285170;196285171;196285187;196285188;196285189;196285218;196285219;196285220;196285221;196285182;196285183,10/5 8:15PM (ATL @ NO)
Jackson Meeks - Showdown 2nd Half (Captain),196297427;196297821;196297824;196297424;196297431;196297428;196297426;196297698;196297429;196297822;196297825;196297820;196297827;196297823;196402607;196297697;196297425;196297430;196297432;196297828,Jackson Meeks|DET,44358985,Jackson Meeks,Jackson,Meeks,900,CPT,DET,DET @ CAR,10/04/2026 09:20 PM,,DET @ CAR,Showdown 2nd Half,NFL,10/4,Captain,"NFL In-Game $15K 2nd Half Clash [$5K to 1st] (2H DET @ CAR);NFL In-Game $20K Thunderdome [Must Fill] (2H DET @ CAR);NFL In-Game $10,170 2026 FFWC Qualifier Satellite [Must Fill] (2H DET @ CAR);NFL In-Game $1.8K Deep Threat [Single Entry] (2H DET @ CAR);NFL In-Game $1K Huddle [Single Entry] (2H DET @ CAR);NFL In-Game $500 Play-Action (2H DET @ CAR);NFL In-Game $600 Bootleg [Single Entry] (2H DET @ CAR);NFL In-Game $267 Winner Take All [$1K to 1st] (2H DET @ CAR);NFL In-Game $500 First Down (2H DET @ CAR);NFL In-Game Satellite to NFL $4,444 Fantasy Football MEGA Millionaire [Must Fill] (2H DET @ CAR)",196297427;196297821;196297824;196297424;196297431;196297428;196297426;196297698;196297429;196297822;196297825;196297820;196297827;196297823;196402607;196297697;196297425;196297430;196297432;196297828,10/4 9:20PM 2H (DET @ CAR)
Jackson Meeks - Showdown 4th Quarter (Captain),196297920;196297923;196297434;196297921;196297924;196297433;196297919;196297926;196297922;196297435;196297436;196297927;196297705;196297704;196297856;196297925;196297829;196297834;196297830;196297835,Jackson Meeks|DET,44359085,Jackson Meeks,Jackson,Meeks,900,CPT,DET,DET @ CAR,10/04/2026 09:50 PM,,DET @ CAR,Showdown 4th Quarter,NFL,10/4,Captain,"NFL In-Game $20K Thunderdome [Must Fill] (4Q DET @ CAR);NFL In-Game $10,170 2026 FFWC Qualifier Satellite [Must Fill] (4Q DET @ CAR);NFL In-Game $3K 4th Quarter Finish [$1K to 1st] (4Q DET @ CAR);NFL In-Game Satellite to NFL $4,444 Fantasy Football MEGA Millionaire [Must Fill] (4Q DET @ CAR);NFL In-Game Satellite to NFL 10-12 $4,444 Showdown MEGA Millionaire [Must Fill] (4Q DET @ CAR);NFL In-Game $285 Bootleg [Single Entry] (4Q DET @ CAR);NFL In-Game $1,060 Winner Take All [$4K to 1st] (Must Fill) (4Q DET @ CAR);NFL In-Game Satellite to NFL 11-1 Midseason Main Event [Must Fill] (4Q DET @ CAR);NFL In-Game Satellite to NFL $555 Fantasy Football Millionaire [Must Fill] (4Q DET @ CAR);NFL In-Game $150 First Down (4Q DET @ CAR)",196297920;196297923;196297434;196297921;196297924;196297433;196297919;196297926;196297922;196297435;196297436;196297927;196297705;196297704;196297856;196297925;196297829;196297834;196297830;196297835,10/4 9:50PM Q4 (DET @ CAR)
Charlie Woerner - Showdown 2nd Half (Captain),196297440;196298019;196298022;196297437;196297444;196297441;196297439;196297702;196297442;196298020;196298023;196298018;196298025;196298021;196297701;196297438;196297443;196297445;196298026;196297700,Charlie Woerner|ATL,44359187,Charlie Woerner,Charlie,Woerner,900,CPT,ATL,ATL @ NO,10/05/2026 09:15 PM,,ATL @ NO,Showdown 2nd Half,NFL,10/5,Captain,"NFL In-Game $15K 2nd Half Clash [$5K to 1st] (2H ATL @ NO);NFL In-Game $20K Thunderdome [Must Fill] (2H ATL @ NO);NFL In-Game $10,170 2026 FFWC Qualifier Satellite [Must Fill] (2H ATL @ NO);NFL In-Game $1.8K Deep Threat [Single Entry] (2H ATL @ NO);NFL In-Game $1K Huddle [Single Entry] (2H ATL @ NO);NFL In-Game $500 Play-Action (2H ATL @ NO);NFL In-Game $600 Bootleg [Single Entry] (2H ATL @ NO);NFL In-Game $267 Winner Take All [$1K to 1st] (2H ATL @ NO);NFL In-Game $500 First Down (2H ATL @ NO);NFL In-Game Satellite to NFL $4,444 Fantasy Football MEGA Millionaire [Must Fill] (2H ATL @ NO)",196297440;196298019;196298022;196297437;196297444;196297441;196297439;196297702;196297442;196298020;196298023;196298018;196298025;196298021;196297701;196297438;196297443;196297445;196298026;196297700,10/5 9:15PM 2H (ATL @ NO)
Charlie Woerner - Showdown 4th Quarter (Captain),196298118;196298121;196297447;196298119;196298122;196297446;196298117;196298124;196298120;196297448;196297449;196298125;196297707;196297706;196298037;196298109;196298080;196298081;196317157;196298123,Charlie Woerner|ATL,44359299,Charlie Woerner,Charlie,Woerner,900,CPT,ATL,ATL @ NO,10/05/2026 09:45 PM,,ATL @ NO,Showdown 4th Quarter,NFL,10/5,Captain,"NFL In-Game $20K Thunderdome [Must Fill] (4Q ATL @ NO);NFL In-Game $10,170 2026 FFWC Qualifier Satellite [Must Fill] (4Q ATL @ NO);NFL In-Game $3K 4th Quarter Finish [$1K to 1st] (4Q ATL @ NO);NFL In-Game Satellite to NFL $4,444 Fantasy Football MEGA Millionaire [Must Fill] (4Q ATL @ NO);NFL In-Game Satellite to NFL 10-12 $4,444 Showdown MEGA Millionaire [Must Fill] (4Q ATL @ NO);NFL In-Game $285 Bootleg [Single Entry] (4Q ATL @ NO);NFL In-Game $1,060 Winner Take All [$4K to 1st] (Must Fill) (4Q ATL @ NO);NFL In-Game Satellite to NFL 11-1 Midseason Main Event [Must Fill] (4Q ATL @ NO);NFL In-Game Satellite to NFL $555 Fantasy Football Millionaire [Must Fill] (4Q ATL @ NO);NFL In-Game $150 First Down (4Q ATL @ NO)",196298118;196298121;196297447;196298119;196298122;196297446;196298117;196298124;196298120;196297448;196297449;196298125;196297707;196297706;196298037;196298109;196298080;196298081;196317157;196298123,10/5 9:45PM Q4 (ATL @ NO)
Tay Martin - Showdown Captain Mode (Flex),196285049;196285047;196285046;196285050;196285056;196285071;196285042;196285064;196285065;196285048;196285095;196285096;196285083;196285089;196285107;196285108;196285105;196285106;196285090;196285094,Tay Martin|DET,44358476,Tay Martin,Tay,Martin,800,WR,DET,DET @ CAR,10/04/2026 08:20 PM,,DET @ CAR,Showdown Captain Mode,NFL,10/4,Flex,"NFL Showdown $1M Sunday Night Showdown [$250K to 1st] (DET @ CAR);NFL Showdown $500K Wildcat [$100K to 1st] (DET @ CAR);NFL Showdown $402K Luxury Box [$100K to 1st] (DET @ CAR);NFL Showdown $200K Play-Action [20 Entry Max] (DET @ CAR);NFL Showdown $140K Four-Point Stance [$30K to 1st, 5 Entry Max] (DET @ CAR);NFL Showdown $60K Huddle [Single Entry] (DET @ CAR);NFL Showdown $10K Huddle [Single Entry] (DET @ CAR);NFL Showdown $75K Spy [$15K to 1st, Single Entry] (DET @ CAR);NFL Showdown $25K Spy [Single Entry] (DET @ CAR);NFL Showdown $70K Bootleg [$20K to 1st] (DET @ CAR)",196285049;196285047;196285046;196285050;196285056;196285071;196285042;196285064;196285065;196285048;196285095;196285096;196285083;196285089;196285107;196285108;196285105;196285106;196285090;196285094,10/4 8:20PM (DET @ CAR)
Kevin Austin Jr. - Showdown Captain Mode (Flex),196285155;196285153;196285138;196285157;196285156;196285154;196285212;196285175;196285176;196285170;196285171;196285187;196285188;196285189;196285218;196285219;196285220;196285221;196285182;196285183,Kevin Austin Jr.|NO,44358578,Kevin Austin Jr.,Kevin,Austin Jr.,800,WR,NO,ATL @ NO,10/05/2026 08:15 PM,,ATL @ NO,Showdown Captain Mode,NFL,10/5,Flex,"NFL Showdown $1.5M Monday Night Showdown [$500K to 1st] (ATL @ NO);NFL Showdown $600K Wildcat [$150K to 1st] (ATL @ NO);NFL Showdown $402K Luxury Box [$100K to 1st] (ATL @ NO);NFL Showdown $300K Play-Action [20 Entry Max] (ATL @ NO);NFL Showdown $250K Flea Flicker [$50K to 1st] (ATL @ NO);NFL Showdown $150K Bootleg [$50K to 1st] (ATL @ NO);NFL Showdown $160K Four-Point Stance [$50K to 1st, 5 Entry Max] (ATL @ NO);NFL Showdown $80K Huddle [$10K to 1st, Single Entry] (ATL @ NO);NFL Showdown $20K Huddle [Single Entry] (ATL @ NO);NFL Showdown $100K Spy [$20K to 1st, Single Entry] (ATL @ NO)",196285155;196285153;196285138;196285157;196285156;196285154;196285212;196285175;196285176;196285170;196285171;196285187;196285188;196285189;196285218;196285219;196285220;196285221;196285182;196285183,10/5 8:15PM (ATL @ NO)
Tay Martin - Showdown 2nd Half (Flex),196297427;196297821;196297824;196297424;196297431;196297428;196297426;196297698;196297429;196297822;196297825;196297820;196297827;196297823;196402607;196297697;196297425;196297430;196297432;196297828,Tay Martin|DET,44359034,Tay Martin,Tay,Martin,800,WR,DET,DET @ CAR,10/04/2026 09:20 PM,,DET @ CAR,Showdown 2nd Half,NFL,10/4,Flex,"NFL In-Game $15K 2nd Half Clash [$5K to 1st] (2H DET @ CAR);NFL In-Game $20K Thunderdome [Must Fill] (2H DET @ CAR);NFL In-Game $10,170 2026 FFWC Qualifier Satellite [Must Fill] (2H DET @ CAR);NFL In-Game $1.8K Deep Threat [Single Entry] (2H DET @ CAR);NFL In-Game $1K Huddle [Single Entry] (2H DET @ CAR);NFL In-Game $500 Play-Action (2H DET @ CAR);NFL In-Game $600 Bootleg [Single Entry] (2H DET @ CAR);NFL In-Game $267 Winner Take All [$1K to 1st] (2H DET @ CAR);NFL In-Game $500 First Down (2H DET @ CAR);NFL In-Game Satellite to NFL $4,444 Fantasy Football MEGA Millionaire [Must Fill] (2H DET @ CAR)",196297427;196297821;196297824;196297424;196297431;196297428;196297426;196297698;196297429;196297822;196297825;196297820;196297827;196297823;196402607;196297697;196297425;196297430;196297432;196297828,10/4 9:20PM 2H (DET @ CAR)
Tay Martin - Showdown 4th Quarter (Flex),196297920;196297923;196297434;196297921;196297924;196297433;196297919;196297926;196297922;196297435;196297436;196297927;196297705;196297704;196297856;196297925;196297829;196297834;196297830;196297835,Tay Martin|DET,44359134,Tay Martin,Tay,Martin,800,WR,DET,DET @ CAR,10/04/2026 09:50 PM,,DET @ CAR,Showdown 4th Quarter,NFL,10/4,Flex,"NFL In-Game $20K Thunderdome [Must Fill] (4Q DET @ CAR);NFL In-Game $10,170 2026 FFWC Qualifier Satellite [Must Fill] (4Q DET @ CAR);NFL In-Game $3K 4th Quarter Finish [$1K to 1st] (4Q DET @ CAR);NFL In-Game Satellite to NFL $4,444 Fantasy Football MEGA Millionaire [Must Fill] (4Q DET @ CAR);NFL In-Game Satellite to NFL 10-12 $4,444 Showdown MEGA Millionaire [Must Fill] (4Q DET @ CAR);NFL In-Game $285 Bootleg [Single Entry] (4Q DET @ CAR);NFL In-Game $1,060 Winner Take All [$4K to 1st] (Must Fill) (4Q DET @ CAR);NFL In-Game Satellite to NFL 11-1 Midseason Main Event [Must Fill] (4Q DET @ CAR);NFL In-Game Satellite to NFL $555 Fantasy Football Millionaire [Must Fill] (4Q DET @ CAR);NFL In-Game $150 First Down (4Q DET @ CAR)",196297920;196297923;196297434;196297921;196297924;196297433;196297919;196297926;196297922;196297435;196297436;196297927;196297705;196297704;196297856;196297925;196297829;196297834;196297830;196297835,10/4 9:50PM Q4 (DET @ CAR)
Kevin Austin Jr. - Showdown 2nd Half (Flex),196297440;196298019;196298022;196297437;196297444;196297441;196297439;196297702;196297442;196298020;196298023;196298018;196298025;196298021;196297701;196297438;196297443;196297445;196298026;196297700,Kevin Austin Jr.|NO,44359242,Kevin Austin Jr.,Kevin,Austin Jr.,800,WR,NO,ATL @ NO,10/05/2026 09:15 PM,,ATL @ NO,Showdown 2nd Half,NFL,10/5,Flex,"NFL In-Game $15K 2nd Half Clash [$5K to 1st] (2H ATL @ NO);NFL In-Game $20K Thunderdome [Must Fill] (2H ATL @ NO);NFL In-Game $10,170 2026 FFWC Qualifier Satellite [Must Fill] (2H ATL @ NO);NFL In-Game $1.8K Deep Threat [Single Entry] (2H ATL @ NO);NFL In-Game $1K Huddle [Single Entry] (2H ATL @ NO);NFL In-Game $500 Play-Action (2H ATL @ NO);NFL In-Game $600 Bootleg [Single Entry] (2H ATL @ NO);NFL In-Game $267 Winner Take All [$1K to 1st] (2H ATL @ NO);NFL In-Game $500 First Down (2H ATL @ NO);NFL In-Game Satellite to NFL $4,444 Fantasy Football MEGA Millionaire [Must Fill] (2H ATL @ NO)",196297440;196298019;196298022;196297437;196297444;196297441;196297439;196297702;196297442;196298020;196298023;196298018;196298025;196298021;196297701;196297438;196297443;196297445;196298026;196297700,10/5 9:15PM 2H (ATL @ NO)
Kevin Austin Jr. - Showdown 4th Quarter (Flex),196298118;196298121;196297447;196298119;196298122;196297446;196298117;196298124;196298120;196297448;196297449;196298125;196297707;196297706;196298037;196298109;196298080;196298081;196317157;196298123,Kevin Austin Jr.|NO,44359354,Kevin Austin Jr.,Kevin,Austin Jr.,800,WR,NO,ATL @ NO,10/05/2026 09:45 PM,,ATL @ NO,Showdown 4th Quarter,NFL,10/5,Flex,"NFL In-Game $20K Thunderdome [Must Fill] (4Q ATL @ NO);NFL In-Game $10,170 2026 FFWC Qualifier Satellite [Must Fill] (4Q ATL @ NO);NFL In-Game $3K 4th Quarter Finish [$1K to 1st] (4Q ATL @ NO);NFL In-Game Satellite to NFL $4,444 Fantasy Football MEGA Millionaire [Must Fill] (4Q ATL @ NO);NFL In-Game Satellite to NFL 10-12 $4,444 Showdown MEGA Millionaire [Must Fill] (4Q ATL @ NO);NFL In-Game $285 Bootleg [Single Entry] (4Q ATL @ NO);NFL In-Game $1,060 Winner Take All [$4K to 1st] (Must Fill) (4Q ATL @ NO);NFL In-Game Satellite to NFL 11-1 Midseason Main Event [Must Fill] (4Q ATL @ NO);NFL In-Game Satellite to NFL $555 Fantasy Football Millionaire [Must Fill] (4Q ATL @ NO);NFL In-Game $150 First Down (4Q ATL @ NO)",196298118;196298121;196297447;196298119;196298122;196297446;196298117;196298124;196298120;196297448;196297449;196298125;196297707;196297706;196298037;196298109;196298080;196298081;196317157;196298123,10/5 9:45PM Q4 (ATL @ NO)
Jackson Meeks - Showdown Captain Mode (Flex),196285049;196285047;196285046;196285050;196285056;196285071;196285042;196285064;196285065;196285048;196285095;196285096;196285083;196285089;196285107;196285108;196285105;196285106;196285090;196285094,Jackson Meeks|DET,44358477,Jackson Meeks,Jackson,Meeks,600,TE,DET,DET @ CAR,10/04/2026 08:20 PM,,DET @ CAR,Showdown Captain Mode,NFL,10/4,Flex,"NFL Showdown $1M Sunday Night Showdown [$250K to 1st] (DET @ CAR);NFL Showdown $500K Wildcat [$100K to 1st] (DET @ CAR);NFL Showdown $402K Luxury Box [$100K to 1st] (DET @ CAR);NFL Showdown $200K Play-Action [20 Entry Max] (DET @ CAR);NFL Showdown $140K Four-Point Stance [$30K to 1st, 5 Entry Max] (DET @ CAR);NFL Showdown $60K Huddle [Single Entry] (DET @ CAR);NFL Showdown $10K Huddle [Single Entry] (DET @ CAR);NFL Showdown $75K Spy [$15K to 1st, Single Entry] (DET @ CAR);NFL Showdown $25K Spy [Single Entry] (DET @ CAR);NFL Showdown $70K Bootleg [$20K to 1st] (DET @ CAR)",196285049;196285047;196285046;196285050;196285056;196285071;196285042;196285064;196285065;196285048;196285095;196285096;196285083;196285089;196285107;196285108;196285105;196285106;196285090;196285094,10/4 8:20PM (DET @ CAR)
Jacob Saylors - Showdown Captain Mode (Captain),196285049;196285047;196285046;196285050;196285056;196285071;196285042;196285064;196285065;196285048;196285095;196285096;196285083;196285089;196285107;196285108;196285105;196285106;196285090;196285094,Jacob Saylors|DET,44358528,Jacob Saylors,Jacob,Saylors,600,CPT,DET,DET @ CAR,10/04/2026 08:20 PM,,DET @ CAR,Showdown Captain Mode,NFL,10/4,Captain,"NFL Showdown $1M Sunday Night Showdown [$250K to 1st] (DET @ CAR);NFL Showdown $500K Wildcat [$100K to 1st] (DET @ CAR);NFL Showdown $402K Luxury Box [$100K to 1st] (DET @ CAR);NFL Showdown $200K Play-Action [20 Entry Max] (DET @ CAR);NFL Showdown $140K Four-Point Stance [$30K to 1st, 5 Entry Max] (DET @ CAR);NFL Showdown $60K Huddle [Single Entry] (DET @ CAR);NFL Showdown $10K Huddle [Single Entry] (DET @ CAR);NFL Showdown $75K Spy [$15K to 1st, Single Entry] (DET @ CAR);NFL Showdown $25K Spy [Single Entry] (DET @ CAR);NFL Showdown $70K Bootleg [$20K to 1st] (DET @ CAR)",196285049;196285047;196285046;196285050;196285056;196285071;196285042;196285064;196285065;196285048;196285095;196285096;196285083;196285089;196285107;196285108;196285105;196285106;196285090;196285094,10/4 8:20PM (DET @ CAR)
Charlie Woerner - Showdown Captain Mode (Flex),196285155;196285153;196285138;196285157;196285156;196285154;196285212;196285175;196285176;196285170;196285171;196285187;196285188;196285189;196285218;196285219;196285220;196285221;196285182;196285183,Charlie Woerner|ATL,44358579,Charlie Woerner,Charlie,Woerner,600,TE,ATL,ATL @ NO,10/05/2026 08:15 PM,,ATL @ NO,Showdown Captain Mode,NFL,10/5,Flex,"NFL Showdown $1.5M Monday Night Showdown [$500K to 1st] (ATL @ NO);NFL Showdown $600K Wildcat [$150K to 1st] (ATL @ NO);NFL Showdown $402K Luxury Box [$100K to 1st] (ATL @ NO);NFL Showdown $300K Play-Action [20 Entry Max] (ATL @ NO);NFL Showdown $250K Flea Flicker [$50K to 1st] (ATL @ NO);NFL Showdown $150K Bootleg [$50K to 1st] (ATL @ NO);NFL Showdown $160K Four-Point Stance [$50K to 1st, 5 Entry Max] (ATL @ NO);NFL Showdown $80K Huddle [$10K to 1st, Single Entry] (ATL @ NO);NFL Showdown $20K Huddle [Single Entry] (ATL @ NO);NFL Showdown $100K Spy [$20K to 1st, Single Entry] (ATL @ NO)",196285155;196285153;196285138;196285157;196285156;196285154;196285212;196285175;196285176;196285170;196285171;196285187;196285188;196285189;196285218;196285219;196285220;196285221;196285182;196285183,10/5 8:15PM (ATL @ NO)
Oscar Delp - Showdown Captain Mode (Captain),196285155;196285153;196285138;196285157;196285156;196285154;196285212;196285175;196285176;196285170;196285171;196285187;196285188;196285189;196285218;196285219;196285220;196285221;196285182;196285183,Oscar Delp|NO,44358636,Oscar Delp,Oscar,Delp,600,CPT,NO,ATL @ NO,10/05/2026 08:15 PM,,ATL @ NO,Showdown Captain Mode,NFL,10/5,Captain,"NFL Showdown $1.5M Monday Night Showdown [$500K to 1st] (ATL @ NO);NFL Showdown $600K Wildcat [$150K to 1st] (ATL @ NO);NFL Showdown $402K Luxury Box [$100K to 1st] (ATL @ NO);NFL Showdown $300K Play-Action [20 Entry Max] (ATL @ NO);NFL Showdown $250K Flea Flicker [$50K to 1st] (ATL @ NO);NFL Showdown $150K Bootleg [$50K to 1st] (ATL @ NO);NFL Showdown $160K Four-Point Stance [$50K to 1st, 5 Entry Max] (ATL @ NO);NFL Showdown $80K Huddle [$10K to 1st, Single Entry] (ATL @ NO);NFL Showdown $20K Huddle [Single Entry] (ATL @ NO);NFL Showdown $100K Spy [$20K to 1st, Single Entry] (ATL @ NO)",196285155;196285153;196285138;196285157;196285156;196285154;196285212;196285175;196285176;196285170;196285171;196285187;196285188;196285189;196285218;196285219;196285220;196285221;196285182;196285183,10/5 8:15PM (ATL @ NO)
Jackson Meeks - Showdown 2nd Half (Flex),196297427;196297821;196297824;196297424;196297431;196297428;196297426;196297698;196297429;196297822;196297825;196297820;196297827;196297823;196402607;196297697;196297425;196297430;196297432;196297828,Jackson Meeks|DET,44359035,Jackson Meeks,Jackson,Meeks,600,TE,DET,DET @ CAR,10/04/2026 09:20 PM,,DET @ CAR,Showdown 2nd Half,NFL,10/4,Flex,"NFL In-Game $15K 2nd Half Clash [$5K to 1st] (2H DET @ CAR);NFL In-Game $20K Thunderdome [Must Fill] (2H DET @ CAR);NFL In-Game $10,170 2026 FFWC Qualifier Satellite [Must Fill] (2H DET @ CAR);NFL In-Game $1.8K Deep Threat [Single Entry] (2H DET @ CAR);NFL In-Game $1K Huddle [Single Entry] (2H DET @ CAR);NFL In-Game $500 Play-Action (2H DET @ CAR);NFL In-Game $600 Bootleg [Single Entry] (2H DET @ CAR);NFL In-Game $267 Winner Take All [$1K to 1st] (2H DET @ CAR);NFL In-Game $500 First Down (2H DET @ CAR);NFL In-Game Satellite to NFL $4,444 Fantasy Football MEGA Millionaire [Must Fill] (2H DET @ CAR)",196297427;196297821;196297824;196297424;196297431;196297428;196297426;196297698;196297429;196297822;196297825;196297820;196297827;196297823;196402607;196297697;196297425;196297430;196297432;196297828,10/4 9:20PM 2H (DET @ CAR)
Jacob Saylors - Showdown 2nd Half (Captain),196297427;196297821;196297824;196297424;196297431;196297428;196297426;196297698;196297429;196297822;196297825;196297820;196297827;196297823;196402607;196297697;196297425;196297430;196297432;196297828,Jacob Saylors|DET,44358986,Jacob Saylors,Jacob,Saylors,600,CPT,DET,DET @ CAR,10/04/2026 09:20 PM,,DET @ CAR,Showdown 2nd Half,NFL,10/4,Captain,"NFL In-Game $15K 2nd Half Clash [$5K to 1st] (2H DET @ CAR);NFL In-Game $20K Thunderdome [Must Fill] (2H DET @ CAR);NFL In-Game $10,170 2026 FFWC Qualifier Satellite [Must Fill] (2H DET @ CAR);NFL In-Game $1.8K Deep Threat [Single Entry] (2H DET @ CAR);NFL In-Game $1K Huddle [Single Entry] (2H DET @ CAR);NFL In-Game $500 Play-Action (2H DET @ CAR);NFL In-Game $600 Bootleg [Single Entry] (2H DET @ CAR);NFL In-Game $267 Winner Take All [$1K to 1st] (2H DET @ CAR);NFL In-Game $500 First Down (2H DET @ CAR);NFL In-Game Satellite to NFL $4,444 Fantasy Football MEGA Millionaire [Must Fill] (2H DET @ CAR)",196297427;196297821;196297824;196297424;196297431;196297428;196297426;196297698;196297429;196297822;196297825;196297820;196297827;196297823;196402607;196297697;196297425;196297430;196297432;196297828,10/4 9:20PM 2H (DET @ CAR)
Jackson Meeks - Showdown 4th Quarter (Flex),196297920;196297923;196297434;196297921;196297924;196297433;196297919;196297926;196297922;196297435;196297436;196297927;196297705;196297704;196297856;196297925;196297829;196297834;196297830;196297835,Jackson Meeks|DET,44359135,Jackson Meeks,Jackson,Meeks,600,TE,DET,DET @ CAR,10/04/2026 09:50 PM,,DET @ CAR,Showdown 4th Quarter,NFL,10/4,Flex,"NFL In-Game $20K Thunderdome [Must Fill] (4Q DET @ CAR);NFL In-Game $10,170 2026 FFWC Qualifier Satellite [Must Fill] (4Q DET @ CAR);NFL In-Game $3K 4th Quarter Finish [$1K to 1st] (4Q DET @ CAR);NFL In-Game Satellite to NFL $4,444 Fantasy Football MEGA Millionaire [Must Fill] (4Q DET @ CAR);NFL In-Game Satellite to NFL 10-12 $4,444 Showdown MEGA Millionaire [Must Fill] (4Q DET @ CAR);NFL In-Game $285 Bootleg [Single Entry] (4Q DET @ CAR);NFL In-Game $1,060 Winner Take All [$4K to 1st] (Must Fill) (4Q DET @ CAR);NFL In-Game Satellite to NFL 11-1 Midseason Main Event [Must Fill] (4Q DET @ CAR);NFL In-Game Satellite to NFL $555 Fantasy Football Millionaire [Must Fill] (4Q DET @ CAR);NFL In-Game $150 First Down (4Q DET @ CAR)",196297920;196297923;196297434;196297921;196297924;196297433;196297919;196297926;196297922;196297435;196297436;196297927;196297705;196297704;196297856;196297925;196297829;196297834;196297830;196297835,10/4 9:50PM Q4 (DET @ CAR)
Jacob Saylors - Showdown 4th Quarter (Captain),196297920;196297923;196297434;196297921;196297924;196297433;196297919;196297926;196297922;196297435;196297436;196297927;196297705;196297704;196297856;196297925;196297829;196297834;196297830;196297835,Jacob Saylors|DET,44359086,Jacob Saylors,Jacob,Saylors,600,CPT,DET,DET @ CAR,10/04/2026 09:50 PM,,DET @ CAR,Showdown 4th Quarter,NFL,10/4,Captain,"NFL In-Game $20K Thunderdome [Must Fill] (4Q DET @ CAR);NFL In-Game $10,170 2026 FFWC Qualifier Satellite [Must Fill] (4Q DET @ CAR);NFL In-Game $3K 4th Quarter Finish [$1K to 1st] (4Q DET @ CAR);NFL In-Game Satellite to NFL $4,444 Fantasy Football MEGA Millionaire [Must Fill] (4Q DET @ CAR);NFL In-Game Satellite to NFL 10-12 $4,444 Showdown MEGA Millionaire [Must Fill] (4Q DET @ CAR);NFL In-Game $285 Bootleg [Single Entry] (4Q DET @ CAR);NFL In-Game $1,060 Winner Take All [$4K to 1st] (Must Fill) (4Q DET @ CAR);NFL In-Game Satellite to NFL 11-1 Midseason Main Event [Must Fill] (4Q DET @ CAR);NFL In-Game Satellite to NFL $555 Fantasy Football Millionaire [Must Fill] (4Q DET @ CAR);NFL In-Game $150 First Down (4Q DET @ CAR)",196297920;196297923;196297434;196297921;196297924;196297433;196297919;196297926;196297922;196297435;196297436;196297927;196297705;196297704;196297856;196297925;196297829;196297834;196297830;196297835,10/4 9:50PM Q4 (DET @ CAR)
Charlie Woerner - Showdown 2nd Half (Flex),196297440;196298019;196298022;196297437;196297444;196297441;196297439;196297702;196297442;196298020;196298023;196298018;196298025;196298021;196297701;196297438;196297443;196297445;196298026;196297700,Charlie Woerner|ATL,44359243,Charlie Woerner,Charlie,Woerner,600,TE,ATL,ATL @ NO,10/05/2026 09:15 PM,,ATL @ NO,Showdown 2nd Half,NFL,10/5,Flex,"NFL In-Game $15K 2nd Half Clash [$5K to 1st] (2H ATL @ NO);NFL In-Game $20K Thunderdome [Must Fill] (2H ATL @ NO);NFL In-Game $10,170 2026 FFWC Qualifier Satellite [Must Fill] (2H ATL @ NO);NFL In-Game $1.8K Deep Threat [Single Entry] (2H ATL @ NO);NFL In-Game $1K Huddle [Single Entry] (2H ATL @ NO);NFL In-Game $500 Play-Action (2H ATL @ NO);NFL In-Game $600 Bootleg [Single Entry] (2H ATL @ NO);NFL In-Game $267 Winner Take All [$1K to 1st] (2H ATL @ NO);NFL In-Game $500 First Down (2H ATL @ NO);NFL In-Game Satellite to NFL $4,444 Fantasy Football MEGA Millionaire [Must Fill] (2H ATL @ NO)",196297440;196298019;196298022;196297437;196297444;196297441;196297439;196297702;196297442;196298020;196298023;196298018;196298025;196298021;196297701;196297438;196297443;196297445;196298026;196297700,10/5 9:15PM 2H (ATL @ NO)
Oscar Delp - Showdown 2nd Half (Captain),196297440;196298019;196298022;196297437;196297444;196297441;196297439;196297702;196297442;196298020;196298023;196298018;196298025;196298021;196297701;196297438;196297443;196297445;196298026;196297700,Oscar Delp|NO,44359188,Oscar Delp,Oscar,Delp,600,CPT,NO,ATL @ NO,10/05/2026 09:15 PM,,ATL @ NO,Showdown 2nd Half,NFL,10/5,Captain,"NFL In-Game $15K 2nd Half Clash [$5K to 1st] (2H ATL @ NO);NFL In-Game $20K Thunderdome [Must Fill] (2H ATL @ NO);NFL In-Game $10,170 2026 FFWC Qualifier Satellite [Must Fill] (2H ATL @ NO);NFL In-Game $1.8K Deep Threat [Single Entry] (2H ATL @ NO);NFL In-Game $1K Huddle [Single Entry] (2H ATL @ NO);NFL In-Game $500 Play-Action (2H ATL @ NO);NFL In-Game $600 Bootleg [Single Entry] (2H ATL @ NO);NFL In-Game $267 Winner Take All [$1K to 1st] (2H ATL @ NO);NFL In-Game $500 First Down (2H ATL @ NO);NFL In-Game Satellite to NFL $4,444 Fantasy Football MEGA Millionaire [Must Fill] (2H ATL @ NO)",196297440;196298019;196298022;196297437;196297444;196297441;196297439;196297702;196297442;196298020;196298023;196298018;196298025;196298021;196297701;196297438;196297443;196297445;196298026;196297700,10/5 9:15PM 2H (ATL @ NO)
Charlie Woerner - Showdown 4th Quarter (Flex),196298118;196298121;196297447;196298119;196298122;196297446;196298117;196298124;196298120;196297448;196297449;196298125;196297707;196297706;196298037;196298109;196298080;196298081;196317157;196298123,Charlie Woerner|ATL,44359355,Charlie Woerner,Charlie,Woerner,600,TE,ATL,ATL @ NO,10/05/2026 09:45 PM,,ATL @ NO,Showdown 4th Quarter,NFL,10/5,Flex,"NFL In-Game $20K Thunderdome [Must Fill] (4Q ATL @ NO);NFL In-Game $10,170 2026 FFWC Qualifier Satellite [Must Fill] (4Q ATL @ NO);NFL In-Game $3K 4th Quarter Finish [$1K to 1st] (4Q ATL @ NO);NFL In-Game Satellite to NFL $4,444 Fantasy Football MEGA Millionaire [Must Fill] (4Q ATL @ NO);NFL In-Game Satellite to NFL 10-12 $4,444 Showdown MEGA Millionaire [Must Fill] (4Q ATL @ NO);NFL In-Game $285 Bootleg [Single Entry] (4Q ATL @ NO);NFL In-Game $1,060 Winner Take All [$4K to 1st] (Must Fill) (4Q ATL @ NO);NFL In-Game Satellite to NFL 11-1 Midseason Main Event [Must Fill] (4Q ATL @ NO);NFL In-Game Satellite to NFL $555 Fantasy Football Millionaire [Must Fill] (4Q ATL @ NO);NFL In-Game $150 First Down (4Q ATL @ NO)",196298118;196298121;196297447;196298119;196298122;196297446;196298117;196298124;196298120;196297448;196297449;196298125;196297707;196297706;196298037;196298109;196298080;196298081;196317157;196298123,10/5 9:45PM Q4 (ATL @ NO)
Oscar Delp - Showdown 4th Quarter (Captain),196298118;196298121;196297447;196298119;196298122;196297446;196298117;196298124;196298120;196297448;196297449;196298125;196297707;196297706;196298037;196298109;196298080;196298081;196317157;196298123,Oscar Delp|NO,44359300,Oscar Delp,Oscar,Delp,600,CPT,NO,ATL @ NO,10/05/2026 09:45 PM,,ATL @ NO,Showdown 4th Quarter,NFL,10/5,Captain,"NFL In-Game $20K Thunderdome [Must Fill] (4Q ATL @ NO);NFL In-Game $10,170 2026 FFWC Qualifier Satellite [Must Fill] (4Q ATL @ NO);NFL In-Game $3K 4th Quarter Finish [$1K to 1st] (4Q ATL @ NO);NFL In-Game Satellite to NFL $4,444 Fantasy Football MEGA Millionaire [Must Fill] (4Q ATL @ NO);NFL In-Game Satellite to NFL 10-12 $4,444 Showdown MEGA Millionaire [Must Fill] (4Q ATL @ NO);NFL In-Game $285 Bootleg [Single Entry] (4Q ATL @ NO);NFL In-Game $1,060 Winner Take All [$4K to 1st] (Must Fill) (4Q ATL @ NO);NFL In-Game Satellite to NFL 11-1 Midseason Main Event [Must Fill] (4Q ATL @ NO);NFL In-Game Satellite to NFL $555 Fantasy Football Millionaire [Must Fill] (4Q ATL @ NO);NFL In-Game $150 First Down (4Q ATL @ NO)",196298118;196298121;196297447;196298119;196298122;196297446;196298117;196298124;196298120;196297448;196297449;196298125;196297707;196297706;196298037;196298109;196298080;196298081;196317157;196298123,10/5 9:45PM Q4 (ATL @ NO)
Jacob Saylors - Showdown Captain Mode (Flex),196285049;196285047;196285046;196285050;196285056;196285071;196285042;196285064;196285065;196285048;196285095;196285096;196285083;196285089;196285107;196285108;196285105;196285106;196285090;196285094,Jacob Saylors|DET,44358478,Jacob Saylors,Jacob,Saylors,400,RB,DET,DET @ CAR,10/04/2026 08:20 PM,,DET @ CAR,Showdown Captain Mode,NFL,10/4,Flex,"NFL Showdown $1M Sunday Night Showdown [$250K to 1st] (DET @ CAR);NFL Showdown $500K Wildcat [$100K to 1st] (DET @ CAR);NFL Showdown $402K Luxury Box [$100K to 1st] (DET @ CAR);NFL Showdown $200K Play-Action [20 Entry Max] (DET @ CAR);NFL Showdown $140K Four-Point Stance [$30K to 1st, 5 Entry Max] (DET @ CAR);NFL Showdown $60K Huddle [Single Entry] (DET @ CAR);NFL Showdown $10K Huddle [Single Entry] (DET @ CAR);NFL Showdown $75K Spy [$15K to 1st, Single Entry] (DET @ CAR);NFL Showdown $25K Spy [Single Entry] (DET @ CAR);NFL Showdown $70K Bootleg [$20K to 1st] (DET @ CAR)",196285049;196285047;196285046;196285050;196285056;196285071;196285042;196285064;196285065;196285048;196285095;196285096;196285083;196285089;196285107;196285108;196285105;196285106;196285090;196285094,10/4 8:20PM (DET @ CAR)
Oscar Delp - Showdown Captain Mode (Flex),196285155;196285153;196285138;196285157;196285156;196285154;196285212;196285175;196285176;196285170;196285171;196285187;196285188;196285189;196285218;196285219;196285220;196285221;196285182;196285183,Oscar Delp|NO,44358580,Oscar Delp,Oscar,Delp,400,TE,NO,ATL @ NO,10/05/2026 08:15 PM,,ATL @ NO,Showdown Captain Mode,NFL,10/5,Flex,"NFL Showdown $1.5M Monday Night Showdown [$500K to 1st] (ATL @ NO);NFL Showdown $600K Wildcat [$150K to 1st] (ATL @ NO);NFL Showdown $402K Luxury Box [$100K to 1st] (ATL @ NO);NFL Showdown $300K Play-Action [20 Entry Max] (ATL @ NO);NFL Showdown $250K Flea Flicker [$50K to 1st] (ATL @ NO);NFL Showdown $150K Bootleg [$50K to 1st] (ATL @ NO);NFL Showdown $160K Four-Point Stance [$50K to 1st, 5 Entry Max] (ATL @ NO);NFL Showdown $80K Huddle [$10K to 1st, Single Entry] (ATL @ NO);NFL Showdown $20K Huddle [Single Entry] (ATL @ NO);NFL Showdown $100K Spy [$20K to 1st, Single Entry] (ATL @ NO)",196285155;196285153;196285138;196285157;196285156;196285154;196285212;196285175;196285176;196285170;196285171;196285187;196285188;196285189;196285218;196285219;196285220;196285221;196285182;196285183,10/5 8:15PM (ATL @ NO)
Jacob Saylors - Showdown 2nd Half (Flex),196297427;196297821;196297824;196297424;196297431;196297428;196297426;196297698;196297429;196297822;196297825;196297820;196297827;196297823;196402607;196297697;196297425;196297430;196297432;196297828,Jacob Saylors|DET,44359036,Jacob Saylors,Jacob,Saylors,400,RB,DET,DET @ CAR,10/04/2026 09:20 PM,,DET @ CAR,Showdown 2nd Half,NFL,10/4,Flex,"NFL In-Game $15K 2nd Half Clash [$5K to 1st] (2H DET @ CAR);NFL In-Game $20K Thunderdome [Must Fill] (2H DET @ CAR);NFL In-Game $10,170 2026 FFWC Qualifier Satellite [Must Fill] (2H DET @ CAR);NFL In-Game $1.8K Deep Threat [Single Entry] (2H DET @ CAR);NFL In-Game $1K Huddle [Single Entry] (2H DET @ CAR);NFL In-Game $500 Play-Action (2H DET @ CAR);NFL In-Game $600 Bootleg [Single Entry] (2H DET @ CAR);NFL In-Game $267 Winner Take All [$1K to 1st] (2H DET @ CAR);NFL In-Game $500 First Down (2H DET @ CAR);NFL In-Game Satellite to NFL $4,444 Fantasy Football MEGA Millionaire [Must Fill] (2H DET @ CAR)",196297427;196297821;196297824;196297424;196297431;196297428;196297426;196297698;196297429;196297822;196297825;196297820;196297827;196297823;196402607;196297697;196297425;196297430;196297432;196297828,10/4 9:20PM 2H (DET @ CAR)
Jacob Saylors - Showdown 4th Quarter (Flex),196297920;196297923;196297434;196297921;196297924;196297433;196297919;196297926;196297922;196297435;196297436;196297927;196297705;196297704;196297856;196297925;196297829;196297834;196297830;196297835,Jacob Saylors|DET,44359136,Jacob Saylors,Jacob,Saylors,400,RB,DET,DET @ CAR,10/04/2026 09:50 PM,,DET @ CAR,Showdown 4th Quarter,NFL,10/4,Flex,"NFL In-Game $20K Thunderdome [Must Fill] (4Q DET @ CAR);NFL In-Game $10,170 2026 FFWC Qualifier Satellite [Must Fill] (4Q DET @ CAR);NFL In-Game $3K 4th Quarter Finish [$1K to 1st] (4Q DET @ CAR);NFL In-Game Satellite to NFL $4,444 Fantasy Football MEGA Millionaire [Must Fill] (4Q DET @ CAR);NFL In-Game Satellite to NFL 10-12 $4,444 Showdown MEGA Millionaire [Must Fill] (4Q DET @ CAR);NFL In-Game $285 Bootleg [Single Entry] (4Q DET @ CAR);NFL In-Game $1,060 Winner Take All [$4K to 1st] (Must Fill) (4Q DET @ CAR);NFL In-Game Satellite to NFL 11-1 Midseason Main Event [Must Fill] (4Q DET @ CAR);NFL In-Game Satellite to NFL $555 Fantasy Football Millionaire [Must Fill] (4Q DET @ CAR);NFL In-Game $150 First Down (4Q DET @ CAR)",196297920;196297923;196297434;196297921;196297924;196297433;196297919;196297926;196297922;196297435;196297436;196297927;196297705;196297704;196297856;196297925;196297829;196297834;196297830;196297835,10/4 9:50PM Q4 (DET @ CAR)
Oscar Delp - Showdown 2nd Half (Flex),196297440;196298019;196298022;196297437;196297444;196297441;196297439;196297702;196297442;196298020;196298023;196298018;196298025;196298021;196297701;196297438;196297443;196297445;196298026;196297700,Oscar Delp|NO,44359244,Oscar Delp,Oscar,Delp,400,TE,NO,ATL @ NO,10/05/2026 09:15 PM,,ATL @ NO,Showdown 2nd Half,NFL,10/5,Flex,"NFL In-Game $15K 2nd Half Clash [$5K to 1st] (2H ATL @ NO);NFL In-Game $20K Thunderdome [Must Fill] (2H ATL @ NO);NFL In-Game $10,170 2026 FFWC Qualifier Satellite [Must Fill] (2H ATL @ NO);NFL In-Game $1.8K Deep Threat [Single Entry] (2H ATL @ NO);NFL In-Game $1K Huddle [Single Entry] (2H ATL @ NO);NFL In-Game $500 Play-Action (2H ATL @ NO);NFL In-Game $600 Bootleg [Single Entry] (2H ATL @ NO);NFL In-Game $267 Winner Take All [$1K to 1st] (2H ATL @ NO);NFL In-Game $500 First Down (2H ATL @ NO);NFL In-Game Satellite to NFL $4,444 Fantasy Football MEGA Millionaire [Must Fill] (2H ATL @ NO)",196297440;196298019;196298022;196297437;196297444;196297441;196297439;196297702;196297442;196298020;196298023;196298018;196298025;196298021;196297701;196297438;196297443;196297445;196298026;196297700,10/5 9:15PM 2H (ATL @ NO)
Oscar Delp - Showdown 4th Quarter (Flex),196298118;196298121;196297447;196298119;196298122;196297446;196298117;196298124;196298120;196297448;196297449;196298125;196297707;196297706;196298037;196298109;196298080;196298081;196317157;196298123,Oscar Delp|NO,44359356,Oscar Delp,Oscar,Delp,400,TE,NO,ATL @ NO,10/05/2026 09:45 PM,,ATL @ NO,Showdown 4th Quarter,NFL,10/5,Flex,"NFL In-Game $20K Thunderdome [Must Fill] (4Q ATL @ NO);NFL In-Game $10,170 2026 FFWC Qualifier Satellite [Must Fill] (4Q ATL @ NO);NFL In-Game $3K 4th Quarter Finish [$1K to 1st] (4Q ATL @ NO);NFL In-Game Satellite to NFL $4,444 Fantasy Football MEGA Millionaire [Must Fill] (4Q ATL @ NO);NFL In-Game Satellite to NFL 10-12 $4,444 Showdown MEGA Millionaire [Must Fill] (4Q ATL @ NO);NFL In-Game $285 Bootleg [Single Entry] (4Q ATL @ NO);NFL In-Game $1,060 Winner Take All [$4K to 1st] (Must Fill) (4Q ATL @ NO);NFL In-Game Satellite to NFL 11-1 Midseason Main Event [Must Fill] (4Q ATL @ NO);NFL In-Game Satellite to NFL $555 Fantasy Football Millionaire [Must Fill] (4Q ATL @ NO);NFL In-Game $150 First Down (4Q ATL @ NO)",196298118;196298121;196297447;196298119;196298122;196297446;196298117;196298124;196298120;196297448;196297449;196298125;196297707;196297706;196298037;196298109;196298080;196298081;196317157;196298123,10/5 9:45PM Q4 (ATL @ NO)
Anthony Tyus III - Showdown Captain Mode (Captain),196285049;196285047;196285046;196285050;196285056;196285071;196285042;196285064;196285065;196285048;196285095;196285096;196285083;196285089;196285107;196285108;196285105;196285106;196285090;196285094,Anthony Tyus III|CAR,44358529,Anthony Tyus III,Anthony,Tyus III,300,CPT,CAR,DET @ CAR,10/04/2026 08:20 PM,,DET @ CAR,Showdown Captain Mode,NFL,10/4,Captain,"NFL Showdown $1M Sunday Night Showdown [$250K to 1st] (DET @ CAR);NFL Showdown $500K Wildcat [$100K to 1st] (DET @ CAR);NFL Showdown $402K Luxury Box [$100K to 1st] (DET @ CAR);NFL Showdown $200K Play-Action [20 Entry Max] (DET @ CAR);NFL Showdown $140K Four-Point Stance [$30K to 1st, 5 Entry Max] (DET @ CAR);NFL Showdown $60K Huddle [Single Entry] (DET @ CAR);NFL Showdown $10K Huddle [Single Entry] (DET @ CAR);NFL Showdown $75K Spy [$15K to 1st, Single Entry] (DET @ CAR);NFL Showdown $25K Spy [Single Entry] (DET @ CAR);NFL Showdown $70K Bootleg [$20K to 1st] (DET @ CAR)",196285049;196285047;196285046;196285050;196285056;196285071;196285042;196285064;196285065;196285048;196285095;196285096;196285083;196285089;196285107;196285108;196285105;196285106;196285090;196285094,10/4 8:20PM (DET @ CAR)
Jonathon Brooks - Showdown Captain Mode (Captain),196285049;196285047;196285046;196285050;196285056;196285071;196285042;196285064;196285065;196285048;196285095;196285096;196285083;196285089;196285107;196285108;196285105;196285106;196285090;196285094,Jonathon Brooks|CAR,44358530,Jonathon Brooks,Jonathon,Brooks,300,CPT,CAR,DET @ CAR,10/04/2026 08:20 PM,,DET @ CAR,Showdown Captain Mode,NFL,10/4,Captain,"NFL Showdown $1M Sunday Night Showdown [$250K to 1st] (DET @ CAR);NFL Showdown $500K Wildcat [$100K to 1st] (DET @ CAR);NFL Showdown $402K Luxury Box [$100K to 1st] (DET @ CAR);NFL Showdown $200K Play-Action [20 Entry Max] (DET @ CAR);NFL Showdown $140K Four-Point Stance [$30K to 1st, 5 Entry Max] (DET @ CAR);NFL Showdown $60K Huddle [Single Entry] (DET @ CAR);NFL Showdown $10K Huddle [Single Entry] (DET @ CAR);NFL Showdown $75K Spy [$15K to 1st, Single Entry] (DET @ CAR);NFL Showdown $25K Spy [Single Entry] (DET @ CAR);NFL Showdown $70K Bootleg [$20K to 1st] (DET @ CAR)",196285049;196285047;196285046;196285050;196285056;196285071;196285042;196285064;196285065;196285048;196285095;196285096;196285083;196285089;196285107;196285108;196285105;196285106;196285090;196285094,10/4 8:20PM (DET @ CAR)
Trevor Etienne - Showdown Captain Mode (Captain),196285049;196285047;196285046;196285050;196285056;196285071;196285042;196285064;196285065;196285048;196285095;196285096;196285083;196285089;196285107;196285108;196285105;196285106;196285090;196285094,Trevor Etienne|CAR,44358531,Trevor Etienne,Trevor,Etienne,300,CPT,CAR,DET @ CAR,10/04/2026 08:20 PM,,DET @ CAR,Showdown Captain Mode,NFL,10/4,Captain,"NFL Showdown $1M Sunday Night Showdown [$250K to 1st] (DET @ CAR);NFL Showdown $500K Wildcat [$100K to 1st] (DET @ CAR);NFL Showdown $402K Luxury Box [$100K to 1st] (DET @ CAR);NFL Showdown $200K Play-Action [20 Entry Max] (DET @ CAR);NFL Showdown $140K Four-Point Stance [$30K to 1st, 5 Entry Max] (DET @ CAR);NFL Showdown $60K Huddle [Single Entry] (DET @ CAR);NFL Showdown $10K Huddle [Single Entry] (DET @ CAR);NFL Showdown $75K Spy [$15K to 1st, Single Entry] (DET @ CAR);NFL Showdown $25K Spy [Single Entry] (DET @ CAR);NFL Showdown $70K Bootleg [$20K to 1st] (DET @ CAR)",196285049;196285047;196285046;196285050;196285056;196285071;196285042;196285064;196285065;196285048;196285095;196285096;196285083;196285089;196285107;196285108;196285105;196285106;196285090;196285094,10/4 8:20PM (DET @ CAR)
Ahmani Marshall - Showdown Captain Mode (Captain),196285049;196285047;196285046;196285050;196285056;196285071;196285042;196285064;196285065;196285048;196285095;196285096;196285083;196285089;196285107;196285108;196285105;196285106;196285090;196285094,Ahmani Marshall|CAR,44358532,Ahmani Marshall,Ahmani,Marshall,300,CPT,CAR,DET @ CAR,10/04/2026 08:20 PM,,DET @ CAR,Showdown Captain Mode,NFL,10/4,Captain,"NFL Showdown $1M Sunday Night Showdown [$250K to 1st] (DET @ CAR);NFL Showdown $500K Wildcat [$100K to 1st] (DET @ CAR);NFL Showdown $402K Luxury Box [$100K to 1st] (DET @ CAR);NFL Showdown $200K Play-Action [20 Entry Max] (DET @ CAR);NFL Showdown $140K Four-Point Stance [$30K to 1st, 5 Entry Max] (DET @ CAR);NFL Showdown $60K Huddle [Single Entry] (DET @ CAR);NFL Showdown $10K Huddle [Single Entry] (DET @ CAR);NFL Showdown $75K Spy [$15K to 1st, Single Entry] (DET @ CAR);NFL Showdown $25K Spy [Single Entry] (DET @ CAR);NFL Showdown $70K Bootleg [$20K to 1st] (DET @ CAR)",196285049;196285047;196285046;196285050;196285056;196285071;196285042;196285064;196285065;196285048;196285095;196285096;196285083;196285089;196285107;196285108;196285105;196285106;196285090;196285094,10/4 8:20PM (DET @ CAR)
Jabari Small - Showdown Captain Mode (Captain),196285049;196285047;196285046;196285050;196285056;196285071;196285042;196285064;196285065;196285048;196285095;196285096;196285083;196285089;196285107;196285108;196285105;196285106;196285090;196285094,Jabari Small|DET,44358533,Jabari Small,Jabari,Small,300,CPT,DET,DET @ CAR,10/04/2026 08:20 PM,,DET @ CAR,Showdown Captain Mode,NFL,10/4,Captain,"NFL Showdown $1M Sunday Night Showdown [$250K to 1st] (DET @ CAR);NFL Showdown $500K Wildcat [$100K to 1st] (DET @ CAR);NFL Showdown $402K Luxury Box [$100K to 1st] (DET @ CAR);NFL Showdown $200K Play-Action [20 Entry Max] (DET @ CAR);NFL Showdown $140K Four-Point Stance [$30K to 1st, 5 Entry Max] (DET @ CAR);NFL Showdown $60K Huddle [Single Entry] (DET @ CAR);NFL Showdown $10K Huddle [Single Entry] (DET @ CAR);NFL Showdown $75K Spy [$15K to 1st, Single Entry] (DET @ CAR);NFL Showdown $25K Spy [Single Entry] (DET @ CAR);NFL Showdown $70K Bootleg [$20K to 1st] (DET @ CAR)",196285049;196285047;196285046;196285050;196285056;196285071;196285042;196285064;196285065;196285048;196285095;196285096;196285083;196285089;196285107;196285108;196285105;196285106;196285090;196285094,10/4 8:20PM (DET @ CAR)
Isiah Pacheco - Showdown Captain Mode (Captain),196285049;196285047;196285046;196285050;196285056;196285071;196285042;196285064;196285065;196285048;196285095;196285096;196285083;196285089;196285107;196285108;196285105;196285106;196285090;196285094,Isiah Pacheco|DET,44358534,Isiah Pacheco,Isiah,Pacheco,300,CPT,DET,DET @ CAR,10/04/2026 08:20 PM,,DET @ CAR,Showdown Captain Mode,NFL,10/4,Captain,"NFL Showdown $1M Sunday Night Showdown [$250K to 1st] (DET @ CAR);NFL Showdown $500K Wildcat [$100K to 1st] (DET @ CAR);NFL Showdown $402K Luxury Box [$100K to 1st] (DET @ CAR);NFL Showdown $200K Play-Action [20 Entry Max] (DET @ CAR);NFL Showdown $140K Four-Point Stance [$30K to 1st, 5 Entry Max] (DET @ CAR);NFL Showdown $60K Huddle [Single Entry] (DET @ CAR);NFL Showdown $10K Huddle [Single Entry] (DET @ CAR);NFL Showdown $75K Spy [$15K to 1st, Single Entry] (DET @ CAR);NFL Showdown $25K Spy [Single Entry] (DET @ CAR);NFL Showdown $70K Bootleg [$20K to 1st] (DET @ CAR)",196285049;196285047;196285046;196285050;196285056;196285071;196285042;196285064;196285065;196285048;196285095;196285096;196285083;196285089;196285107;196285108;196285105;196285106;196285090;196285094,10/4 8:20PM (DET @ CAR)
Chris Brazzell II - Showdown Captain Mode (Captain),196285049;196285047;196285046;196285050;196285056;196285071;196285042;196285064;196285065;196285048;196285095;196285096;196285083;196285089;196285107;196285108;196285105;196285106;196285090;196285094,Chris Brazzell II|CAR,44358535,Chris Brazzell II,Chris,Brazzell II,300,CPT,CAR,DET @ CAR,10/04/2026 08:20 PM,,DET @ CAR,Showdown Captain Mode,NFL,10/4,Captain,"NFL Showdown $1M Sunday Night Showdown [$250K to 1st] (DET @ CAR);NFL Showdown $500K Wildcat [$100K to 1st] (DET @ CAR);NFL Showdown $402K Luxury Box [$100K to 1st] (DET @ CAR);NFL Showdown $200K Play-Action [20 Entry Max] (DET @ CAR);NFL Showdown $140K Four-Point Stance [$30K to 1st, 5 Entry Max] (DET @ CAR);NFL Showdown $60K Huddle [Single Entry] (DET @ CAR);NFL Showdown $10K Huddle [Single Entry] (DET @ CAR);NFL Showdown $75K Spy [$15K to 1st, Single Entry] (DET @ CAR);NFL Showdown $25K Spy [Single Entry] (DET @ CAR);NFL Showdown $70K Bootleg [$20K to 1st] (DET @ CAR)",196285049;196285047;196285046;196285050;196285056;196285071;196285042;196285064;196285065;196285048;196285095;196285096;196285083;196285089;196285107;196285108;196285105;196285106;196285090;196285094,10/4 8:20PM (DET @ CAR)
Ja'seem Reed - Showdown Captain Mode (Captain),196285049;196285047;196285046;196285050;196285056;196285071;196285042;196285064;196285065;196285048;196285095;196285096;196285083;196285089;196285107;196285108;196285105;196285106;196285090;196285094,Ja'seem Reed|CAR,44358536,Ja'seem Reed,Ja'seem,Reed,300,CPT,CAR,DET @ CAR,10/04/2026 08:20 PM,,DET @ CAR,Showdown Captain Mode,NFL,10/4,Captain,"NFL Showdown $1M Sunday Night Showdown [$250K to 1st] (DET @ CAR);NFL Showdown $500K Wildcat [$100K to 1st] (DET @ CAR);NFL Showdown $402K Luxury Box [$100K to 1st] (DET @ CAR);NFL Showdown $200K Play-Action [20 Entry Max] (DET @ CAR);NFL Showdown $140K Four-Point Stance [$30K to 1st, 5 Entry Max] (DET @ CAR);NFL Showdown $60K Huddle [Single Entry] (DET @ CAR);NFL Showdown $10K Huddle [Single Entry] (DET @ CAR);NFL Showdown $75K Spy [$15K to 1st, Single Entry] (DET @ CAR);NFL Showdown $25K Spy [Single Entry] (DET @ CAR);NFL Showdown $70K Bootleg [$20K to 1st] (DET @ CAR)",196285049;196285047;196285046;196285050;196285056;196285071;196285042;196285064;196285065;196285048;196285095;196285096;196285083;196285089;196285107;196285108;196285105;196285106;196285090;196285094,10/4 8:20PM (DET @ CAR)
Kendrick Law - Showdown Captain Mode (Captain),196285049;196285047;196285046;196285050;196285056;196285071;196285042;196285064;196285065;196285048;196285095;196285096;196285083;196285089;196285107;196285108;196285105;196285106;196285090;196285094,Kendrick Law|DET,44358537,Kendrick Law,Kendrick,Law,300,CPT,DET,DET @ CAR,10/04/2026 08:20 PM,,DET @ CAR,Showdown Captain Mode,NFL,10/4,Captain,"NFL Showdown $1M Sunday Night Showdown [$250K to 1st] (DET @ CAR);NFL Showdown $500K Wildcat [$100K to 1st] (DET @ CAR);NFL Showdown $402K Luxury Box [$100K to 1st] (DET @ CAR);NFL Showdown $200K Play-Action [20 Entry Max] (DET @ CAR);NFL Showdown $140K Four-Point Stance [$30K to 1st, 5 Entry Max] (DET @ CAR);NFL Showdown $60K Huddle [Single Entry] (DET @ CAR);NFL Showdown $10K Huddle [Single Entry] (DET @ CAR);NFL Showdown $75K Spy [$15K to 1st, Single Entry] (DET @ CAR);NFL Showdown $25K Spy [Single Entry] (DET @ CAR);NFL Showdown $70K Bootleg [$20K to 1st] (DET @ CAR)",196285049;196285047;196285046;196285050;196285056;196285071;196285042;196285064;196285065;196285048;196285095;196285096;196285083;196285089;196285107;196285108;196285105;196285106;196285090;196285094,10/4 8:20PM (DET @ CAR)
Casey Washington - Showdown Captain Mode (Captain),196285049;196285047;196285046;196285050;196285056;196285071;196285042;196285064;196285065;196285048;196285095;196285096;196285083;196285089;196285107;196285108;196285105;196285106;196285090;196285094,Casey Washington|CAR,44358538,Casey Washington,Casey,Washington,300,CPT,CAR,DET @ CAR,10/04/2026 08:20 PM,,DET @ CAR,Showdown Captain Mode,NFL,10/4,Captain,"NFL Showdown $1M Sunday Night Showdown [$250K to 1st] (DET @ CAR);NFL Showdown $500K Wildcat [$100K to 1st] (DET @ CAR);NFL Showdown $402K Luxury Box [$100K to 1st] (DET @ CAR);NFL Showdown $200K Play-Action [20 Entry Max] (DET @ CAR);NFL Showdown $140K Four-Point Stance [$30K to 1st, 5 Entry Max] (DET @ CAR);NFL Showdown $60K Huddle [Single Entry] (DET @ CAR);NFL Showdown $10K Huddle [Single Entry] (DET @ CAR);NFL Showdown $75K Spy [$15K to 1st, Single Entry] (DET @ CAR);NFL Showdown $25K Spy [Single Entry] (DET @ CAR);NFL Showdown $70K Bootleg [$20K to 1st] (DET @ CAR)",196285049;196285047;196285046;196285050;196285056;196285071;196285042;196285064;196285065;196285048;196285095;196285096;196285083;196285089;196285107;196285108;196285105;196285106;196285090;196285094,10/4 8:20PM (DET @ CAR)
Lawrence Keys III - Showdown Captain Mode (Captain),196285049;196285047;196285046;196285050;196285056;196285071;196285042;196285064;196285065;196285048;196285095;196285096;196285083;196285089;196285107;196285108;196285105;196285106;196285090;196285094,Lawrence Keys III|DET,44358539,Lawrence Keys III,Lawrence,Keys III,300,CPT,DET,DET @ CAR,10/04/2026 08:20 PM,,DET @ CAR,Showdown Captain Mode,NFL,10/4,Captain,"NFL Showdown $1M Sunday Night Showdown [$250K to 1st] (DET @ CAR);NFL Showdown $500K Wildcat [$100K to 1st] (DET @ CAR);NFL Showdown $402K Luxury Box [$100K to 1st] (DET @ CAR);NFL Showdown $200K Play-Action [20 Entry Max] (DET @ CAR);NFL Showdown $140K Four-Point Stance [$30K to 1st, 5 Entry Max] (DET @ CAR);NFL Showdown $60K Huddle [Single Entry] (DET @ CAR);NFL Showdown $10K Huddle [Single Entry] (DET @ CAR);NFL Showdown $75K Spy [$15K to 1st, Single Entry] (DET @ CAR);NFL Showdown $25K Spy [Single Entry] (DET @ CAR);NFL Showdown $70K Bootleg [$20K to 1st] (DET @ CAR)",196285049;196285047;196285046;196285050;196285056;196285071;196285042;196285064;196285065;196285048;196285095;196285096;196285083;196285089;196285107;196285108;196285105;196285106;196285090;196285094,10/4 8:20PM (DET @ CAR)
Dominic Lovett - Showdown Captain Mode (Captain),196285049;196285047;196285046;196285050;196285056;196285071;196285042;196285064;196285065;196285048;196285095;196285096;196285083;196285089;196285107;196285108;196285105;196285106;196285090;196285094,Dominic Lovett|DET,44358540,Dominic Lovett,Dominic,Lovett,300,CPT,DET,DET @ CAR,10/04/2026 08:20 PM,,DET @ CAR,Showdown Captain Mode,NFL,10/4,Captain,"NFL Showdown $1M Sunday Night Showdown [$250K to 1st] (DET @ CAR);NFL Showdown $500K Wildcat [$100K to 1st] (DET @ CAR);NFL Showdown $402K Luxury Box [$100K to 1st] (DET @ CAR);NFL Showdown $200K Play-Action [20 Entry Max] (DET @ CAR);NFL Showdown $140K Four-Point Stance [$30K to 1st, 5 Entry Max] (DET @ CAR);NFL Showdown $60K Huddle [Single Entry] (DET @ CAR);NFL Showdown $10K Huddle [Single Entry] (DET @ CAR);NFL Showdown $75K Spy [$15K to 1st, Single Entry] (DET @ CAR);NFL Showdown $25K Spy [Single Entry] (DET @ CAR);NFL Showdown $70K Bootleg [$20K to 1st] (DET @ CAR)",196285049;196285047;196285046;196285050;196285056;196285071;196285042;196285064;196285065;196285048;196285095;196285096;196285083;196285089;196285107;196285108;196285105;196285106;196285090;196285094,10/4 8:20PM (DET @ CAR)
Lucky Jackson - Showdown Captain Mode (Captain),196285049;196285047;196285046;196285050;196285056;196285071;196285042;196285064;196285065;196285048;196285095;196285096;196285083;196285089;196285107;196285108;196285105;196285106;196285090;196285094,Lucky Jackson|DET,44358541,Lucky Jackson,Lucky,Jackson,300,CPT,DET,DET @ CAR,10/04/2026 08:20 PM,,DET @ CAR,Showdown Captain Mode,NFL,10/4,Captain,"NFL Showdown $1M Sunday Night Showdown [$250K to 1st] (DET @ CAR);NFL Showdown $500K Wildcat [$100K to 1st] (DET @ CAR);NFL Showdown $402K Luxury Box [$100K to 1st] (DET @ CAR);NFL Showdown $200K Play-Action [20 Entry Max] (DET @ CAR);NFL Showdown $140K Four-Point Stance [$30K to 1st, 5 Entry Max] (DET @ CAR);NFL Showdown $60K Huddle [Single Entry] (DET @ CAR);NFL Showdown $10K Huddle [Single Entry] (DET @ CAR);NFL Showdown $75K Spy [$15K to 1st, Single Entry] (DET @ CAR);NFL Showdown $25K Spy [Single Entry] (DET @ CAR);NFL Showdown $70K Bootleg [$20K to 1st] (DET @ CAR)",196285049;196285047;196285046;196285050;196285056;196285071;196285042;196285064;196285065;196285048;196285095;196285096;196285083;196285089;196285107;196285108;196285105;196285106;196285090;196285094,10/4 8:20PM (DET @ CAR)
Ja'Tavion Sanders - Showdown Captain Mode (Captain),196285049;196285047;196285046;196285050;196285056;196285071;196285042;196285064;196285065;196285048;196285095;196285096;196285083;196285089;196285107;196285108;196285105;196285106;196285090;196285094,Ja'Tavion Sanders|CAR,44358542,Ja'Tavion Sanders,Ja'Tavion,Sanders,300,CPT,CAR,DET @ CAR,10/04/2026 08:20 PM,,DET @ CAR,Showdown Captain Mode,NFL,10/4,Captain,"NFL Showdown $1M Sunday Night Showdown [$250K to 1st] (DET @ CAR);NFL Showdown $500K Wildcat [$100K to 1st] (DET @ CAR);NFL Showdown $402K Luxury Box [$100K to 1st] (DET @ CAR);NFL Showdown $200K Play-Action [20 Entry Max] (DET @ CAR);NFL Showdown $140K Four-Point Stance [$30K to 1st, 5 Entry Max] (DET @ CAR);NFL Showdown $60K Huddle [Single Entry] (DET @ CAR);NFL Showdown $10K Huddle [Single Entry] (DET @ CAR);NFL Showdown $75K Spy [$15K to 1st, Single Entry] (DET @ CAR);NFL Showdown $25K Spy [Single Entry] (DET @ CAR);NFL Showdown $70K Bootleg [$20K to 1st] (DET @ CAR)",196285049;196285047;196285046;196285050;196285056;196285071;196285042;196285064;196285065;196285048;196285095;196285096;196285083;196285089;196285107;196285108;196285105;196285106;196285090;196285094,10/4 8:20PM (DET @ CAR)
Miles Kitselman - Showdown Captain Mode (Captain),196285049;196285047;196285046;196285050;196285056;196285071;196285042;196285064;196285065;196285048;196285095;196285096;196285083;196285089;196285107;196285108;196285105;196285106;196285090;196285094,Miles Kitselman|DET,44358543,Miles Kitselman,Miles,Kitselman,300,CPT,DET,DET @ CAR,10/04/2026 08:20 PM,,DET @ CAR,Showdown Captain Mode,NFL,10/4,Captain,"NFL Showdown $1M Sunday Night Showdown [$250K to 1st] (DET @ CAR);NFL Showdown $500K Wildcat [$100K to 1st] (DET @ CAR);NFL Showdown $402K Luxury Box [$100K to 1st] (DET @ CAR);NFL Showdown $200K Play-Action [20 Entry Max] (DET @ CAR);NFL Showdown $140K Four-Point Stance [$30K to 1st, 5 Entry Max] (DET @ CAR);NFL Showdown $60K Huddle [Single Entry] (DET @ CAR);NFL Showdown $10K Huddle [Single Entry] (DET @ CAR);NFL Showdown $75K Spy [$15K to 1st, Single Entry] (DET @ CAR);NFL Showdown $25K Spy [Single Entry] (DET @ CAR);NFL Showdown $70K Bootleg [$20K to 1st] (DET @ CAR)",196285049;196285047;196285046;196285050;196285056;196285071;196285042;196285064;196285065;196285048;196285095;196285096;196285083;196285089;196285107;196285108;196285105;196285106;196285090;196285094,10/4 8:20PM (DET @ CAR)
Thomas Gordon - Showdown Captain Mode (Captain),196285049;196285047;196285046;196285050;196285056;196285071;196285042;196285064;196285065;196285048;196285095;196285096;196285083;196285089;196285107;196285108;196285105;196285106;196285090;196285094,Thomas Gordon|DET,44358544,Thomas Gordon,Thomas,Gordon,300,CPT,DET,DET @ CAR,10/04/2026 08:20 PM,,DET @ CAR,Showdown Captain Mode,NFL,10/4,Captain,"NFL Showdown $1M Sunday Night Showdown [$250K to 1st] (DET @ CAR);NFL Showdown $500K Wildcat [$100K to 1st] (DET @ CAR);NFL Showdown $402K Luxury Box [$100K to 1st] (DET @ CAR);NFL Showdown $200K Play-Action [20 Entry Max] (DET @ CAR);NFL Showdown $140K Four-Point Stance [$30K to 1st, 5 Entry Max] (DET @ CAR);NFL Showdown $60K Huddle [Single Entry] (DET @ CAR);NFL Showdown $10K Huddle [Single Entry] (DET @ CAR);NFL Showdown $75K Spy [$15K to 1st, Single Entry] (DET @ CAR);NFL Showdown $25K Spy [Single Entry] (DET @ CAR);NFL Showdown $70K Bootleg [$20K to 1st] (DET @ CAR)",196285049;196285047;196285046;196285050;196285056;196285071;196285042;196285064;196285065;196285048;196285095;196285096;196285083;196285089;196285107;196285108;196285105;196285106;196285090;196285094,10/4 8:20PM (DET @ CAR)
Feleipe Franks - Showdown Captain Mode (Captain),196285049;196285047;196285046;196285050;196285056;196285071;196285042;196285064;196285065;196285048;196285095;196285096;196285083;196285089;196285107;196285108;196285105;196285106;196285090;196285094,Feleipe Franks|CAR,44358545,Feleipe Franks,Feleipe,Franks,300,CPT,CAR,DET @ CAR,10/04/2026 08:20 PM,,DET @ CAR,Showdown Captain Mode,NFL,10/4,Captain,"NFL Showdown $1M Sunday Night Showdown [$250K to 1st] (DET @ CAR);NFL Showdown $500K Wildcat [$100K to 1st] (DET @ CAR);NFL Showdown $402K Luxury Box [$100K to 1st] (DET @ CAR);NFL Showdown $200K Play-Action [20 Entry Max] (DET @ CAR);NFL Showdown $140K Four-Point Stance [$30K to 1st, 5 Entry Max] (DET @ CAR);NFL Showdown $60K Huddle [Single Entry] (DET @ CAR);NFL Showdown $10K Huddle [Single Entry] (DET @ CAR);NFL Showdown $75K Spy [$15K to 1st, Single Entry] (DET @ CAR);NFL Showdown $25K Spy [Single Entry] (DET @ CAR);NFL Showdown $70K Bootleg [$20K to 1st] (DET @ CAR)",196285049;196285047;196285046;196285050;196285056;196285071;196285042;196285064;196285065;196285048;196285095;196285096;196285083;196285089;196285107;196285108;196285105;196285106;196285090;196285094,10/4 8:20PM (DET @ CAR)
Tyler Conklin - Showdown Captain Mode (Captain),196285049;196285047;196285046;196285050;196285056;196285071;196285042;196285064;196285065;196285048;196285095;196285096;196285083;196285089;196285107;196285108;196285105;196285106;196285090;196285094,Tyler Conklin|DET,44358546,Tyler Conklin,Tyler,Conklin,300,CPT,DET,DET @ CAR,10/04/2026 08:20 PM,,DET @ CAR,Showdown Captain Mode,NFL,10/4,Captain,"NFL Showdown $1M Sunday Night Showdown [$250K to 1st] (DET @ CAR);NFL Showdown $500K Wildcat [$100K to 1st] (DET @ CAR);NFL Showdown $402K Luxury Box [$100K to 1st] (DET @ CAR);NFL Showdown $200K Play-Action [20 Entry Max] (DET @ CAR);NFL Showdown $140K Four-Point Stance [$30K to 1st, 5 Entry Max] (DET @ CAR);NFL Showdown $60K Huddle [Single Entry] (DET @ CAR);NFL Showdown $10K Huddle [Single Entry] (DET @ CAR);NFL Showdown $75K Spy [$15K to 1st, Single Entry] (DET @ CAR);NFL Showdown $25K Spy [Single Entry] (DET @ CAR);NFL Showdown $70K Bootleg [$20K to 1st] (DET @ CAR)",196285049;196285047;196285046;196285050;196285056;196285071;196285042;196285064;196285065;196285048;196285095;196285096;196285083;196285089;196285107;196285108;196285105;196285106;196285090;196285094,10/4 8:20PM (DET @ CAR)
Khalil Herbert - Showdown Captain Mode (Captain),196285155;196285153;196285138;196285157;196285156;196285154;196285212;196285175;196285176;196285170;196285171;196285187;196285188;196285189;196285218;196285219;196285220;196285221;196285182;196285183,Khalil Herbert|ATL,44358637,Khalil Herbert,Khalil,Herbert,300,CPT,ATL,ATL @ NO,10/05/2026 08:15 PM,,ATL @ NO,Showdown Captain Mode,NFL,10/5,Captain,"NFL Showdown $1.5M Monday Night Showdown [$500K to 1st] (ATL @ NO);NFL Showdown $600K Wildcat [$150K to 1st] (ATL @ NO);NFL Showdown $402K Luxury Box [$100K to 1st] (ATL @ NO);NFL Showdown $300K Play-Action [20 Entry Max] (ATL @ NO);NFL Showdown $250K Flea Flicker [$50K to 1st] (ATL @ NO);NFL Showdown $150K Bootleg [$50K to 1st] (ATL @ NO);NFL Showdown $160K Four-Point Stance [$50K to 1st, 5 Entry Max] (ATL @ NO);NFL Showdown $80K Huddle [$10K to 1st, Single Entry] (ATL @ NO);NFL Showdown $20K Huddle [Single Entry] (ATL @ NO);NFL Showdown $100K Spy [$20K to 1st, Single Entry] (ATL @ NO)",196285155;196285153;196285138;196285157;196285156;196285154;196285212;196285175;196285176;196285170;196285171;196285187;196285188;196285189;196285218;196285219;196285220;196285221;196285182;196285183,10/5 8:15PM (ATL @ NO)
Ty Chandler - Showdown Captain Mode (Captain),196285155;196285153;196285138;196285157;196285156;196285154;196285212;196285175;196285176;196285170;196285171;196285187;196285188;196285189;196285218;196285219;196285220;196285221;196285182;196285183,Ty Chandler|NO,44358638,Ty Chandler,Ty,Chandler,300,CPT,NO,ATL @ NO,10/05/2026 08:15 PM,,ATL @ NO,Showdown Captain Mode,NFL,10/5,Captain,"NFL Showdown $1.5M Monday Night Showdown [$500K to 1st] (ATL @ NO);NFL Showdown $600K Wildcat [$150K to 1st] (ATL @ NO);NFL Showdown $402K Luxury Box [$100K to 1st] (ATL @ NO);NFL Showdown $300K Play-Action [20 Entry Max] (ATL @ NO);NFL Showdown $250K Flea Flicker [$50K to 1st] (ATL @ NO);NFL Showdown $150K Bootleg [$50K to 1st] (ATL @ NO);NFL Showdown $160K Four-Point Stance [$50K to 1st, 5 Entry Max] (ATL @ NO);NFL Showdown $80K Huddle [$10K to 1st, Single Entry] (ATL @ NO);NFL Showdown $20K Huddle [Single Entry] (ATL @ NO);NFL Showdown $100K Spy [$20K to 1st, Single Entry] (ATL @ NO)",196285155;196285153;196285138;196285157;196285156;196285154;196285212;196285175;196285176;196285170;196285171;196285187;196285188;196285189;196285218;196285219;196285220;196285221;196285182;196285183,10/5 8:15PM (ATL @ NO)
Trey Sermon - Showdown Captain Mode (Captain),196285155;196285153;196285138;196285157;196285156;196285154;196285212;196285175;196285176;196285170;196285171;196285187;196285188;196285189;196285218;196285219;196285220;196285221;196285182;196285183,Trey Sermon|ATL,44358639,Trey Sermon,Trey,Sermon,300,CPT,ATL,ATL @ NO,10/05/2026 08:15 PM,,ATL @ NO,Showdown Captain Mode,NFL,10/5,Captain,"NFL Showdown $1.5M Monday Night Showdown [$500K to 1st] (ATL @ NO);NFL Showdown $600K Wildcat [$150K to 1st] (ATL @ NO);NFL Showdown $402K Luxury Box [$100K to 1st] (ATL @ NO);NFL Showdown $300K Play-Action [20 Entry Max] (ATL @ NO);NFL Showdown $250K Flea Flicker [$50K to 1st] (ATL @ NO);NFL Showdown $150K Bootleg [$50K to 1st] (ATL @ NO);NFL Showdown $160K Four-Point Stance [$50K to 1st, 5 Entry Max] (ATL @ NO);NFL Showdown $80K Huddle [$10K to 1st, Single Entry] (ATL @ NO);NFL Showdown $20K Huddle [Single Entry] (ATL @ NO);NFL Showdown $100K Spy [$20K to 1st, Single Entry] (ATL @ NO)",196285155;196285153;196285138;196285157;196285156;196285154;196285212;196285175;196285176;196285170;196285171;196285187;196285188;196285189;196285218;196285219;196285220;196285221;196285182;196285183,10/5 8:15PM (ATL @ NO)
Cash Jones - Showdown Captain Mode (Captain),196285155;196285153;196285138;196285157;196285156;196285154;196285212;196285175;196285176;196285170;196285171;196285187;196285188;196285189;196285218;196285219;196285220;196285221;196285182;196285183,Cash Jones|ATL,44358640,Cash Jones,Cash,Jones,300,CPT,ATL,ATL @ NO,10/05/2026 08:15 PM,,ATL @ NO,Showdown Captain Mode,NFL,10/5,Captain,"NFL Showdown $1.5M Monday Night Showdown [$500K to 1st] (ATL @ NO);NFL Showdown $600K Wildcat [$150K to 1st] (ATL @ NO);NFL Showdown $402K Luxury Box [$100K to 1st] (ATL @ NO);NFL Showdown $300K Play-Action [20 Entry Max] (ATL @ NO);NFL Showdown $250K Flea Flicker [$50K to 1st] (ATL @ NO);NFL Showdown $150K Bootleg [$50K to 1st] (ATL @ NO);NFL Showdown $160K Four-Point Stance [$50K to 1st, 5 Entry Max] (ATL @ NO);NFL Showdown $80K Huddle [$10K to 1st, Single Entry] (ATL @ NO);NFL Showdown $20K Huddle [Single Entry] (ATL @ NO);NFL Showdown $100K Spy [$20K to 1st, Single Entry] (ATL @ NO)",196285155;196285153;196285138;196285157;196285156;196285154;196285212;196285175;196285176;196285170;196285171;196285187;196285188;196285189;196285218;196285219;196285220;196285221;196285182;196285183,10/5 8:15PM (ATL @ NO)
Zamir White - Showdown Captain Mode (Captain),196285155;196285153;196285138;196285157;196285156;196285154;196285212;196285175;196285176;196285170;196285171;196285187;196285188;196285189;196285218;196285219;196285220;196285221;196285182;196285183,Zamir White|NO,44358641,Zamir White,Zamir,White,300,CPT,NO,ATL @ NO,10/05/2026 08:15 PM,,ATL @ NO,Showdown Captain Mode,NFL,10/5,Captain,"NFL Showdown $1.5M Monday Night Showdown [$500K to 1st] (ATL @ NO);NFL Showdown $600K Wildcat [$150K to 1st] (ATL @ NO);NFL Showdown $402K Luxury Box [$100K to 1st] (ATL @ NO);NFL Showdown $300K Play-Action [20 Entry Max] (ATL @ NO);NFL Showdown $250K Flea Flicker [$50K to 1st] (ATL @ NO);NFL Showdown $150K Bootleg [$50K to 1st] (ATL @ NO);NFL Showdown $160K Four-Point Stance [$50K to 1st, 5 Entry Max] (ATL @ NO);NFL Showdown $80K Huddle [$10K to 1st, Single Entry] (ATL @ NO);NFL Showdown $20K Huddle [Single Entry] (ATL @ NO);NFL Showdown $100K Spy [$20K to 1st, Single Entry] (ATL @ NO)",196285155;196285153;196285138;196285157;196285156;196285154;196285212;196285175;196285176;196285170;196285171;196285187;196285188;196285189;196285218;196285219;196285220;196285221;196285182;196285183,10/5 8:15PM (ATL @ NO)
Beaux Collins - Showdown Captain Mode (Captain),196285155;196285153;196285138;196285157;196285156;196285154;196285212;196285175;196285176;196285170;196285171;196285187;196285188;196285189;196285218;196285219;196285220;196285221;196285182;196285183,Beaux Collins|ATL,44358642,Beaux Collins,Beaux,Collins,300,CPT,ATL,ATL @ NO,10/05/2026 08:15 PM,,ATL @ NO,Showdown Captain Mode,NFL,10/5,Captain,"NFL Showdown $1.5M Monday Night Showdown [$500K to 1st] (ATL @ NO);NFL Showdown $600K Wildcat [$150K to 1st] (ATL @ NO);NFL Showdown $402K Luxury Box [$100K to 1st] (ATL @ NO);NFL Showdown $300K Play-Action [20 Entry Max] (ATL @ NO);NFL Showdown $250K Flea Flicker [$50K to 1st] (ATL @ NO);NFL Showdown $150K Bootleg [$50K to 1st] (ATL @ NO);NFL Showdown $160K Four-Point Stance [$50K to 1st, 5 Entry Max] (ATL @ NO);NFL Showdown $80K Huddle [$10K to 1st, Single Entry] (ATL @ NO);NFL Showdown $20K Huddle [Single Entry] (ATL @ NO);NFL Showdown $100K Spy [$20K to 1st, Single Entry] (ATL @ NO)",196285155;196285153;196285138;196285157;196285156;196285154;196285212;196285175;196285176;196285170;196285171;196285187;196285188;196285189;196285218;196285219;196285220;196285221;196285182;196285183,10/5 8:15PM (ATL @ NO)
Jordyn Tyson - Showdown Captain Mode (Captain),196285155;196285153;196285138;196285157;196285156;196285154;196285212;196285175;196285176;196285170;196285171;196285187;196285188;196285189;196285218;196285219;196285220;196285221;196285182;196285183,Jordyn Tyson|NO,44358643,Jordyn Tyson,Jordyn,Tyson,300,CPT,NO,ATL @ NO,10/05/2026 08:15 PM,,ATL @ NO,Showdown Captain Mode,NFL,10/5,Captain,"NFL Showdown $1.5M Monday Night Showdown [$500K to 1st] (ATL @ NO);NFL Showdown $600K Wildcat [$150K to 1st] (ATL @ NO);NFL Showdown $402K Luxury Box [$100K to 1st] (ATL @ NO);NFL Showdown $300K Play-Action [20 Entry Max] (ATL @ NO);NFL Showdown $250K Flea Flicker [$50K to 1st] (ATL @ NO);NFL Showdown $150K Bootleg [$50K to 1st] (ATL @ NO);NFL Showdown $160K Four-Point Stance [$50K to 1st, 5 Entry Max] (ATL @ NO);NFL Showdown $80K Huddle [$10K to 1st, Single Entry] (ATL @ NO);NFL Showdown $20K Huddle [Single Entry] (ATL @ NO);NFL Showdown $100K Spy [$20K to 1st, Single Entry] (ATL @ NO)",196285155;196285153;196285138;196285157;196285156;196285154;196285212;196285175;196285176;196285170;196285171;196285187;196285188;196285189;196285218;196285219;196285220;196285221;196285182;196285183,10/5 8:15PM (ATL @ NO)
Cedric Tillman - Showdown Captain Mode (Captain),196285155;196285153;196285138;196285157;196285156;196285154;196285212;196285175;196285176;196285170;196285171;196285187;196285188;196285189;196285218;196285219;196285220;196285221;196285182;196285183,Cedric Tillman|NO,44358644,Cedric Tillman,Cedric,Tillman,300,CPT,NO,ATL @ NO,10/05/2026 08:15 PM,,ATL @ NO,Showdown Captain Mode,NFL,10/5,Captain,"NFL Showdown $1.5M Monday Night Showdown [$500K to 1st] (ATL @ NO);NFL Showdown $600K Wildcat [$150K to 1st] (ATL @ NO);NFL Showdown $402K Luxury Box [$100K to 1st] (ATL @ NO);NFL Showdown $300K Play-Action [20 Entry Max] (ATL @ NO);NFL Showdown $250K Flea Flicker [$50K to 1st] (ATL @ NO);NFL Showdown $150K Bootleg [$50K to 1st] (ATL @ NO);NFL Showdown $160K Four-Point Stance [$50K to 1st, 5 Entry Max] (ATL @ NO);NFL Showdown $80K Huddle [$10K to 1st, Single Entry] (ATL @ NO);NFL Showdown $20K Huddle [Single Entry] (ATL @ NO);NFL Showdown $100K Spy [$20K to 1st, Single Entry] (ATL @ NO)",196285155;196285153;196285138;196285157;196285156;196285154;196285212;196285175;196285176;196285170;196285171;196285187;196285188;196285189;196285218;196285219;196285220;196285221;196285182;196285183,10/5 8:15PM (ATL @ NO)
Dylan Drummond - Showdown Captain Mode (Captain),196285155;196285153;196285138;196285157;196285156;196285154;196285212;196285175;196285176;196285170;196285171;196285187;196285188;196285189;196285218;196285219;196285220;196285221;196285182;196285183,Dylan Drummond|ATL,44358645,Dylan Drummond,Dylan,Drummond,300,CPT,ATL,ATL @ NO,10/05/2026 08:15 PM,,ATL @ NO,Showdown Captain Mode,NFL,10/5,Captain,"NFL Showdown $1.5M Monday Night Showdown [$500K to 1st] (ATL @ NO);NFL Showdown $600K Wildcat [$150K to 1st] (ATL @ NO);NFL Showdown $402K Luxury Box [$100K to 1st] (ATL @ NO);NFL Showdown $300K Play-Action [20 Entry Max] (ATL @ NO);NFL Showdown $250K Flea Flicker [$50K to 1st] (ATL @ NO);NFL Showdown $150K Bootleg [$50K to 1st] (ATL @ NO);NFL Showdown $160K Four-Point Stance [$50K to 1st, 5 Entry Max] (ATL @ NO);NFL Showdown $80K Huddle [$10K to 1st, Single Entry] (ATL @ NO);NFL Showdown $20K Huddle [Single Entry] (ATL @ NO);NFL Showdown $100K Spy [$20K to 1st, Single Entry] (ATL @ NO)",196285155;196285153;196285138;196285157;196285156;196285154;196285212;196285175;196285176;196285170;196285171;196285187;196285188;196285189;196285218;196285219;196285220;196285221;196285182;196285183,10/5 8:15PM (ATL @ NO)
Antwane Wells Jr. - Showdown Captain Mode (Captain),196285155;196285153;196285138;196285157;196285156;196285154;196285212;196285175;196285176;196285170;196285171;196285187;196285188;196285189;196285218;196285219;196285220;196285221;196285182;196285183,Antwane Wells Jr.|ATL,44358646,Antwane Wells Jr.,Antwane,Wells Jr.,300,CPT,ATL,ATL @ NO,10/05/2026 08:15 PM,,ATL @ NO,Showdown Captain Mode,NFL,10/5,Captain,"NFL Showdown $1.5M Monday Night Showdown [$500K to 1st] (ATL @ NO);NFL Showdown $600K Wildcat [$150K to 1st] (ATL @ NO);NFL Showdown $402K Luxury Box [$100K to 1st] (ATL @ NO);NFL Showdown $300K Play-Action [20 Entry Max] (ATL @ NO);NFL Showdown $250K Flea Flicker [$50K to 1st] (ATL @ NO);NFL Showdown $150K Bootleg [$50K to 1st] (ATL @ NO);NFL Showdown $160K Four-Point Stance [$50K to 1st, 5 Entry Max] (ATL @ NO);NFL Showdown $80K Huddle [$10K to 1st, Single Entry] (ATL @ NO);NFL Showdown $20K Huddle [Single Entry] (ATL @ NO);NFL Showdown $100K Spy [$20K to 1st, Single Entry] (ATL @ NO)",196285155;196285153;196285138;196285157;196285156;196285154;196285212;196285175;196285176;196285170;196285171;196285187;196285188;196285189;196285218;196285219;196285220;196285221;196285182;196285183,10/5 8:15PM (ATL @ NO)
Vinny Anthony II - Showdown Captain Mode (Captain),196285155;196285153;196285138;196285157;196285156;196285154;196285212;196285175;196285176;196285170;196285171;196285187;196285188;196285189;196285218;196285219;196285220;196285221;196285182;196285183,Vinny Anthony II|ATL,44358647,Vinny Anthony II,Vinny,Anthony II,300,CPT,ATL,ATL @ NO,10/05/2026 08:15 PM,,ATL @ NO,Showdown Captain Mode,NFL,10/5,Captain,"NFL Showdown $1.5M Monday Night Showdown [$500K to 1st] (ATL @ NO);NFL Showdown $600K Wildcat [$150K to 1st] (ATL @ NO);NFL Showdown $402K Luxury Box [$100K to 1st] (ATL @ NO);NFL Showdown $300K Play-Action [20 Entry Max] (ATL @ NO);NFL Showdown $250K Flea Flicker [$50K to 1st] (ATL @ NO);NFL Showdown $150K Bootleg [$50K to 1st] (ATL @ NO);NFL Showdown $160K Four-Point Stance [$50K to 1st, 5 Entry Max] (ATL @ NO);NFL Showdown $80K Huddle [$10K to 1st, Single Entry] (ATL @ NO);NFL Showdown $20K Huddle [Single Entry] (ATL @ NO);NFL Showdown $100K Spy [$20K to 1st, Single Entry] (ATL @ NO)",196285155;196285153;196285138;196285157;196285156;196285154;196285212;196285175;196285176;196285170;196285171;196285187;196285188;196285189;196285218;196285219;196285220;196285221;196285182;196285183,10/5 8:15PM (ATL @ NO)
Trey Palmer - Showdown Captain Mode (Captain),196285155;196285153;196285138;196285157;196285156;196285154;196285212;196285175;196285176;196285170;196285171;196285187;196285188;196285189;196285218;196285219;196285220;196285221;196285182;196285183,Trey Palmer|NO,44358648,Trey Palmer,Trey,Palmer,300,CPT,NO,ATL @ NO,10/05/2026 08:15 PM,,ATL @ NO,Showdown Captain Mode,NFL,10/5,Captain,"NFL Showdown $1.5M Monday Night Showdown [$500K to 1st] (ATL @ NO);NFL Showdown $600K Wildcat [$150K to 1st] (ATL @ NO);NFL Showdown $402K Luxury Box [$100K to 1st] (ATL @ NO);NFL Showdown $300K Play-Action [20 Entry Max] (ATL @ NO);NFL Showdown $250K Flea Flicker [$50K to 1st] (ATL @ NO);NFL Showdown $150K Bootleg [$50K to 1st] (ATL @ NO);NFL Showdown $160K Four-Point Stance [$50K to 1st, 5 Entry Max] (ATL @ NO);NFL Showdown $80K Huddle [$10K to 1st, Single Entry] (ATL @ NO);NFL Showdown $20K Huddle [Single Entry] (ATL @ NO);NFL Showdown $100K Spy [$20K to 1st, Single Entry] (ATL @ NO)",196285155;196285153;196285138;196285157;196285156;196285154;196285212;196285175;196285176;196285170;196285171;196285187;196285188;196285189;196285218;196285219;196285220;196285221;196285182;196285183,10/5 8:15PM (ATL @ NO)
Kyrese Rowan - Showdown Captain Mode (Captain),196285155;196285153;196285138;196285157;196285156;196285154;196285212;196285175;196285176;196285170;196285171;196285187;196285188;196285189;196285218;196285219;196285220;196285221;196285182;196285183,Kyrese Rowan|NO,44358649,Kyrese Rowan,Kyrese,Rowan,300,CPT,NO,ATL @ NO,10/05/2026 08:15 PM,,ATL @ NO,Showdown Captain Mode,NFL,10/5,Captain,"NFL Showdown $1.5M Monday Night Showdown [$500K to 1st] (ATL @ NO);NFL Showdown $600K Wildcat [$150K to 1st] (ATL @ NO);NFL Showdown $402K Luxury Box [$100K to 1st] (ATL @ NO);NFL Showdown $300K Play-Action [20 Entry Max] (ATL @ NO);NFL Showdown $250K Flea Flicker [$50K to 1st] (ATL @ NO);NFL Showdown $150K Bootleg [$50K to 1st] (ATL @ NO);NFL Showdown $160K Four-Point Stance [$50K to 1st, 5 Entry Max] (ATL @ NO);NFL Showdown $80K Huddle [$10K to 1st, Single Entry] (ATL @ NO);NFL Showdown $20K Huddle [Single Entry] (ATL @ NO);NFL Showdown $100K Spy [$20K to 1st, Single Entry] (ATL @ NO)",196285155;196285153;196285138;196285157;196285156;196285154;196285212;196285175;196285176;196285170;196285171;196285187;196285188;196285189;196285218;196285219;196285220;196285221;196285182;196285183,10/5 8:15PM (ATL @ NO)
Jalen Moreno-Cropper - Showdown Captain Mode (Captain),196285155;196285153;196285138;196285157;196285156;196285154;196285212;196285175;196285176;196285170;196285171;196285187;196285188;196285189;196285218;196285219;196285220;196285221;196285182;196285183,Jalen Moreno-Cropper|NO,44358650,Jalen Moreno-Cropper,Jalen,Moreno-Cropper,300,CPT,NO,ATL @ NO,10/05/2026 08:15 PM,,ATL @ NO,Showdown Captain Mode,NFL,10/5,Captain,"NFL Showdown $1.5M Monday Night Showdown [$500K to 1st] (ATL @ NO);NFL Showdown $600K Wildcat [$150K to 1st] (ATL @ NO);NFL Showdown $402K Luxury Box [$100K to 1st] (ATL @ NO);NFL Showdown $300K Play-Action [20 Entry Max] (ATL @ NO);NFL Showdown $250K Flea Flicker [$50K to 1st] (ATL @ NO);NFL Showdown $150K Bootleg [$50K to 1st] (ATL @ NO);NFL Showdown $160K Four-Point Stance [$50K to 1st, 5 Entry Max] (ATL @ NO);NFL Showdown $80K Huddle [$10K to 1st, Single Entry] (ATL @ NO);NFL Showdown $20K Huddle [Single Entry] (ATL @ NO);NFL Showdown $100K Spy [$20K to 1st, Single Entry] (ATL @ NO)",196285155;196285153;196285138;196285157;196285156;196285154;196285212;196285175;196285176;196285170;196285171;196285187;196285188;196285189;196285218;196285219;196285220;196285221;196285182;196285183,10/5 8:15PM (ATL @ NO)
Zach Wood - Showdown Captain Mode (Captain),196285155;196285153;196285138;196285157;196285156;196285154;196285212;196285175;196285176;196285170;196285171;196285187;196285188;196285189;196285218;196285219;196285220;196285221;196285182;196285183,Zach Wood|NO,44358651,Zach Wood,Zach,Wood,300,CPT,NO,ATL @ NO,10/05/2026 08:15 PM,,ATL @ NO,Showdown Captain Mode,NFL,10/5,Captain,"NFL Showdown $1.5M Monday Night Showdown [$500K to 1st] (ATL @ NO);NFL Showdown $600K Wildcat [$150K to 1st] (ATL @ NO);NFL Showdown $402K Luxury Box [$100K to 1st] (ATL @ NO);NFL Showdown $300K Play-Action [20 Entry Max] (ATL @ NO);NFL Showdown $250K Flea Flicker [$50K to 1st] (ATL @ NO);NFL Showdown $150K Bootleg [$50K to 1st] (ATL @ NO);NFL Showdown $160K Four-Point Stance [$50K to 1st, 5 Entry Max] (ATL @ NO);NFL Showdown $80K Huddle [$10K to 1st, Single Entry] (ATL @ NO);NFL Showdown $20K Huddle [Single Entry] (ATL @ NO);NFL Showdown $100K Spy [$20K to 1st, Single Entry] (ATL @ NO)",196285155;196285153;196285138;196285157;196285156;196285154;196285212;196285175;196285176;196285170;196285171;196285187;196285188;196285189;196285218;196285219;196285220;196285221;196285182;196285183,10/5 8:15PM (ATL @ NO)
Treyton Welch - Showdown Captain Mode (Captain),196285155;196285153;196285138;196285157;196285156;196285154;196285212;196285175;196285176;196285170;196285171;196285187;196285188;196285189;196285218;196285219;196285220;196285221;196285182;196285183,Treyton Welch|NO,44358652,Treyton Welch,Treyton,Welch,300,CPT,NO,ATL @ NO,10/05/2026 08:15 PM,,ATL @ NO,Showdown Captain Mode,NFL,10/5,Captain,"NFL Showdown $1.5M Monday Night Showdown [$500K to 1st] (ATL @ NO);NFL Showdown $600K Wildcat [$150K to 1st] (ATL @ NO);NFL Showdown $402K Luxury Box [$100K to 1st] (ATL @ NO);NFL Showdown $300K Play-Action [20 Entry Max] (ATL @ NO);NFL Showdown $250K Flea Flicker [$50K to 1st] (ATL @ NO);NFL Showdown $150K Bootleg [$50K to 1st] (ATL @ NO);NFL Showdown $160K Four-Point Stance [$50K to 1st, 5 Entry Max] (ATL @ NO);NFL Showdown $80K Huddle [$10K to 1st, Single Entry] (ATL @ NO);NFL Showdown $20K Huddle [Single Entry] (ATL @ NO);NFL Showdown $100K Spy [$20K to 1st, Single Entry] (ATL @ NO)",196285155;196285153;196285138;196285157;196285156;196285154;196285212;196285175;196285176;196285170;196285171;196285187;196285188;196285189;196285218;196285219;196285220;196285221;196285182;196285183,10/5 8:15PM (ATL @ NO)
Jack Velling - Showdown Captain Mode (Captain),196285155;196285153;196285138;196285157;196285156;196285154;196285212;196285175;196285176;196285170;196285171;196285187;196285188;196285189;196285218;196285219;196285220;196285221;196285182;196285183,Jack Velling|ATL,44358653,Jack Velling,Jack,Velling,300,CPT,ATL,ATL @ NO,10/05/2026 08:15 PM,,ATL @ NO,Showdown Captain Mode,NFL,10/5,Captain,"NFL Showdown $1.5M Monday Night Showdown [$500K to 1st] (ATL @ NO);NFL Showdown $600K Wildcat [$150K to 1st] (ATL @ NO);NFL Showdown $402K Luxury Box [$100K to 1st] (ATL @ NO);NFL Showdown $300K Play-Action [20 Entry Max] (ATL @ NO);NFL Showdown $250K Flea Flicker [$50K to 1st] (ATL @ NO);NFL Showdown $150K Bootleg [$50K to 1st] (ATL @ NO);NFL Showdown $160K Four-Point Stance [$50K to 1st, 5 Entry Max] (ATL @ NO);NFL Showdown $80K Huddle [$10K to 1st, Single Entry] (ATL @ NO);NFL Showdown $20K Huddle [Single Entry] (ATL @ NO);NFL Showdown $100K Spy [$20K to 1st, Single Entry] (ATL @ NO)",196285155;196285153;196285138;196285157;196285156;196285154;196285212;196285175;196285176;196285170;196285171;196285187;196285188;196285189;196285218;196285219;196285220;196285221;196285182;196285183,10/5 8:15PM (ATL @ NO)
Moliki Matavao - Showdown Captain Mode (Captain),196285155;196285153;196285138;196285157;196285156;196285154;196285212;196285175;196285176;196285170;196285171;196285187;196285188;196285189;196285218;196285219;196285220;196285221;196285182;196285183,Moliki Matavao|NO,44358654,Moliki Matavao,Moliki,Matavao,300,CPT,NO,ATL @ NO,10/05/2026 08:15 PM,,ATL @ NO,Showdown Captain Mode,NFL,10/5,Captain,"NFL Showdown $1.5M Monday Night Showdown [$500K to 1st] (ATL @ NO);NFL Showdown $600K Wildcat [$150K to 1st] (ATL @ NO);NFL Showdown $402K Luxury Box [$100K to 1st] (ATL @ NO);NFL Showdown $300K Play-Action [20 Entry Max] (ATL @ NO);NFL Showdown $250K Flea Flicker [$50K to 1st] (ATL @ NO);NFL Showdown $150K Bootleg [$50K to 1st] (ATL @ NO);NFL Showdown $160K Four-Point Stance [$50K to 1st, 5 Entry Max] (ATL @ NO);NFL Showdown $80K Huddle [$10K to 1st, Single Entry] (ATL @ NO);NFL Showdown $20K Huddle [Single Entry] (ATL @ NO);NFL Showdown $100K Spy [$20K to 1st, Single Entry] (ATL @ NO)",196285155;196285153;196285138;196285157;196285156;196285154;196285212;196285175;196285176;196285170;196285171;196285187;196285188;196285189;196285218;196285219;196285220;196285221;196285182;196285183,10/5 8:15PM (ATL @ NO)
Nick Muse - Showdown Captain Mode (Captain),196285155;196285153;196285138;196285157;196285156;196285154;196285212;196285175;196285176;196285170;196285171;196285187;196285188;196285189;196285218;196285219;196285220;196285221;196285182;196285183,Nick Muse|ATL,44358655,Nick Muse,Nick,Muse,300,CPT,ATL,ATL @ NO,10/05/2026 08:15 PM,,ATL @ NO,Showdown Captain Mode,NFL,10/5,Captain,"NFL Showdown $1.5M Monday Night Showdown [$500K to 1st] (ATL @ NO);NFL Showdown $600K Wildcat [$150K to 1st] (ATL @ NO);NFL Showdown $402K Luxury Box [$100K to 1st] (ATL @ NO);NFL Showdown $300K Play-Action [20 Entry Max] (ATL @ NO);NFL Showdown $250K Flea Flicker [$50K to 1st] (ATL @ NO);NFL Showdown $150K Bootleg [$50K to 1st] (ATL @ NO);NFL Showdown $160K Four-Point Stance [$50K to 1st, 5 Entry Max] (ATL @ NO);NFL Showdown $80K Huddle [$10K to 1st, Single Entry] (ATL @ NO);NFL Showdown $20K Huddle [Single Entry] (ATL @ NO);NFL Showdown $100K Spy [$20K to 1st, Single Entry] (ATL @ NO)",196285155;196285153;196285138;196285157;196285156;196285154;196285212;196285175;196285176;196285170;196285171;196285187;196285188;196285189;196285218;196285219;196285220;196285221;196285182;196285183,10/5 8:15PM (ATL @ NO)
Cal Adomitis - Showdown Captain Mode (Captain),196285155;196285153;196285138;196285157;196285156;196285154;196285212;196285175;196285176;196285170;196285171;196285187;196285188;196285189;196285218;196285219;196285220;196285221;196285182;196285183,Cal Adomitis|NO,44358656,Cal Adomitis,Cal,Adomitis,300,CPT,NO,ATL @ NO,10/05/2026 08:15 PM,,ATL @ NO,Showdown Captain Mode,NFL,10/5,Captain,"NFL Showdown $1.5M Monday Night Showdown [$500K to 1st] (ATL @ NO);NFL Showdown $600K Wildcat [$150K to 1st] (ATL @ NO);NFL Showdown $402K Luxury Box [$100K to 1st] (ATL @ NO);NFL Showdown $300K Play-Action [20 Entry Max] (ATL @ NO);NFL Showdown $250K Flea Flicker [$50K to 1st] (ATL @ NO);NFL Showdown $150K Bootleg [$50K to 1st] (ATL @ NO);NFL Showdown $160K Four-Point Stance [$50K to 1st, 5 Entry Max] (ATL @ NO);NFL Showdown $80K Huddle [$10K to 1st, Single Entry] (ATL @ NO);NFL Showdown $20K Huddle [Single Entry] (ATL @ NO);NFL Showdown $100K Spy [$20K to 1st, Single Entry] (ATL @ NO)",196285155;196285153;196285138;196285157;196285156;196285154;196285212;196285175;196285176;196285170;196285171;196285187;196285188;196285189;196285218;196285219;196285220;196285221;196285182;196285183,10/5 8:15PM (ATL @ NO)
Stone Smartt - Showdown Captain Mode (Captain),196285155;196285153;196285138;196285157;196285156;196285154;196285212;196285175;196285176;196285170;196285171;196285187;196285188;196285189;196285218;196285219;196285220;196285221;196285182;196285183,Stone Smartt|NO,44358657,Stone Smartt,Stone,Smartt,300,CPT,NO,ATL @ NO,10/05/2026 08:15 PM,,ATL @ NO,Showdown Captain Mode,NFL,10/5,Captain,"NFL Showdown $1.5M Monday Night Showdown [$500K to 1st] (ATL @ NO);NFL Showdown $600K Wildcat [$150K to 1st] (ATL @ NO);NFL Showdown $402K Luxury Box [$100K to 1st] (ATL @ NO);NFL Showdown $300K Play-Action [20 Entry Max] (ATL @ NO);NFL Showdown $250K Flea Flicker [$50K to 1st] (ATL @ NO);NFL Showdown $150K Bootleg [$50K to 1st] (ATL @ NO);NFL Showdown $160K Four-Point Stance [$50K to 1st, 5 Entry Max] (ATL @ NO);NFL Showdown $80K Huddle [$10K to 1st, Single Entry] (ATL @ NO);NFL Showdown $20K Huddle [Single Entry] (ATL @ NO);NFL Showdown $100K Spy [$20K to 1st, Single Entry] (ATL @ NO)",196285155;196285153;196285138;196285157;196285156;196285154;196285212;196285175;196285176;196285170;196285171;196285187;196285188;196285189;196285218;196285219;196285220;196285221;196285182;196285183,10/5 8:15PM (ATL @ NO)
Mason Tipton - Showdown Captain Mode (Captain),196285155;196285153;196285138;196285157;196285156;196285154;196285212;196285175;196285176;196285170;196285171;196285187;196285188;196285189;196285218;196285219;196285220;196285221;196285182;196285183,Mason Tipton|NO,44358658,Mason Tipton,Mason,Tipton,300,CPT,NO,ATL @ NO,10/05/2026 08:15 PM,,ATL @ NO,Showdown Captain Mode,NFL,10/5,Captain,"NFL Showdown $1.5M Monday Night Showdown [$500K to 1st] (ATL @ NO);NFL Showdown $600K Wildcat [$150K to 1st] (ATL @ NO);NFL Showdown $402K Luxury Box [$100K to 1st] (ATL @ NO);NFL Showdown $300K Play-Action [20 Entry Max] (ATL @ NO);NFL Showdown $250K Flea Flicker [$50K to 1st] (ATL @ NO);NFL Showdown $150K Bootleg [$50K to 1st] (ATL @ NO);NFL Showdown $160K Four-Point Stance [$50K to 1st, 5 Entry Max] (ATL @ NO);NFL Showdown $80K Huddle [$10K to 1st, Single Entry] (ATL @ NO);NFL Showdown $20K Huddle [Single Entry] (ATL @ NO);NFL Showdown $100K Spy [$20K to 1st, Single Entry] (ATL @ NO)",196285155;196285153;196285138;196285157;196285156;196285154;196285212;196285175;196285176;196285170;196285171;196285187;196285188;196285189;196285218;196285219;196285220;196285221;196285182;196285183,10/5 8:15PM (ATL @ NO)
Isiah Pacheco - Showdown 2nd Half (Captain),196297427;196297821;196297824;196297424;196297431;196297428;196297426;196297698;196297429;196297822;196297825;196297820;196297827;196297823;196402607;196297697;196297425;196297430;196297432;196297828,Isiah Pacheco|DET,44358987,Isiah Pacheco,Isiah,Pacheco,300,CPT,DET,DET @ CAR,10/04/2026 09:20 PM,,DET @ CAR,Showdown 2nd Half,NFL,10/4,Captain,"NFL In-Game $15K 2nd Half Clash [$5K to 1st] (2H DET @ CAR);NFL In-Game $20K Thunderdome [Must Fill] (2H DET @ CAR);NFL In-Game $10,170 2026 FFWC Qualifier Satellite [Must Fill] (2H DET @ CAR);NFL In-Game $1.8K Deep Threat [Single Entry] (2H DET @ CAR);NFL In-Game $1K Huddle [Single Entry] (2H DET @ CAR);NFL In-Game $500 Play-Action (2H DET @ CAR);NFL In-Game $600 Bootleg [Single Entry] (2H DET @ CAR);NFL In-Game $267 Winner Take All [$1K to 1st] (2H DET @ CAR);NFL In-Game $500 First Down (2H DET @ CAR);NFL In-Game Satellite to NFL $4,444 Fantasy Football MEGA Millionaire [Must Fill] (2H DET @ CAR)",196297427;196297821;196297824;196297424;196297431;196297428;196297426;196297698;196297429;196297822;196297825;196297820;196297827;196297823;196402607;196297697;196297425;196297430;196297432;196297828,10/4 9:20PM 2H (DET @ CAR)
Chris Brazzell II - Showdown 2nd Half (Captain),196297427;196297821;196297824;196297424;196297431;196297428;196297426;196297698;196297429;196297822;196297825;196297820;196297827;196297823;196402607;196297697;196297425;196297430;196297432;196297828,Chris Brazzell II|CAR,44358988,Chris Brazzell II,Chris,Brazzell II,300,CPT,CAR,DET @ CAR,10/04/2026 09:20 PM,,DET @ CAR,Showdown 2nd Half,NFL,10/4,Captain,"NFL In-Game $15K 2nd Half Clash [$5K to 1st] (2H DET @ CAR);NFL In-Game $20K Thunderdome [Must Fill] (2H DET @ CAR);NFL In-Game $10,170 2026 FFWC Qualifier Satellite [Must Fill] (2H DET @ CAR);NFL In-Game $1.8K Deep Threat [Single Entry] (2H DET @ CAR);NFL In-Game $1K Huddle [Single Entry] (2H DET @ CAR);NFL In-Game $500 Play-Action (2H DET @ CAR);NFL In-Game $600 Bootleg [Single Entry] (2H DET @ CAR);NFL In-Game $267 Winner Take All [$1K to 1st] (2H DET @ CAR);NFL In-Game $500 First Down (2H DET @ CAR);NFL In-Game Satellite to NFL $4,444 Fantasy Football MEGA Millionaire [Must Fill] (2H DET @ CAR)",196297427;196297821;196297824;196297424;196297431;196297428;196297426;196297698;196297429;196297822;196297825;196297820;196297827;196297823;196402607;196297697;196297425;196297430;196297432;196297828,10/4 9:20PM 2H (DET @ CAR)
Jabari Small - Showdown 2nd Half (Captain),196297427;196297821;196297824;196297424;196297431;196297428;196297426;196297698;196297429;196297822;196297825;196297820;196297827;196297823;196402607;196297697;196297425;196297430;196297432;196297828,Jabari Small|DET,44358989,Jabari Small,Jabari,Small,300,CPT,DET,DET @ CAR,10/04/2026 09:20 PM,,DET @ CAR,Showdown 2nd Half,NFL,10/4,Captain,"NFL In-Game $15K 2nd Half Clash [$5K to 1st] (2H DET @ CAR);NFL In-Game $20K Thunderdome [Must Fill] (2H DET @ CAR);NFL In-Game $10,170 2026 FFWC Qualifier Satellite [Must Fill] (2H DET @ CAR);NFL In-Game $1.8K Deep Threat [Single Entry] (2H DET @ CAR);NFL In-Game $1K Huddle [Single Entry] (2H DET @ CAR);NFL In-Game $500 Play-Action (2H DET @ CAR);NFL In-Game $600 Bootleg [Single Entry] (2H DET @ CAR);NFL In-Game $267 Winner Take All [$1K to 1st] (2H DET @ CAR);NFL In-Game $500 First Down (2H DET @ CAR);NFL In-Game Satellite to NFL $4,444 Fantasy Football MEGA Millionaire [Must Fill] (2H DET @ CAR)",196297427;196297821;196297824;196297424;196297431;196297428;196297426;196297698;196297429;196297822;196297825;196297820;196297827;196297823;196402607;196297697;196297425;196297430;196297432;196297828,10/4 9:20PM 2H (DET @ CAR)
Ja'seem Reed - Showdown 2nd Half (Captain),196297427;196297821;196297824;196297424;196297431;196297428;196297426;196297698;196297429;196297822;196297825;196297820;196297827;196297823;196402607;196297697;196297425;196297430;196297432;196297828,Ja'seem Reed|CAR,44358990,Ja'seem Reed,Ja'seem,Reed,300,CPT,CAR,DET @ CAR,10/04/2026 09:20 PM,,DET @ CAR,Showdown 2nd Half,NFL,10/4,Captain,"NFL In-Game $15K 2nd Half Clash [$5K to 1st] (2H DET @ CAR);NFL In-Game $20K Thunderdome [Must Fill] (2H DET @ CAR);NFL In-Game $10,170 2026 FFWC Qualifier Satellite [Must Fill] (2H DET @ CAR);NFL In-Game $1.8K Deep Threat [Single Entry] (2H DET @ CAR);NFL In-Game $1K Huddle [Single Entry] (2H DET @ CAR);NFL In-Game $500 Play-Action (2H DET @ CAR);NFL In-Game $600 Bootleg [Single Entry] (2H DET @ CAR);NFL In-Game $267 Winner Take All [$1K to 1st] (2H DET @ CAR);NFL In-Game $500 First Down (2H DET @ CAR);NFL In-Game Satellite to NFL $4,444 Fantasy Football MEGA Millionaire [Must Fill] (2H DET @ CAR)",196297427;196297821;196297824;196297424;196297431;196297428;196297426;196297698;196297429;196297822;196297825;196297820;196297827;196297823;196402607;196297697;196297425;196297430;196297432;196297828,10/4 9:20PM 2H (DET @ CAR)
Trevor Etienne - Showdown 2nd Half (Captain),196297427;196297821;196297824;196297424;196297431;196297428;196297426;196297698;196297429;196297822;196297825;196297820;196297827;196297823;196402607;196297697;196297425;196297430;196297432;196297828,Trevor Etienne|CAR,44358991,Trevor Etienne,Trevor,Etienne,300,CPT,CAR,DET @ CAR,10/04/2026 09:20 PM,,DET @ CAR,Showdown 2nd Half,NFL,10/4,Captain,"NFL In-Game $15K 2nd Half Clash [$5K to 1st] (2H DET @ CAR);NFL In-Game $20K Thunderdome [Must Fill] (2H DET @ CAR);NFL In-Game $10,170 2026 FFWC Qualifier Satellite [Must Fill] (2H DET @ CAR);NFL In-Game $1.8K Deep Threat [Single Entry] (2H DET @ CAR);NFL In-Game $1K Huddle [Single Entry] (2H DET @ CAR);NFL In-Game $500 Play-Action (2H DET @ CAR);NFL In-Game $600 Bootleg [Single Entry] (2H DET @ CAR);NFL In-Game $267 Winner Take All [$1K to 1st] (2H DET @ CAR);NFL In-Game $500 First Down (2H DET @ CAR);NFL In-Game Satellite to NFL $4,444 Fantasy Football MEGA Millionaire [Must Fill] (2H DET @ CAR)",196297427;196297821;196297824;196297424;196297431;196297428;196297426;196297698;196297429;196297822;196297825;196297820;196297827;196297823;196402607;196297697;196297425;196297430;196297432;196297828,10/4 9:20PM 2H (DET @ CAR)
Anthony Tyus III - Showdown 2nd Half (Captain),196297427;196297821;196297824;196297424;196297431;196297428;196297426;196297698;196297429;196297822;196297825;196297820;196297827;196297823;196402607;196297697;196297425;196297430;196297432;196297828,Anthony Tyus III|CAR,44358992,Anthony Tyus III,Anthony,Tyus III,300,CPT,CAR,DET @ CAR,10/04/2026 09:20 PM,,DET @ CAR,Showdown 2nd Half,NFL,10/4,Captain,"NFL In-Game $15K 2nd Half Clash [$5K to 1st] (2H DET @ CAR);NFL In-Game $20K Thunderdome [Must Fill] (2H DET @ CAR);NFL In-Game $10,170 2026 FFWC Qualifier Satellite [Must Fill] (2H DET @ CAR);NFL In-Game $1.8K Deep Threat [Single Entry] (2H DET @ CAR);NFL In-Game $1K Huddle [Single Entry] (2H DET @ CAR);NFL In-Game $500 Play-Action (2H DET @ CAR);NFL In-Game $600 Bootleg [Single Entry] (2H DET @ CAR);NFL In-Game $267 Winner Take All [$1K to 1st] (2H DET @ CAR);NFL In-Game $500 First Down (2H DET @ CAR);NFL In-Game Satellite to NFL $4,444 Fantasy Football MEGA Millionaire [Must Fill] (2H DET @ CAR)",196297427;196297821;196297824;196297424;196297431;196297428;196297426;196297698;196297429;196297822;196297825;196297820;196297827;196297823;196402607;196297697;196297425;196297430;196297432;196297828,10/4 9:20PM 2H (DET @ CAR)
Jonathon Brooks - Showdown 2nd Half (Captain),196297427;196297821;196297824;196297424;196297431;196297428;196297426;196297698;196297429;196297822;196297825;196297820;196297827;196297823;196402607;196297697;196297425;196297430;196297432;196297828,Jonathon Brooks|CAR,44358993,Jonathon Brooks,Jonathon,Brooks,300,CPT,CAR,DET @ CAR,10/04/2026 09:20 PM,,DET @ CAR,Showdown 2nd Half,NFL,10/4,Captain,"NFL In-Game $15K 2nd Half Clash [$5K to 1st] (2H DET @ CAR);NFL In-Game $20K Thunderdome [Must Fill] (2H DET @ CAR);NFL In-Game $10,170 2026 FFWC Qualifier Satellite [Must Fill] (2H DET @ CAR);NFL In-Game $1.8K Deep Threat [Single Entry] (2H DET @ CAR);NFL In-Game $1K Huddle [Single Entry] (2H DET @ CAR);NFL In-Game $500 Play-Action (2H DET @ CAR);NFL In-Game $600 Bootleg [Single Entry] (2H DET @ CAR);NFL In-Game $267 Winner Take All [$1K to 1st] (2H DET @ CAR);NFL In-Game $500 First Down (2H DET @ CAR);NFL In-Game Satellite to NFL $4,444 Fantasy Football MEGA Millionaire [Must Fill] (2H DET @ CAR)",196297427;196297821;196297824;196297424;196297431;196297428;196297426;196297698;196297429;196297822;196297825;196297820;196297827;196297823;196402607;196297697;196297425;196297430;196297432;196297828,10/4 9:20PM 2H (DET @ CAR)
Ahmani Marshall - Showdown 2nd Half (Captain),196297427;196297821;196297824;196297424;196297431;196297428;196297426;196297698;196297429;196297822;196297825;196297820;196297827;196297823;196402607;196297697;196297425;196297430;196297432;196297828,Ahmani Marshall|CAR,44358994,Ahmani Marshall,Ahmani,Marshall,300,CPT,CAR,DET @ CAR,10/04/2026 09:20 PM,,DET @ CAR,Showdown 2nd Half,NFL,10/4,Captain,"NFL In-Game $15K 2nd Half Clash [$5K to 1st] (2H DET @ CAR);NFL In-Game $20K Thunderdome [Must Fill] (2H DET @ CAR);NFL In-Game $10,170 2026 FFWC Qualifier Satellite [Must Fill] (2H DET @ CAR);NFL In-Game $1.8K Deep Threat [Single Entry] (2H DET @ CAR);NFL In-Game $1K Huddle [Single Entry] (2H DET @ CAR);NFL In-Game $500 Play-Action (2H DET @ CAR);NFL In-Game $600 Bootleg [Single Entry] (2H DET @ CAR);NFL In-Game $267 Winner Take All [$1K to 1st] (2H DET @ CAR);NFL In-Game $500 First Down (2H DET @ CAR);NFL In-Game Satellite to NFL $4,444 Fantasy Football MEGA Millionaire [Must Fill] (2H DET @ CAR)",196297427;196297821;196297824;196297424;196297431;196297428;196297426;196297698;196297429;196297822;196297825;196297820;196297827;196297823;196402607;196297697;196297425;196297430;196297432;196297828,10/4 9:20PM 2H (DET @ CAR)
Kendrick Law - Showdown 2nd Half (Captain),196297427;196297821;196297824;196297424;196297431;196297428;196297426;196297698;196297429;196297822;196297825;196297820;196297827;196297823;196402607;196297697;196297425;196297430;196297432;196297828,Kendrick Law|DET,44358995,Kendrick Law,Kendrick,Law,300,CPT,DET,DET @ CAR,10/04/2026 09:20 PM,,DET @ CAR,Showdown 2nd Half,NFL,10/4,Captain,"NFL In-Game $15K 2nd Half Clash [$5K to 1st] (2H DET @ CAR);NFL In-Game $20K Thunderdome [Must Fill] (2H DET @ CAR);NFL In-Game $10,170 2026 FFWC Qualifier Satellite [Must Fill] (2H DET @ CAR);NFL In-Game $1.8K Deep Threat [Single Entry] (2H DET @ CAR);NFL In-Game $1K Huddle [Single Entry] (2H DET @ CAR);NFL In-Game $500 Play-Action (2H DET @ CAR);NFL In-Game $600 Bootleg [Single Entry] (2H DET @ CAR);NFL In-Game $267 Winner Take All [$1K to 1st] (2H DET @ CAR);NFL In-Game $500 First Down (2H DET @ CAR);NFL In-Game Satellite to NFL $4,444 Fantasy Football MEGA Millionaire [Must Fill] (2H DET @ CAR)",196297427;196297821;196297824;196297424;196297431;196297428;196297426;196297698;196297429;196297822;196297825;196297820;196297827;196297823;196402607;196297697;196297425;196297430;196297432;196297828,10/4 9:20PM 2H (DET @ CAR)
Dominic Lovett - Showdown 2nd Half (Captain),196297427;196297821;196297824;196297424;196297431;196297428;196297426;196297698;196297429;196297822;196297825;196297820;196297827;196297823;196402607;196297697;196297425;196297430;196297432;196297828,Dominic Lovett|DET,44358996,Dominic Lovett,Dominic,Lovett,300,CPT,DET,DET @ CAR,10/04/2026 09:20 PM,,DET @ CAR,Showdown 2nd Half,NFL,10/4,Captain,"NFL In-Game $15K 2nd Half Clash [$5K to 1st] (2H DET @ CAR);NFL In-Game $20K Thunderdome [Must Fill] (2H DET @ CAR);NFL In-Game $10,170 2026 FFWC Qualifier Satellite [Must Fill] (2H DET @ CAR);NFL In-Game $1.8K Deep Threat [Single Entry] (2H DET @ CAR);NFL In-Game $1K Huddle [Single Entry] (2H DET @ CAR);NFL In-Game $500 Play-Action (2H DET @ CAR);NFL In-Game $600 Bootleg [Single Entry] (2H DET @ CAR);NFL In-Game $267 Winner Take All [$1K to 1st] (2H DET @ CAR);NFL In-Game $500 First Down (2H DET @ CAR);NFL In-Game Satellite to NFL $4,444 Fantasy Football MEGA Millionaire [Must Fill] (2H DET @ CAR)",196297427;196297821;196297824;196297424;196297431;196297428;196297426;196297698;196297429;196297822;196297825;196297820;196297827;196297823;196402607;196297697;196297425;196297430;196297432;196297828,10/4 9:20PM 2H (DET @ CAR)
Lucky Jackson - Showdown 2nd Half (Captain),196297427;196297821;196297824;196297424;196297431;196297428;196297426;196297698;196297429;196297822;196297825;196297820;196297827;196297823;196402607;196297697;196297425;196297430;196297432;196297828,Lucky Jackson|DET,44358997,Lucky Jackson,Lucky,Jackson,300,CPT,DET,DET @ CAR,10/04/2026 09:20 PM,,DET @ CAR,Showdown 2nd Half,NFL,10/4,Captain,"NFL In-Game $15K 2nd Half Clash [$5K to 1st] (2H DET @ CAR);NFL In-Game $20K Thunderdome [Must Fill] (2H DET @ CAR);NFL In-Game $10,170 2026 FFWC Qualifier Satellite [Must Fill] (2H DET @ CAR);NFL In-Game $1.8K Deep Threat [Single Entry] (2H DET @ CAR);NFL In-Game $1K Huddle [Single Entry] (2H DET @ CAR);NFL In-Game $500 Play-Action (2H DET @ CAR);NFL In-Game $600 Bootleg [Single Entry] (2H DET @ CAR);NFL In-Game $267 Winner Take All [$1K to 1st] (2H DET @ CAR);NFL In-Game $500 First Down (2H DET @ CAR);NFL In-Game Satellite to NFL $4,444 Fantasy Football MEGA Millionaire [Must Fill] (2H DET @ CAR)",196297427;196297821;196297824;196297424;196297431;196297428;196297426;196297698;196297429;196297822;196297825;196297820;196297827;196297823;196402607;196297697;196297425;196297430;196297432;196297828,10/4 9:20PM 2H (DET @ CAR)
Ja'Tavion Sanders - Showdown 2nd Half (Captain),196297427;196297821;196297824;196297424;196297431;196297428;196297426;196297698;196297429;196297822;196297825;196297820;196297827;196297823;196402607;196297697;196297425;196297430;196297432;196297828,Ja'Tavion Sanders|CAR,44358998,Ja'Tavion Sanders,Ja'Tavion,Sanders,300,CPT,CAR,DET @ CAR,10/04/2026 09:20 PM,,DET @ CAR,Showdown 2nd Half,NFL,10/4,Captain,"NFL In-Game $15K 2nd Half Clash [$5K to 1st] (2H DET @ CAR);NFL In-Game $20K Thunderdome [Must Fill] (2H DET @ CAR);NFL In-Game $10,170 2026 FFWC Qualifier Satellite [Must Fill] (2H DET @ CAR);NFL In-Game $1.8K Deep Threat [Single Entry] (2H DET @ CAR);NFL In-Game $1K Huddle [Single Entry] (2H DET @ CAR);NFL In-Game $500 Play-Action (2H DET @ CAR);NFL In-Game $600 Bootleg [Single Entry] (2H DET @ CAR);NFL In-Game $267 Winner Take All [$1K to 1st] (2H DET @ CAR);NFL In-Game $500 First Down (2H DET @ CAR);NFL In-Game Satellite to NFL $4,444 Fantasy Football MEGA Millionaire [Must Fill] (2H DET @ CAR)",196297427;196297821;196297824;196297424;196297431;196297428;196297426;196297698;196297429;196297822;196297825;196297820;196297827;196297823;196402607;196297697;196297425;196297430;196297432;196297828,10/4 9:20PM 2H (DET @ CAR)
Miles Kitselman - Showdown 2nd Half (Captain),196297427;196297821;196297824;196297424;196297431;196297428;196297426;196297698;196297429;196297822;196297825;196297820;196297827;196297823;196402607;196297697;196297425;196297430;196297432;196297828,Miles Kitselman|DET,44358999,Miles Kitselman,Miles,Kitselman,300,CPT,DET,DET @ CAR,10/04/2026 09:20 PM,,DET @ CAR,Showdown 2nd Half,NFL,10/4,Captain,"NFL In-Game $15K 2nd Half Clash [$5K to 1st] (2H DET @ CAR);NFL In-Game $20K Thunderdome [Must Fill] (2H DET @ CAR);NFL In-Game $10,170 2026 FFWC Qualifier Satellite [Must Fill] (2H DET @ CAR);NFL In-Game $1.8K Deep Threat [Single Entry] (2H DET @ CAR);NFL In-Game $1K Huddle [Single Entry] (2H DET @ CAR);NFL In-Game $500 Play-Action (2H DET @ CAR);NFL In-Game $600 Bootleg [Single Entry] (2H DET @ CAR);NFL In-Game $267 Winner Take All [$1K to 1st] (2H DET @ CAR);NFL In-Game $500 First Down (2H DET @ CAR);NFL In-Game Satellite to NFL $4,444 Fantasy Football MEGA Millionaire [Must Fill] (2H DET @ CAR)",196297427;196297821;196297824;196297424;196297431;196297428;196297426;196297698;196297429;196297822;196297825;196297820;196297827;196297823;196402607;196297697;196297425;196297430;196297432;196297828,10/4 9:20PM 2H (DET @ CAR)
Tyler Conklin - Showdown 2nd Half (Captain),196297427;196297821;196297824;196297424;196297431;196297428;196297426;196297698;196297429;196297822;196297825;196297820;196297827;196297823;196402607;196297697;196297425;196297430;196297432;196297828,Tyler Conklin|DET,44359000,Tyler Conklin,Tyler,Conklin,300,CPT,DET,DET @ CAR,10/04/2026 09:20 PM,,DET @ CAR,Showdown 2nd Half,NFL,10/4,Captain,"NFL In-Game $15K 2nd Half Clash [$5K to 1st] (2H DET @ CAR);NFL In-Game $20K Thunderdome [Must Fill] (2H DET @ CAR);NFL In-Game $10,170 2026 FFWC Qualifier Satellite [Must Fill] (2H DET @ CAR);NFL In-Game $1.8K Deep Threat [Single Entry] (2H DET @ CAR);NFL In-Game $1K Huddle [Single Entry] (2H DET @ CAR);NFL In-Game $500 Play-Action (2H DET @ CAR);NFL In-Game $600 Bootleg [Single Entry] (2H DET @ CAR);NFL In-Game $267 Winner Take All [$1K to 1st] (2H DET @ CAR);NFL In-Game $500 First Down (2H DET @ CAR);NFL In-Game Satellite to NFL $4,444 Fantasy Football MEGA Millionaire [Must Fill] (2H DET @ CAR)",196297427;196297821;196297824;196297424;196297431;196297428;196297426;196297698;196297429;196297822;196297825;196297820;196297827;196297823;196402607;196297697;196297425;196297430;196297432;196297828,10/4 9:20PM 2H (DET @ CAR)
Casey Washington - Showdown 2nd Half (Captain),196297427;196297821;196297824;196297424;196297431;196297428;196297426;196297698;196297429;196297822;196297825;196297820;196297827;196297823;196402607;196297697;196297425;196297430;196297432;196297828,Casey Washington|CAR,44359001,Casey Washington,Casey,Washington,300,CPT,CAR,DET @ CAR,10/04/2026 09:20 PM,,DET @ CAR,Showdown 2nd Half,NFL,10/4,Captain,"NFL In-Game $15K 2nd Half Clash [$5K to 1st] (2H DET @ CAR);NFL In-Game $20K Thunderdome [Must Fill] (2H DET @ CAR);NFL In-Game $10,170 2026 FFWC Qualifier Satellite [Must Fill] (2H DET @ CAR);NFL In-Game $1.8K Deep Threat [Single Entry] (2H DET @ CAR);NFL In-Game $1K Huddle [Single Entry] (2H DET @ CAR);NFL In-Game $500 Play-Action (2H DET @ CAR);NFL In-Game $600 Bootleg [Single Entry] (2H DET @ CAR);NFL In-Game $267 Winner Take All [$1K to 1st] (2H DET @ CAR);NFL In-Game $500 First Down (2H DET @ CAR);NFL In-Game Satellite to NFL $4,444 Fantasy Football MEGA Millionaire [Must Fill] (2H DET @ CAR)",196297427;196297821;196297824;196297424;196297431;196297428;196297426;196297698;196297429;196297822;196297825;196297820;196297827;196297823;196402607;196297697;196297425;196297430;196297432;196297828,10/4 9:20PM 2H (DET @ CAR)
Lawrence Keys III - Showdown 2nd Half (Captain),196297427;196297821;196297824;196297424;196297431;196297428;196297426;196297698;196297429;196297822;196297825;196297820;196297827;196297823;196402607;196297697;196297425;196297430;196297432;196297828,Lawrence Keys III|DET,44359002,Lawrence Keys III,Lawrence,Keys III,300,CPT,DET,DET @ CAR,10/04/2026 09:20 PM,,DET @ CAR,Showdown 2nd Half,NFL,10/4,Captain,"NFL In-Game $15K 2nd Half Clash [$5K to 1st] (2H DET @ CAR);NFL In-Game $20K Thunderdome [Must Fill] (2H DET @ CAR);NFL In-Game $10,170 2026 FFWC Qualifier Satellite [Must Fill] (2H DET @ CAR);NFL In-Game $1.8K Deep Threat [Single Entry] (2H DET @ CAR);NFL In-Game $1K Huddle [Single Entry] (2H DET @ CAR);NFL In-Game $500 Play-Action (2H DET @ CAR);NFL In-Game $600 Bootleg [Single Entry] (2H DET @ CAR);NFL In-Game $267 Winner Take All [$1K to 1st] (2H DET @ CAR);NFL In-Game $500 First Down (2H DET @ CAR);NFL In-Game Satellite to NFL $4,444 Fantasy Football MEGA Millionaire [Must Fill] (2H DET @ CAR)",196297427;196297821;196297824;196297424;196297431;196297428;196297426;196297698;196297429;196297822;196297825;196297820;196297827;196297823;196402607;196297697;196297425;196297430;196297432;196297828,10/4 9:20PM 2H (DET @ CAR)
Thomas Gordon - Showdown 2nd Half (Captain),196297427;196297821;196297824;196297424;196297431;196297428;196297426;196297698;196297429;196297822;196297825;196297820;196297827;196297823;196402607;196297697;196297425;196297430;196297432;196297828,Thomas Gordon|DET,44359003,Thomas Gordon,Thomas,Gordon,300,CPT,DET,DET @ CAR,10/04/2026 09:20 PM,,DET @ CAR,Showdown 2nd Half,NFL,10/4,Captain,"NFL In-Game $15K 2nd Half Clash [$5K to 1st] (2H DET @ CAR);NFL In-Game $20K Thunderdome [Must Fill] (2H DET @ CAR);NFL In-Game $10,170 2026 FFWC Qualifier Satellite [Must Fill] (2H DET @ CAR);NFL In-Game $1.8K Deep Threat [Single Entry] (2H DET @ CAR);NFL In-Game $1K Huddle [Single Entry] (2H DET @ CAR);NFL In-Game $500 Play-Action (2H DET @ CAR);NFL In-Game $600 Bootleg [Single Entry] (2H DET @ CAR);NFL In-Game $267 Winner Take All [$1K to 1st] (2H DET @ CAR);NFL In-Game $500 First Down (2H DET @ CAR);NFL In-Game Satellite to NFL $4,444 Fantasy Football MEGA Millionaire [Must Fill] (2H DET @ CAR)",196297427;196297821;196297824;196297424;196297431;196297428;196297426;196297698;196297429;196297822;196297825;196297820;196297827;196297823;196402607;196297697;196297425;196297430;196297432;196297828,10/4 9:20PM 2H (DET @ CAR)
Feleipe Franks - Showdown 2nd Half (Captain),196297427;196297821;196297824;196297424;196297431;196297428;196297426;196297698;196297429;196297822;196297825;196297820;196297827;196297823;196402607;196297697;196297425;196297430;196297432;196297828,Feleipe Franks|CAR,44359004,Feleipe Franks,Feleipe,Franks,300,CPT,CAR,DET @ CAR,10/04/2026 09:20 PM,,DET @ CAR,Showdown 2nd Half,NFL,10/4,Captain,"NFL In-Game $15K 2nd Half Clash [$5K to 1st] (2H DET @ CAR);NFL In-Game $20K Thunderdome [Must Fill] (2H DET @ CAR);NFL In-Game $10,170 2026 FFWC Qualifier Satellite [Must Fill] (2H DET @ CAR);NFL In-Game $1.8K Deep Threat [Single Entry] (2H DET @ CAR);NFL In-Game $1K Huddle [Single Entry] (2H DET @ CAR);NFL In-Game $500 Play-Action (2H DET @ CAR);NFL In-Game $600 Bootleg [Single Entry] (2H DET @ CAR);NFL In-Game $267 Winner Take All [$1K to 1st] (2H DET @ CAR);NFL In-Game $500 First Down (2H DET @ CAR);NFL In-Game Satellite to NFL $4,444 Fantasy Football MEGA Millionaire [Must Fill] (2H DET @ CAR)",196297427;196297821;196297824;196297424;196297431;196297428;196297426;196297698;196297429;196297822;196297825;196297820;196297827;196297823;196402607;196297697;196297425;196297430;196297432;196297828,10/4 9:20PM 2H (DET @ CAR)
Casey Washington - Showdown 4th Quarter (Captain),196297920;196297923;196297434;196297921;196297924;196297433;196297919;196297926;196297922;196297435;196297436;196297927;196297705;196297704;196297856;196297925;196297829;196297834;196297830;196297835,Casey Washington|CAR,44359087,Casey Washington,Casey,Washington,300,CPT,CAR,DET @ CAR,10/04/2026 09:50 PM,,DET @ CAR,Showdown 4th Quarter,NFL,10/4,Captain,"NFL In-Game $20K Thunderdome [Must Fill] (4Q DET @ CAR);NFL In-Game $10,170 2026 FFWC Qualifier Satellite [Must Fill] (4Q DET @ CAR);NFL In-Game $3K 4th Quarter Finish [$1K to 1st] (4Q DET @ CAR);NFL In-Game Satellite to NFL $4,444 Fantasy Football MEGA Millionaire [Must Fill] (4Q DET @ CAR);NFL In-Game Satellite to NFL 10-12 $4,444 Showdown MEGA Millionaire [Must Fill] (4Q DET @ CAR);NFL In-Game $285 Bootleg [Single Entry] (4Q DET @ CAR);NFL In-Game $1,060 Winner Take All [$4K to 1st] (Must Fill) (4Q DET @ CAR);NFL In-Game Satellite to NFL 11-1 Midseason Main Event [Must Fill] (4Q DET @ CAR);NFL In-Game Satellite to NFL $555 Fantasy Football Millionaire [Must Fill] (4Q DET @ CAR);NFL In-Game $150 First Down (4Q DET @ CAR)",196297920;196297923;196297434;196297921;196297924;196297433;196297919;196297926;196297922;196297435;196297436;196297927;196297705;196297704;196297856;196297925;196297829;196297834;196297830;196297835,10/4 9:50PM Q4 (DET @ CAR)
Thomas Gordon - Showdown 4th Quarter (Captain),196297920;196297923;196297434;196297921;196297924;196297433;196297919;196297926;196297922;196297435;196297436;196297927;196297705;196297704;196297856;196297925;196297829;196297834;196297830;196297835,Thomas Gordon|DET,44359088,Thomas Gordon,Thomas,Gordon,300,CPT,DET,DET @ CAR,10/04/2026 09:50 PM,,DET @ CAR,Showdown 4th Quarter,NFL,10/4,Captain,"NFL In-Game $20K Thunderdome [Must Fill] (4Q DET @ CAR);NFL In-Game $10,170 2026 FFWC Qualifier Satellite [Must Fill] (4Q DET @ CAR);NFL In-Game $3K 4th Quarter Finish [$1K to 1st] (4Q DET @ CAR);NFL In-Game Satellite to NFL $4,444 Fantasy Football MEGA Millionaire [Must Fill] (4Q DET @ CAR);NFL In-Game Satellite to NFL 10-12 $4,444 Showdown MEGA Millionaire [Must Fill] (4Q DET @ CAR);NFL In-Game $285 Bootleg [Single Entry] (4Q DET @ CAR);NFL In-Game $1,060 Winner Take All [$4K to 1st] (Must Fill) (4Q DET @ CAR);NFL In-Game Satellite to NFL 11-1 Midseason Main Event [Must Fill] (4Q DET @ CAR);NFL In-Game Satellite to NFL $555 Fantasy Football Millionaire [Must Fill] (4Q DET @ CAR);NFL In-Game $150 First Down (4Q DET @ CAR)",196297920;196297923;196297434;196297921;196297924;196297433;196297919;196297926;196297922;196297435;196297436;196297927;196297705;196297704;196297856;196297925;196297829;196297834;196297830;196297835,10/4 9:50PM Q4 (DET @ CAR)
Ja'Tavion Sanders - Showdown 4th Quarter (Captain),196297920;196297923;196297434;196297921;196297924;196297433;196297919;196297926;196297922;196297435;196297436;196297927;196297705;196297704;196297856;196297925;196297829;196297834;196297830;196297835,Ja'Tavion Sanders|CAR,44359089,Ja'Tavion Sanders,Ja'Tavion,Sanders,300,CPT,CAR,DET @ CAR,10/04/2026 09:50 PM,,DET @ CAR,Showdown 4th Quarter,NFL,10/4,Captain,"NFL In-Game $20K Thunderdome [Must Fill] (4Q DET @ CAR);NFL In-Game $10,170 2026 FFWC Qualifier Satellite [Must Fill] (4Q DET @ CAR);NFL In-Game $3K 4th Quarter Finish [$1K to 1st] (4Q DET @ CAR);NFL In-Game Satellite to NFL $4,444 Fantasy Football MEGA Millionaire [Must Fill] (4Q DET @ CAR);NFL In-Game Satellite to NFL 10-12 $4,444 Showdown MEGA Millionaire [Must Fill] (4Q DET @ CAR);NFL In-Game $285 Bootleg [Single Entry] (4Q DET @ CAR);NFL In-Game $1,060 Winner Take All [$4K to 1st] (Must Fill) (4Q DET @ CAR);NFL In-Game Satellite to NFL 11-1 Midseason Main Event [Must Fill] (4Q DET @ CAR);NFL In-Game Satellite to NFL $555 Fantasy Football Millionaire [Must Fill] (4Q DET @ CAR);NFL In-Game $150 First Down (4Q DET @ CAR)",196297920;196297923;196297434;196297921;196297924;196297433;196297919;196297926;196297922;196297435;196297436;196297927;196297705;196297704;196297856;196297925;196297829;196297834;196297830;196297835,10/4 9:50PM Q4 (DET @ CAR)
Lucky Jackson - Showdown 4th Quarter (Captain),196297920;196297923;196297434;196297921;196297924;196297433;196297919;196297926;196297922;196297435;196297436;196297927;196297705;196297704;196297856;196297925;196297829;196297834;196297830;196297835,Lucky Jackson|DET,44359090,Lucky Jackson,Lucky,Jackson,300,CPT,DET,DET @ CAR,10/04/2026 09:50 PM,,DET @ CAR,Showdown 4th Quarter,NFL,10/4,Captain,"NFL In-Game $20K Thunderdome [Must Fill] (4Q DET @ CAR);NFL In-Game $10,170 2026 FFWC Qualifier Satellite [Must Fill] (4Q DET @ CAR);NFL In-Game $3K 4th Quarter Finish [$1K to 1st] (4Q DET @ CAR);NFL In-Game Satellite to NFL $4,444 Fantasy Football MEGA Millionaire [Must Fill] (4Q DET @ CAR);NFL In-Game Satellite to NFL 10-12 $4,444 Showdown MEGA Millionaire [Must Fill] (4Q DET @ CAR);NFL In-Game $285 Bootleg [Single Entry] (4Q DET @ CAR);NFL In-Game $1,060 Winner Take All [$4K to 1st] (Must Fill) (4Q DET @ CAR);NFL In-Game Satellite to NFL 11-1 Midseason Main Event [Must Fill] (4Q DET @ CAR);NFL In-Game Satellite to NFL $555 Fantasy Football Millionaire [Must Fill] (4Q DET @ CAR);NFL In-Game $150 First Down (4Q DET @ CAR)",196297920;196297923;196297434;196297921;196297924;196297433;196297919;196297926;196297922;196297435;196297436;196297927;196297705;196297704;196297856;196297925;196297829;196297834;196297830;196297835,10/4 9:50PM Q4 (DET @ CAR)
Ahmani Marshall - Showdown 4th Quarter (Captain),196297920;196297923;196297434;196297921;196297924;196297433;196297919;196297926;196297922;196297435;196297436;196297927;196297705;196297704;196297856;196297925;196297829;196297834;196297830;196297835,Ahmani Marshall|CAR,44359091,Ahmani Marshall,Ahmani,Marshall,300,CPT,CAR,DET @ CAR,10/04/2026 09:50 PM,,DET @ CAR,Showdown 4th Quarter,NFL,10/4,Captain,"NFL In-Game $20K Thunderdome [Must Fill] (4Q DET @ CAR);NFL In-Game $10,170 2026 FFWC Qualifier Satellite [Must Fill] (4Q DET @ CAR);NFL In-Game $3K 4th Quarter Finish [$1K to 1st] (4Q DET @ CAR);NFL In-Game Satellite to NFL $4,444 Fantasy Football MEGA Millionaire [Must Fill] (4Q DET @ CAR);NFL In-Game Satellite to NFL 10-12 $4,444 Showdown MEGA Millionaire [Must Fill] (4Q DET @ CAR);NFL In-Game $285 Bootleg [Single Entry] (4Q DET @ CAR);NFL In-Game $1,060 Winner Take All [$4K to 1st] (Must Fill) (4Q DET @ CAR);NFL In-Game Satellite to NFL 11-1 Midseason Main Event [Must Fill] (4Q DET @ CAR);NFL In-Game Satellite to NFL $555 Fantasy Football Millionaire [Must Fill] (4Q DET @ CAR);NFL In-Game $150 First Down (4Q DET @ CAR)",196297920;196297923;196297434;196297921;196297924;196297433;196297919;196297926;196297922;196297435;196297436;196297927;196297705;196297704;196297856;196297925;196297829;196297834;196297830;196297835,10/4 9:50PM Q4 (DET @ CAR)
Lawrence Keys III - Showdown 4th Quarter (Captain),196297920;196297923;196297434;196297921;196297924;196297433;196297919;196297926;196297922;196297435;196297436;196297927;196297705;196297704;196297856;196297925;196297829;196297834;196297830;196297835,Lawrence Keys III|DET,44359092,Lawrence Keys III,Lawrence,Keys III,300,CPT,DET,DET @ CAR,10/04/2026 09:50 PM,,DET @ CAR,Showdown 4th Quarter,NFL,10/4,Captain,"NFL In-Game $20K Thunderdome [Must Fill] (4Q DET @ CAR);NFL In-Game $10,170 2026 FFWC Qualifier Satellite [Must Fill] (4Q DET @ CAR);NFL In-Game $3K 4th Quarter Finish [$1K to 1st] (4Q DET @ CAR);NFL In-Game Satellite to NFL $4,444 Fantasy Football MEGA Millionaire [Must Fill] (4Q DET @ CAR);NFL In-Game Satellite to NFL 10-12 $4,444 Showdown MEGA Millionaire [Must Fill] (4Q DET @ CAR);NFL In-Game $285 Bootleg [Single Entry] (4Q DET @ CAR);NFL In-Game $1,060 Winner Take All [$4K to 1st] (Must Fill) (4Q DET @ CAR);NFL In-Game Satellite to NFL 11-1 Midseason Main Event [Must Fill] (4Q DET @ CAR);NFL In-Game Satellite to NFL $555 Fantasy Football Millionaire [Must Fill] (4Q DET @ CAR);NFL In-Game $150 First Down (4Q DET @ CAR)",196297920;196297923;196297434;196297921;196297924;196297433;196297919;196297926;196297922;196297435;196297436;196297927;196297705;196297704;196297856;196297925;196297829;196297834;196297830;196297835,10/4 9:50PM Q4 (DET @ CAR)
Tyler Conklin - Showdown 4th Quarter (Captain),196297920;196297923;196297434;196297921;196297924;196297433;196297919;196297926;196297922;196297435;196297436;196297927;196297705;196297704;196297856;196297925;196297829;196297834;196297830;196297835,Tyler Conklin|DET,44359093,Tyler Conklin,Tyler,Conklin,300,CPT,DET,DET @ CAR,10/04/2026 09:50 PM,,DET @ CAR,Showdown 4th Quarter,NFL,10/4,Captain,"NFL In-Game $20K Thunderdome [Must Fill] (4Q DET @ CAR);NFL In-Game $10,170 2026 FFWC Qualifier Satellite [Must Fill] (4Q DET @ CAR);NFL In-Game $3K 4th Quarter Finish [$1K to 1st] (4Q DET @ CAR);NFL In-Game Satellite to NFL $4,444 Fantasy Football MEGA Millionaire [Must Fill] (4Q DET @ CAR);NFL In-Game Satellite to NFL 10-12 $4,444 Showdown MEGA Millionaire [Must Fill] (4Q DET @ CAR);NFL In-Game $285 Bootleg [Single Entry] (4Q DET @ CAR);NFL In-Game $1,060 Winner Take All [$4K to 1st] (Must Fill) (4Q DET @ CAR);NFL In-Game Satellite to NFL 11-1 Midseason Main Event [Must Fill] (4Q DET @ CAR);NFL In-Game Satellite to NFL $555 Fantasy Football Millionaire [Must Fill] (4Q DET @ CAR);NFL In-Game $150 First Down (4Q DET @ CAR)",196297920;196297923;196297434;196297921;196297924;196297433;196297919;196297926;196297922;196297435;196297436;196297927;196297705;196297704;196297856;196297925;196297829;196297834;196297830;196297835,10/4 9:50PM Q4 (DET @ CAR)
Isiah Pacheco - Showdown 4th Quarter (Captain),196297920;196297923;196297434;196297921;196297924;196297433;196297919;196297926;196297922;196297435;196297436;196297927;196297705;196297704;196297856;196297925;196297829;196297834;196297830;196297835,Isiah Pacheco|DET,44359094,Isiah Pacheco,Isiah,Pacheco,300,CPT,DET,DET @ CAR,10/04/2026 09:50 PM,,DET @ CAR,Showdown 4th Quarter,NFL,10/4,Captain,"NFL In-Game $20K Thunderdome [Must Fill] (4Q DET @ CAR);NFL In-Game $10,170 2026 FFWC Qualifier Satellite [Must Fill] (4Q DET @ CAR);NFL In-Game $3K 4th Quarter Finish [$1K to 1st] (4Q DET @ CAR);NFL In-Game Satellite to NFL $4,444 Fantasy Football MEGA Millionaire [Must Fill] (4Q DET @ CAR);NFL In-Game Satellite to NFL 10-12 $4,444 Showdown MEGA Millionaire [Must Fill] (4Q DET @ CAR);NFL In-Game $285 Bootleg [Single Entry] (4Q DET @ CAR);NFL In-Game $1,060 Winner Take All [$4K to 1st] (Must Fill) (4Q DET @ CAR);NFL In-Game Satellite to NFL 11-1 Midseason Main Event [Must Fill] (4Q DET @ CAR);NFL In-Game Satellite to NFL $555 Fantasy Football Millionaire [Must Fill] (4Q DET @ CAR);NFL In-Game $150 First Down (4Q DET @ CAR)",196297920;196297923;196297434;196297921;196297924;196297433;196297919;196297926;196297922;196297435;196297436;196297927;196297705;196297704;196297856;196297925;196297829;196297834;196297830;196297835,10/4 9:50PM Q4 (DET @ CAR)
Feleipe Franks - Showdown 4th Quarter (Captain),196297920;196297923;196297434;196297921;196297924;196297433;196297919;196297926;196297922;196297435;196297436;196297927;196297705;196297704;196297856;196297925;196297829;196297834;196297830;196297835,Feleipe Franks|CAR,44359095,Feleipe Franks,Feleipe,Franks,300,CPT,CAR,DET @ CAR,10/04/2026 09:50 PM,,DET @ CAR,Showdown 4th Quarter,NFL,10/4,Captain,"NFL In-Game $20K Thunderdome [Must Fill] (4Q DET @ CAR);NFL In-Game $10,170 2026 FFWC Qualifier Satellite [Must Fill] (4Q DET @ CAR);NFL In-Game $3K 4th Quarter Finish [$1K to 1st] (4Q DET @ CAR);NFL In-Game Satellite to NFL $4,444 Fantasy Football MEGA Millionaire [Must Fill] (4Q DET @ CAR);NFL In-Game Satellite to NFL 10-12 $4,444 Showdown MEGA Millionaire [Must Fill] (4Q DET @ CAR);NFL In-Game $285 Bootleg [Single Entry] (4Q DET @ CAR);NFL In-Game $1,060 Winner Take All [$4K to 1st] (Must Fill) (4Q DET @ CAR);NFL In-Game Satellite to NFL 11-1 Midseason Main Event [Must Fill] (4Q DET @ CAR);NFL In-Game Satellite to NFL $555 Fantasy Football Millionaire [Must Fill] (4Q DET @ CAR);NFL In-Game $150 First Down (4Q DET @ CAR)",196297920;196297923;196297434;196297921;196297924;196297433;196297919;196297926;196297922;196297435;196297436;196297927;196297705;196297704;196297856;196297925;196297829;196297834;196297830;196297835,10/4 9:50PM Q4 (DET @ CAR)
Anthony Tyus III - Showdown 4th Quarter (Captain),196297920;196297923;196297434;196297921;196297924;196297433;196297919;196297926;196297922;196297435;196297436;196297927;196297705;196297704;196297856;196297925;196297829;196297834;196297830;196297835,Anthony Tyus III|CAR,44359096,Anthony Tyus III,Anthony,Tyus III,300,CPT,CAR,DET @ CAR,10/04/2026 09:50 PM,,DET @ CAR,Showdown 4th Quarter,NFL,10/4,Captain,"NFL In-Game $20K Thunderdome [Must Fill] (4Q DET @ CAR);NFL In-Game $10,170 2026 FFWC Qualifier Satellite [Must Fill] (4Q DET @ CAR);NFL In-Game $3K 4th Quarter Finish [$1K to 1st] (4Q DET @ CAR);NFL In-Game Satellite to NFL $4,444 Fantasy Football MEGA Millionaire [Must Fill] (4Q DET @ CAR);NFL In-Game Satellite to NFL 10-12 $4,444 Showdown MEGA Millionaire [Must Fill] (4Q DET @ CAR);NFL In-Game $285 Bootleg [Single Entry] (4Q DET @ CAR);NFL In-Game $1,060 Winner Take All [$4K to 1st] (Must Fill) (4Q DET @ CAR);NFL In-Game Satellite to NFL 11-1 Midseason Main Event [Must Fill] (4Q DET @ CAR);NFL In-Game Satellite to NFL $555 Fantasy Football Millionaire [Must Fill] (4Q DET @ CAR);NFL In-Game $150 First Down (4Q DET @ CAR)",196297920;196297923;196297434;196297921;196297924;196297433;196297919;196297926;196297922;196297435;196297436;196297927;196297705;196297704;196297856;196297925;196297829;196297834;196297830;196297835,10/4 9:50PM Q4 (DET @ CAR)
Kendrick Law - Showdown 4th Quarter (Captain),196297920;196297923;196297434;196297921;196297924;196297433;196297919;196297926;196297922;196297435;196297436;196297927;196297705;196297704;196297856;196297925;196297829;196297834;196297830;196297835,Kendrick Law|DET,44359097,Kendrick Law,Kendrick,Law,300,CPT,DET,DET @ CAR,10/04/2026 09:50 PM,,DET @ CAR,Showdown 4th Quarter,NFL,10/4,Captain,"NFL In-Game $20K Thunderdome [Must Fill] (4Q DET @ CAR);NFL In-Game $10,170 2026 FFWC Qualifier Satellite [Must Fill] (4Q DET @ CAR);NFL In-Game $3K 4th Quarter Finish [$1K to 1st] (4Q DET @ CAR);NFL In-Game Satellite to NFL $4,444 Fantasy Football MEGA Millionaire [Must Fill] (4Q DET @ CAR);NFL In-Game Satellite to NFL 10-12 $4,444 Showdown MEGA Millionaire [Must Fill] (4Q DET @ CAR);NFL In-Game $285 Bootleg [Single Entry] (4Q DET @ CAR);NFL In-Game $1,060 Winner Take All [$4K to 1st] (Must Fill) (4Q DET @ CAR);NFL In-Game Satellite to NFL 11-1 Midseason Main Event [Must Fill] (4Q DET @ CAR);NFL In-Game Satellite to NFL $555 Fantasy Football Millionaire [Must Fill] (4Q DET @ CAR);NFL In-Game $150 First Down (4Q DET @ CAR)",196297920;196297923;196297434;196297921;196297924;196297433;196297919;196297926;196297922;196297435;196297436;196297927;196297705;196297704;196297856;196297925;196297829;196297834;196297830;196297835,10/4 9:50PM Q4 (DET @ CAR)
Miles Kitselman - Showdown 4th Quarter (Captain),196297920;196297923;196297434;196297921;196297924;196297433;196297919;196297926;196297922;196297435;196297436;196297927;196297705;196297704;196297856;196297925;196297829;196297834;196297830;196297835,Miles Kitselman|DET,44359098,Miles Kitselman,Miles,Kitselman,300,CPT,DET,DET @ CAR,10/04/2026 09:50 PM,,DET @ CAR,Showdown 4th Quarter,NFL,10/4,Captain,"NFL In-Game $20K Thunderdome [Must Fill] (4Q DET @ CAR);NFL In-Game $10,170 2026 FFWC Qualifier Satellite [Must Fill] (4Q DET @ CAR);NFL In-Game $3K 4th Quarter Finish [$1K to 1st] (4Q DET @ CAR);NFL In-Game Satellite to NFL $4,444 Fantasy Football MEGA Millionaire [Must Fill] (4Q DET @ CAR);NFL In-Game Satellite to NFL 10-12 $4,444 Showdown MEGA Millionaire [Must Fill] (4Q DET @ CAR);NFL In-Game $285 Bootleg [Single Entry] (4Q DET @ CAR);NFL In-Game $1,060 Winner Take All [$4K to 1st] (Must Fill) (4Q DET @ CAR);NFL In-Game Satellite to NFL 11-1 Midseason Main Event [Must Fill] (4Q DET @ CAR);NFL In-Game Satellite to NFL $555 Fantasy Football Millionaire [Must Fill] (4Q DET @ CAR);NFL In-Game $150 First Down (4Q DET @ CAR)",196297920;196297923;196297434;196297921;196297924;196297433;196297919;196297926;196297922;196297435;196297436;196297927;196297705;196297704;196297856;196297925;196297829;196297834;196297830;196297835,10/4 9:50PM Q4 (DET @ CAR)
Dominic Lovett - Showdown 4th Quarter (Captain),196297920;196297923;196297434;196297921;196297924;196297433;196297919;196297926;196297922;196297435;196297436;196297927;196297705;196297704;196297856;196297925;196297829;196297834;196297830;196297835,Dominic Lovett|DET,44359099,Dominic Lovett,Dominic,Lovett,300,CPT,DET,DET @ CAR,10/04/2026 09:50 PM,,DET @ CAR,Showdown 4th Quarter,NFL,10/4,Captain,"NFL In-Game $20K Thunderdome [Must Fill] (4Q DET @ CAR);NFL In-Game $10,170 2026 FFWC Qualifier Satellite [Must Fill] (4Q DET @ CAR);NFL In-Game $3K 4th Quarter Finish [$1K to 1st] (4Q DET @ CAR);NFL In-Game Satellite to NFL $4,444 Fantasy Football MEGA Millionaire [Must Fill] (4Q DET @ CAR);NFL In-Game Satellite to NFL 10-12 $4,444 Showdown MEGA Millionaire [Must Fill] (4Q DET @ CAR);NFL In-Game $285 Bootleg [Single Entry] (4Q DET @ CAR);NFL In-Game $1,060 Winner Take All [$4K to 1st] (Must Fill) (4Q DET @ CAR);NFL In-Game Satellite to NFL 11-1 Midseason Main Event [Must Fill] (4Q DET @ CAR);NFL In-Game Satellite to NFL $555 Fantasy Football Millionaire [Must Fill] (4Q DET @ CAR);NFL In-Game $150 First Down (4Q DET @ CAR)",196297920;196297923;196297434;196297921;196297924;196297433;196297919;196297926;196297922;196297435;196297436;196297927;196297705;196297704;196297856;196297925;196297829;196297834;196297830;196297835,10/4 9:50PM Q4 (DET @ CAR)
Jabari Small - Showdown 4th Quarter (Captain),196297920;196297923;196297434;196297921;196297924;196297433;196297919;196297926;196297922;196297435;196297436;196297927;196297705;196297704;196297856;196297925;196297829;196297834;196297830;196297835,Jabari Small|DET,44359100,Jabari Small,Jabari,Small,300,CPT,DET,DET @ CAR,10/04/2026 09:50 PM,,DET @ CAR,Showdown 4th Quarter,NFL,10/4,Captain,"NFL In-Game $20K Thunderdome [Must Fill] (4Q DET @ CAR);NFL In-Game $10,170 2026 FFWC Qualifier Satellite [Must Fill] (4Q DET @ CAR);NFL In-Game $3K 4th Quarter Finish [$1K to 1st] (4Q DET @ CAR);NFL In-Game Satellite to NFL $4,444 Fantasy Football MEGA Millionaire [Must Fill] (4Q DET @ CAR);NFL In-Game Satellite to NFL 10-12 $4,444 Showdown MEGA Millionaire [Must Fill] (4Q DET @ CAR);NFL In-Game $285 Bootleg [Single Entry] (4Q DET @ CAR);NFL In-Game $1,060 Winner Take All [$4K to 1st] (Must Fill) (4Q DET @ CAR);NFL In-Game Satellite to NFL 11-1 Midseason Main Event [Must Fill] (4Q DET @ CAR);NFL In-Game Satellite to NFL $555 Fantasy Football Millionaire [Must Fill] (4Q DET @ CAR);NFL In-Game $150 First Down (4Q DET @ CAR)",196297920;196297923;196297434;196297921;196297924;196297433;196297919;196297926;196297922;196297435;196297436;196297927;196297705;196297704;196297856;196297925;196297829;196297834;196297830;196297835,10/4 9:50PM Q4 (DET @ CAR)
Trevor Etienne - Showdown 4th Quarter (Captain),196297920;196297923;196297434;196297921;196297924;196297433;196297919;196297926;196297922;196297435;196297436;196297927;196297705;196297704;196297856;196297925;196297829;196297834;196297830;196297835,Trevor Etienne|CAR,44359101,Trevor Etienne,Trevor,Etienne,300,CPT,CAR,DET @ CAR,10/04/2026 09:50 PM,,DET @ CAR,Showdown 4th Quarter,NFL,10/4,Captain,"NFL In-Game $20K Thunderdome [Must Fill] (4Q DET @ CAR);NFL In-Game $10,170 2026 FFWC Qualifier Satellite [Must Fill] (4Q DET @ CAR);NFL In-Game $3K 4th Quarter Finish [$1K to 1st] (4Q DET @ CAR);NFL In-Game Satellite to NFL $4,444 Fantasy Football MEGA Millionaire [Must Fill] (4Q DET @ CAR);NFL In-Game Satellite to NFL 10-12 $4,444 Showdown MEGA Millionaire [Must Fill] (4Q DET @ CAR);NFL In-Game $285 Bootleg [Single Entry] (4Q DET @ CAR);NFL In-Game $1,060 Winner Take All [$4K to 1st] (Must Fill) (4Q DET @ CAR);NFL In-Game Satellite to NFL 11-1 Midseason Main Event [Must Fill] (4Q DET @ CAR);NFL In-Game Satellite to NFL $555 Fantasy Football Millionaire [Must Fill] (4Q DET @ CAR);NFL In-Game $150 First Down (4Q DET @ CAR)",196297920;196297923;196297434;196297921;196297924;196297433;196297919;196297926;196297922;196297435;196297436;196297927;196297705;196297704;196297856;196297925;196297829;196297834;196297830;196297835,10/4 9:50PM Q4 (DET @ CAR)
Chris Brazzell II - Showdown 4th Quarter (Captain),196297920;196297923;196297434;196297921;196297924;196297433;196297919;196297926;196297922;196297435;196297436;196297927;196297705;196297704;196297856;196297925;196297829;196297834;196297830;196297835,Chris Brazzell II|CAR,44359102,Chris Brazzell II,Chris,Brazzell II,300,CPT,CAR,DET @ CAR,10/04/2026 09:50 PM,,DET @ CAR,Showdown 4th Quarter,NFL,10/4,Captain,"NFL In-Game $20K Thunderdome [Must Fill] (4Q DET @ CAR);NFL In-Game $10,170 2026 FFWC Qualifier Satellite [Must Fill] (4Q DET @ CAR);NFL In-Game $3K 4th Quarter Finish [$1K to 1st] (4Q DET @ CAR);NFL In-Game Satellite to NFL $4,444 Fantasy Football MEGA Millionaire [Must Fill] (4Q DET @ CAR);NFL In-Game Satellite to NFL 10-12 $4,444 Showdown MEGA Millionaire [Must Fill] (4Q DET @ CAR);NFL In-Game $285 Bootleg [Single Entry] (4Q DET @ CAR);NFL In-Game $1,060 Winner Take All [$4K to 1st] (Must Fill) (4Q DET @ CAR);NFL In-Game Satellite to NFL 11-1 Midseason Main Event [Must Fill] (4Q DET @ CAR);NFL In-Game Satellite to NFL $555 Fantasy Football Millionaire [Must Fill] (4Q DET @ CAR);NFL In-Game $150 First Down (4Q DET @ CAR)",196297920;196297923;196297434;196297921;196297924;196297433;196297919;196297926;196297922;196297435;196297436;196297927;196297705;196297704;196297856;196297925;196297829;196297834;196297830;196297835,10/4 9:50PM Q4 (DET @ CAR)
Ja'seem Reed - Showdown 4th Quarter (Captain),196297920;196297923;196297434;196297921;196297924;196297433;196297919;196297926;196297922;196297435;196297436;196297927;196297705;196297704;196297856;196297925;196297829;196297834;196297830;196297835,Ja'seem Reed|CAR,44359103,Ja'seem Reed,Ja'seem,Reed,300,CPT,CAR,DET @ CAR,10/04/2026 09:50 PM,,DET @ CAR,Showdown 4th Quarter,NFL,10/4,Captain,"NFL In-Game $20K Thunderdome [Must Fill] (4Q DET @ CAR);NFL In-Game $10,170 2026 FFWC Qualifier Satellite [Must Fill] (4Q DET @ CAR);NFL In-Game $3K 4th Quarter Finish [$1K to 1st] (4Q DET @ CAR);NFL In-Game Satellite to NFL $4,444 Fantasy Football MEGA Millionaire [Must Fill] (4Q DET @ CAR);NFL In-Game Satellite to NFL 10-12 $4,444 Showdown MEGA Millionaire [Must Fill] (4Q DET @ CAR);NFL In-Game $285 Bootleg [Single Entry] (4Q DET @ CAR);NFL In-Game $1,060 Winner Take All [$4K to 1st] (Must Fill) (4Q DET @ CAR);NFL In-Game Satellite to NFL 11-1 Midseason Main Event [Must Fill] (4Q DET @ CAR);NFL In-Game Satellite to NFL $555 Fantasy Football Millionaire [Must Fill] (4Q DET @ CAR);NFL In-Game $150 First Down (4Q DET @ CAR)",196297920;196297923;196297434;196297921;196297924;196297433;196297919;196297926;196297922;196297435;196297436;196297927;196297705;196297704;196297856;196297925;196297829;196297834;196297830;196297835,10/4 9:50PM Q4 (DET @ CAR)
Jonathon Brooks - Showdown 4th Quarter (Captain),196297920;196297923;196297434;196297921;196297924;196297433;196297919;196297926;196297922;196297435;196297436;196297927;196297705;196297704;196297856;196297925;196297829;196297834;196297830;196297835,Jonathon Brooks|CAR,44359104,Jonathon Brooks,Jonathon,Brooks,300,CPT,CAR,DET @ CAR,10/04/2026 09:50 PM,,DET @ CAR,Showdown 4th Quarter,NFL,10/4,Captain,"NFL In-Game $20K Thunderdome [Must Fill] (4Q DET @ CAR);NFL In-Game $10,170 2026 FFWC Qualifier Satellite [Must Fill] (4Q DET @ CAR);NFL In-Game $3K 4th Quarter Finish [$1K to 1st] (4Q DET @ CAR);NFL In-Game Satellite to NFL $4,444 Fantasy Football MEGA Millionaire [Must Fill] (4Q DET @ CAR);NFL In-Game Satellite to NFL 10-12 $4,444 Showdown MEGA Millionaire [Must Fill] (4Q DET @ CAR);NFL In-Game $285 Bootleg [Single Entry] (4Q DET @ CAR);NFL In-Game $1,060 Winner Take All [$4K to 1st] (Must Fill) (4Q DET @ CAR);NFL In-Game Satellite to NFL 11-1 Midseason Main Event [Must Fill] (4Q DET @ CAR);NFL In-Game Satellite to NFL $555 Fantasy Football Millionaire [Must Fill] (4Q DET @ CAR);NFL In-Game $150 First Down (4Q DET @ CAR)",196297920;196297923;196297434;196297921;196297924;196297433;196297919;196297926;196297922;196297435;196297436;196297927;196297705;196297704;196297856;196297925;196297829;196297834;196297830;196297835,10/4 9:50PM Q4 (DET @ CAR)
Kyrese Rowan - Showdown 2nd Half (Captain),196297440;196298019;196298022;196297437;196297444;196297441;196297439;196297702;196297442;196298020;196298023;196298018;196298025;196298021;196297701;196297438;196297443;196297445;196298026;196297700,Kyrese Rowan|NO,44359189,Kyrese Rowan,Kyrese,Rowan,300,CPT,NO,ATL @ NO,10/05/2026 09:15 PM,,ATL @ NO,Showdown 2nd Half,NFL,10/5,Captain,"NFL In-Game $15K 2nd Half Clash [$5K to 1st] (2H ATL @ NO);NFL In-Game $20K Thunderdome [Must Fill] (2H ATL @ NO);NFL In-Game $10,170 2026 FFWC Qualifier Satellite [Must Fill] (2H ATL @ NO);NFL In-Game $1.8K Deep Threat [Single Entry] (2H ATL @ NO);NFL In-Game $1K Huddle [Single Entry] (2H ATL @ NO);NFL In-Game $500 Play-Action (2H ATL @ NO);NFL In-Game $600 Bootleg [Single Entry] (2H ATL @ NO);NFL In-Game $267 Winner Take All [$1K to 1st] (2H ATL @ NO);NFL In-Game $500 First Down (2H ATL @ NO);NFL In-Game Satellite to NFL $4,444 Fantasy Football MEGA Millionaire [Must Fill] (2H ATL @ NO)",196297440;196298019;196298022;196297437;196297444;196297441;196297439;196297702;196297442;196298020;196298023;196298018;196298025;196298021;196297701;196297438;196297443;196297445;196298026;196297700,10/5 9:15PM 2H (ATL @ NO)
Dylan Drummond - Showdown 2nd Half (Captain),196297440;196298019;196298022;196297437;196297444;196297441;196297439;196297702;196297442;196298020;196298023;196298018;196298025;196298021;196297701;196297438;196297443;196297445;196298026;196297700,Dylan Drummond|ATL,44359190,Dylan Drummond,Dylan,Drummond,300,CPT,ATL,ATL @ NO,10/05/2026 09:15 PM,,ATL @ NO,Showdown 2nd Half,NFL,10/5,Captain,"NFL In-Game $15K 2nd Half Clash [$5K to 1st] (2H ATL @ NO);NFL In-Game $20K Thunderdome [Must Fill] (2H ATL @ NO);NFL In-Game $10,170 2026 FFWC Qualifier Satellite [Must Fill] (2H ATL @ NO);NFL In-Game $1.8K Deep Threat [Single Entry] (2H ATL @ NO);NFL In-Game $1K Huddle [Single Entry] (2H ATL @ NO);NFL In-Game $500 Play-Action (2H ATL @ NO);NFL In-Game $600 Bootleg [Single Entry] (2H ATL @ NO);NFL In-Game $267 Winner Take All [$1K to 1st] (2H ATL @ NO);NFL In-Game $500 First Down (2H ATL @ NO);NFL In-Game Satellite to NFL $4,444 Fantasy Football MEGA Millionaire [Must Fill] (2H ATL @ NO)",196297440;196298019;196298022;196297437;196297444;196297441;196297439;196297702;196297442;196298020;196298023;196298018;196298025;196298021;196297701;196297438;196297443;196297445;196298026;196297700,10/5 9:15PM 2H (ATL @ NO)
Trey Sermon - Showdown 2nd Half (Captain),196297440;196298019;196298022;196297437;196297444;196297441;196297439;196297702;196297442;196298020;196298023;196298018;196298025;196298021;196297701;196297438;196297443;196297445;196298026;196297700,Trey Sermon|ATL,44359191,Trey Sermon,Trey,Sermon,300,CPT,ATL,ATL @ NO,10/05/2026 09:15 PM,,ATL @ NO,Showdown 2nd Half,NFL,10/5,Captain,"NFL In-Game $15K 2nd Half Clash [$5K to 1st] (2H ATL @ NO);NFL In-Game $20K Thunderdome [Must Fill] (2H ATL @ NO);NFL In-Game $10,170 2026 FFWC Qualifier Satellite [Must Fill] (2H ATL @ NO);NFL In-Game $1.8K Deep Threat [Single Entry] (2H ATL @ NO);NFL In-Game $1K Huddle [Single Entry] (2H ATL @ NO);NFL In-Game $500 Play-Action (2H ATL @ NO);NFL In-Game $600 Bootleg [Single Entry] (2H ATL @ NO);NFL In-Game $267 Winner Take All [$1K to 1st] (2H ATL @ NO);NFL In-Game $500 First Down (2H ATL @ NO);NFL In-Game Satellite to NFL $4,444 Fantasy Football MEGA Millionaire [Must Fill] (2H ATL @ NO)",196297440;196298019;196298022;196297437;196297444;196297441;196297439;196297702;196297442;196298020;196298023;196298018;196298025;196298021;196297701;196297438;196297443;196297445;196298026;196297700,10/5 9:15PM 2H (ATL @ NO)
Treyton Welch - Showdown 2nd Half (Captain),196297440;196298019;196298022;196297437;196297444;196297441;196297439;196297702;196297442;196298020;196298023;196298018;196298025;196298021;196297701;196297438;196297443;196297445;196298026;196297700,Treyton Welch|NO,44359192,Treyton Welch,Treyton,Welch,300,CPT,NO,ATL @ NO,10/05/2026 09:15 PM,,ATL @ NO,Showdown 2nd Half,NFL,10/5,Captain,"NFL In-Game $15K 2nd Half Clash [$5K to 1st] (2H ATL @ NO);NFL In-Game $20K Thunderdome [Must Fill] (2H ATL @ NO);NFL In-Game $10,170 2026 FFWC Qualifier Satellite [Must Fill] (2H ATL @ NO);NFL In-Game $1.8K Deep Threat [Single Entry] (2H ATL @ NO);NFL In-Game $1K Huddle [Single Entry] (2H ATL @ NO);NFL In-Game $500 Play-Action (2H ATL @ NO);NFL In-Game $600 Bootleg [Single Entry] (2H ATL @ NO);NFL In-Game $267 Winner Take All [$1K to 1st] (2H ATL @ NO);NFL In-Game $500 First Down (2H ATL @ NO);NFL In-Game Satellite to NFL $4,444 Fantasy Football MEGA Millionaire [Must Fill] (2H ATL @ NO)",196297440;196298019;196298022;196297437;196297444;196297441;196297439;196297702;196297442;196298020;196298023;196298018;196298025;196298021;196297701;196297438;196297443;196297445;196298026;196297700,10/5 9:15PM 2H (ATL @ NO)
Khalil Herbert - Showdown 2nd Half (Captain),196297440;196298019;196298022;196297437;196297444;196297441;196297439;196297702;196297442;196298020;196298023;196298018;196298025;196298021;196297701;196297438;196297443;196297445;196298026;196297700,Khalil Herbert|ATL,44359193,Khalil Herbert,Khalil,Herbert,300,CPT,ATL,ATL @ NO,10/05/2026 09:15 PM,,ATL @ NO,Showdown 2nd Half,NFL,10/5,Captain,"NFL In-Game $15K 2nd Half Clash [$5K to 1st] (2H ATL @ NO);NFL In-Game $20K Thunderdome [Must Fill] (2H ATL @ NO);NFL In-Game $10,170 2026 FFWC Qualifier Satellite [Must Fill] (2H ATL @ NO);NFL In-Game $1.8K Deep Threat [Single Entry] (2H ATL @ NO);NFL In-Game $1K Huddle [Single Entry] (2H ATL @ NO);NFL In-Game $500 Play-Action (2H ATL @ NO);NFL In-Game $600 Bootleg [Single Entry] (2H ATL @ NO);NFL In-Game $267 Winner Take All [$1K to 1st] (2H ATL @ NO);NFL In-Game $500 First Down (2H ATL @ NO);NFL In-Game Satellite to NFL $4,444 Fantasy Football MEGA Millionaire [Must Fill] (2H ATL @ NO)",196297440;196298019;196298022;196297437;196297444;196297441;196297439;196297702;196297442;196298020;196298023;196298018;196298025;196298021;196297701;196297438;196297443;196297445;196298026;196297700,10/5 9:15PM 2H (ATL @ NO)
Vinny Anthony II - Showdown 2nd Half (Captain),196297440;196298019;196298022;196297437;196297444;196297441;196297439;196297702;196297442;196298020;196298023;196298018;196298025;196298021;196297701;196297438;196297443;196297445;196298026;196297700,Vinny Anthony II|ATL,44359194,Vinny Anthony II,Vinny,Anthony II,300,CPT,ATL,ATL @ NO,10/05/2026 09:15 PM,,ATL @ NO,Showdown 2nd Half,NFL,10/5,Captain,"NFL In-Game $15K 2nd Half Clash [$5K to 1st] (2H ATL @ NO);NFL In-Game $20K Thunderdome [Must Fill] (2H ATL @ NO);NFL In-Game $10,170 2026 FFWC Qualifier Satellite [Must Fill] (2H ATL @ NO);NFL In-Game $1.8K Deep Threat [Single Entry] (2H ATL @ NO);NFL In-Game $1K Huddle [Single Entry] (2H ATL @ NO);NFL In-Game $500 Play-Action (2H ATL @ NO);NFL In-Game $600 Bootleg [Single Entry] (2H ATL @ NO);NFL In-Game $267 Winner Take All [$1K to 1st] (2H ATL @ NO);NFL In-Game $500 First Down (2H ATL @ NO);NFL In-Game Satellite to NFL $4,444 Fantasy Football MEGA Millionaire [Must Fill] (2H ATL @ NO)",196297440;196298019;196298022;196297437;196297444;196297441;196297439;196297702;196297442;196298020;196298023;196298018;196298025;196298021;196297701;196297438;196297443;196297445;196298026;196297700,10/5 9:15PM 2H (ATL @ NO)
Cal Adomitis - Showdown 2nd Half (Captain),196297440;196298019;196298022;196297437;196297444;196297441;196297439;196297702;196297442;196298020;196298023;196298018;196298025;196298021;196297701;196297438;196297443;196297445;196298026;196297700,Cal Adomitis|NO,44359195,Cal Adomitis,Cal,Adomitis,300,CPT,NO,ATL @ NO,10/05/2026 09:15 PM,,ATL @ NO,Showdown 2nd Half,NFL,10/5,Captain,"NFL In-Game $15K 2nd Half Clash [$5K to 1st] (2H ATL @ NO);NFL In-Game $20K Thunderdome [Must Fill] (2H ATL @ NO);NFL In-Game $10,170 2026 FFWC Qualifier Satellite [Must Fill] (2H ATL @ NO);NFL In-Game $1.8K Deep Threat [Single Entry] (2H ATL @ NO);NFL In-Game $1K Huddle [Single Entry] (2H ATL @ NO);NFL In-Game $500 Play-Action (2H ATL @ NO);NFL In-Game $600 Bootleg [Single Entry] (2H ATL @ NO);NFL In-Game $267 Winner Take All [$1K to 1st] (2H ATL @ NO);NFL In-Game $500 First Down (2H ATL @ NO);NFL In-Game Satellite to NFL $4,444 Fantasy Football MEGA Millionaire [Must Fill] (2H ATL @ NO)",196297440;196298019;196298022;196297437;196297444;196297441;196297439;196297702;196297442;196298020;196298023;196298018;196298025;196298021;196297701;196297438;196297443;196297445;196298026;196297700,10/5 9:15PM 2H (ATL @ NO)
Zamir White - Showdown 2nd Half (Captain),196297440;196298019;196298022;196297437;196297444;196297441;196297439;196297702;196297442;196298020;196298023;196298018;196298025;196298021;196297701;196297438;196297443;196297445;196298026;196297700,Zamir White|NO,44359196,Zamir White,Zamir,White,300,CPT,NO,ATL @ NO,10/05/2026 09:15 PM,,ATL @ NO,Showdown 2nd Half,NFL,10/5,Captain,"NFL In-Game $15K 2nd Half Clash [$5K to 1st] (2H ATL @ NO);NFL In-Game $20K Thunderdome [Must Fill] (2H ATL @ NO);NFL In-Game $10,170 2026 FFWC Qualifier Satellite [Must Fill] (2H ATL @ NO);NFL In-Game $1.8K Deep Threat [Single Entry] (2H ATL @ NO);NFL In-Game $1K Huddle [Single Entry] (2H ATL @ NO);NFL In-Game $500 Play-Action (2H ATL @ NO);NFL In-Game $600 Bootleg [Single Entry] (2H ATL @ NO);NFL In-Game $267 Winner Take All [$1K to 1st] (2H ATL @ NO);NFL In-Game $500 First Down (2H ATL @ NO);NFL In-Game Satellite to NFL $4,444 Fantasy Football MEGA Millionaire [Must Fill] (2H ATL @ NO)",196297440;196298019;196298022;196297437;196297444;196297441;196297439;196297702;196297442;196298020;196298023;196298018;196298025;196298021;196297701;196297438;196297443;196297445;196298026;196297700,10/5 9:15PM 2H (ATL @ NO)
Jack Velling - Showdown 2nd Half (Captain),196297440;196298019;196298022;196297437;196297444;196297441;196297439;196297702;196297442;196298020;196298023;196298018;196298025;196298021;196297701;196297438;196297443;196297445;196298026;196297700,Jack Velling|ATL,44359197,Jack Velling,Jack,Velling,300,CPT,ATL,ATL @ NO,10/05/2026 09:15 PM,,ATL @ NO,Showdown 2nd Half,NFL,10/5,Captain,"NFL In-Game $15K 2nd Half Clash [$5K to 1st] (2H ATL @ NO);NFL In-Game $20K Thunderdome [Must Fill] (2H ATL @ NO);NFL In-Game $10,170 2026 FFWC Qualifier Satellite [Must Fill] (2H ATL @ NO);NFL In-Game $1.8K Deep Threat [Single Entry] (2H ATL @ NO);NFL In-Game $1K Huddle [Single Entry] (2H ATL @ NO);NFL In-Game $500 Play-Action (2H ATL @ NO);NFL In-Game $600 Bootleg [Single Entry] (2H ATL @ NO);NFL In-Game $267 Winner Take All [$1K to 1st] (2H ATL @ NO);NFL In-Game $500 First Down (2H ATL @ NO);NFL In-Game Satellite to NFL $4,444 Fantasy Football MEGA Millionaire [Must Fill] (2H ATL @ NO)",196297440;196298019;196298022;196297437;196297444;196297441;196297439;196297702;196297442;196298020;196298023;196298018;196298025;196298021;196297701;196297438;196297443;196297445;196298026;196297700,10/5 9:15PM 2H (ATL @ NO)
Cash Jones - Showdown 2nd Half (Captain),196297440;196298019;196298022;196297437;196297444;196297441;196297439;196297702;196297442;196298020;196298023;196298018;196298025;196298021;196297701;196297438;196297443;196297445;196298026;196297700,Cash Jones|ATL,44359198,Cash Jones,Cash,Jones,300,CPT,ATL,ATL @ NO,10/05/2026 09:15 PM,,ATL @ NO,Showdown 2nd Half,NFL,10/5,Captain,"NFL In-Game $15K 2nd Half Clash [$5K to 1st] (2H ATL @ NO);NFL In-Game $20K Thunderdome [Must Fill] (2H ATL @ NO);NFL In-Game $10,170 2026 FFWC Qualifier Satellite [Must Fill] (2H ATL @ NO);NFL In-Game $1.8K Deep Threat [Single Entry] (2H ATL @ NO);NFL In-Game $1K Huddle [Single Entry] (2H ATL @ NO);NFL In-Game $500 Play-Action (2H ATL @ NO);NFL In-Game $600 Bootleg [Single Entry] (2H ATL @ NO);NFL In-Game $267 Winner Take All [$1K to 1st] (2H ATL @ NO);NFL In-Game $500 First Down (2H ATL @ NO);NFL In-Game Satellite to NFL $4,444 Fantasy Football MEGA Millionaire [Must Fill] (2H ATL @ NO)",196297440;196298019;196298022;196297437;196297444;196297441;196297439;196297702;196297442;196298020;196298023;196298018;196298025;196298021;196297701;196297438;196297443;196297445;196298026;196297700,10/5 9:15PM 2H (ATL @ NO)
Ty Chandler - Showdown 2nd Half (Captain),196297440;196298019;196298022;196297437;196297444;196297441;196297439;196297702;196297442;196298020;196298023;196298018;196298025;196298021;196297701;196297438;196297443;196297445;196298026;196297700,Ty Chandler|NO,44359199,Ty Chandler,Ty,Chandler,300,CPT,NO,ATL @ NO,10/05/2026 09:15 PM,,ATL @ NO,Showdown 2nd Half,NFL,10/5,Captain,"NFL In-Game $15K 2nd Half Clash [$5K to 1st] (2H ATL @ NO);NFL In-Game $20K Thunderdome [Must Fill] (2H ATL @ NO);NFL In-Game $10,170 2026 FFWC Qualifier Satellite [Must Fill] (2H ATL @ NO);NFL In-Game $1.8K Deep Threat [Single Entry] (2H ATL @ NO);NFL In-Game $1K Huddle [Single Entry] (2H ATL @ NO);NFL In-Game $500 Play-Action (2H ATL @ NO);NFL In-Game $600 Bootleg [Single Entry] (2H ATL @ NO);NFL In-Game $267 Winner Take All [$1K to 1st] (2H ATL @ NO);NFL In-Game $500 First Down (2H ATL @ NO);NFL In-Game Satellite to NFL $4,444 Fantasy Football MEGA Millionaire [Must Fill] (2H ATL @ NO)",196297440;196298019;196298022;196297437;196297444;196297441;196297439;196297702;196297442;196298020;196298023;196298018;196298025;196298021;196297701;196297438;196297443;196297445;196298026;196297700,10/5 9:15PM 2H (ATL @ NO)
Nick Muse - Showdown 2nd Half (Captain),196297440;196298019;196298022;196297437;196297444;196297441;196297439;196297702;196297442;196298020;196298023;196298018;196298025;196298021;196297701;196297438;196297443;196297445;196298026;196297700,Nick Muse|ATL,44359200,Nick Muse,Nick,Muse,300,CPT,ATL,ATL @ NO,10/05/2026 09:15 PM,,ATL @ NO,Showdown 2nd Half,NFL,10/5,Captain,"NFL In-Game $15K 2nd Half Clash [$5K to 1st] (2H ATL @ NO);NFL In-Game $20K Thunderdome [Must Fill] (2H ATL @ NO);NFL In-Game $10,170 2026 FFWC Qualifier Satellite [Must Fill] (2H ATL @ NO);NFL In-Game $1.8K Deep Threat [Single Entry] (2H ATL @ NO);NFL In-Game $1K Huddle [Single Entry] (2H ATL @ NO);NFL In-Game $500 Play-Action (2H ATL @ NO);NFL In-Game $600 Bootleg [Single Entry] (2H ATL @ NO);NFL In-Game $267 Winner Take All [$1K to 1st] (2H ATL @ NO);NFL In-Game $500 First Down (2H ATL @ NO);NFL In-Game Satellite to NFL $4,444 Fantasy Football MEGA Millionaire [Must Fill] (2H ATL @ NO)",196297440;196298019;196298022;196297437;196297444;196297441;196297439;196297702;196297442;196298020;196298023;196298018;196298025;196298021;196297701;196297438;196297443;196297445;196298026;196297700,10/5 9:15PM 2H (ATL @ NO)
Stone Smartt - Showdown 2nd Half (Captain),196297440;196298019;196298022;196297437;196297444;196297441;196297439;196297702;196297442;196298020;196298023;196298018;196298025;196298021;196297701;196297438;196297443;196297445;196298026;196297700,Stone Smartt|NO,44359201,Stone Smartt,Stone,Smartt,300,CPT,NO,ATL @ NO,10/05/2026 09:15 PM,,ATL @ NO,Showdown 2nd Half,NFL,10/5,Captain,"NFL In-Game $15K 2nd Half Clash [$5K to 1st] (2H ATL @ NO);NFL In-Game $20K Thunderdome [Must Fill] (2H ATL @ NO);NFL In-Game $10,170 2026 FFWC Qualifier Satellite [Must Fill] (2H ATL @ NO);NFL In-Game $1.8K Deep Threat [Single Entry] (2H ATL @ NO);NFL In-Game $1K Huddle [Single Entry] (2H ATL @ NO);NFL In-Game $500 Play-Action (2H ATL @ NO);NFL In-Game $600 Bootleg [Single Entry] (2H ATL @ NO);NFL In-Game $267 Winner Take All [$1K to 1st] (2H ATL @ NO);NFL In-Game $500 First Down (2H ATL @ NO);NFL In-Game Satellite to NFL $4,444 Fantasy Football MEGA Millionaire [Must Fill] (2H ATL @ NO)",196297440;196298019;196298022;196297437;196297444;196297441;196297439;196297702;196297442;196298020;196298023;196298018;196298025;196298021;196297701;196297438;196297443;196297445;196298026;196297700,10/5 9:15PM 2H (ATL @ NO)
Trey Palmer - Showdown 2nd Half (Captain),196297440;196298019;196298022;196297437;196297444;196297441;196297439;196297702;196297442;196298020;196298023;196298018;196298025;196298021;196297701;196297438;196297443;196297445;196298026;196297700,Trey Palmer|NO,44359202,Trey Palmer,Trey,Palmer,300,CPT,NO,ATL @ NO,10/05/2026 09:15 PM,,ATL @ NO,Showdown 2nd Half,NFL,10/5,Captain,"NFL In-Game $15K 2nd Half Clash [$5K to 1st] (2H ATL @ NO);NFL In-Game $20K Thunderdome [Must Fill] (2H ATL @ NO);NFL In-Game $10,170 2026 FFWC Qualifier Satellite [Must Fill] (2H ATL @ NO);NFL In-Game $1.8K Deep Threat [Single Entry] (2H ATL @ NO);NFL In-Game $1K Huddle [Single Entry] (2H ATL @ NO);NFL In-Game $500 Play-Action (2H ATL @ NO);NFL In-Game $600 Bootleg [Single Entry] (2H ATL @ NO);NFL In-Game $267 Winner Take All [$1K to 1st] (2H ATL @ NO);NFL In-Game $500 First Down (2H ATL @ NO);NFL In-Game Satellite to NFL $4,444 Fantasy Football MEGA Millionaire [Must Fill] (2H ATL @ NO)",196297440;196298019;196298022;196297437;196297444;196297441;196297439;196297702;196297442;196298020;196298023;196298018;196298025;196298021;196297701;196297438;196297443;196297445;196298026;196297700,10/5 9:15PM 2H (ATL @ NO)
Cedric Tillman - Showdown 2nd Half (Captain),196297440;196298019;196298022;196297437;196297444;196297441;196297439;196297702;196297442;196298020;196298023;196298018;196298025;196298021;196297701;196297438;196297443;196297445;196298026;196297700,Cedric Tillman|NO,44359203,Cedric Tillman,Cedric,Tillman,300,CPT,NO,ATL @ NO,10/05/2026 09:15 PM,,ATL @ NO,Showdown 2nd Half,NFL,10/5,Captain,"NFL In-Game $15K 2nd Half Clash [$5K to 1st] (2H ATL @ NO);NFL In-Game $20K Thunderdome [Must Fill] (2H ATL @ NO);NFL In-Game $10,170 2026 FFWC Qualifier Satellite [Must Fill] (2H ATL @ NO);NFL In-Game $1.8K Deep Threat [Single Entry] (2H ATL @ NO);NFL In-Game $1K Huddle [Single Entry] (2H ATL @ NO);NFL In-Game $500 Play-Action (2H ATL @ NO);NFL In-Game $600 Bootleg [Single Entry] (2H ATL @ NO);NFL In-Game $267 Winner Take All [$1K to 1st] (2H ATL @ NO);NFL In-Game $500 First Down (2H ATL @ NO);NFL In-Game Satellite to NFL $4,444 Fantasy Football MEGA Millionaire [Must Fill] (2H ATL @ NO)",196297440;196298019;196298022;196297437;196297444;196297441;196297439;196297702;196297442;196298020;196298023;196298018;196298025;196298021;196297701;196297438;196297443;196297445;196298026;196297700,10/5 9:15PM 2H (ATL @ NO)
Jalen Moreno-Cropper - Showdown 2nd Half (Captain),196297440;196298019;196298022;196297437;196297444;196297441;196297439;196297702;196297442;196298020;196298023;196298018;196298025;196298021;196297701;196297438;196297443;196297445;196298026;196297700,Jalen Moreno-Cropper|NO,44359204,Jalen Moreno-Cropper,Jalen,Moreno-Cropper,300,CPT,NO,ATL @ NO,10/05/2026 09:15 PM,,ATL @ NO,Showdown 2nd Half,NFL,10/5,Captain,"NFL In-Game $15K 2nd Half Clash [$5K to 1st] (2H ATL @ NO);NFL In-Game $20K Thunderdome [Must Fill] (2H ATL @ NO);NFL In-Game $10,170 2026 FFWC Qualifier Satellite [Must Fill] (2H ATL @ NO);NFL In-Game $1.8K Deep Threat [Single Entry] (2H ATL @ NO);NFL In-Game $1K Huddle [Single Entry] (2H ATL @ NO);NFL In-Game $500 Play-Action (2H ATL @ NO);NFL In-Game $600 Bootleg [Single Entry] (2H ATL @ NO);NFL In-Game $267 Winner Take All [$1K to 1st] (2H ATL @ NO);NFL In-Game $500 First Down (2H ATL @ NO);NFL In-Game Satellite to NFL $4,444 Fantasy Football MEGA Millionaire [Must Fill] (2H ATL @ NO)",196297440;196298019;196298022;196297437;196297444;196297441;196297439;196297702;196297442;196298020;196298023;196298018;196298025;196298021;196297701;196297438;196297443;196297445;196298026;196297700,10/5 9:15PM 2H (ATL @ NO)
Zach Wood - Showdown 2nd Half (Captain),196297440;196298019;196298022;196297437;196297444;196297441;196297439;196297702;196297442;196298020;196298023;196298018;196298025;196298021;196297701;196297438;196297443;196297445;196298026;196297700,Zach Wood|NO,44359205,Zach Wood,Zach,Wood,300,CPT,NO,ATL @ NO,10/05/2026 09:15 PM,,ATL @ NO,Showdown 2nd Half,NFL,10/5,Captain,"NFL In-Game $15K 2nd Half Clash [$5K to 1st] (2H ATL @ NO);NFL In-Game $20K Thunderdome [Must Fill] (2H ATL @ NO);NFL In-Game $10,170 2026 FFWC Qualifier Satellite [Must Fill] (2H ATL @ NO);NFL In-Game $1.8K Deep Threat [Single Entry] (2H ATL @ NO);NFL In-Game $1K Huddle [Single Entry] (2H ATL @ NO);NFL In-Game $500 Play-Action (2H ATL @ NO);NFL In-Game $600 Bootleg [Single Entry] (2H ATL @ NO);NFL In-Game $267 Winner Take All [$1K to 1st] (2H ATL @ NO);NFL In-Game $500 First Down (2H ATL @ NO);NFL In-Game Satellite to NFL $4,444 Fantasy Football MEGA Millionaire [Must Fill] (2H ATL @ NO)",196297440;196298019;196298022;196297437;196297444;196297441;196297439;196297702;196297442;196298020;196298023;196298018;196298025;196298021;196297701;196297438;196297443;196297445;196298026;196297700,10/5 9:15PM 2H (ATL @ NO)
Moliki Matavao - Showdown 2nd Half (Captain),196297440;196298019;196298022;196297437;196297444;196297441;196297439;196297702;196297442;196298020;196298023;196298018;196298025;196298021;196297701;196297438;196297443;196297445;196298026;196297700,Moliki Matavao|NO,44359206,Moliki Matavao,Moliki,Matavao,300,CPT,NO,ATL @ NO,10/05/2026 09:15 PM,,ATL @ NO,Showdown 2nd Half,NFL,10/5,Captain,"NFL In-Game $15K 2nd Half Clash [$5K to 1st] (2H ATL @ NO);NFL In-Game $20K Thunderdome [Must Fill] (2H ATL @ NO);NFL In-Game $10,170 2026 FFWC Qualifier Satellite [Must Fill] (2H ATL @ NO);NFL In-Game $1.8K Deep Threat [Single Entry] (2H ATL @ NO);NFL In-Game $1K Huddle [Single Entry] (2H ATL @ NO);NFL In-Game $500 Play-Action (2H ATL @ NO);NFL In-Game $600 Bootleg [Single Entry] (2H ATL @ NO);NFL In-Game $267 Winner Take All [$1K to 1st] (2H ATL @ NO);NFL In-Game $500 First Down (2H ATL @ NO);NFL In-Game Satellite to NFL $4,444 Fantasy Football MEGA Millionaire [Must Fill] (2H ATL @ NO)",196297440;196298019;196298022;196297437;196297444;196297441;196297439;196297702;196297442;196298020;196298023;196298018;196298025;196298021;196297701;196297438;196297443;196297445;196298026;196297700,10/5 9:15PM 2H (ATL @ NO)
Mason Tipton - Showdown 2nd Half (Captain),196297440;196298019;196298022;196297437;196297444;196297441;196297439;196297702;196297442;196298020;196298023;196298018;196298025;196298021;196297701;196297438;196297443;196297445;196298026;196297700,Mason Tipton|NO,44359207,Mason Tipton,Mason,Tipton,300,CPT,NO,ATL @ NO,10/05/2026 09:15 PM,,ATL @ NO,Showdown 2nd Half,NFL,10/5,Captain,"NFL In-Game $15K 2nd Half Clash [$5K to 1st] (2H ATL @ NO);NFL In-Game $20K Thunderdome [Must Fill] (2H ATL @ NO);NFL In-Game $10,170 2026 FFWC Qualifier Satellite [Must Fill] (2H ATL @ NO);NFL In-Game $1.8K Deep Threat [Single Entry] (2H ATL @ NO);NFL In-Game $1K Huddle [Single Entry] (2H ATL @ NO);NFL In-Game $500 Play-Action (2H ATL @ NO);NFL In-Game $600 Bootleg [Single Entry] (2H ATL @ NO);NFL In-Game $267 Winner Take All [$1K to 1st] (2H ATL @ NO);NFL In-Game $500 First Down (2H ATL @ NO);NFL In-Game Satellite to NFL $4,444 Fantasy Football MEGA Millionaire [Must Fill] (2H ATL @ NO)",196297440;196298019;196298022;196297437;196297444;196297441;196297439;196297702;196297442;196298020;196298023;196298018;196298025;196298021;196297701;196297438;196297443;196297445;196298026;196297700,10/5 9:15PM 2H (ATL @ NO)
Jordyn Tyson - Showdown 2nd Half (Captain),196297440;196298019;196298022;196297437;196297444;196297441;196297439;196297702;196297442;196298020;196298023;196298018;196298025;196298021;196297701;196297438;196297443;196297445;196298026;196297700,Jordyn Tyson|NO,44359208,Jordyn Tyson,Jordyn,Tyson,300,CPT,NO,ATL @ NO,10/05/2026 09:15 PM,,ATL @ NO,Showdown 2nd Half,NFL,10/5,Captain,"NFL In-Game $15K 2nd Half Clash [$5K to 1st] (2H ATL @ NO);NFL In-Game $20K Thunderdome [Must Fill] (2H ATL @ NO);NFL In-Game $10,170 2026 FFWC Qualifier Satellite [Must Fill] (2H ATL @ NO);NFL In-Game $1.8K Deep Threat [Single Entry] (2H ATL @ NO);NFL In-Game $1K Huddle [Single Entry] (2H ATL @ NO);NFL In-Game $500 Play-Action (2H ATL @ NO);NFL In-Game $600 Bootleg [Single Entry] (2H ATL @ NO);NFL In-Game $267 Winner Take All [$1K to 1st] (2H ATL @ NO);NFL In-Game $500 First Down (2H ATL @ NO);NFL In-Game Satellite to NFL $4,444 Fantasy Football MEGA Millionaire [Must Fill] (2H ATL @ NO)",196297440;196298019;196298022;196297437;196297444;196297441;196297439;196297702;196297442;196298020;196298023;196298018;196298025;196298021;196297701;196297438;196297443;196297445;196298026;196297700,10/5 9:15PM 2H (ATL @ NO)
Beaux Collins - Showdown 2nd Half (Captain),196297440;196298019;196298022;196297437;196297444;196297441;196297439;196297702;196297442;196298020;196298023;196298018;196298025;196298021;196297701;196297438;196297443;196297445;196298026;196297700,Beaux Collins|ATL,44359209,Beaux Collins,Beaux,Collins,300,CPT,ATL,ATL @ NO,10/05/2026 09:15 PM,,ATL @ NO,Showdown 2nd Half,NFL,10/5,Captain,"NFL In-Game $15K 2nd Half Clash [$5K to 1st] (2H ATL @ NO);NFL In-Game $20K Thunderdome [Must Fill] (2H ATL @ NO);NFL In-Game $10,170 2026 FFWC Qualifier Satellite [Must Fill] (2H ATL @ NO);NFL In-Game $1.8K Deep Threat [Single Entry] (2H ATL @ NO);NFL In-Game $1K Huddle [Single Entry] (2H ATL @ NO);NFL In-Game $500 Play-Action (2H ATL @ NO);NFL In-Game $600 Bootleg [Single Entry] (2H ATL @ NO);NFL In-Game $267 Winner Take All [$1K to 1st] (2H ATL @ NO);NFL In-Game $500 First Down (2H ATL @ NO);NFL In-Game Satellite to NFL $4,444 Fantasy Football MEGA Millionaire [Must Fill] (2H ATL @ NO)",196297440;196298019;196298022;196297437;196297444;196297441;196297439;196297702;196297442;196298020;196298023;196298018;196298025;196298021;196297701;196297438;196297443;196297445;196298026;196297700,10/5 9:15PM 2H (ATL @ NO)
Antwane Wells Jr. - Showdown 2nd Half (Captain),196297440;196298019;196298022;196297437;196297444;196297441;196297439;196297702;196297442;196298020;196298023;196298018;196298025;196298021;196297701;196297438;196297443;196297445;196298026;196297700,Antwane Wells Jr.|ATL,44359210,Antwane Wells Jr.,Antwane,Wells Jr.,300,CPT,ATL,ATL @ NO,10/05/2026 09:15 PM,,ATL @ NO,Showdown 2nd Half,NFL,10/5,Captain,"NFL In-Game $15K 2nd Half Clash [$5K to 1st] (2H ATL @ NO);NFL In-Game $20K Thunderdome [Must Fill] (2H ATL @ NO);NFL In-Game $10,170 2026 FFWC Qualifier Satellite [Must Fill] (2H ATL @ NO);NFL In-Game $1.8K Deep Threat [Single Entry] (2H ATL @ NO);NFL In-Game $1K Huddle [Single Entry] (2H ATL @ NO);NFL In-Game $500 Play-Action (2H ATL @ NO);NFL In-Game $600 Bootleg [Single Entry] (2H ATL @ NO);NFL In-Game $267 Winner Take All [$1K to 1st] (2H ATL @ NO);NFL In-Game $500 First Down (2H ATL @ NO);NFL In-Game Satellite to NFL $4,444 Fantasy Football MEGA Millionaire [Must Fill] (2H ATL @ NO)",196297440;196298019;196298022;196297437;196297444;196297441;196297439;196297702;196297442;196298020;196298023;196298018;196298025;196298021;196297701;196297438;196297443;196297445;196298026;196297700,10/5 9:15PM 2H (ATL @ NO)
Cash Jones - Showdown 4th Quarter (Captain),196298118;196298121;196297447;196298119;196298122;196297446;196298117;196298124;196298120;196297448;196297449;196298125;196297707;196297706;196298037;196298109;196298080;196298081;196317157;196298123,Cash Jones|ATL,44359301,Cash Jones,Cash,Jones,300,CPT,ATL,ATL @ NO,10/05/2026 09:45 PM,,ATL @ NO,Showdown 4th Quarter,NFL,10/5,Captain,"NFL In-Game $20K Thunderdome [Must Fill] (4Q ATL @ NO);NFL In-Game $10,170 2026 FFWC Qualifier Satellite [Must Fill] (4Q ATL @ NO);NFL In-Game $3K 4th Quarter Finish [$1K to 1st] (4Q ATL @ NO);NFL In-Game Satellite to NFL $4,444 Fantasy Football MEGA Millionaire [Must Fill] (4Q ATL @ NO);NFL In-Game Satellite to NFL 10-12 $4,444 Showdown MEGA Millionaire [Must Fill] (4Q ATL @ NO);NFL In-Game $285 Bootleg [Single Entry] (4Q ATL @ NO);NFL In-Game $1,060 Winner Take All [$4K to 1st] (Must Fill) (4Q ATL @ NO);NFL In-Game Satellite to NFL 11-1 Midseason Main Event [Must Fill] (4Q ATL @ NO);NFL In-Game Satellite to NFL $555 Fantasy Football Millionaire [Must Fill] (4Q ATL @ NO);NFL In-Game $150 First Down (4Q ATL @ NO)",196298118;196298121;196297447;196298119;196298122;196297446;196298117;196298124;196298120;196297448;196297449;196298125;196297707;196297706;196298037;196298109;196298080;196298081;196317157;196298123,10/5 9:45PM Q4 (ATL @ NO)
Dylan Drummond - Showdown 4th Quarter (Captain),196298118;196298121;196297447;196298119;196298122;196297446;196298117;196298124;196298120;196297448;196297449;196298125;196297707;196297706;196298037;196298109;196298080;196298081;196317157;196298123,Dylan Drummond|ATL,44359302,Dylan Drummond,Dylan,Drummond,300,CPT,ATL,ATL @ NO,10/05/2026 09:45 PM,,ATL @ NO,Showdown 4th Quarter,NFL,10/5,Captain,"NFL In-Game $20K Thunderdome [Must Fill] (4Q ATL @ NO);NFL In-Game $10,170 2026 FFWC Qualifier Satellite [Must Fill] (4Q ATL @ NO);NFL In-Game $3K 4th Quarter Finish [$1K to 1st] (4Q ATL @ NO);NFL In-Game Satellite to NFL $4,444 Fantasy Football MEGA Millionaire [Must Fill] (4Q ATL @ NO);NFL In-Game Satellite to NFL 10-12 $4,444 Showdown MEGA Millionaire [Must Fill] (4Q ATL @ NO);NFL In-Game $285 Bootleg [Single Entry] (4Q ATL @ NO);NFL In-Game $1,060 Winner Take All [$4K to 1st] (Must Fill) (4Q ATL @ NO);NFL In-Game Satellite to NFL 11-1 Midseason Main Event [Must Fill] (4Q ATL @ NO);NFL In-Game Satellite to NFL $555 Fantasy Football Millionaire [Must Fill] (4Q ATL @ NO);NFL In-Game $150 First Down (4Q ATL @ NO)",196298118;196298121;196297447;196298119;196298122;196297446;196298117;196298124;196298120;196297448;196297449;196298125;196297707;196297706;196298037;196298109;196298080;196298081;196317157;196298123,10/5 9:45PM Q4 (ATL @ NO)
Moliki Matavao - Showdown 4th Quarter (Captain),196298118;196298121;196297447;196298119;196298122;196297446;196298117;196298124;196298120;196297448;196297449;196298125;196297707;196297706;196298037;196298109;196298080;196298081;196317157;196298123,Moliki Matavao|NO,44359303,Moliki Matavao,Moliki,Matavao,300,CPT,NO,ATL @ NO,10/05/2026 09:45 PM,,ATL @ NO,Showdown 4th Quarter,NFL,10/5,Captain,"NFL In-Game $20K Thunderdome [Must Fill] (4Q ATL @ NO);NFL In-Game $10,170 2026 FFWC Qualifier Satellite [Must Fill] (4Q ATL @ NO);NFL In-Game $3K 4th Quarter Finish [$1K to 1st] (4Q ATL @ NO);NFL In-Game Satellite to NFL $4,444 Fantasy Football MEGA Millionaire [Must Fill] (4Q ATL @ NO);NFL In-Game Satellite to NFL 10-12 $4,444 Showdown MEGA Millionaire [Must Fill] (4Q ATL @ NO);NFL In-Game $285 Bootleg [Single Entry] (4Q ATL @ NO);NFL In-Game $1,060 Winner Take All [$4K to 1st] (Must Fill) (4Q ATL @ NO);NFL In-Game Satellite to NFL 11-1 Midseason Main Event [Must Fill] (4Q ATL @ NO);NFL In-Game Satellite to NFL $555 Fantasy Football Millionaire [Must Fill] (4Q ATL @ NO);NFL In-Game $150 First Down (4Q ATL @ NO)",196298118;196298121;196297447;196298119;196298122;196297446;196298117;196298124;196298120;196297448;196297449;196298125;196297707;196297706;196298037;196298109;196298080;196298081;196317157;196298123,10/5 9:45PM Q4 (ATL @ NO)
Cal Adomitis - Showdown 4th Quarter (Captain),196298118;196298121;196297447;196298119;196298122;196297446;196298117;196298124;196298120;196297448;196297449;196298125;196297707;196297706;196298037;196298109;196298080;196298081;196317157;196298123,Cal Adomitis|NO,44359304,Cal Adomitis,Cal,Adomitis,300,CPT,NO,ATL @ NO,10/05/2026 09:45 PM,,ATL @ NO,Showdown 4th Quarter,NFL,10/5,Captain,"NFL In-Game $20K Thunderdome [Must Fill] (4Q ATL @ NO);NFL In-Game $10,170 2026 FFWC Qualifier Satellite [Must Fill] (4Q ATL @ NO);NFL In-Game $3K 4th Quarter Finish [$1K to 1st] (4Q ATL @ NO);NFL In-Game Satellite to NFL $4,444 Fantasy Football MEGA Millionaire [Must Fill] (4Q ATL @ NO);NFL In-Game Satellite to NFL 10-12 $4,444 Showdown MEGA Millionaire [Must Fill] (4Q ATL @ NO);NFL In-Game $285 Bootleg [Single Entry] (4Q ATL @ NO);NFL In-Game $1,060 Winner Take All [$4K to 1st] (Must Fill) (4Q ATL @ NO);NFL In-Game Satellite to NFL 11-1 Midseason Main Event [Must Fill] (4Q ATL @ NO);NFL In-Game Satellite to NFL $555 Fantasy Football Millionaire [Must Fill] (4Q ATL @ NO);NFL In-Game $150 First Down (4Q ATL @ NO)",196298118;196298121;196297447;196298119;196298122;196297446;196298117;196298124;196298120;196297448;196297449;196298125;196297707;196297706;196298037;196298109;196298080;196298081;196317157;196298123,10/5 9:45PM Q4 (ATL @ NO)
Ty Chandler - Showdown 4th Quarter (Captain),196298118;196298121;196297447;196298119;196298122;196297446;196298117;196298124;196298120;196297448;196297449;196298125;196297707;196297706;196298037;196298109;196298080;196298081;196317157;196298123,Ty Chandler|NO,44359305,Ty Chandler,Ty,Chandler,300,CPT,NO,ATL @ NO,10/05/2026 09:45 PM,,ATL @ NO,Showdown 4th Quarter,NFL,10/5,Captain,"NFL In-Game $20K Thunderdome [Must Fill] (4Q ATL @ NO);NFL In-Game $10,170 2026 FFWC Qualifier Satellite [Must Fill] (4Q ATL @ NO);NFL In-Game $3K 4th Quarter Finish [$1K to 1st] (4Q ATL @ NO);NFL In-Game Satellite to NFL $4,444 Fantasy Football MEGA Millionaire [Must Fill] (4Q ATL @ NO);NFL In-Game Satellite to NFL 10-12 $4,444 Showdown MEGA Millionaire [Must Fill] (4Q ATL @ NO);NFL In-Game $285 Bootleg [Single Entry] (4Q ATL @ NO);NFL In-Game $1,060 Winner Take All [$4K to 1st] (Must Fill) (4Q ATL @ NO);NFL In-Game Satellite to NFL 11-1 Midseason Main Event [Must Fill] (4Q ATL @ NO);NFL In-Game Satellite to NFL $555 Fantasy Football Millionaire [Must Fill] (4Q ATL @ NO);NFL In-Game $150 First Down (4Q ATL @ NO)",196298118;196298121;196297447;196298119;196298122;196297446;196298117;196298124;196298120;196297448;196297449;196298125;196297707;196297706;196298037;196298109;196298080;196298081;196317157;196298123,10/5 9:45PM Q4 (ATL @ NO)
Jalen Moreno-Cropper - Showdown 4th Quarter (Captain),196298118;196298121;196297447;196298119;196298122;196297446;196298117;196298124;196298120;196297448;196297449;196298125;196297707;196297706;196298037;196298109;196298080;196298081;196317157;196298123,Jalen Moreno-Cropper|NO,44359306,Jalen Moreno-Cropper,Jalen,Moreno-Cropper,300,CPT,NO,ATL @ NO,10/05/2026 09:45 PM,,ATL @ NO,Showdown 4th Quarter,NFL,10/5,Captain,"NFL In-Game $20K Thunderdome [Must Fill] (4Q ATL @ NO);NFL In-Game $10,170 2026 FFWC Qualifier Satellite [Must Fill] (4Q ATL @ NO);NFL In-Game $3K 4th Quarter Finish [$1K to 1st] (4Q ATL @ NO);NFL In-Game Satellite to NFL $4,444 Fantasy Football MEGA Millionaire [Must Fill] (4Q ATL @ NO);NFL In-Game Satellite to NFL 10-12 $4,444 Showdown MEGA Millionaire [Must Fill] (4Q ATL @ NO);NFL In-Game $285 Bootleg [Single Entry] (4Q ATL @ NO);NFL In-Game $1,060 Winner Take All [$4K to 1st] (Must Fill) (4Q ATL @ NO);NFL In-Game Satellite to NFL 11-1 Midseason Main Event [Must Fill] (4Q ATL @ NO);NFL In-Game Satellite to NFL $555 Fantasy Football Millionaire [Must Fill] (4Q ATL @ NO);NFL In-Game $150 First Down (4Q ATL @ NO)",196298118;196298121;196297447;196298119;196298122;196297446;196298117;196298124;196298120;196297448;196297449;196298125;196297707;196297706;196298037;196298109;196298080;196298081;196317157;196298123,10/5 9:45PM Q4 (ATL @ NO)
Zach Wood - Showdown 4th Quarter (Captain),196298118;196298121;196297447;196298119;196298122;196297446;196298117;196298124;196298120;196297448;196297449;196298125;196297707;196297706;196298037;196298109;196298080;196298081;196317157;196298123,Zach Wood|NO,44359307,Zach Wood,Zach,Wood,300,CPT,NO,ATL @ NO,10/05/2026 09:45 PM,,ATL @ NO,Showdown 4th Quarter,NFL,10/5,Captain,"NFL In-Game $20K Thunderdome [Must Fill] (4Q ATL @ NO);NFL In-Game $10,170 2026 FFWC Qualifier Satellite [Must Fill] (4Q ATL @ NO);NFL In-Game $3K 4th Quarter Finish [$1K to 1st] (4Q ATL @ NO);NFL In-Game Satellite to NFL $4,444 Fantasy Football MEGA Millionaire [Must Fill] (4Q ATL @ NO);NFL In-Game Satellite to NFL 10-12 $4,444 Showdown MEGA Millionaire [Must Fill] (4Q ATL @ NO);NFL In-Game $285 Bootleg [Single Entry] (4Q ATL @ NO);NFL In-Game $1,060 Winner Take All [$4K to 1st] (Must Fill) (4Q ATL @ NO);NFL In-Game Satellite to NFL 11-1 Midseason Main Event [Must Fill] (4Q ATL @ NO);NFL In-Game Satellite to NFL $555 Fantasy Football Millionaire [Must Fill] (4Q ATL @ NO);NFL In-Game $150 First Down (4Q ATL @ NO)",196298118;196298121;196297447;196298119;196298122;196297446;196298117;196298124;196298120;196297448;196297449;196298125;196297707;196297706;196298037;196298109;196298080;196298081;196317157;196298123,10/5 9:45PM Q4 (ATL @ NO)
Nick Muse - Showdown 4th Quarter (Captain),196298118;196298121;196297447;196298119;196298122;196297446;196298117;196298124;196298120;196297448;196297449;196298125;196297707;196297706;196298037;196298109;196298080;196298081;196317157;196298123,Nick Muse|ATL,44359308,Nick Muse,Nick,Muse,300,CPT,ATL,ATL @ NO,10/05/2026 09:45 PM,,ATL @ NO,Showdown 4th Quarter,NFL,10/5,Captain,"NFL In-Game $20K Thunderdome [Must Fill] (4Q ATL @ NO);NFL In-Game $10,170 2026 FFWC Qualifier Satellite [Must Fill] (4Q ATL @ NO);NFL In-Game $3K 4th Quarter Finish [$1K to 1st] (4Q ATL @ NO);NFL In-Game Satellite to NFL $4,444 Fantasy Football MEGA Millionaire [Must Fill] (4Q ATL @ NO);NFL In-Game Satellite to NFL 10-12 $4,444 Showdown MEGA Millionaire [Must Fill] (4Q ATL @ NO);NFL In-Game $285 Bootleg [Single Entry] (4Q ATL @ NO);NFL In-Game $1,060 Winner Take All [$4K to 1st] (Must Fill) (4Q ATL @ NO);NFL In-Game Satellite to NFL 11-1 Midseason Main Event [Must Fill] (4Q ATL @ NO);NFL In-Game Satellite to NFL $555 Fantasy Football Millionaire [Must Fill] (4Q ATL @ NO);NFL In-Game $150 First Down (4Q ATL @ NO)",196298118;196298121;196297447;196298119;196298122;196297446;196298117;196298124;196298120;196297448;196297449;196298125;196297707;196297706;196298037;196298109;196298080;196298081;196317157;196298123,10/5 9:45PM Q4 (ATL @ NO)
Khalil Herbert - Showdown 4th Quarter (Captain),196298118;196298121;196297447;196298119;196298122;196297446;196298117;196298124;196298120;196297448;196297449;196298125;196297707;196297706;196298037;196298109;196298080;196298081;196317157;196298123,Khalil Herbert|ATL,44359309,Khalil Herbert,Khalil,Herbert,300,CPT,ATL,ATL @ NO,10/05/2026 09:45 PM,,ATL @ NO,Showdown 4th Quarter,NFL,10/5,Captain,"NFL In-Game $20K Thunderdome [Must Fill] (4Q ATL @ NO);NFL In-Game $10,170 2026 FFWC Qualifier Satellite [Must Fill] (4Q ATL @ NO);NFL In-Game $3K 4th Quarter Finish [$1K to 1st] (4Q ATL @ NO);NFL In-Game Satellite to NFL $4,444 Fantasy Football MEGA Millionaire [Must Fill] (4Q ATL @ NO);NFL In-Game Satellite to NFL 10-12 $4,444 Showdown MEGA Millionaire [Must Fill] (4Q ATL @ NO);NFL In-Game $285 Bootleg [Single Entry] (4Q ATL @ NO);NFL In-Game $1,060 Winner Take All [$4K to 1st] (Must Fill) (4Q ATL @ NO);NFL In-Game Satellite to NFL 11-1 Midseason Main Event [Must Fill] (4Q ATL @ NO);NFL In-Game Satellite to NFL $555 Fantasy Football Millionaire [Must Fill] (4Q ATL @ NO);NFL In-Game $150 First Down (4Q ATL @ NO)",196298118;196298121;196297447;196298119;196298122;196297446;196298117;196298124;196298120;196297448;196297449;196298125;196297707;196297706;196298037;196298109;196298080;196298081;196317157;196298123,10/5 9:45PM Q4 (ATL @ NO)
Jack Velling - Showdown 4th Quarter (Captain),196298118;196298121;196297447;196298119;196298122;196297446;196298117;196298124;196298120;196297448;196297449;196298125;196297707;196297706;196298037;196298109;196298080;196298081;196317157;196298123,Jack Velling|ATL,44359310,Jack Velling,Jack,Velling,300,CPT,ATL,ATL @ NO,10/05/2026 09:45 PM,,ATL @ NO,Showdown 4th Quarter,NFL,10/5,Captain,"NFL In-Game $20K Thunderdome [Must Fill] (4Q ATL @ NO);NFL In-Game $10,170 2026 FFWC Qualifier Satellite [Must Fill] (4Q ATL @ NO);NFL In-Game $3K 4th Quarter Finish [$1K to 1st] (4Q ATL @ NO);NFL In-Game Satellite to NFL $4,444 Fantasy Football MEGA Millionaire [Must Fill] (4Q ATL @ NO);NFL In-Game Satellite to NFL 10-12 $4,444 Showdown MEGA Millionaire [Must Fill] (4Q ATL @ NO);NFL In-Game $285 Bootleg [Single Entry] (4Q ATL @ NO);NFL In-Game $1,060 Winner Take All [$4K to 1st] (Must Fill) (4Q ATL @ NO);NFL In-Game Satellite to NFL 11-1 Midseason Main Event [Must Fill] (4Q ATL @ NO);NFL In-Game Satellite to NFL $555 Fantasy Football Millionaire [Must Fill] (4Q ATL @ NO);NFL In-Game $150 First Down (4Q ATL @ NO)",196298118;196298121;196297447;196298119;196298122;196297446;196298117;196298124;196298120;196297448;196297449;196298125;196297707;196297706;196298037;196298109;196298080;196298081;196317157;196298123,10/5 9:45PM Q4 (ATL @ NO)
Zamir White - Showdown 4th Quarter (Captain),196298118;196298121;196297447;196298119;196298122;196297446;196298117;196298124;196298120;196297448;196297449;196298125;196297707;196297706;196298037;196298109;196298080;196298081;196317157;196298123,Zamir White|NO,44359311,Zamir White,Zamir,White,300,CPT,NO,ATL @ NO,10/05/2026 09:45 PM,,ATL @ NO,Showdown 4th Quarter,NFL,10/5,Captain,"NFL In-Game $20K Thunderdome [Must Fill] (4Q ATL @ NO);NFL In-Game $10,170 2026 FFWC Qualifier Satellite [Must Fill] (4Q ATL @ NO);NFL In-Game $3K 4th Quarter Finish [$1K to 1st] (4Q ATL @ NO);NFL In-Game Satellite to NFL $4,444 Fantasy Football MEGA Millionaire [Must Fill] (4Q ATL @ NO);NFL In-Game Satellite to NFL 10-12 $4,444 Showdown MEGA Millionaire [Must Fill] (4Q ATL @ NO);NFL In-Game $285 Bootleg [Single Entry] (4Q ATL @ NO);NFL In-Game $1,060 Winner Take All [$4K to 1st] (Must Fill) (4Q ATL @ NO);NFL In-Game Satellite to NFL 11-1 Midseason Main Event [Must Fill] (4Q ATL @ NO);NFL In-Game Satellite to NFL $555 Fantasy Football Millionaire [Must Fill] (4Q ATL @ NO);NFL In-Game $150 First Down (4Q ATL @ NO)",196298118;196298121;196297447;196298119;196298122;196297446;196298117;196298124;196298120;196297448;196297449;196298125;196297707;196297706;196298037;196298109;196298080;196298081;196317157;196298123,10/5 9:45PM Q4 (ATL @ NO)
Treyton Welch - Showdown 4th Quarter (Captain),196298118;196298121;196297447;196298119;196298122;196297446;196298117;196298124;196298120;196297448;196297449;196298125;196297707;196297706;196298037;196298109;196298080;196298081;196317157;196298123,Treyton Welch|NO,44359312,Treyton Welch,Treyton,Welch,300,CPT,NO,ATL @ NO,10/05/2026 09:45 PM,,ATL @ NO,Showdown 4th Quarter,NFL,10/5,Captain,"NFL In-Game $20K Thunderdome [Must Fill] (4Q ATL @ NO);NFL In-Game $10,170 2026 FFWC Qualifier Satellite [Must Fill] (4Q ATL @ NO);NFL In-Game $3K 4th Quarter Finish [$1K to 1st] (4Q ATL @ NO);NFL In-Game Satellite to NFL $4,444 Fantasy Football MEGA Millionaire [Must Fill] (4Q ATL @ NO);NFL In-Game Satellite to NFL 10-12 $4,444 Showdown MEGA Millionaire [Must Fill] (4Q ATL @ NO);NFL In-Game $285 Bootleg [Single Entry] (4Q ATL @ NO);NFL In-Game $1,060 Winner Take All [$4K to 1st] (Must Fill) (4Q ATL @ NO);NFL In-Game Satellite to NFL 11-1 Midseason Main Event [Must Fill] (4Q ATL @ NO);NFL In-Game Satellite to NFL $555 Fantasy Football Millionaire [Must Fill] (4Q ATL @ NO);NFL In-Game $150 First Down (4Q ATL @ NO)",196298118;196298121;196297447;196298119;196298122;196297446;196298117;196298124;196298120;196297448;196297449;196298125;196297707;196297706;196298037;196298109;196298080;196298081;196317157;196298123,10/5 9:45PM Q4 (ATL @ NO)
Kyrese Rowan - Showdown 4th Quarter (Captain),196298118;196298121;196297447;196298119;196298122;196297446;196298117;196298124;196298120;196297448;196297449;196298125;196297707;196297706;196298037;196298109;196298080;196298081;196317157;196298123,Kyrese Rowan|NO,44359313,Kyrese Rowan,Kyrese,Rowan,300,CPT,NO,ATL @ NO,10/05/2026 09:45 PM,,ATL @ NO,Showdown 4th Quarter,NFL,10/5,Captain,"NFL In-Game $20K Thunderdome [Must Fill] (4Q ATL @ NO);NFL In-Game $10,170 2026 FFWC Qualifier Satellite [Must Fill] (4Q ATL @ NO);NFL In-Game $3K 4th Quarter Finish [$1K to 1st] (4Q ATL @ NO);NFL In-Game Satellite to NFL $4,444 Fantasy Football MEGA Millionaire [Must Fill] (4Q ATL @ NO);NFL In-Game Satellite to NFL 10-12 $4,444 Showdown MEGA Millionaire [Must Fill] (4Q ATL @ NO);NFL In-Game $285 Bootleg [Single Entry] (4Q ATL @ NO);NFL In-Game $1,060 Winner Take All [$4K to 1st] (Must Fill) (4Q ATL @ NO);NFL In-Game Satellite to NFL 11-1 Midseason Main Event [Must Fill] (4Q ATL @ NO);NFL In-Game Satellite to NFL $555 Fantasy Football Millionaire [Must Fill] (4Q ATL @ NO);NFL In-Game $150 First Down (4Q ATL @ NO)",196298118;196298121;196297447;196298119;196298122;196297446;196298117;196298124;196298120;196297448;196297449;196298125;196297707;196297706;196298037;196298109;196298080;196298081;196317157;196298123,10/5 9:45PM Q4 (ATL @ NO)
Trey Palmer - Showdown 4th Quarter (Captain),196298118;196298121;196297447;196298119;196298122;196297446;196298117;196298124;196298120;196297448;196297449;196298125;196297707;196297706;196298037;196298109;196298080;196298081;196317157;196298123,Trey Palmer|NO,44359314,Trey Palmer,Trey,Palmer,300,CPT,NO,ATL @ NO,10/05/2026 09:45 PM,,ATL @ NO,Showdown 4th Quarter,NFL,10/5,Captain,"NFL In-Game $20K Thunderdome [Must Fill] (4Q ATL @ NO);NFL In-Game $10,170 2026 FFWC Qualifier Satellite [Must Fill] (4Q ATL @ NO);NFL In-Game $3K 4th Quarter Finish [$1K to 1st] (4Q ATL @ NO);NFL In-Game Satellite to NFL $4,444 Fantasy Football MEGA Millionaire [Must Fill] (4Q ATL @ NO);NFL In-Game Satellite to NFL 10-12 $4,444 Showdown MEGA Millionaire [Must Fill] (4Q ATL @ NO);NFL In-Game $285 Bootleg [Single Entry] (4Q ATL @ NO);NFL In-Game $1,060 Winner Take All [$4K to 1st] (Must Fill) (4Q ATL @ NO);NFL In-Game Satellite to NFL 11-1 Midseason Main Event [Must Fill] (4Q ATL @ NO);NFL In-Game Satellite to NFL $555 Fantasy Football Millionaire [Must Fill] (4Q ATL @ NO);NFL In-Game $150 First Down (4Q ATL @ NO)",196298118;196298121;196297447;196298119;196298122;196297446;196298117;196298124;196298120;196297448;196297449;196298125;196297707;196297706;196298037;196298109;196298080;196298081;196317157;196298123,10/5 9:45PM Q4 (ATL @ NO)
Vinny Anthony II - Showdown 4th Quarter (Captain),196298118;196298121;196297447;196298119;196298122;196297446;196298117;196298124;196298120;196297448;196297449;196298125;196297707;196297706;196298037;196298109;196298080;196298081;196317157;196298123,Vinny Anthony II|ATL,44359315,Vinny Anthony II,Vinny,Anthony II,300,CPT,ATL,ATL @ NO,10/05/2026 09:45 PM,,ATL @ NO,Showdown 4th Quarter,NFL,10/5,Captain,"NFL In-Game $20K Thunderdome [Must Fill] (4Q ATL @ NO);NFL In-Game $10,170 2026 FFWC Qualifier Satellite [Must Fill] (4Q ATL @ NO);NFL In-Game $3K 4th Quarter Finish [$1K to 1st] (4Q ATL @ NO);NFL In-Game Satellite to NFL $4,444 Fantasy Football MEGA Millionaire [Must Fill] (4Q ATL @ NO);NFL In-Game Satellite to NFL 10-12 $4,444 Showdown MEGA Millionaire [Must Fill] (4Q ATL @ NO);NFL In-Game $285 Bootleg [Single Entry] (4Q ATL @ NO);NFL In-Game $1,060 Winner Take All [$4K to 1st] (Must Fill) (4Q ATL @ NO);NFL In-Game Satellite to NFL 11-1 Midseason Main Event [Must Fill] (4Q ATL @ NO);NFL In-Game Satellite to NFL $555 Fantasy Football Millionaire [Must Fill] (4Q ATL @ NO);NFL In-Game $150 First Down (4Q ATL @ NO)",196298118;196298121;196297447;196298119;196298122;196297446;196298117;196298124;196298120;196297448;196297449;196298125;196297707;196297706;196298037;196298109;196298080;196298081;196317157;196298123,10/5 9:45PM Q4 (ATL @ NO)
Beaux Collins - Showdown 4th Quarter (Captain),196298118;196298121;196297447;196298119;196298122;196297446;196298117;196298124;196298120;196297448;196297449;196298125;196297707;196297706;196298037;196298109;196298080;196298081;196317157;196298123,Beaux Collins|ATL,44359316,Beaux Collins,Beaux,Collins,300,CPT,ATL,ATL @ NO,10/05/2026 09:45 PM,,ATL @ NO,Showdown 4th Quarter,NFL,10/5,Captain,"NFL In-Game $20K Thunderdome [Must Fill] (4Q ATL @ NO);NFL In-Game $10,170 2026 FFWC Qualifier Satellite [Must Fill] (4Q ATL @ NO);NFL In-Game $3K 4th Quarter Finish [$1K to 1st] (4Q ATL @ NO);NFL In-Game Satellite to NFL $4,444 Fantasy Football MEGA Millionaire [Must Fill] (4Q ATL @ NO);NFL In-Game Satellite to NFL 10-12 $4,444 Showdown MEGA Millionaire [Must Fill] (4Q ATL @ NO);NFL In-Game $285 Bootleg [Single Entry] (4Q ATL @ NO);NFL In-Game $1,060 Winner Take All [$4K to 1st] (Must Fill) (4Q ATL @ NO);NFL In-Game Satellite to NFL 11-1 Midseason Main Event [Must Fill] (4Q ATL @ NO);NFL In-Game Satellite to NFL $555 Fantasy Football Millionaire [Must Fill] (4Q ATL @ NO);NFL In-Game $150 First Down (4Q ATL @ NO)",196298118;196298121;196297447;196298119;196298122;196297446;196298117;196298124;196298120;196297448;196297449;196298125;196297707;196297706;196298037;196298109;196298080;196298081;196317157;196298123,10/5 9:45PM Q4 (ATL @ NO)
Cedric Tillman - Showdown 4th Quarter (Captain),196298118;196298121;196297447;196298119;196298122;196297446;196298117;196298124;196298120;196297448;196297449;196298125;196297707;196297706;196298037;196298109;196298080;196298081;196317157;196298123,Cedric Tillman|NO,44359317,Cedric Tillman,Cedric,Tillman,300,CPT,NO,ATL @ NO,10/05/2026 09:45 PM,,ATL @ NO,Showdown 4th Quarter,NFL,10/5,Captain,"NFL In-Game $20K Thunderdome [Must Fill] (4Q ATL @ NO);NFL In-Game $10,170 2026 FFWC Qualifier Satellite [Must Fill] (4Q ATL @ NO);NFL In-Game $3K 4th Quarter Finish [$1K to 1st] (4Q ATL @ NO);NFL In-Game Satellite to NFL $4,444 Fantasy Football MEGA Millionaire [Must Fill] (4Q ATL @ NO);NFL In-Game Satellite to NFL 10-12 $4,444 Showdown MEGA Millionaire [Must Fill] (4Q ATL @ NO);NFL In-Game $285 Bootleg [Single Entry] (4Q ATL @ NO);NFL In-Game $1,060 Winner Take All [$4K to 1st] (Must Fill) (4Q ATL @ NO);NFL In-Game Satellite to NFL 11-1 Midseason Main Event [Must Fill] (4Q ATL @ NO);NFL In-Game Satellite to NFL $555 Fantasy Football Millionaire [Must Fill] (4Q ATL @ NO);NFL In-Game $150 First Down (4Q ATL @ NO)",196298118;196298121;196297447;196298119;196298122;196297446;196298117;196298124;196298120;196297448;196297449;196298125;196297707;196297706;196298037;196298109;196298080;196298081;196317157;196298123,10/5 9:45PM Q4 (ATL @ NO)
Trey Sermon - Showdown 4th Quarter (Captain),196298118;196298121;196297447;196298119;196298122;196297446;196298117;196298124;196298120;196297448;196297449;196298125;196297707;196297706;196298037;196298109;196298080;196298081;196317157;196298123,Trey Sermon|ATL,44359318,Trey Sermon,Trey,Sermon,300,CPT,ATL,ATL @ NO,10/05/2026 09:45 PM,,ATL @ NO,Showdown 4th Quarter,NFL,10/5,Captain,"NFL In-Game $20K Thunderdome [Must Fill] (4Q ATL @ NO);NFL In-Game $10,170 2026 FFWC Qualifier Satellite [Must Fill] (4Q ATL @ NO);NFL In-Game $3K 4th Quarter Finish [$1K to 1st] (4Q ATL @ NO);NFL In-Game Satellite to NFL $4,444 Fantasy Football MEGA Millionaire [Must Fill] (4Q ATL @ NO);NFL In-Game Satellite to NFL 10-12 $4,444 Showdown MEGA Millionaire [Must Fill] (4Q ATL @ NO);NFL In-Game $285 Bootleg [Single Entry] (4Q ATL @ NO);NFL In-Game $1,060 Winner Take All [$4K to 1st] (Must Fill) (4Q ATL @ NO);NFL In-Game Satellite to NFL 11-1 Midseason Main Event [Must Fill] (4Q ATL @ NO);NFL In-Game Satellite to NFL $555 Fantasy Football Millionaire [Must Fill] (4Q ATL @ NO);NFL In-Game $150 First Down (4Q ATL @ NO)",196298118;196298121;196297447;196298119;196298122;196297446;196298117;196298124;196298120;196297448;196297449;196298125;196297707;196297706;196298037;196298109;196298080;196298081;196317157;196298123,10/5 9:45PM Q4 (ATL @ NO)
Jordyn Tyson - Showdown 4th Quarter (Captain),196298118;196298121;196297447;196298119;196298122;196297446;196298117;196298124;196298120;196297448;196297449;196298125;196297707;196297706;196298037;196298109;196298080;196298081;196317157;196298123,Jordyn Tyson|NO,44359319,Jordyn Tyson,Jordyn,Tyson,300,CPT,NO,ATL @ NO,10/05/2026 09:45 PM,,ATL @ NO,Showdown 4th Quarter,NFL,10/5,Captain,"NFL In-Game $20K Thunderdome [Must Fill] (4Q ATL @ NO);NFL In-Game $10,170 2026 FFWC Qualifier Satellite [Must Fill] (4Q ATL @ NO);NFL In-Game $3K 4th Quarter Finish [$1K to 1st] (4Q ATL @ NO);NFL In-Game Satellite to NFL $4,444 Fantasy Football MEGA Millionaire [Must Fill] (4Q ATL @ NO);NFL In-Game Satellite to NFL 10-12 $4,444 Showdown MEGA Millionaire [Must Fill] (4Q ATL @ NO);NFL In-Game $285 Bootleg [Single Entry] (4Q ATL @ NO);NFL In-Game $1,060 Winner Take All [$4K to 1st] (Must Fill) (4Q ATL @ NO);NFL In-Game Satellite to NFL 11-1 Midseason Main Event [Must Fill] (4Q ATL @ NO);NFL In-Game Satellite to NFL $555 Fantasy Football Millionaire [Must Fill] (4Q ATL @ NO);NFL In-Game $150 First Down (4Q ATL @ NO)",196298118;196298121;196297447;196298119;196298122;196297446;196298117;196298124;196298120;196297448;196297449;196298125;196297707;196297706;196298037;196298109;196298080;196298081;196317157;196298123,10/5 9:45PM Q4 (ATL @ NO)
Antwane Wells Jr. - Showdown 4th Quarter (Captain),196298118;196298121;196297447;196298119;196298122;196297446;196298117;196298124;196298120;196297448;196297449;196298125;196297707;196297706;196298037;196298109;196298080;196298081;196317157;196298123,Antwane Wells Jr.|ATL,44359320,Antwane Wells Jr.,Antwane,Wells Jr.,300,CPT,ATL,ATL @ NO,10/05/2026 09:45 PM,,ATL @ NO,Showdown 4th Quarter,NFL,10/5,Captain,"NFL In-Game $20K Thunderdome [Must Fill] (4Q ATL @ NO);NFL In-Game $10,170 2026 FFWC Qualifier Satellite [Must Fill] (4Q ATL @ NO);NFL In-Game $3K 4th Quarter Finish [$1K to 1st] (4Q ATL @ NO);NFL In-Game Satellite to NFL $4,444 Fantasy Football MEGA Millionaire [Must Fill] (4Q ATL @ NO);NFL In-Game Satellite to NFL 10-12 $4,444 Showdown MEGA Millionaire [Must Fill] (4Q ATL @ NO);NFL In-Game $285 Bootleg [Single Entry] (4Q ATL @ NO);NFL In-Game $1,060 Winner Take All [$4K to 1st] (Must Fill) (4Q ATL @ NO);NFL In-Game Satellite to NFL 11-1 Midseason Main Event [Must Fill] (4Q ATL @ NO);NFL In-Game Satellite to NFL $555 Fantasy Football Millionaire [Must Fill] (4Q ATL @ NO);NFL In-Game $150 First Down (4Q ATL @ NO)",196298118;196298121;196297447;196298119;196298122;196297446;196298117;196298124;196298120;196297448;196297449;196298125;196297707;196297706;196298037;196298109;196298080;196298081;196317157;196298123,10/5 9:45PM Q4 (ATL @ NO)
Stone Smartt - Showdown 4th Quarter (Captain),196298118;196298121;196297447;196298119;196298122;196297446;196298117;196298124;196298120;196297448;196297449;196298125;196297707;196297706;196298037;196298109;196298080;196298081;196317157;196298123,Stone Smartt|NO,44359321,Stone Smartt,Stone,Smartt,300,CPT,NO,ATL @ NO,10/05/2026 09:45 PM,,ATL @ NO,Showdown 4th Quarter,NFL,10/5,Captain,"NFL In-Game $20K Thunderdome [Must Fill] (4Q ATL @ NO);NFL In-Game $10,170 2026 FFWC Qualifier Satellite [Must Fill] (4Q ATL @ NO);NFL In-Game $3K 4th Quarter Finish [$1K to 1st] (4Q ATL @ NO);NFL In-Game Satellite to NFL $4,444 Fantasy Football MEGA Millionaire [Must Fill] (4Q ATL @ NO);NFL In-Game Satellite to NFL 10-12 $4,444 Showdown MEGA Millionaire [Must Fill] (4Q ATL @ NO);NFL In-Game $285 Bootleg [Single Entry] (4Q ATL @ NO);NFL In-Game $1,060 Winner Take All [$4K to 1st] (Must Fill) (4Q ATL @ NO);NFL In-Game Satellite to NFL 11-1 Midseason Main Event [Must Fill] (4Q ATL @ NO);NFL In-Game Satellite to NFL $555 Fantasy Football Millionaire [Must Fill] (4Q ATL @ NO);NFL In-Game $150 First Down (4Q ATL @ NO)",196298118;196298121;196297447;196298119;196298122;196297446;196298117;196298124;196298120;196297448;196297449;196298125;196297707;196297706;196298037;196298109;196298080;196298081;196317157;196298123,10/5 9:45PM Q4 (ATL @ NO)
Mason Tipton - Showdown 4th Quarter (Captain),196298118;196298121;196297447;196298119;196298122;196297446;196298117;196298124;196298120;196297448;196297449;196298125;196297707;196297706;196298037;196298109;196298080;196298081;196317157;196298123,Mason Tipton|NO,44359322,Mason Tipton,Mason,Tipton,300,CPT,NO,ATL @ NO,10/05/2026 09:45 PM,,ATL @ NO,Showdown 4th Quarter,NFL,10/5,Captain,"NFL In-Game $20K Thunderdome [Must Fill] (4Q ATL @ NO);NFL In-Game $10,170 2026 FFWC Qualifier Satellite [Must Fill] (4Q ATL @ NO);NFL In-Game $3K 4th Quarter Finish [$1K to 1st] (4Q ATL @ NO);NFL In-Game Satellite to NFL $4,444 Fantasy Football MEGA Millionaire [Must Fill] (4Q ATL @ NO);NFL In-Game Satellite to NFL 10-12 $4,444 Showdown MEGA Millionaire [Must Fill] (4Q ATL @ NO);NFL In-Game $285 Bootleg [Single Entry] (4Q ATL @ NO);NFL In-Game $1,060 Winner Take All [$4K to 1st] (Must Fill) (4Q ATL @ NO);NFL In-Game Satellite to NFL 11-1 Midseason Main Event [Must Fill] (4Q ATL @ NO);NFL In-Game Satellite to NFL $555 Fantasy Football Millionaire [Must Fill] (4Q ATL @ NO);NFL In-Game $150 First Down (4Q ATL @ NO)",196298118;196298121;196297447;196298119;196298122;196297446;196298117;196298124;196298120;196297448;196297449;196298125;196297707;196297706;196298037;196298109;196298080;196298081;196317157;196298123,10/5 9:45PM Q4 (ATL @ NO)
Anthony Tyus III - Showdown Captain Mode (Flex),196285049;196285047;196285046;196285050;196285056;196285071;196285042;196285064;196285065;196285048;196285095;196285096;196285083;196285089;196285107;196285108;196285105;196285106;196285090;196285094,Anthony Tyus III|CAR,44358479,Anthony Tyus III,Anthony,Tyus III,200,RB,CAR,DET @ CAR,10/04/2026 08:20 PM,,DET @ CAR,Showdown Captain Mode,NFL,10/4,Flex,"NFL Showdown $1M Sunday Night Showdown [$250K to 1st] (DET @ CAR);NFL Showdown $500K Wildcat [$100K to 1st] (DET @ CAR);NFL Showdown $402K Luxury Box [$100K to 1st] (DET @ CAR);NFL Showdown $200K Play-Action [20 Entry Max] (DET @ CAR);NFL Showdown $140K Four-Point Stance [$30K to 1st, 5 Entry Max] (DET @ CAR);NFL Showdown $60K Huddle [Single Entry] (DET @ CAR);NFL Showdown $10K Huddle [Single Entry] (DET @ CAR);NFL Showdown $75K Spy [$15K to 1st, Single Entry] (DET @ CAR);NFL Showdown $25K Spy [Single Entry] (DET @ CAR);NFL Showdown $70K Bootleg [$20K to 1st] (DET @ CAR)",196285049;196285047;196285046;196285050;196285056;196285071;196285042;196285064;196285065;196285048;196285095;196285096;196285083;196285089;196285107;196285108;196285105;196285106;196285090;196285094,10/4 8:20PM (DET @ CAR)
Jonathon Brooks - Showdown Captain Mode (Flex),196285049;196285047;196285046;196285050;196285056;196285071;196285042;196285064;196285065;196285048;196285095;196285096;196285083;196285089;196285107;196285108;196285105;196285106;196285090;196285094,Jonathon Brooks|CAR,44358480,Jonathon Brooks,Jonathon,Brooks,200,RB,CAR,DET @ CAR,10/04/2026 08:20 PM,,DET @ CAR,Showdown Captain Mode,NFL,10/4,Flex,"NFL Showdown $1M Sunday Night Showdown [$250K to 1st] (DET @ CAR);NFL Showdown $500K Wildcat [$100K to 1st] (DET @ CAR);NFL Showdown $402K Luxury Box [$100K to 1st] (DET @ CAR);NFL Showdown $200K Play-Action [20 Entry Max] (DET @ CAR);NFL Showdown $140K Four-Point Stance [$30K to 1st, 5 Entry Max] (DET @ CAR);NFL Showdown $60K Huddle [Single Entry] (DET @ CAR);NFL Showdown $10K Huddle [Single Entry] (DET @ CAR);NFL Showdown $75K Spy [$15K to 1st, Single Entry] (DET @ CAR);NFL Showdown $25K Spy [Single Entry] (DET @ CAR);NFL Showdown $70K Bootleg [$20K to 1st] (DET @ CAR)",196285049;196285047;196285046;196285050;196285056;196285071;196285042;196285064;196285065;196285048;196285095;196285096;196285083;196285089;196285107;196285108;196285105;196285106;196285090;196285094,10/4 8:20PM (DET @ CAR)
Trevor Etienne - Showdown Captain Mode (Flex),196285049;196285047;196285046;196285050;196285056;196285071;196285042;196285064;196285065;196285048;196285095;196285096;196285083;196285089;196285107;196285108;196285105;196285106;196285090;196285094,Trevor Etienne|CAR,44358481,Trevor Etienne,Trevor,Etienne,200,RB,CAR,DET @ CAR,10/04/2026 08:20 PM,,DET @ CAR,Showdown Captain Mode,NFL,10/4,Flex,"NFL Showdown $1M Sunday Night Showdown [$250K to 1st] (DET @ CAR);NFL Showdown $500K Wildcat [$100K to 1st] (DET @ CAR);NFL Showdown $402K Luxury Box [$100K to 1st] (DET @ CAR);NFL Showdown $200K Play-Action [20 Entry Max] (DET @ CAR);NFL Showdown $140K Four-Point Stance [$30K to 1st, 5 Entry Max] (DET @ CAR);NFL Showdown $60K Huddle [Single Entry] (DET @ CAR);NFL Showdown $10K Huddle [Single Entry] (DET @ CAR);NFL Showdown $75K Spy [$15K to 1st, Single Entry] (DET @ CAR);NFL Showdown $25K Spy [Single Entry] (DET @ CAR);NFL Showdown $70K Bootleg [$20K to 1st] (DET @ CAR)",196285049;196285047;196285046;196285050;196285056;196285071;196285042;196285064;196285065;196285048;196285095;196285096;196285083;196285089;196285107;196285108;196285105;196285106;196285090;196285094,10/4 8:20PM (DET @ CAR)
Ahmani Marshall - Showdown Captain Mode (Flex),196285049;196285047;196285046;196285050;196285056;196285071;196285042;196285064;196285065;196285048;196285095;196285096;196285083;196285089;196285107;196285108;196285105;196285106;196285090;196285094,Ahmani Marshall|CAR,44358482,Ahmani Marshall,Ahmani,Marshall,200,RB,CAR,DET @ CAR,10/04/2026 08:20 PM,,DET @ CAR,Showdown Captain Mode,NFL,10/4,Flex,"NFL Showdown $1M Sunday Night Showdown [$250K to 1st] (DET @ CAR);NFL Showdown $500K Wildcat [$100K to 1st] (DET @ CAR);NFL Showdown $402K Luxury Box [$100K to 1st] (DET @ CAR);NFL Showdown $200K Play-Action [20 Entry Max] (DET @ CAR);NFL Showdown $140K Four-Point Stance [$30K to 1st, 5 Entry Max] (DET @ CAR);NFL Showdown $60K Huddle [Single Entry] (DET @ CAR);NFL Showdown $10K Huddle [Single Entry] (DET @ CAR);NFL Showdown $75K Spy [$15K to 1st, Single Entry] (DET @ CAR);NFL Showdown $25K Spy [Single Entry] (DET @ CAR);NFL Showdown $70K Bootleg [$20K to 1st] (DET @ CAR)",196285049;196285047;196285046;196285050;196285056;196285071;196285042;196285064;196285065;196285048;196285095;196285096;196285083;196285089;196285107;196285108;196285105;196285106;196285090;196285094,10/4 8:20PM (DET @ CAR)
Jabari Small - Showdown Captain Mode (Flex),196285049;196285047;196285046;196285050;196285056;196285071;196285042;196285064;196285065;196285048;196285095;196285096;196285083;196285089;196285107;196285108;196285105;196285106;196285090;196285094,Jabari Small|DET,44358483,Jabari Small,Jabari,Small,200,RB,DET,DET @ CAR,10/04/2026 08:20 PM,,DET @ CAR,Showdown Captain Mode,NFL,10/4,Flex,"NFL Showdown $1M Sunday Night Showdown [$250K to 1st] (DET @ CAR);NFL Showdown $500K Wildcat [$100K to 1st] (DET @ CAR);NFL Showdown $402K Luxury Box [$100K to 1st] (DET @ CAR);NFL Showdown $200K Play-Action [20 Entry Max] (DET @ CAR);NFL Showdown $140K Four-Point Stance [$30K to 1st, 5 Entry Max] (DET @ CAR);NFL Showdown $60K Huddle [Single Entry] (DET @ CAR);NFL Showdown $10K Huddle [Single Entry] (DET @ CAR);NFL Showdown $75K Spy [$15K to 1st, Single Entry] (DET @ CAR);NFL Showdown $25K Spy [Single Entry] (DET @ CAR);NFL Showdown $70K Bootleg [$20K to 1st] (DET @ CAR)",196285049;196285047;196285046;196285050;196285056;196285071;196285042;196285064;196285065;196285048;196285095;196285096;196285083;196285089;196285107;196285108;196285105;196285106;196285090;196285094,10/4 8:20PM (DET @ CAR)
Isiah Pacheco - Showdown Captain Mode (Flex),196285049;196285047;196285046;196285050;196285056;196285071;196285042;196285064;196285065;196285048;196285095;196285096;196285083;196285089;196285107;196285108;196285105;196285106;196285090;196285094,Isiah Pacheco|DET,44358484,Isiah Pacheco,Isiah,Pacheco,200,RB,DET,DET @ CAR,10/04/2026 08:20 PM,,DET @ CAR,Showdown Captain Mode,NFL,10/4,Flex,"NFL Showdown $1M Sunday Night Showdown [$250K to 1st] (DET @ CAR);NFL Showdown $500K Wildcat [$100K to 1st] (DET @ CAR);NFL Showdown $402K Luxury Box [$100K to 1st] (DET @ CAR);NFL Showdown $200K Play-Action [20 Entry Max] (DET @ CAR);NFL Showdown $140K Four-Point Stance [$30K to 1st, 5 Entry Max] (DET @ CAR);NFL Showdown $60K Huddle [Single Entry] (DET @ CAR);NFL Showdown $10K Huddle [Single Entry] (DET @ CAR);NFL Showdown $75K Spy [$15K to 1st, Single Entry] (DET @ CAR);NFL Showdown $25K Spy [Single Entry] (DET @ CAR);NFL Showdown $70K Bootleg [$20K to 1st] (DET @ CAR)",196285049;196285047;196285046;196285050;196285056;196285071;196285042;196285064;196285065;196285048;196285095;196285096;196285083;196285089;196285107;196285108;196285105;196285106;196285090;196285094,10/4 8:20PM (DET @ CAR)
Chris Brazzell II - Showdown Captain Mode (Flex),196285049;196285047;196285046;196285050;196285056;196285071;196285042;196285064;196285065;196285048;196285095;196285096;196285083;196285089;196285107;196285108;196285105;196285106;196285090;196285094,Chris Brazzell II|CAR,44358485,Chris Brazzell II,Chris,Brazzell II,200,WR,CAR,DET @ CAR,10/04/2026 08:20 PM,,DET @ CAR,Showdown Captain Mode,NFL,10/4,Flex,"NFL Showdown $1M Sunday Night Showdown [$250K to 1st] (DET @ CAR);NFL Showdown $500K Wildcat [$100K to 1st] (DET @ CAR);NFL Showdown $402K Luxury Box [$100K to 1st] (DET @ CAR);NFL Showdown $200K Play-Action [20 Entry Max] (DET @ CAR);NFL Showdown $140K Four-Point Stance [$30K to 1st, 5 Entry Max] (DET @ CAR);NFL Showdown $60K Huddle [Single Entry] (DET @ CAR);NFL Showdown $10K Huddle [Single Entry] (DET @ CAR);NFL Showdown $75K Spy [$15K to 1st, Single Entry] (DET @ CAR);NFL Showdown $25K Spy [Single Entry] (DET @ CAR);NFL Showdown $70K Bootleg [$20K to 1st] (DET @ CAR)",196285049;196285047;196285046;196285050;196285056;196285071;196285042;196285064;196285065;196285048;196285095;196285096;196285083;196285089;196285107;196285108;196285105;196285106;196285090;196285094,10/4 8:20PM (DET @ CAR)
Ja'seem Reed - Showdown Captain Mode (Flex),196285049;196285047;196285046;196285050;196285056;196285071;196285042;196285064;196285065;196285048;196285095;196285096;196285083;196285089;196285107;196285108;196285105;196285106;196285090;196285094,Ja'seem Reed|CAR,44358486,Ja'seem Reed,Ja'seem,Reed,200,WR,CAR,DET @ CAR,10/04/2026 08:20 PM,,DET @ CAR,Showdown Captain Mode,NFL,10/4,Flex,"NFL Showdown $1M Sunday Night Showdown [$250K to 1st] (DET @ CAR);NFL Showdown $500K Wildcat [$100K to 1st] (DET @ CAR);NFL Showdown $402K Luxury Box [$100K to 1st] (DET @ CAR);NFL Showdown $200K Play-Action [20 Entry Max] (DET @ CAR);NFL Showdown $140K Four-Point Stance [$30K to 1st, 5 Entry Max] (DET @ CAR);NFL Showdown $60K Huddle [Single Entry] (DET @ CAR);NFL Showdown $10K Huddle [Single Entry] (DET @ CAR);NFL Showdown $75K Spy [$15K to 1st, Single Entry] (DET @ CAR);NFL Showdown $25K Spy [Single Entry] (DET @ CAR);NFL Showdown $70K Bootleg [$20K to 1st] (DET @ CAR)",196285049;196285047;196285046;196285050;196285056;196285071;196285042;196285064;196285065;196285048;196285095;196285096;196285083;196285089;196285107;196285108;196285105;196285106;196285090;196285094,10/4 8:20PM (DET @ CAR)
Kendrick Law - Showdown Captain Mode (Flex),196285049;196285047;196285046;196285050;196285056;196285071;196285042;196285064;196285065;196285048;196285095;196285096;196285083;196285089;196285107;196285108;196285105;196285106;196285090;196285094,Kendrick Law|DET,44358487,Kendrick Law,Kendrick,Law,200,WR,DET,DET @ CAR,10/04/2026 08:20 PM,,DET @ CAR,Showdown Captain Mode,NFL,10/4,Flex,"NFL Showdown $1M Sunday Night Showdown [$250K to 1st] (DET @ CAR);NFL Showdown $500K Wildcat [$100K to 1st] (DET @ CAR);NFL Showdown $402K Luxury Box [$100K to 1st] (DET @ CAR);NFL Showdown $200K Play-Action [20 Entry Max] (DET @ CAR);NFL Showdown $140K Four-Point Stance [$30K to 1st, 5 Entry Max] (DET @ CAR);NFL Showdown $60K Huddle [Single Entry] (DET @ CAR);NFL Showdown $10K Huddle [Single Entry] (DET @ CAR);NFL Showdown $75K Spy [$15K to 1st, Single Entry] (DET @ CAR);NFL Showdown $25K Spy [Single Entry] (DET @ CAR);NFL Showdown $70K Bootleg [$20K to 1st] (DET @ CAR)",196285049;196285047;196285046;196285050;196285056;196285071;196285042;196285064;196285065;196285048;196285095;196285096;196285083;196285089;196285107;196285108;196285105;196285106;196285090;196285094,10/4 8:20PM (DET @ CAR)
Casey Washington - Showdown Captain Mode (Flex),196285049;196285047;196285046;196285050;196285056;196285071;196285042;196285064;196285065;196285048;196285095;196285096;196285083;196285089;196285107;196285108;196285105;196285106;196285090;196285094,Casey Washington|CAR,44358488,Casey Washington,Casey,Washington,200,WR,CAR,DET @ CAR,10/04/2026 08:20 PM,,DET @ CAR,Showdown Captain Mode,NFL,10/4,Flex,"NFL Showdown $1M Sunday Night Showdown [$250K to 1st] (DET @ CAR);NFL Showdown $500K Wildcat [$100K to 1st] (DET @ CAR);NFL Showdown $402K Luxury Box [$100K to 1st] (DET @ CAR);NFL Showdown $200K Play-Action [20 Entry Max] (DET @ CAR);NFL Showdown $140K Four-Point Stance [$30K to 1st, 5 Entry Max] (DET @ CAR);NFL Showdown $60K Huddle [Single Entry] (DET @ CAR);NFL Showdown $10K Huddle [Single Entry] (DET @ CAR);NFL Showdown $75K Spy [$15K to 1st, Single Entry] (DET @ CAR);NFL Showdown $25K Spy [Single Entry] (DET @ CAR);NFL Showdown $70K Bootleg [$20K to 1st] (DET @ CAR)",196285049;196285047;196285046;196285050;196285056;196285071;196285042;196285064;196285065;196285048;196285095;196285096;196285083;196285089;196285107;196285108;196285105;196285106;196285090;196285094,10/4 8:20PM (DET @ CAR)
Lawrence Keys III - Showdown Captain Mode (Flex),196285049;196285047;196285046;196285050;196285056;196285071;196285042;196285064;196285065;196285048;196285095;196285096;196285083;196285089;196285107;196285108;196285105;196285106;196285090;196285094,Lawrence Keys III|DET,44358489,Lawrence Keys III,Lawrence,Keys III,200,WR,DET,DET @ CAR,10/04/2026 08:20 PM,,DET @ CAR,Showdown Captain Mode,NFL,10/4,Flex,"NFL Showdown $1M Sunday Night Showdown [$250K to 1st] (DET @ CAR);NFL Showdown $500K Wildcat [$100K to 1st] (DET @ CAR);NFL Showdown $402K Luxury Box [$100K to 1st] (DET @ CAR);NFL Showdown $200K Play-Action [20 Entry Max] (DET @ CAR);NFL Showdown $140K Four-Point Stance [$30K to 1st, 5 Entry Max] (DET @ CAR);NFL Showdown $60K Huddle [Single Entry] (DET @ CAR);NFL Showdown $10K Huddle [Single Entry] (DET @ CAR);NFL Showdown $75K Spy [$15K to 1st, Single Entry] (DET @ CAR);NFL Showdown $25K Spy [Single Entry] (DET @ CAR);NFL Showdown $70K Bootleg [$20K to 1st] (DET @ CAR)",196285049;196285047;196285046;196285050;196285056;196285071;196285042;196285064;196285065;196285048;196285095;196285096;196285083;196285089;196285107;196285108;196285105;196285106;196285090;196285094,10/4 8:20PM (DET @ CAR)
Dominic Lovett - Showdown Captain Mode (Flex),196285049;196285047;196285046;196285050;196285056;196285071;196285042;196285064;196285065;196285048;196285095;196285096;196285083;196285089;196285107;196285108;196285105;196285106;196285090;196285094,Dominic Lovett|DET,44358490,Dominic Lovett,Dominic,Lovett,200,WR,DET,DET @ CAR,10/04/2026 08:20 PM,,DET @ CAR,Showdown Captain Mode,NFL,10/4,Flex,"NFL Showdown $1M Sunday Night Showdown [$250K to 1st] (DET @ CAR);NFL Showdown $500K Wildcat [$100K to 1st] (DET @ CAR);NFL Showdown $402K Luxury Box [$100K to 1st] (DET @ CAR);NFL Showdown $200K Play-Action [20 Entry Max] (DET @ CAR);NFL Showdown $140K Four-Point Stance [$30K to 1st, 5 Entry Max] (DET @ CAR);NFL Showdown $60K Huddle [Single Entry] (DET @ CAR);NFL Showdown $10K Huddle [Single Entry] (DET @ CAR);NFL Showdown $75K Spy [$15K to 1st, Single Entry] (DET @ CAR);NFL Showdown $25K Spy [Single Entry] (DET @ CAR);NFL Showdown $70K Bootleg [$20K to 1st] (DET @ CAR)",196285049;196285047;196285046;196285050;196285056;196285071;196285042;196285064;196285065;196285048;196285095;196285096;196285083;196285089;196285107;196285108;196285105;196285106;196285090;196285094,10/4 8:20PM (DET @ CAR)
Lucky Jackson - Showdown Captain Mode (Flex),196285049;196285047;196285046;196285050;196285056;196285071;196285042;196285064;196285065;196285048;196285095;196285096;196285083;196285089;196285107;196285108;196285105;196285106;196285090;196285094,Lucky Jackson|DET,44358491,Lucky Jackson,Lucky,Jackson,200,WR,DET,DET @ CAR,10/04/2026 08:20 PM,,DET @ CAR,Showdown Captain Mode,NFL,10/4,Flex,"NFL Showdown $1M Sunday Night Showdown [$250K to 1st] (DET @ CAR);NFL Showdown $500K Wildcat [$100K to 1st] (DET @ CAR);NFL Showdown $402K Luxury Box [$100K to 1st] (DET @ CAR);NFL Showdown $200K Play-Action [20 Entry Max] (DET @ CAR);NFL Showdown $140K Four-Point Stance [$30K to 1st, 5 Entry Max] (DET @ CAR);NFL Showdown $60K Huddle [Single Entry] (DET @ CAR);NFL Showdown $10K Huddle [Single Entry] (DET @ CAR);NFL Showdown $75K Spy [$15K to 1st, Single Entry] (DET @ CAR);NFL Showdown $25K Spy [Single Entry] (DET @ CAR);NFL Showdown $70K Bootleg [$20K to 1st] (DET @ CAR)",196285049;196285047;196285046;196285050;196285056;196285071;196285042;196285064;196285065;196285048;196285095;196285096;196285083;196285089;196285107;196285108;196285105;196285106;196285090;196285094,10/4 8:20PM (DET @ CAR)
Ja'Tavion Sanders - Showdown Captain Mode (Flex),196285049;196285047;196285046;196285050;196285056;196285071;196285042;196285064;196285065;196285048;196285095;196285096;196285083;196285089;196285107;196285108;196285105;196285106;196285090;196285094,Ja'Tavion Sanders|CAR,44358492,Ja'Tavion Sanders,Ja'Tavion,Sanders,200,TE,CAR,DET @ CAR,10/04/2026 08:20 PM,,DET @ CAR,Showdown Captain Mode,NFL,10/4,Flex,"NFL Showdown $1M Sunday Night Showdown [$250K to 1st] (DET @ CAR);NFL Showdown $500K Wildcat [$100K to 1st] (DET @ CAR);NFL Showdown $402K Luxury Box [$100K to 1st] (DET @ CAR);NFL Showdown $200K Play-Action [20 Entry Max] (DET @ CAR);NFL Showdown $140K Four-Point Stance [$30K to 1st, 5 Entry Max] (DET @ CAR);NFL Showdown $60K Huddle [Single Entry] (DET @ CAR);NFL Showdown $10K Huddle [Single Entry] (DET @ CAR);NFL Showdown $75K Spy [$15K to 1st, Single Entry] (DET @ CAR);NFL Showdown $25K Spy [Single Entry] (DET @ CAR);NFL Showdown $70K Bootleg [$20K to 1st] (DET @ CAR)",196285049;196285047;196285046;196285050;196285056;196285071;196285042;196285064;196285065;196285048;196285095;196285096;196285083;196285089;196285107;196285108;196285105;196285106;196285090;196285094,10/4 8:20PM (DET @ CAR)
Miles Kitselman - Showdown Captain Mode (Flex),196285049;196285047;196285046;196285050;196285056;196285071;196285042;196285064;196285065;196285048;196285095;196285096;196285083;196285089;196285107;196285108;196285105;196285106;196285090;196285094,Miles Kitselman|DET,44358493,Miles Kitselman,Miles,Kitselman,200,TE,DET,DET @ CAR,10/04/2026 08:20 PM,,DET @ CAR,Showdown Captain Mode,NFL,10/4,Flex,"NFL Showdown $1M Sunday Night Showdown [$250K to 1st] (DET @ CAR);NFL Showdown $500K Wildcat [$100K to 1st] (DET @ CAR);NFL Showdown $402K Luxury Box [$100K to 1st] (DET @ CAR);NFL Showdown $200K Play-Action [20 Entry Max] (DET @ CAR);NFL Showdown $140K Four-Point Stance [$30K to 1st, 5 Entry Max] (DET @ CAR);NFL Showdown $60K Huddle [Single Entry] (DET @ CAR);NFL Showdown $10K Huddle [Single Entry] (DET @ CAR);NFL Showdown $75K Spy [$15K to 1st, Single Entry] (DET @ CAR);NFL Showdown $25K Spy [Single Entry] (DET @ CAR);NFL Showdown $70K Bootleg [$20K to 1st] (DET @ CAR)",196285049;196285047;196285046;196285050;196285056;196285071;196285042;196285064;196285065;196285048;196285095;196285096;196285083;196285089;196285107;196285108;196285105;196285106;196285090;196285094,10/4 8:20PM (DET @ CAR)
Thomas Gordon - Showdown Captain Mode (Flex),196285049;196285047;196285046;196285050;196285056;196285071;196285042;196285064;196285065;196285048;196285095;196285096;196285083;196285089;196285107;196285108;196285105;196285106;196285090;196285094,Thomas Gordon|DET,44358494,Thomas Gordon,Thomas,Gordon,200,TE,DET,DET @ CAR,10/04/2026 08:20 PM,,DET @ CAR,Showdown Captain Mode,NFL,10/4,Flex,"NFL Showdown $1M Sunday Night Showdown [$250K to 1st] (DET @ CAR);NFL Showdown $500K Wildcat [$100K to 1st] (DET @ CAR);NFL Showdown $402K Luxury Box [$100K to 1st] (DET @ CAR);NFL Showdown $200K Play-Action [20 Entry Max] (DET @ CAR);NFL Showdown $140K Four-Point Stance [$30K to 1st, 5 Entry Max] (DET @ CAR);NFL Showdown $60K Huddle [Single Entry] (DET @ CAR);NFL Showdown $10K Huddle [Single Entry] (DET @ CAR);NFL Showdown $75K Spy [$15K to 1st, Single Entry] (DET @ CAR);NFL Showdown $25K Spy [Single Entry] (DET @ CAR);NFL Showdown $70K Bootleg [$20K to 1st] (DET @ CAR)",196285049;196285047;196285046;196285050;196285056;196285071;196285042;196285064;196285065;196285048;196285095;196285096;196285083;196285089;196285107;196285108;196285105;196285106;196285090;196285094,10/4 8:20PM (DET @ CAR)
Feleipe Franks - Showdown Captain Mode (Flex),196285049;196285047;196285046;196285050;196285056;196285071;196285042;196285064;196285065;196285048;196285095;196285096;196285083;196285089;196285107;196285108;196285105;196285106;196285090;196285094,Feleipe Franks|CAR,44358495,Feleipe Franks,Feleipe,Franks,200,TE,CAR,DET @ CAR,10/04/2026 08:20 PM,,DET @ CAR,Showdown Captain Mode,NFL,10/4,Flex,"NFL Showdown $1M Sunday Night Showdown [$250K to 1st] (DET @ CAR);NFL Showdown $500K Wildcat [$100K to 1st] (DET @ CAR);NFL Showdown $402K Luxury Box [$100K to 1st] (DET @ CAR);NFL Showdown $200K Play-Action [20 Entry Max] (DET @ CAR);NFL Showdown $140K Four-Point Stance [$30K to 1st, 5 Entry Max] (DET @ CAR);NFL Showdown $60K Huddle [Single Entry] (DET @ CAR);NFL Showdown $10K Huddle [Single Entry] (DET @ CAR);NFL Showdown $75K Spy [$15K to 1st, Single Entry] (DET @ CAR);NFL Showdown $25K Spy [Single Entry] (DET @ CAR);NFL Showdown $70K Bootleg [$20K to 1st] (DET @ CAR)",196285049;196285047;196285046;196285050;196285056;196285071;196285042;196285064;196285065;196285048;196285095;196285096;196285083;196285089;196285107;196285108;196285105;196285106;196285090;196285094,10/4 8:20PM (DET @ CAR)
Tyler Conklin - Showdown Captain Mode (Flex),196285049;196285047;196285046;196285050;196285056;196285071;196285042;196285064;196285065;196285048;196285095;196285096;196285083;196285089;196285107;196285108;196285105;196285106;196285090;196285094,Tyler Conklin|DET,44358496,Tyler Conklin,Tyler,Conklin,200,TE,DET,DET @ CAR,10/04/2026 08:20 PM,,DET @ CAR,Showdown Captain Mode,NFL,10/4,Flex,"NFL Showdown $1M Sunday Night Showdown [$250K to 1st] (DET @ CAR);NFL Showdown $500K Wildcat [$100K to 1st] (DET @ CAR);NFL Showdown $402K Luxury Box [$100K to 1st] (DET @ CAR);NFL Showdown $200K Play-Action [20 Entry Max] (DET @ CAR);NFL Showdown $140K Four-Point Stance [$30K to 1st, 5 Entry Max] (DET @ CAR);NFL Showdown $60K Huddle [Single Entry] (DET @ CAR);NFL Showdown $10K Huddle [Single Entry] (DET @ CAR);NFL Showdown $75K Spy [$15K to 1st, Single Entry] (DET @ CAR);NFL Showdown $25K Spy [Single Entry] (DET @ CAR);NFL Showdown $70K Bootleg [$20K to 1st] (DET @ CAR)",196285049;196285047;196285046;196285050;196285056;196285071;196285042;196285064;196285065;196285048;196285095;196285096;196285083;196285089;196285107;196285108;196285105;196285106;196285090;196285094,10/4 8:20PM (DET @ CAR)
Khalil Herbert - Showdown Captain Mode (Flex),196285155;196285153;196285138;196285157;196285156;196285154;196285212;196285175;196285176;196285170;196285171;196285187;196285188;196285189;196285218;196285219;196285220;196285221;196285182;196285183,Khalil Herbert|ATL,44358581,Khalil Herbert,Khalil,Herbert,200,RB,ATL,ATL @ NO,10/05/2026 08:15 PM,,ATL @ NO,Showdown Captain Mode,NFL,10/5,Flex,"NFL Showdown $1.5M Monday Night Showdown [$500K to 1st] (ATL @ NO);NFL Showdown $600K Wildcat [$150K to 1st] (ATL @ NO);NFL Showdown $402K Luxury Box [$100K to 1st] (ATL @ NO);NFL Showdown $300K Play-Action [20 Entry Max] (ATL @ NO);NFL Showdown $250K Flea Flicker [$50K to 1st] (ATL @ NO);NFL Showdown $150K Bootleg [$50K to 1st] (ATL @ NO);NFL Showdown $160K Four-Point Stance [$50K to 1st, 5 Entry Max] (ATL @ NO);NFL Showdown $80K Huddle [$10K to 1st, Single Entry] (ATL @ NO);NFL Showdown $20K Huddle [Single Entry] (ATL @ NO);NFL Showdown $100K Spy [$20K to 1st, Single Entry] (ATL @ NO)",196285155;196285153;196285138;196285157;196285156;196285154;196285212;196285175;196285176;196285170;196285171;196285187;196285188;196285189;196285218;196285219;196285220;196285221;196285182;196285183,10/5 8:15PM (ATL @ NO)
Ty Chandler - Showdown Captain Mode (Flex),196285155;196285153;196285138;196285157;196285156;196285154;196285212;196285175;196285176;196285170;196285171;196285187;196285188;196285189;196285218;196285219;196285220;196285221;196285182;196285183,Ty Chandler|NO,44358582,Ty Chandler,Ty,Chandler,200,RB,NO,ATL @ NO,10/05/2026 08:15 PM,,ATL @ NO,Showdown Captain Mode,NFL,10/5,Flex,"NFL Showdown $1.5M Monday Night Showdown [$500K to 1st] (ATL @ NO);NFL Showdown $600K Wildcat [$150K to 1st] (ATL @ NO);NFL Showdown $402K Luxury Box [$100K to 1st] (ATL @ NO);NFL Showdown $300K Play-Action [20 Entry Max] (ATL @ NO);NFL Showdown $250K Flea Flicker [$50K to 1st] (ATL @ NO);NFL Showdown $150K Bootleg [$50K to 1st] (ATL @ NO);NFL Showdown $160K Four-Point Stance [$50K to 1st, 5 Entry Max] (ATL @ NO);NFL Showdown $80K Huddle [$10K to 1st, Single Entry] (ATL @ NO);NFL Showdown $20K Huddle [Single Entry] (ATL @ NO);NFL Showdown $100K Spy [$20K to 1st, Single Entry] (ATL @ NO)",196285155;196285153;196285138;196285157;196285156;196285154;196285212;196285175;196285176;196285170;196285171;196285187;196285188;196285189;196285218;196285219;196285220;196285221;196285182;196285183,10/5 8:15PM (ATL @ NO)
Trey Sermon - Showdown Captain Mode (Flex),196285155;196285153;196285138;196285157;196285156;196285154;196285212;196285175;196285176;196285170;196285171;196285187;196285188;196285189;196285218;196285219;196285220;196285221;196285182;196285183,Trey Sermon|ATL,44358583,Trey Sermon,Trey,Sermon,200,RB,ATL,ATL @ NO,10/05/2026 08:15 PM,,ATL @ NO,Showdown Captain Mode,NFL,10/5,Flex,"NFL Showdown $1.5M Monday Night Showdown [$500K to 1st] (ATL @ NO);NFL Showdown $600K Wildcat [$150K to 1st] (ATL @ NO);NFL Showdown $402K Luxury Box [$100K to 1st] (ATL @ NO);NFL Showdown $300K Play-Action [20 Entry Max] (ATL @ NO);NFL Showdown $250K Flea Flicker [$50K to 1st] (ATL @ NO);NFL Showdown $150K Bootleg [$50K to 1st] (ATL @ NO);NFL Showdown $160K Four-Point Stance [$50K to 1st, 5 Entry Max] (ATL @ NO);NFL Showdown $80K Huddle [$10K to 1st, Single Entry] (ATL @ NO);NFL Showdown $20K Huddle [Single Entry] (ATL @ NO);NFL Showdown $100K Spy [$20K to 1st, Single Entry] (ATL @ NO)",196285155;196285153;196285138;196285157;196285156;196285154;196285212;196285175;196285176;196285170;196285171;196285187;196285188;196285189;196285218;196285219;196285220;196285221;196285182;196285183,10/5 8:15PM (ATL @ NO)
Cash Jones - Showdown Captain Mode (Flex),196285155;196285153;196285138;196285157;196285156;196285154;196285212;196285175;196285176;196285170;196285171;196285187;196285188;196285189;196285218;196285219;196285220;196285221;196285182;196285183,Cash Jones|ATL,44358584,Cash Jones,Cash,Jones,200,RB,ATL,ATL @ NO,10/05/2026 08:15 PM,,ATL @ NO,Showdown Captain Mode,NFL,10/5,Flex,"NFL Showdown $1.5M Monday Night Showdown [$500K to 1st] (ATL @ NO);NFL Showdown $600K Wildcat [$150K to 1st] (ATL @ NO);NFL Showdown $402K Luxury Box [$100K to 1st] (ATL @ NO);NFL Showdown $300K Play-Action [20 Entry Max] (ATL @ NO);NFL Showdown $250K Flea Flicker [$50K to 1st] (ATL @ NO);NFL Showdown $150K Bootleg [$50K to 1st] (ATL @ NO);NFL Showdown $160K Four-Point Stance [$50K to 1st, 5 Entry Max] (ATL @ NO);NFL Showdown $80K Huddle [$10K to 1st, Single Entry] (ATL @ NO);NFL Showdown $20K Huddle [Single Entry] (ATL @ NO);NFL Showdown $100K Spy [$20K to 1st, Single Entry] (ATL @ NO)",196285155;196285153;196285138;196285157;196285156;196285154;196285212;196285175;196285176;196285170;196285171;196285187;196285188;196285189;196285218;196285219;196285220;196285221;196285182;196285183,10/5 8:15PM (ATL @ NO)
Zamir White - Showdown Captain Mode (Flex),196285155;196285153;196285138;196285157;196285156;196285154;196285212;196285175;196285176;196285170;196285171;196285187;196285188;196285189;196285218;196285219;196285220;196285221;196285182;196285183,Zamir White|NO,44358585,Zamir White,Zamir,White,200,RB,NO,ATL @ NO,10/05/2026 08:15 PM,,ATL @ NO,Showdown Captain Mode,NFL,10/5,Flex,"NFL Showdown $1.5M Monday Night Showdown [$500K to 1st] (ATL @ NO);NFL Showdown $600K Wildcat [$150K to 1st] (ATL @ NO);NFL Showdown $402K Luxury Box [$100K to 1st] (ATL @ NO);NFL Showdown $300K Play-Action [20 Entry Max] (ATL @ NO);NFL Showdown $250K Flea Flicker [$50K to 1st] (ATL @ NO);NFL Showdown $150K Bootleg [$50K to 1st] (ATL @ NO);NFL Showdown $160K Four-Point Stance [$50K to 1st, 5 Entry Max] (ATL @ NO);NFL Showdown $80K Huddle [$10K to 1st, Single Entry] (ATL @ NO);NFL Showdown $20K Huddle [Single Entry] (ATL @ NO);NFL Showdown $100K Spy [$20K to 1st, Single Entry] (ATL @ NO)",196285155;196285153;196285138;196285157;196285156;196285154;196285212;196285175;196285176;196285170;196285171;196285187;196285188;196285189;196285218;196285219;196285220;196285221;196285182;196285183,10/5 8:15PM (ATL @ NO)
Beaux Collins - Showdown Captain Mode (Flex),196285155;196285153;196285138;196285157;196285156;196285154;196285212;196285175;196285176;196285170;196285171;196285187;196285188;196285189;196285218;196285219;196285220;196285221;196285182;196285183,Beaux Collins|ATL,44358586,Beaux Collins,Beaux,Collins,200,WR,ATL,ATL @ NO,10/05/2026 08:15 PM,,ATL @ NO,Showdown Captain Mode,NFL,10/5,Flex,"NFL Showdown $1.5M Monday Night Showdown [$500K to 1st] (ATL @ NO);NFL Showdown $600K Wildcat [$150K to 1st] (ATL @ NO);NFL Showdown $402K Luxury Box [$100K to 1st] (ATL @ NO);NFL Showdown $300K Play-Action [20 Entry Max] (ATL @ NO);NFL Showdown $250K Flea Flicker [$50K to 1st] (ATL @ NO);NFL Showdown $150K Bootleg [$50K to 1st] (ATL @ NO);NFL Showdown $160K Four-Point Stance [$50K to 1st, 5 Entry Max] (ATL @ NO);NFL Showdown $80K Huddle [$10K to 1st, Single Entry] (ATL @ NO);NFL Showdown $20K Huddle [Single Entry] (ATL @ NO);NFL Showdown $100K Spy [$20K to 1st, Single Entry] (ATL @ NO)",196285155;196285153;196285138;196285157;196285156;196285154;196285212;196285175;196285176;196285170;196285171;196285187;196285188;196285189;196285218;196285219;196285220;196285221;196285182;196285183,10/5 8:15PM (ATL @ NO)
Jordyn Tyson - Showdown Captain Mode (Flex),196285155;196285153;196285138;196285157;196285156;196285154;196285212;196285175;196285176;196285170;196285171;196285187;196285188;196285189;196285218;196285219;196285220;196285221;196285182;196285183,Jordyn Tyson|NO,44358587,Jordyn Tyson,Jordyn,Tyson,200,WR,NO,ATL @ NO,10/05/2026 08:15 PM,,ATL @ NO,Showdown Captain Mode,NFL,10/5,Flex,"NFL Showdown $1.5M Monday Night Showdown [$500K to 1st] (ATL @ NO);NFL Showdown $600K Wildcat [$150K to 1st] (ATL @ NO);NFL Showdown $402K Luxury Box [$100K to 1st] (ATL @ NO);NFL Showdown $300K Play-Action [20 Entry Max] (ATL @ NO);NFL Showdown $250K Flea Flicker [$50K to 1st] (ATL @ NO);NFL Showdown $150K Bootleg [$50K to 1st] (ATL @ NO);NFL Showdown $160K Four-Point Stance [$50K to 1st, 5 Entry Max] (ATL @ NO);NFL Showdown $80K Huddle [$10K to 1st, Single Entry] (ATL @ NO);NFL Showdown $20K Huddle [Single Entry] (ATL @ NO);NFL Showdown $100K Spy [$20K to 1st, Single Entry] (ATL @ NO)",196285155;196285153;196285138;196285157;196285156;196285154;196285212;196285175;196285176;196285170;196285171;196285187;196285188;196285189;196285218;196285219;196285220;196285221;196285182;196285183,10/5 8:15PM (ATL @ NO)
Cedric Tillman - Showdown Captain Mode (Flex),196285155;196285153;196285138;196285157;196285156;196285154;196285212;196285175;196285176;196285170;196285171;196285187;196285188;196285189;196285218;196285219;196285220;196285221;196285182;196285183,Cedric Tillman|NO,44358588,Cedric Tillman,Cedric,Tillman,200,WR,NO,ATL @ NO,10/05/2026 08:15 PM,,ATL @ NO,Showdown Captain Mode,NFL,10/5,Flex,"NFL Showdown $1.5M Monday Night Showdown [$500K to 1st] (ATL @ NO);NFL Showdown $600K Wildcat [$150K to 1st] (ATL @ NO);NFL Showdown $402K Luxury Box [$100K to 1st] (ATL @ NO);NFL Showdown $300K Play-Action [20 Entry Max] (ATL @ NO);NFL Showdown $250K Flea Flicker [$50K to 1st] (ATL @ NO);NFL Showdown $150K Bootleg [$50K to 1st] (ATL @ NO);NFL Showdown $160K Four-Point Stance [$50K to 1st, 5 Entry Max] (ATL @ NO);NFL Showdown $80K Huddle [$10K to 1st, Single Entry] (ATL @ NO);NFL Showdown $20K Huddle [Single Entry] (ATL @ NO);NFL Showdown $100K Spy [$20K to 1st, Single Entry] (ATL @ NO)",196285155;196285153;196285138;196285157;196285156;196285154;196285212;196285175;196285176;196285170;196285171;196285187;196285188;196285189;196285218;196285219;196285220;196285221;196285182;196285183,10/5 8:15PM (ATL @ NO)
Dylan Drummond - Showdown Captain Mode (Flex),196285155;196285153;196285138;196285157;196285156;196285154;196285212;196285175;196285176;196285170;196285171;196285187;196285188;196285189;196285218;196285219;196285220;196285221;196285182;196285183,Dylan Drummond|ATL,44358589,Dylan Drummond,Dylan,Drummond,200,WR,ATL,ATL @ NO,10/05/2026 08:15 PM,,ATL @ NO,Showdown Captain Mode,NFL,10/5,Flex,"NFL Showdown $1.5M Monday Night Showdown [$500K to 1st] (ATL @ NO);NFL Showdown $600K Wildcat [$150K to 1st] (ATL @ NO);NFL Showdown $402K Luxury Box [$100K to 1st] (ATL @ NO);NFL Showdown $300K Play-Action [20 Entry Max] (ATL @ NO);NFL Showdown $250K Flea Flicker [$50K to 1st] (ATL @ NO);NFL Showdown $150K Bootleg [$50K to 1st] (ATL @ NO);NFL Showdown $160K Four-Point Stance [$50K to 1st, 5 Entry Max] (ATL @ NO);NFL Showdown $80K Huddle [$10K to 1st, Single Entry] (ATL @ NO);NFL Showdown $20K Huddle [Single Entry] (ATL @ NO);NFL Showdown $100K Spy [$20K to 1st, Single Entry] (ATL @ NO)",196285155;196285153;196285138;196285157;196285156;196285154;196285212;196285175;196285176;196285170;196285171;196285187;196285188;196285189;196285218;196285219;196285220;196285221;196285182;196285183,10/5 8:15PM (ATL @ NO)
Antwane Wells Jr. - Showdown Captain Mode (Flex),196285155;196285153;196285138;196285157;196285156;196285154;196285212;196285175;196285176;196285170;196285171;196285187;196285188;196285189;196285218;196285219;196285220;196285221;196285182;196285183,Antwane Wells Jr.|ATL,44358590,Antwane Wells Jr.,Antwane,Wells Jr.,200,WR,ATL,ATL @ NO,10/05/2026 08:15 PM,,ATL @ NO,Showdown Captain Mode,NFL,10/5,Flex,"NFL Showdown $1.5M Monday Night Showdown [$500K to 1st] (ATL @ NO);NFL Showdown $600K Wildcat [$150K to 1st] (ATL @ NO);NFL Showdown $402K Luxury Box [$100K to 1st] (ATL @ NO);NFL Showdown $300K Play-Action [20 Entry Max] (ATL @ NO);NFL Showdown $250K Flea Flicker [$50K to 1st] (ATL @ NO);NFL Showdown $150K Bootleg [$50K to 1st] (ATL @ NO);NFL Showdown $160K Four-Point Stance [$50K to 1st, 5 Entry Max] (ATL @ NO);NFL Showdown $80K Huddle [$10K to 1st, Single Entry] (ATL @ NO);NFL Showdown $20K Huddle [Single Entry] (ATL @ NO);NFL Showdown $100K Spy [$20K to 1st, Single Entry] (ATL @ NO)",196285155;196285153;196285138;196285157;196285156;196285154;196285212;196285175;196285176;196285170;196285171;196285187;196285188;196285189;196285218;196285219;196285220;196285221;196285182;196285183,10/5 8:15PM (ATL @ NO)
Vinny Anthony II - Showdown Captain Mode (Flex),196285155;196285153;196285138;196285157;196285156;196285154;196285212;196285175;196285176;196285170;196285171;196285187;196285188;196285189;196285218;196285219;196285220;196285221;196285182;196285183,Vinny Anthony II|ATL,44358591,Vinny Anthony II,Vinny,Anthony II,200,WR,ATL,ATL @ NO,10/05/2026 08:15 PM,,ATL @ NO,Showdown Captain Mode,NFL,10/5,Flex,"NFL Showdown $1.5M Monday Night Showdown [$500K to 1st] (ATL @ NO);NFL Showdown $600K Wildcat [$150K to 1st] (ATL @ NO);NFL Showdown $402K Luxury Box [$100K to 1st] (ATL @ NO);NFL Showdown $300K Play-Action [20 Entry Max] (ATL @ NO);NFL Showdown $250K Flea Flicker [$50K to 1st] (ATL @ NO);NFL Showdown $150K Bootleg [$50K to 1st] (ATL @ NO);NFL Showdown $160K Four-Point Stance [$50K to 1st, 5 Entry Max] (ATL @ NO);NFL Showdown $80K Huddle [$10K to 1st, Single Entry] (ATL @ NO);NFL Showdown $20K Huddle [Single Entry] (ATL @ NO);NFL Showdown $100K Spy [$20K to 1st, Single Entry] (ATL @ NO)",196285155;196285153;196285138;196285157;196285156;196285154;196285212;196285175;196285176;196285170;196285171;196285187;196285188;196285189;196285218;196285219;196285220;196285221;196285182;196285183,10/5 8:15PM (ATL @ NO)
Trey Palmer - Showdown Captain Mode (Flex),196285155;196285153;196285138;196285157;196285156;196285154;196285212;196285175;196285176;196285170;196285171;196285187;196285188;196285189;196285218;196285219;196285220;196285221;196285182;196285183,Trey Palmer|NO,44358592,Trey Palmer,Trey,Palmer,200,WR,NO,ATL @ NO,10/05/2026 08:15 PM,,ATL @ NO,Showdown Captain Mode,NFL,10/5,Flex,"NFL Showdown $1.5M Monday Night Showdown [$500K to 1st] (ATL @ NO);NFL Showdown $600K Wildcat [$150K to 1st] (ATL @ NO);NFL Showdown $402K Luxury Box [$100K to 1st] (ATL @ NO);NFL Showdown $300K Play-Action [20 Entry Max] (ATL @ NO);NFL Showdown $250K Flea Flicker [$50K to 1st] (ATL @ NO);NFL Showdown $150K Bootleg [$50K to 1st] (ATL @ NO);NFL Showdown $160K Four-Point Stance [$50K to 1st, 5 Entry Max] (ATL @ NO);NFL Showdown $80K Huddle [$10K to 1st, Single Entry] (ATL @ NO);NFL Showdown $20K Huddle [Single Entry] (ATL @ NO);NFL Showdown $100K Spy [$20K to 1st, Single Entry] (ATL @ NO)",196285155;196285153;196285138;196285157;196285156;196285154;196285212;196285175;196285176;196285170;196285171;196285187;196285188;196285189;196285218;196285219;196285220;196285221;196285182;196285183,10/5 8:15PM (ATL @ NO)
Kyrese Rowan - Showdown Captain Mode (Flex),196285155;196285153;196285138;196285157;196285156;196285154;196285212;196285175;196285176;196285170;196285171;196285187;196285188;196285189;196285218;196285219;196285220;196285221;196285182;196285183,Kyrese Rowan|NO,44358593,Kyrese Rowan,Kyrese,Rowan,200,WR,NO,ATL @ NO,10/05/2026 08:15 PM,,ATL @ NO,Showdown Captain Mode,NFL,10/5,Flex,"NFL Showdown $1.5M Monday Night Showdown [$500K to 1st] (ATL @ NO);NFL Showdown $600K Wildcat [$150K to 1st] (ATL @ NO);NFL Showdown $402K Luxury Box [$100K to 1st] (ATL @ NO);NFL Showdown $300K Play-Action [20 Entry Max] (ATL @ NO);NFL Showdown $250K Flea Flicker [$50K to 1st] (ATL @ NO);NFL Showdown $150K Bootleg [$50K to 1st] (ATL @ NO);NFL Showdown $160K Four-Point Stance [$50K to 1st, 5 Entry Max] (ATL @ NO);NFL Showdown $80K Huddle [$10K to 1st, Single Entry] (ATL @ NO);NFL Showdown $20K Huddle [Single Entry] (ATL @ NO);NFL Showdown $100K Spy [$20K to 1st, Single Entry] (ATL @ NO)",196285155;196285153;196285138;196285157;196285156;196285154;196285212;196285175;196285176;196285170;196285171;196285187;196285188;196285189;196285218;196285219;196285220;196285221;196285182;196285183,10/5 8:15PM (ATL @ NO)
Jalen Moreno-Cropper - Showdown Captain Mode (Flex),196285155;196285153;196285138;196285157;196285156;196285154;196285212;196285175;196285176;196285170;196285171;196285187;196285188;196285189;196285218;196285219;196285220;196285221;196285182;196285183,Jalen Moreno-Cropper|NO,44358594,Jalen Moreno-Cropper,Jalen,Moreno-Cropper,200,WR,NO,ATL @ NO,10/05/2026 08:15 PM,,ATL @ NO,Showdown Captain Mode,NFL,10/5,Flex,"NFL Showdown $1.5M Monday Night Showdown [$500K to 1st] (ATL @ NO);NFL Showdown $600K Wildcat [$150K to 1st] (ATL @ NO);NFL Showdown $402K Luxury Box [$100K to 1st] (ATL @ NO);NFL Showdown $300K Play-Action [20 Entry Max] (ATL @ NO);NFL Showdown $250K Flea Flicker [$50K to 1st] (ATL @ NO);NFL Showdown $150K Bootleg [$50K to 1st] (ATL @ NO);NFL Showdown $160K Four-Point Stance [$50K to 1st, 5 Entry Max] (ATL @ NO);NFL Showdown $80K Huddle [$10K to 1st, Single Entry] (ATL @ NO);NFL Showdown $20K Huddle [Single Entry] (ATL @ NO);NFL Showdown $100K Spy [$20K to 1st, Single Entry] (ATL @ NO)",196285155;196285153;196285138;196285157;196285156;196285154;196285212;196285175;196285176;196285170;196285171;196285187;196285188;196285189;196285218;196285219;196285220;196285221;196285182;196285183,10/5 8:15PM (ATL @ NO)
Zach Wood - Showdown Captain Mode (Flex),196285155;196285153;196285138;196285157;196285156;196285154;196285212;196285175;196285176;196285170;196285171;196285187;196285188;196285189;196285218;196285219;196285220;196285221;196285182;196285183,Zach Wood|NO,44358595,Zach Wood,Zach,Wood,200,TE,NO,ATL @ NO,10/05/2026 08:15 PM,,ATL @ NO,Showdown Captain Mode,NFL,10/5,Flex,"NFL Showdown $1.5M Monday Night Showdown [$500K to 1st] (ATL @ NO);NFL Showdown $600K Wildcat [$150K to 1st] (ATL @ NO);NFL Showdown $402K Luxury Box [$100K to 1st] (ATL @ NO);NFL Showdown $300K Play-Action [20 Entry Max] (ATL @ NO);NFL Showdown $250K Flea Flicker [$50K to 1st] (ATL @ NO);NFL Showdown $150K Bootleg [$50K to 1st] (ATL @ NO);NFL Showdown $160K Four-Point Stance [$50K to 1st, 5 Entry Max] (ATL @ NO);NFL Showdown $80K Huddle [$10K to 1st, Single Entry] (ATL @ NO);NFL Showdown $20K Huddle [Single Entry] (ATL @ NO);NFL Showdown $100K Spy [$20K to 1st, Single Entry] (ATL @ NO)",196285155;196285153;196285138;196285157;196285156;196285154;196285212;196285175;196285176;196285170;196285171;196285187;196285188;196285189;196285218;196285219;196285220;196285221;196285182;196285183,10/5 8:15PM (ATL @ NO)
Treyton Welch - Showdown Captain Mode (Flex),196285155;196285153;196285138;196285157;196285156;196285154;196285212;196285175;196285176;196285170;196285171;196285187;196285188;196285189;196285218;196285219;196285220;196285221;196285182;196285183,Treyton Welch|NO,44358596,Treyton Welch,Treyton,Welch,200,TE,NO,ATL @ NO,10/05/2026 08:15 PM,,ATL @ NO,Showdown Captain Mode,NFL,10/5,Flex,"NFL Showdown $1.5M Monday Night Showdown [$500K to 1st] (ATL @ NO);NFL Showdown $600K Wildcat [$150K to 1st] (ATL @ NO);NFL Showdown $402K Luxury Box [$100K to 1st] (ATL @ NO);NFL Showdown $300K Play-Action [20 Entry Max] (ATL @ NO);NFL Showdown $250K Flea Flicker [$50K to 1st] (ATL @ NO);NFL Showdown $150K Bootleg [$50K to 1st] (ATL @ NO);NFL Showdown $160K Four-Point Stance [$50K to 1st, 5 Entry Max] (ATL @ NO);NFL Showdown $80K Huddle [$10K to 1st, Single Entry] (ATL @ NO);NFL Showdown $20K Huddle [Single Entry] (ATL @ NO);NFL Showdown $100K Spy [$20K to 1st, Single Entry] (ATL @ NO)",196285155;196285153;196285138;196285157;196285156;196285154;196285212;196285175;196285176;196285170;196285171;196285187;196285188;196285189;196285218;196285219;196285220;196285221;196285182;196285183,10/5 8:15PM (ATL @ NO)
Jack Velling - Showdown Captain Mode (Flex),196285155;196285153;196285138;196285157;196285156;196285154;196285212;196285175;196285176;196285170;196285171;196285187;196285188;196285189;196285218;196285219;196285220;196285221;196285182;196285183,Jack Velling|ATL,44358597,Jack Velling,Jack,Velling,200,TE,ATL,ATL @ NO,10/05/2026 08:15 PM,,ATL @ NO,Showdown Captain Mode,NFL,10/5,Flex,"NFL Showdown $1.5M Monday Night Showdown [$500K to 1st] (ATL @ NO);NFL Showdown $600K Wildcat [$150K to 1st] (ATL @ NO);NFL Showdown $402K Luxury Box [$100K to 1st] (ATL @ NO);NFL Showdown $300K Play-Action [20 Entry Max] (ATL @ NO);NFL Showdown $250K Flea Flicker [$50K to 1st] (ATL @ NO);NFL Showdown $150K Bootleg [$50K to 1st] (ATL @ NO);NFL Showdown $160K Four-Point Stance [$50K to 1st, 5 Entry Max] (ATL @ NO);NFL Showdown $80K Huddle [$10K to 1st, Single Entry] (ATL @ NO);NFL Showdown $20K Huddle [Single Entry] (ATL @ NO);NFL Showdown $100K Spy [$20K to 1st, Single Entry] (ATL @ NO)",196285155;196285153;196285138;196285157;196285156;196285154;196285212;196285175;196285176;196285170;196285171;196285187;196285188;196285189;196285218;196285219;196285220;196285221;196285182;196285183,10/5 8:15PM (ATL @ NO)
Moliki Matavao - Showdown Captain Mode (Flex),196285155;196285153;196285138;196285157;196285156;196285154;196285212;196285175;196285176;196285170;196285171;196285187;196285188;196285189;196285218;196285219;196285220;196285221;196285182;196285183,Moliki Matavao|NO,44358598,Moliki Matavao,Moliki,Matavao,200,TE,NO,ATL @ NO,10/05/2026 08:15 PM,,ATL @ NO,Showdown Captain Mode,NFL,10/5,Flex,"NFL Showdown $1.5M Monday Night Showdown [$500K to 1st] (ATL @ NO);NFL Showdown $600K Wildcat [$150K to 1st] (ATL @ NO);NFL Showdown $402K Luxury Box [$100K to 1st] (ATL @ NO);NFL Showdown $300K Play-Action [20 Entry Max] (ATL @ NO);NFL Showdown $250K Flea Flicker [$50K to 1st] (ATL @ NO);NFL Showdown $150K Bootleg [$50K to 1st] (ATL @ NO);NFL Showdown $160K Four-Point Stance [$50K to 1st, 5 Entry Max] (ATL @ NO);NFL Showdown $80K Huddle [$10K to 1st, Single Entry] (ATL @ NO);NFL Showdown $20K Huddle [Single Entry] (ATL @ NO);NFL Showdown $100K Spy [$20K to 1st, Single Entry] (ATL @ NO)",196285155;196285153;196285138;196285157;196285156;196285154;196285212;196285175;196285176;196285170;196285171;196285187;196285188;196285189;196285218;196285219;196285220;196285221;196285182;196285183,10/5 8:15PM (ATL @ NO)
Nick Muse - Showdown Captain Mode (Flex),196285155;196285153;196285138;196285157;196285156;196285154;196285212;196285175;196285176;196285170;196285171;196285187;196285188;196285189;196285218;196285219;196285220;196285221;196285182;196285183,Nick Muse|ATL,44358599,Nick Muse,Nick,Muse,200,TE,ATL,ATL @ NO,10/05/2026 08:15 PM,,ATL @ NO,Showdown Captain Mode,NFL,10/5,Flex,"NFL Showdown $1.5M Monday Night Showdown [$500K to 1st] (ATL @ NO);NFL Showdown $600K Wildcat [$150K to 1st] (ATL @ NO);NFL Showdown $402K Luxury Box [$100K to 1st] (ATL @ NO);NFL Showdown $300K Play-Action [20 Entry Max] (ATL @ NO);NFL Showdown $250K Flea Flicker [$50K to 1st] (ATL @ NO);NFL Showdown $150K Bootleg [$50K to 1st] (ATL @ NO);NFL Showdown $160K Four-Point Stance [$50K to 1st, 5 Entry Max] (ATL @ NO);NFL Showdown $80K Huddle [$10K to 1st, Single Entry] (ATL @ NO);NFL Showdown $20K Huddle [Single Entry] (ATL @ NO);NFL Showdown $100K Spy [$20K to 1st, Single Entry] (ATL @ NO)",196285155;196285153;196285138;196285157;196285156;196285154;196285212;196285175;196285176;196285170;196285171;196285187;196285188;196285189;196285218;196285219;196285220;196285221;196285182;196285183,10/5 8:15PM (ATL @ NO)
Cal Adomitis - Showdown Captain Mode (Flex),196285155;196285153;196285138;196285157;196285156;196285154;196285212;196285175;196285176;196285170;196285171;196285187;196285188;196285189;196285218;196285219;196285220;196285221;196285182;196285183,Cal Adomitis|NO,44358600,Cal Adomitis,Cal,Adomitis,200,TE,NO,ATL @ NO,10/05/2026 08:15 PM,,ATL @ NO,Showdown Captain Mode,NFL,10/5,Flex,"NFL Showdown $1.5M Monday Night Showdown [$500K to 1st] (ATL @ NO);NFL Showdown $600K Wildcat [$150K to 1st] (ATL @ NO);NFL Showdown $402K Luxury Box [$100K to 1st] (ATL @ NO);NFL Showdown $300K Play-Action [20 Entry Max] (ATL @ NO);NFL Showdown $250K Flea Flicker [$50K to 1st] (ATL @ NO);NFL Showdown $150K Bootleg [$50K to 1st] (ATL @ NO);NFL Showdown $160K Four-Point Stance [$50K to 1st, 5 Entry Max] (ATL @ NO);NFL Showdown $80K Huddle [$10K to 1st, Single Entry] (ATL @ NO);NFL Showdown $20K Huddle [Single Entry] (ATL @ NO);NFL Showdown $100K Spy [$20K to 1st, Single Entry] (ATL @ NO)",196285155;196285153;196285138;196285157;196285156;196285154;196285212;196285175;196285176;196285170;196285171;196285187;196285188;196285189;196285218;196285219;196285220;196285221;196285182;196285183,10/5 8:15PM (ATL @ NO)
Stone Smartt - Showdown Captain Mode (Flex),196285155;196285153;196285138;196285157;196285156;196285154;196285212;196285175;196285176;196285170;196285171;196285187;196285188;196285189;196285218;196285219;196285220;196285221;196285182;196285183,Stone Smartt|NO,44358601,Stone Smartt,Stone,Smartt,200,TE,NO,ATL @ NO,10/05/2026 08:15 PM,,ATL @ NO,Showdown Captain Mode,NFL,10/5,Flex,"NFL Showdown $1.5M Monday Night Showdown [$500K to 1st] (ATL @ NO);NFL Showdown $600K Wildcat [$150K to 1st] (ATL @ NO);NFL Showdown $402K Luxury Box [$100K to 1st] (ATL @ NO);NFL Showdown $300K Play-Action [20 Entry Max] (ATL @ NO);NFL Showdown $250K Flea Flicker [$50K to 1st] (ATL @ NO);NFL Showdown $150K Bootleg [$50K to 1st] (ATL @ NO);NFL Showdown $160K Four-Point Stance [$50K to 1st, 5 Entry Max] (ATL @ NO);NFL Showdown $80K Huddle [$10K to 1st, Single Entry] (ATL @ NO);NFL Showdown $20K Huddle [Single Entry] (ATL @ NO);NFL Showdown $100K Spy [$20K to 1st, Single Entry] (ATL @ NO)",196285155;196285153;196285138;196285157;196285156;196285154;196285212;196285175;196285176;196285170;196285171;196285187;196285188;196285189;196285218;196285219;196285220;196285221;196285182;196285183,10/5 8:15PM (ATL @ NO)
Mason Tipton - Showdown Captain Mode (Flex),196285155;196285153;196285138;196285157;196285156;196285154;196285212;196285175;196285176;196285170;196285171;196285187;196285188;196285189;196285218;196285219;196285220;196285221;196285182;196285183,Mason Tipton|NO,44358602,Mason Tipton,Mason,Tipton,200,WR,NO,ATL @ NO,10/05/2026 08:15 PM,,ATL @ NO,Showdown Captain Mode,NFL,10/5,Flex,"NFL Showdown $1.5M Monday Night Showdown [$500K to 1st] (ATL @ NO);NFL Showdown $600K Wildcat [$150K to 1st] (ATL @ NO);NFL Showdown $402K Luxury Box [$100K to 1st] (ATL @ NO);NFL Showdown $300K Play-Action [20 Entry Max] (ATL @ NO);NFL Showdown $250K Flea Flicker [$50K to 1st] (ATL @ NO);NFL Showdown $150K Bootleg [$50K to 1st] (ATL @ NO);NFL Showdown $160K Four-Point Stance [$50K to 1st, 5 Entry Max] (ATL @ NO);NFL Showdown $80K Huddle [$10K to 1st, Single Entry] (ATL @ NO);NFL Showdown $20K Huddle [Single Entry] (ATL @ NO);NFL Showdown $100K Spy [$20K to 1st, Single Entry] (ATL @ NO)",196285155;196285153;196285138;196285157;196285156;196285154;196285212;196285175;196285176;196285170;196285171;196285187;196285188;196285189;196285218;196285219;196285220;196285221;196285182;196285183,10/5 8:15PM (ATL @ NO)
Isiah Pacheco - Showdown 2nd Half (Flex),196297427;196297821;196297824;196297424;196297431;196297428;196297426;196297698;196297429;196297822;196297825;196297820;196297827;196297823;196402607;196297697;196297425;196297430;196297432;196297828,Isiah Pacheco|DET,44359048,Isiah Pacheco,Isiah,Pacheco,200,RB,DET,DET @ CAR,10/04/2026 09:20 PM,,DET @ CAR,Showdown 2nd Half,NFL,10/4,Flex,"NFL In-Game $15K 2nd Half Clash [$5K to 1st] (2H DET @ CAR);NFL In-Game $20K Thunderdome [Must Fill] (2H DET @ CAR);NFL In-Game $10,170 2026 FFWC Qualifier Satellite [Must Fill] (2H DET @ CAR);NFL In-Game $1.8K Deep Threat [Single Entry] (2H DET @ CAR);NFL In-Game $1K Huddle [Single Entry] (2H DET @ CAR);NFL In-Game $500 Play-Action (2H DET @ CAR);NFL In-Game $600 Bootleg [Single Entry] (2H DET @ CAR);NFL In-Game $267 Winner Take All [$1K to 1st] (2H DET @ CAR);NFL In-Game $500 First Down (2H DET @ CAR);NFL In-Game Satellite to NFL $4,444 Fantasy Football MEGA Millionaire [Must Fill] (2H DET @ CAR)",196297427;196297821;196297824;196297424;196297431;196297428;196297426;196297698;196297429;196297822;196297825;196297820;196297827;196297823;196402607;196297697;196297425;196297430;196297432;196297828,10/4 9:20PM 2H (DET @ CAR)
Chris Brazzell II - Showdown 2nd Half (Flex),196297427;196297821;196297824;196297424;196297431;196297428;196297426;196297698;196297429;196297822;196297825;196297820;196297827;196297823;196402607;196297697;196297425;196297430;196297432;196297828,Chris Brazzell II|CAR,44359044,Chris Brazzell II,Chris,Brazzell II,200,WR,CAR,DET @ CAR,10/04/2026 09:20 PM,,DET @ CAR,Showdown 2nd Half,NFL,10/4,Flex,"NFL In-Game $15K 2nd Half Clash [$5K to 1st] (2H DET @ CAR);NFL In-Game $20K Thunderdome [Must Fill] (2H DET @ CAR);NFL In-Game $10,170 2026 FFWC Qualifier Satellite [Must Fill] (2H DET @ CAR);NFL In-Game $1.8K Deep Threat [Single Entry] (2H DET @ CAR);NFL In-Game $1K Huddle [Single Entry] (2H DET @ CAR);NFL In-Game $500 Play-Action (2H DET @ CAR);NFL In-Game $600 Bootleg [Single Entry] (2H DET @ CAR);NFL In-Game $267 Winner Take All [$1K to 1st] (2H DET @ CAR);NFL In-Game $500 First Down (2H DET @ CAR);NFL In-Game Satellite to NFL $4,444 Fantasy Football MEGA Millionaire [Must Fill] (2H DET @ CAR)",196297427;196297821;196297824;196297424;196297431;196297428;196297426;196297698;196297429;196297822;196297825;196297820;196297827;196297823;196402607;196297697;196297425;196297430;196297432;196297828,10/4 9:20PM 2H (DET @ CAR)
Jabari Small - Showdown 2nd Half (Flex),196297427;196297821;196297824;196297424;196297431;196297428;196297426;196297698;196297429;196297822;196297825;196297820;196297827;196297823;196402607;196297697;196297425;196297430;196297432;196297828,Jabari Small|DET,44359046,Jabari Small,Jabari,Small,200,RB,DET,DET @ CAR,10/04/2026 09:20 PM,,DET @ CAR,Showdown 2nd Half,NFL,10/4,Flex,"NFL In-Game $15K 2nd Half Clash [$5K to 1st] (2H DET @ CAR);NFL In-Game $20K Thunderdome [Must Fill] (2H DET @ CAR);NFL In-Game $10,170 2026 FFWC Qualifier Satellite [Must Fill] (2H DET @ CAR);NFL In-Game $1.8K Deep Threat [Single Entry] (2H DET @ CAR);NFL In-Game $1K Huddle [Single Entry] (2H DET @ CAR);NFL In-Game $500 Play-Action (2H DET @ CAR);NFL In-Game $600 Bootleg [Single Entry] (2H DET @ CAR);NFL In-Game $267 Winner Take All [$1K to 1st] (2H DET @ CAR);NFL In-Game $500 First Down (2H DET @ CAR);NFL In-Game Satellite to NFL $4,444 Fantasy Football MEGA Millionaire [Must Fill] (2H DET @ CAR)",196297427;196297821;196297824;196297424;196297431;196297428;196297426;196297698;196297429;196297822;196297825;196297820;196297827;196297823;196402607;196297697;196297425;196297430;196297432;196297828,10/4 9:20PM 2H (DET @ CAR)
Ja'seem Reed - Showdown 2nd Half (Flex),196297427;196297821;196297824;196297424;196297431;196297428;196297426;196297698;196297429;196297822;196297825;196297820;196297827;196297823;196402607;196297697;196297425;196297430;196297432;196297828,Ja'seem Reed|CAR,44359042,Ja'seem Reed,Ja'seem,Reed,200,WR,CAR,DET @ CAR,10/04/2026 09:20 PM,,DET @ CAR,Showdown 2nd Half,NFL,10/4,Flex,"NFL In-Game $15K 2nd Half Clash [$5K to 1st] (2H DET @ CAR);NFL In-Game $20K Thunderdome [Must Fill] (2H DET @ CAR);NFL In-Game $10,170 2026 FFWC Qualifier Satellite [Must Fill] (2H DET @ CAR);NFL In-Game $1.8K Deep Threat [Single Entry] (2H DET @ CAR);NFL In-Game $1K Huddle [Single Entry] (2H DET @ CAR);NFL In-Game $500 Play-Action (2H DET @ CAR);NFL In-Game $600 Bootleg [Single Entry] (2H DET @ CAR);NFL In-Game $267 Winner Take All [$1K to 1st] (2H DET @ CAR);NFL In-Game $500 First Down (2H DET @ CAR);NFL In-Game Satellite to NFL $4,444 Fantasy Football MEGA Millionaire [Must Fill] (2H DET @ CAR)",196297427;196297821;196297824;196297424;196297431;196297428;196297426;196297698;196297429;196297822;196297825;196297820;196297827;196297823;196402607;196297697;196297425;196297430;196297432;196297828,10/4 9:20PM 2H (DET @ CAR)
Trevor Etienne - Showdown 2nd Half (Flex),196297427;196297821;196297824;196297424;196297431;196297428;196297426;196297698;196297429;196297822;196297825;196297820;196297827;196297823;196402607;196297697;196297425;196297430;196297432;196297828,Trevor Etienne|CAR,44359052,Trevor Etienne,Trevor,Etienne,200,RB,CAR,DET @ CAR,10/04/2026 09:20 PM,,DET @ CAR,Showdown 2nd Half,NFL,10/4,Flex,"NFL In-Game $15K 2nd Half Clash [$5K to 1st] (2H DET @ CAR);NFL In-Game $20K Thunderdome [Must Fill] (2H DET @ CAR);NFL In-Game $10,170 2026 FFWC Qualifier Satellite [Must Fill] (2H DET @ CAR);NFL In-Game $1.8K Deep Threat [Single Entry] (2H DET @ CAR);NFL In-Game $1K Huddle [Single Entry] (2H DET @ CAR);NFL In-Game $500 Play-Action (2H DET @ CAR);NFL In-Game $600 Bootleg [Single Entry] (2H DET @ CAR);NFL In-Game $267 Winner Take All [$1K to 1st] (2H DET @ CAR);NFL In-Game $500 First Down (2H DET @ CAR);NFL In-Game Satellite to NFL $4,444 Fantasy Football MEGA Millionaire [Must Fill] (2H DET @ CAR)",196297427;196297821;196297824;196297424;196297431;196297428;196297426;196297698;196297429;196297822;196297825;196297820;196297827;196297823;196402607;196297697;196297425;196297430;196297432;196297828,10/4 9:20PM 2H (DET @ CAR)
Anthony Tyus III - Showdown 2nd Half (Flex),196297427;196297821;196297824;196297424;196297431;196297428;196297426;196297698;196297429;196297822;196297825;196297820;196297827;196297823;196402607;196297697;196297425;196297430;196297432;196297828,Anthony Tyus III|CAR,44359049,Anthony Tyus III,Anthony,Tyus III,200,RB,CAR,DET @ CAR,10/04/2026 09:20 PM,,DET @ CAR,Showdown 2nd Half,NFL,10/4,Flex,"NFL In-Game $15K 2nd Half Clash [$5K to 1st] (2H DET @ CAR);NFL In-Game $20K Thunderdome [Must Fill] (2H DET @ CAR);NFL In-Game $10,170 2026 FFWC Qualifier Satellite [Must Fill] (2H DET @ CAR);NFL In-Game $1.8K Deep Threat [Single Entry] (2H DET @ CAR);NFL In-Game $1K Huddle [Single Entry] (2H DET @ CAR);NFL In-Game $500 Play-Action (2H DET @ CAR);NFL In-Game $600 Bootleg [Single Entry] (2H DET @ CAR);NFL In-Game $267 Winner Take All [$1K to 1st] (2H DET @ CAR);NFL In-Game $500 First Down (2H DET @ CAR);NFL In-Game Satellite to NFL $4,444 Fantasy Football MEGA Millionaire [Must Fill] (2H DET @ CAR)",196297427;196297821;196297824;196297424;196297431;196297428;196297426;196297698;196297429;196297822;196297825;196297820;196297827;196297823;196402607;196297697;196297425;196297430;196297432;196297828,10/4 9:20PM 2H (DET @ CAR)
Jonathon Brooks - Showdown 2nd Half (Flex),196297427;196297821;196297824;196297424;196297431;196297428;196297426;196297698;196297429;196297822;196297825;196297820;196297827;196297823;196402607;196297697;196297425;196297430;196297432;196297828,Jonathon Brooks|CAR,44359045,Jonathon Brooks,Jonathon,Brooks,200,RB,CAR,DET @ CAR,10/04/2026 09:20 PM,,DET @ CAR,Showdown 2nd Half,NFL,10/4,Flex,"NFL In-Game $15K 2nd Half Clash [$5K to 1st] (2H DET @ CAR);NFL In-Game $20K Thunderdome [Must Fill] (2H DET @ CAR);NFL In-Game $10,170 2026 FFWC Qualifier Satellite [Must Fill] (2H DET @ CAR);NFL In-Game $1.8K Deep Threat [Single Entry] (2H DET @ CAR);NFL In-Game $1K Huddle [Single Entry] (2H DET @ CAR);NFL In-Game $500 Play-Action (2H DET @ CAR);NFL In-Game $600 Bootleg [Single Entry] (2H DET @ CAR);NFL In-Game $267 Winner Take All [$1K to 1st] (2H DET @ CAR);NFL In-Game $500 First Down (2H DET @ CAR);NFL In-Game Satellite to NFL $4,444 Fantasy Football MEGA Millionaire [Must Fill] (2H DET @ CAR)",196297427;196297821;196297824;196297424;196297431;196297428;196297426;196297698;196297429;196297822;196297825;196297820;196297827;196297823;196402607;196297697;196297425;196297430;196297432;196297828,10/4 9:20PM 2H (DET @ CAR)
Ahmani Marshall - Showdown 2nd Half (Flex),196297427;196297821;196297824;196297424;196297431;196297428;196297426;196297698;196297429;196297822;196297825;196297820;196297827;196297823;196402607;196297697;196297425;196297430;196297432;196297828,Ahmani Marshall|CAR,44359040,Ahmani Marshall,Ahmani,Marshall,200,RB,CAR,DET @ CAR,10/04/2026 09:20 PM,,DET @ CAR,Showdown 2nd Half,NFL,10/4,Flex,"NFL In-Game $15K 2nd Half Clash [$5K to 1st] (2H DET @ CAR);NFL In-Game $20K Thunderdome [Must Fill] (2H DET @ CAR);NFL In-Game $10,170 2026 FFWC Qualifier Satellite [Must Fill] (2H DET @ CAR);NFL In-Game $1.8K Deep Threat [Single Entry] (2H DET @ CAR);NFL In-Game $1K Huddle [Single Entry] (2H DET @ CAR);NFL In-Game $500 Play-Action (2H DET @ CAR);NFL In-Game $600 Bootleg [Single Entry] (2H DET @ CAR);NFL In-Game $267 Winner Take All [$1K to 1st] (2H DET @ CAR);NFL In-Game $500 First Down (2H DET @ CAR);NFL In-Game Satellite to NFL $4,444 Fantasy Football MEGA Millionaire [Must Fill] (2H DET @ CAR)",196297427;196297821;196297824;196297424;196297431;196297428;196297426;196297698;196297429;196297822;196297825;196297820;196297827;196297823;196402607;196297697;196297425;196297430;196297432;196297828,10/4 9:20PM 2H (DET @ CAR)
Kendrick Law - Showdown 2nd Half (Flex),196297427;196297821;196297824;196297424;196297431;196297428;196297426;196297698;196297429;196297822;196297825;196297820;196297827;196297823;196402607;196297697;196297425;196297430;196297432;196297828,Kendrick Law|DET,44359047,Kendrick Law,Kendrick,Law,200,WR,DET,DET @ CAR,10/04/2026 09:20 PM,,DET @ CAR,Showdown 2nd Half,NFL,10/4,Flex,"NFL In-Game $15K 2nd Half Clash [$5K to 1st] (2H DET @ CAR);NFL In-Game $20K Thunderdome [Must Fill] (2H DET @ CAR);NFL In-Game $10,170 2026 FFWC Qualifier Satellite [Must Fill] (2H DET @ CAR);NFL In-Game $1.8K Deep Threat [Single Entry] (2H DET @ CAR);NFL In-Game $1K Huddle [Single Entry] (2H DET @ CAR);NFL In-Game $500 Play-Action (2H DET @ CAR);NFL In-Game $600 Bootleg [Single Entry] (2H DET @ CAR);NFL In-Game $267 Winner Take All [$1K to 1st] (2H DET @ CAR);NFL In-Game $500 First Down (2H DET @ CAR);NFL In-Game Satellite to NFL $4,444 Fantasy Football MEGA Millionaire [Must Fill] (2H DET @ CAR)",196297427;196297821;196297824;196297424;196297431;196297428;196297426;196297698;196297429;196297822;196297825;196297820;196297827;196297823;196402607;196297697;196297425;196297430;196297432;196297828,10/4 9:20PM 2H (DET @ CAR)
Dominic Lovett - Showdown 2nd Half (Flex),196297427;196297821;196297824;196297424;196297431;196297428;196297426;196297698;196297429;196297822;196297825;196297820;196297827;196297823;196402607;196297697;196297425;196297430;196297432;196297828,Dominic Lovett|DET,44359037,Dominic Lovett,Dominic,Lovett,200,WR,DET,DET @ CAR,10/04/2026 09:20 PM,,DET @ CAR,Showdown 2nd Half,NFL,10/4,Flex,"NFL In-Game $15K 2nd Half Clash [$5K to 1st] (2H DET @ CAR);NFL In-Game $20K Thunderdome [Must Fill] (2H DET @ CAR);NFL In-Game $10,170 2026 FFWC Qualifier Satellite [Must Fill] (2H DET @ CAR);NFL In-Game $1.8K Deep Threat [Single Entry] (2H DET @ CAR);NFL In-Game $1K Huddle [Single Entry] (2H DET @ CAR);NFL In-Game $500 Play-Action (2H DET @ CAR);NFL In-Game $600 Bootleg [Single Entry] (2H DET @ CAR);NFL In-Game $267 Winner Take All [$1K to 1st] (2H DET @ CAR);NFL In-Game $500 First Down (2H DET @ CAR);NFL In-Game Satellite to NFL $4,444 Fantasy Football MEGA Millionaire [Must Fill] (2H DET @ CAR)",196297427;196297821;196297824;196297424;196297431;196297428;196297426;196297698;196297429;196297822;196297825;196297820;196297827;196297823;196402607;196297697;196297425;196297430;196297432;196297828,10/4 9:20PM 2H (DET @ CAR)
Lucky Jackson - Showdown 2nd Half (Flex),196297427;196297821;196297824;196297424;196297431;196297428;196297426;196297698;196297429;196297822;196297825;196297820;196297827;196297823;196402607;196297697;196297425;196297430;196297432;196297828,Lucky Jackson|DET,44359039,Lucky Jackson,Lucky,Jackson,200,WR,DET,DET @ CAR,10/04/2026 09:20 PM,,DET @ CAR,Showdown 2nd Half,NFL,10/4,Flex,"NFL In-Game $15K 2nd Half Clash [$5K to 1st] (2H DET @ CAR);NFL In-Game $20K Thunderdome [Must Fill] (2H DET @ CAR);NFL In-Game $10,170 2026 FFWC Qualifier Satellite [Must Fill] (2H DET @ CAR);NFL In-Game $1.8K Deep Threat [Single Entry] (2H DET @ CAR);NFL In-Game $1K Huddle [Single Entry] (2H DET @ CAR);NFL In-Game $500 Play-Action (2H DET @ CAR);NFL In-Game $600 Bootleg [Single Entry] (2H DET @ CAR);NFL In-Game $267 Winner Take All [$1K to 1st] (2H DET @ CAR);NFL In-Game $500 First Down (2H DET @ CAR);NFL In-Game Satellite to NFL $4,444 Fantasy Football MEGA Millionaire [Must Fill] (2H DET @ CAR)",196297427;196297821;196297824;196297424;196297431;196297428;196297426;196297698;196297429;196297822;196297825;196297820;196297827;196297823;196402607;196297697;196297425;196297430;196297432;196297828,10/4 9:20PM 2H (DET @ CAR)
Ja'Tavion Sanders - Showdown 2nd Half (Flex),196297427;196297821;196297824;196297424;196297431;196297428;196297426;196297698;196297429;196297822;196297825;196297820;196297827;196297823;196402607;196297697;196297425;196297430;196297432;196297828,Ja'Tavion Sanders|CAR,44359051,Ja'Tavion Sanders,Ja'Tavion,Sanders,200,TE,CAR,DET @ CAR,10/04/2026 09:20 PM,,DET @ CAR,Showdown 2nd Half,NFL,10/4,Flex,"NFL In-Game $15K 2nd Half Clash [$5K to 1st] (2H DET @ CAR);NFL In-Game $20K Thunderdome [Must Fill] (2H DET @ CAR);NFL In-Game $10,170 2026 FFWC Qualifier Satellite [Must Fill] (2H DET @ CAR);NFL In-Game $1.8K Deep Threat [Single Entry] (2H DET @ CAR);NFL In-Game $1K Huddle [Single Entry] (2H DET @ CAR);NFL In-Game $500 Play-Action (2H DET @ CAR);NFL In-Game $600 Bootleg [Single Entry] (2H DET @ CAR);NFL In-Game $267 Winner Take All [$1K to 1st] (2H DET @ CAR);NFL In-Game $500 First Down (2H DET @ CAR);NFL In-Game Satellite to NFL $4,444 Fantasy Football MEGA Millionaire [Must Fill] (2H DET @ CAR)",196297427;196297821;196297824;196297424;196297431;196297428;196297426;196297698;196297429;196297822;196297825;196297820;196297827;196297823;196402607;196297697;196297425;196297430;196297432;196297828,10/4 9:20PM 2H (DET @ CAR)
Miles Kitselman - Showdown 2nd Half (Flex),196297427;196297821;196297824;196297424;196297431;196297428;196297426;196297698;196297429;196297822;196297825;196297820;196297827;196297823;196402607;196297697;196297425;196297430;196297432;196297828,Miles Kitselman|DET,44359043,Miles Kitselman,Miles,Kitselman,200,TE,DET,DET @ CAR,10/04/2026 09:20 PM,,DET @ CAR,Showdown 2nd Half,NFL,10/4,Flex,"NFL In-Game $15K 2nd Half Clash [$5K to 1st] (2H DET @ CAR);NFL In-Game $20K Thunderdome [Must Fill] (2H DET @ CAR);NFL In-Game $10,170 2026 FFWC Qualifier Satellite [Must Fill] (2H DET @ CAR);NFL In-Game $1.8K Deep Threat [Single Entry] (2H DET @ CAR);NFL In-Game $1K Huddle [Single Entry] (2H DET @ CAR);NFL In-Game $500 Play-Action (2H DET @ CAR);NFL In-Game $600 Bootleg [Single Entry] (2H DET @ CAR);NFL In-Game $267 Winner Take All [$1K to 1st] (2H DET @ CAR);NFL In-Game $500 First Down (2H DET @ CAR);NFL In-Game Satellite to NFL $4,444 Fantasy Football MEGA Millionaire [Must Fill] (2H DET @ CAR)",196297427;196297821;196297824;196297424;196297431;196297428;196297426;196297698;196297429;196297822;196297825;196297820;196297827;196297823;196402607;196297697;196297425;196297430;196297432;196297828,10/4 9:20PM 2H (DET @ CAR)
Tyler Conklin - Showdown 2nd Half (Flex),196297427;196297821;196297824;196297424;196297431;196297428;196297426;196297698;196297429;196297822;196297825;196297820;196297827;196297823;196402607;196297697;196297425;196297430;196297432;196297828,Tyler Conklin|DET,44359041,Tyler Conklin,Tyler,Conklin,200,TE,DET,DET @ CAR,10/04/2026 09:20 PM,,DET @ CAR,Showdown 2nd Half,NFL,10/4,Flex,"NFL In-Game $15K 2nd Half Clash [$5K to 1st] (2H DET @ CAR);NFL In-Game $20K Thunderdome [Must Fill] (2H DET @ CAR);NFL In-Game $10,170 2026 FFWC Qualifier Satellite [Must Fill] (2H DET @ CAR);NFL In-Game $1.8K Deep Threat [Single Entry] (2H DET @ CAR);NFL In-Game $1K Huddle [Single Entry] (2H DET @ CAR);NFL In-Game $500 Play-Action (2H DET @ CAR);NFL In-Game $600 Bootleg [Single Entry] (2H DET @ CAR);NFL In-Game $267 Winner Take All [$1K to 1st] (2H DET @ CAR);NFL In-Game $500 First Down (2H DET @ CAR);NFL In-Game Satellite to NFL $4,444 Fantasy Football MEGA Millionaire [Must Fill] (2H DET @ CAR)",196297427;196297821;196297824;196297424;196297431;196297428;196297426;196297698;196297429;196297822;196297825;196297820;196297827;196297823;196402607;196297697;196297425;196297430;196297432;196297828,10/4 9:20PM 2H (DET @ CAR)
Casey Washington - Showdown 2nd Half (Flex),196297427;196297821;196297824;196297424;196297431;196297428;196297426;196297698;196297429;196297822;196297825;196297820;196297827;196297823;196402607;196297697;196297425;196297430;196297432;196297828,Casey Washington|CAR,44359050,Casey Washington,Casey,Washington,200,WR,CAR,DET @ CAR,10/04/2026 09:20 PM,,DET @ CAR,Showdown 2nd Half,NFL,10/4,Flex,"NFL In-Game $15K 2nd Half Clash [$5K to 1st] (2H DET @ CAR);NFL In-Game $20K Thunderdome [Must Fill] (2H DET @ CAR);NFL In-Game $10,170 2026 FFWC Qualifier Satellite [Must Fill] (2H DET @ CAR);NFL In-Game $1.8K Deep Threat [Single Entry] (2H DET @ CAR);NFL In-Game $1K Huddle [Single Entry] (2H DET @ CAR);NFL In-Game $500 Play-Action (2H DET @ CAR);NFL In-Game $600 Bootleg [Single Entry] (2H DET @ CAR);NFL In-Game $267 Winner Take All [$1K to 1st] (2H DET @ CAR);NFL In-Game $500 First Down (2H DET @ CAR);NFL In-Game Satellite to NFL $4,444 Fantasy Football MEGA Millionaire [Must Fill] (2H DET @ CAR)",196297427;196297821;196297824;196297424;196297431;196297428;196297426;196297698;196297429;196297822;196297825;196297820;196297827;196297823;196402607;196297697;196297425;196297430;196297432;196297828,10/4 9:20PM 2H (DET @ CAR)
Lawrence Keys III - Showdown 2nd Half (Flex),196297427;196297821;196297824;196297424;196297431;196297428;196297426;196297698;196297429;196297822;196297825;196297820;196297827;196297823;196402607;196297697;196297425;196297430;196297432;196297828,Lawrence Keys III|DET,44359054,Lawrence Keys III,Lawrence,Keys III,200,WR,DET,DET @ CAR,10/04/2026 09:20 PM,,DET @ CAR,Showdown 2nd Half,NFL,10/4,Flex,"NFL In-Game $15K 2nd Half Clash [$5K to 1st] (2H DET @ CAR);NFL In-Game $20K Thunderdome [Must Fill] (2H DET @ CAR);NFL In-Game $10,170 2026 FFWC Qualifier Satellite [Must Fill] (2H DET @ CAR);NFL In-Game $1.8K Deep Threat [Single Entry] (2H DET @ CAR);NFL In-Game $1K Huddle [Single Entry] (2H DET @ CAR);NFL In-Game $500 Play-Action (2H DET @ CAR);NFL In-Game $600 Bootleg [Single Entry] (2H DET @ CAR);NFL In-Game $267 Winner Take All [$1K to 1st] (2H DET @ CAR);NFL In-Game $500 First Down (2H DET @ CAR);NFL In-Game Satellite to NFL $4,444 Fantasy Football MEGA Millionaire [Must Fill] (2H DET @ CAR)",196297427;196297821;196297824;196297424;196297431;196297428;196297426;196297698;196297429;196297822;196297825;196297820;196297827;196297823;196402607;196297697;196297425;196297430;196297432;196297828,10/4 9:20PM 2H (DET @ CAR)
Thomas Gordon - Showdown 2nd Half (Flex),196297427;196297821;196297824;196297424;196297431;196297428;196297426;196297698;196297429;196297822;196297825;196297820;196297827;196297823;196402607;196297697;196297425;196297430;196297432;196297828,Thomas Gordon|DET,44359038,Thomas Gordon,Thomas,Gordon,200,TE,DET,DET @ CAR,10/04/2026 09:20 PM,,DET @ CAR,Showdown 2nd Half,NFL,10/4,Flex,"NFL In-Game $15K 2nd Half Clash [$5K to 1st] (2H DET @ CAR);NFL In-Game $20K Thunderdome [Must Fill] (2H DET @ CAR);NFL In-Game $10,170 2026 FFWC Qualifier Satellite [Must Fill] (2H DET @ CAR);NFL In-Game $1.8K Deep Threat [Single Entry] (2H DET @ CAR);NFL In-Game $1K Huddle [Single Entry] (2H DET @ CAR);NFL In-Game $500 Play-Action (2H DET @ CAR);NFL In-Game $600 Bootleg [Single Entry] (2H DET @ CAR);NFL In-Game $267 Winner Take All [$1K to 1st] (2H DET @ CAR);NFL In-Game $500 First Down (2H DET @ CAR);NFL In-Game Satellite to NFL $4,444 Fantasy Football MEGA Millionaire [Must Fill] (2H DET @ CAR)",196297427;196297821;196297824;196297424;196297431;196297428;196297426;196297698;196297429;196297822;196297825;196297820;196297827;196297823;196402607;196297697;196297425;196297430;196297432;196297828,10/4 9:20PM 2H (DET @ CAR)
Feleipe Franks - Showdown 2nd Half (Flex),196297427;196297821;196297824;196297424;196297431;196297428;196297426;196297698;196297429;196297822;196297825;196297820;196297827;196297823;196402607;196297697;196297425;196297430;196297432;196297828,Feleipe Franks|CAR,44359053,Feleipe Franks,Feleipe,Franks,200,TE,CAR,DET @ CAR,10/04/2026 09:20 PM,,DET @ CAR,Showdown 2nd Half,NFL,10/4,Flex,"NFL In-Game $15K 2nd Half Clash [$5K to 1st] (2H DET @ CAR);NFL In-Game $20K Thunderdome [Must Fill] (2H DET @ CAR);NFL In-Game $10,170 2026 FFWC Qualifier Satellite [Must Fill] (2H DET @ CAR);NFL In-Game $1.8K Deep Threat [Single Entry] (2H DET @ CAR);NFL In-Game $1K Huddle [Single Entry] (2H DET @ CAR);NFL In-Game $500 Play-Action (2H DET @ CAR);NFL In-Game $600 Bootleg [Single Entry] (2H DET @ CAR);NFL In-Game $267 Winner Take All [$1K to 1st] (2H DET @ CAR);NFL In-Game $500 First Down (2H DET @ CAR);NFL In-Game Satellite to NFL $4,444 Fantasy Football MEGA Millionaire [Must Fill] (2H DET @ CAR)",196297427;196297821;196297824;196297424;196297431;196297428;196297426;196297698;196297429;196297822;196297825;196297820;196297827;196297823;196402607;196297697;196297425;196297430;196297432;196297828,10/4 9:20PM 2H (DET @ CAR)
Casey Washington - Showdown 4th Quarter (Flex),196297920;196297923;196297434;196297921;196297924;196297433;196297919;196297926;196297922;196297435;196297436;196297927;196297705;196297704;196297856;196297925;196297829;196297834;196297830;196297835,Casey Washington|CAR,44359138,Casey Washington,Casey,Washington,200,WR,CAR,DET @ CAR,10/04/2026 09:50 PM,,DET @ CAR,Showdown 4th Quarter,NFL,10/4,Flex,"NFL In-Game $20K Thunderdome [Must Fill] (4Q DET @ CAR);NFL In-Game $10,170 2026 FFWC Qualifier Satellite [Must Fill] (4Q DET @ CAR);NFL In-Game $3K 4th Quarter Finish [$1K to 1st] (4Q DET @ CAR);NFL In-Game Satellite to NFL $4,444 Fantasy Football MEGA Millionaire [Must Fill] (4Q DET @ CAR);NFL In-Game Satellite to NFL 10-12 $4,444 Showdown MEGA Millionaire [Must Fill] (4Q DET @ CAR);NFL In-Game $285 Bootleg [Single Entry] (4Q DET @ CAR);NFL In-Game $1,060 Winner Take All [$4K to 1st] (Must Fill) (4Q DET @ CAR);NFL In-Game Satellite to NFL 11-1 Midseason Main Event [Must Fill] (4Q DET @ CAR);NFL In-Game Satellite to NFL $555 Fantasy Football Millionaire [Must Fill] (4Q DET @ CAR);NFL In-Game $150 First Down (4Q DET @ CAR)",196297920;196297923;196297434;196297921;196297924;196297433;196297919;196297926;196297922;196297435;196297436;196297927;196297705;196297704;196297856;196297925;196297829;196297834;196297830;196297835,10/4 9:50PM Q4 (DET @ CAR)
Thomas Gordon - Showdown 4th Quarter (Flex),196297920;196297923;196297434;196297921;196297924;196297433;196297919;196297926;196297922;196297435;196297436;196297927;196297705;196297704;196297856;196297925;196297829;196297834;196297830;196297835,Thomas Gordon|DET,44359147,Thomas Gordon,Thomas,Gordon,200,TE,DET,DET @ CAR,10/04/2026 09:50 PM,,DET @ CAR,Showdown 4th Quarter,NFL,10/4,Flex,"NFL In-Game $20K Thunderdome [Must Fill] (4Q DET @ CAR);NFL In-Game $10,170 2026 FFWC Qualifier Satellite [Must Fill] (4Q DET @ CAR);NFL In-Game $3K 4th Quarter Finish [$1K to 1st] (4Q DET @ CAR);NFL In-Game Satellite to NFL $4,444 Fantasy Football MEGA Millionaire [Must Fill] (4Q DET @ CAR);NFL In-Game Satellite to NFL 10-12 $4,444 Showdown MEGA Millionaire [Must Fill] (4Q DET @ CAR);NFL In-Game $285 Bootleg [Single Entry] (4Q DET @ CAR);NFL In-Game $1,060 Winner Take All [$4K to 1st] (Must Fill) (4Q DET @ CAR);NFL In-Game Satellite to NFL 11-1 Midseason Main Event [Must Fill] (4Q DET @ CAR);NFL In-Game Satellite to NFL $555 Fantasy Football Millionaire [Must Fill] (4Q DET @ CAR);NFL In-Game $150 First Down (4Q DET @ CAR)",196297920;196297923;196297434;196297921;196297924;196297433;196297919;196297926;196297922;196297435;196297436;196297927;196297705;196297704;196297856;196297925;196297829;196297834;196297830;196297835,10/4 9:50PM Q4 (DET @ CAR)
Ja'Tavion Sanders - Showdown 4th Quarter (Flex),196297920;196297923;196297434;196297921;196297924;196297433;196297919;196297926;196297922;196297435;196297436;196297927;196297705;196297704;196297856;196297925;196297829;196297834;196297830;196297835,Ja'Tavion Sanders|CAR,44359152,Ja'Tavion Sanders,Ja'Tavion,Sanders,200,TE,CAR,DET @ CAR,10/04/2026 09:50 PM,,DET @ CAR,Showdown 4th Quarter,NFL,10/4,Flex,"NFL In-Game $20K Thunderdome [Must Fill] (4Q DET @ CAR);NFL In-Game $10,170 2026 FFWC Qualifier Satellite [Must Fill] (4Q DET @ CAR);NFL In-Game $3K 4th Quarter Finish [$1K to 1st] (4Q DET @ CAR);NFL In-Game Satellite to NFL $4,444 Fantasy Football MEGA Millionaire [Must Fill] (4Q DET @ CAR);NFL In-Game Satellite to NFL 10-12 $4,444 Showdown MEGA Millionaire [Must Fill] (4Q DET @ CAR);NFL In-Game $285 Bootleg [Single Entry] (4Q DET @ CAR);NFL In-Game $1,060 Winner Take All [$4K to 1st] (Must Fill) (4Q DET @ CAR);NFL In-Game Satellite to NFL 11-1 Midseason Main Event [Must Fill] (4Q DET @ CAR);NFL In-Game Satellite to NFL $555 Fantasy Football Millionaire [Must Fill] (4Q DET @ CAR);NFL In-Game $150 First Down (4Q DET @ CAR)",196297920;196297923;196297434;196297921;196297924;196297433;196297919;196297926;196297922;196297435;196297436;196297927;196297705;196297704;196297856;196297925;196297829;196297834;196297830;196297835,10/4 9:50PM Q4 (DET @ CAR)
Lucky Jackson - Showdown 4th Quarter (Flex),196297920;196297923;196297434;196297921;196297924;196297433;196297919;196297926;196297922;196297435;196297436;196297927;196297705;196297704;196297856;196297925;196297829;196297834;196297830;196297835,Lucky Jackson|DET,44359142,Lucky Jackson,Lucky,Jackson,200,WR,DET,DET @ CAR,10/04/2026 09:50 PM,,DET @ CAR,Showdown 4th Quarter,NFL,10/4,Flex,"NFL In-Game $20K Thunderdome [Must Fill] (4Q DET @ CAR);NFL In-Game $10,170 2026 FFWC Qualifier Satellite [Must Fill] (4Q DET @ CAR);NFL In-Game $3K 4th Quarter Finish [$1K to 1st] (4Q DET @ CAR);NFL In-Game Satellite to NFL $4,444 Fantasy Football MEGA Millionaire [Must Fill] (4Q DET @ CAR);NFL In-Game Satellite to NFL 10-12 $4,444 Showdown MEGA Millionaire [Must Fill] (4Q DET @ CAR);NFL In-Game $285 Bootleg [Single Entry] (4Q DET @ CAR);NFL In-Game $1,060 Winner Take All [$4K to 1st] (Must Fill) (4Q DET @ CAR);NFL In-Game Satellite to NFL 11-1 Midseason Main Event [Must Fill] (4Q DET @ CAR);NFL In-Game Satellite to NFL $555 Fantasy Football Millionaire [Must Fill] (4Q DET @ CAR);NFL In-Game $150 First Down (4Q DET @ CAR)",196297920;196297923;196297434;196297921;196297924;196297433;196297919;196297926;196297922;196297435;196297436;196297927;196297705;196297704;196297856;196297925;196297829;196297834;196297830;196297835,10/4 9:50PM Q4 (DET @ CAR)
Ahmani Marshall - Showdown 4th Quarter (Flex),196297920;196297923;196297434;196297921;196297924;196297433;196297919;196297926;196297922;196297435;196297436;196297927;196297705;196297704;196297856;196297925;196297829;196297834;196297830;196297835,Ahmani Marshall|CAR,44359145,Ahmani Marshall,Ahmani,Marshall,200,RB,CAR,DET @ CAR,10/04/2026 09:50 PM,,DET @ CAR,Showdown 4th Quarter,NFL,10/4,Flex,"NFL In-Game $20K Thunderdome [Must Fill] (4Q DET @ CAR);NFL In-Game $10,170 2026 FFWC Qualifier Satellite [Must Fill] (4Q DET @ CAR);NFL In-Game $3K 4th Quarter Finish [$1K to 1st] (4Q DET @ CAR);NFL In-Game Satellite to NFL $4,444 Fantasy Football MEGA Millionaire [Must Fill] (4Q DET @ CAR);NFL In-Game Satellite to NFL 10-12 $4,444 Showdown MEGA Millionaire [Must Fill] (4Q DET @ CAR);NFL In-Game $285 Bootleg [Single Entry] (4Q DET @ CAR);NFL In-Game $1,060 Winner Take All [$4K to 1st] (Must Fill) (4Q DET @ CAR);NFL In-Game Satellite to NFL 11-1 Midseason Main Event [Must Fill] (4Q DET @ CAR);NFL In-Game Satellite to NFL $555 Fantasy Football Millionaire [Must Fill] (4Q DET @ CAR);NFL In-Game $150 First Down (4Q DET @ CAR)",196297920;196297923;196297434;196297921;196297924;196297433;196297919;196297926;196297922;196297435;196297436;196297927;196297705;196297704;196297856;196297925;196297829;196297834;196297830;196297835,10/4 9:50PM Q4 (DET @ CAR)
Lawrence Keys III - Showdown 4th Quarter (Flex),196297920;196297923;196297434;196297921;196297924;196297433;196297919;196297926;196297922;196297435;196297436;196297927;196297705;196297704;196297856;196297925;196297829;196297834;196297830;196297835,Lawrence Keys III|DET,44359153,Lawrence Keys III,Lawrence,Keys III,200,WR,DET,DET @ CAR,10/04/2026 09:50 PM,,DET @ CAR,Showdown 4th Quarter,NFL,10/4,Flex,"NFL In-Game $20K Thunderdome [Must Fill] (4Q DET @ CAR);NFL In-Game $10,170 2026 FFWC Qualifier Satellite [Must Fill] (4Q DET @ CAR);NFL In-Game $3K 4th Quarter Finish [$1K to 1st] (4Q DET @ CAR);NFL In-Game Satellite to NFL $4,444 Fantasy Football MEGA Millionaire [Must Fill] (4Q DET @ CAR);NFL In-Game Satellite to NFL 10-12 $4,444 Showdown MEGA Millionaire [Must Fill] (4Q DET @ CAR);NFL In-Game $285 Bootleg [Single Entry] (4Q DET @ CAR);NFL In-Game $1,060 Winner Take All [$4K to 1st] (Must Fill) (4Q DET @ CAR);NFL In-Game Satellite to NFL 11-1 Midseason Main Event [Must Fill] (4Q DET @ CAR);NFL In-Game Satellite to NFL $555 Fantasy Football Millionaire [Must Fill] (4Q DET @ CAR);NFL In-Game $150 First Down (4Q DET @ CAR)",196297920;196297923;196297434;196297921;196297924;196297433;196297919;196297926;196297922;196297435;196297436;196297927;196297705;196297704;196297856;196297925;196297829;196297834;196297830;196297835,10/4 9:50PM Q4 (DET @ CAR)
Tyler Conklin - Showdown 4th Quarter (Flex),196297920;196297923;196297434;196297921;196297924;196297433;196297919;196297926;196297922;196297435;196297436;196297927;196297705;196297704;196297856;196297925;196297829;196297834;196297830;196297835,Tyler Conklin|DET,44359146,Tyler Conklin,Tyler,Conklin,200,TE,DET,DET @ CAR,10/04/2026 09:50 PM,,DET @ CAR,Showdown 4th Quarter,NFL,10/4,Flex,"NFL In-Game $20K Thunderdome [Must Fill] (4Q DET @ CAR);NFL In-Game $10,170 2026 FFWC Qualifier Satellite [Must Fill] (4Q DET @ CAR);NFL In-Game $3K 4th Quarter Finish [$1K to 1st] (4Q DET @ CAR);NFL In-Game Satellite to NFL $4,444 Fantasy Football MEGA Millionaire [Must Fill] (4Q DET @ CAR);NFL In-Game Satellite to NFL 10-12 $4,444 Showdown MEGA Millionaire [Must Fill] (4Q DET @ CAR);NFL In-Game $285 Bootleg [Single Entry] (4Q DET @ CAR);NFL In-Game $1,060 Winner Take All [$4K to 1st] (Must Fill) (4Q DET @ CAR);NFL In-Game Satellite to NFL 11-1 Midseason Main Event [Must Fill] (4Q DET @ CAR);NFL In-Game Satellite to NFL $555 Fantasy Football Millionaire [Must Fill] (4Q DET @ CAR);NFL In-Game $150 First Down (4Q DET @ CAR)",196297920;196297923;196297434;196297921;196297924;196297433;196297919;196297926;196297922;196297435;196297436;196297927;196297705;196297704;196297856;196297925;196297829;196297834;196297830;196297835,10/4 9:50PM Q4 (DET @ CAR)
Isiah Pacheco - Showdown 4th Quarter (Flex),196297920;196297923;196297434;196297921;196297924;196297433;196297919;196297926;196297922;196297435;196297436;196297927;196297705;196297704;196297856;196297925;196297829;196297834;196297830;196297835,Isiah Pacheco|DET,44359150,Isiah Pacheco,Isiah,Pacheco,200,RB,DET,DET @ CAR,10/04/2026 09:50 PM,,DET @ CAR,Showdown 4th Quarter,NFL,10/4,Flex,"NFL In-Game $20K Thunderdome [Must Fill] (4Q DET @ CAR);NFL In-Game $10,170 2026 FFWC Qualifier Satellite [Must Fill] (4Q DET @ CAR);NFL In-Game $3K 4th Quarter Finish [$1K to 1st] (4Q DET @ CAR);NFL In-Game Satellite to NFL $4,444 Fantasy Football MEGA Millionaire [Must Fill] (4Q DET @ CAR);NFL In-Game Satellite to NFL 10-12 $4,444 Showdown MEGA Millionaire [Must Fill] (4Q DET @ CAR);NFL In-Game $285 Bootleg [Single Entry] (4Q DET @ CAR);NFL In-Game $1,060 Winner Take All [$4K to 1st] (Must Fill) (4Q DET @ CAR);NFL In-Game Satellite to NFL 11-1 Midseason Main Event [Must Fill] (4Q DET @ CAR);NFL In-Game Satellite to NFL $555 Fantasy Football Millionaire [Must Fill] (4Q DET @ CAR);NFL In-Game $150 First Down (4Q DET @ CAR)",196297920;196297923;196297434;196297921;196297924;196297433;196297919;196297926;196297922;196297435;196297436;196297927;196297705;196297704;196297856;196297925;196297829;196297834;196297830;196297835,10/4 9:50PM Q4 (DET @ CAR)
Feleipe Franks - Showdown 4th Quarter (Flex),196297920;196297923;196297434;196297921;196297924;196297433;196297919;196297926;196297922;196297435;196297436;196297927;196297705;196297704;196297856;196297925;196297829;196297834;196297830;196297835,Feleipe Franks|CAR,44359143,Feleipe Franks,Feleipe,Franks,200,TE,CAR,DET @ CAR,10/04/2026 09:50 PM,,DET @ CAR,Showdown 4th Quarter,NFL,10/4,Flex,"NFL In-Game $20K Thunderdome [Must Fill] (4Q DET @ CAR);NFL In-Game $10,170 2026 FFWC Qualifier Satellite [Must Fill] (4Q DET @ CAR);NFL In-Game $3K 4th Quarter Finish [$1K to 1st] (4Q DET @ CAR);NFL In-Game Satellite to NFL $4,444 Fantasy Football MEGA Millionaire [Must Fill] (4Q DET @ CAR);NFL In-Game Satellite to NFL 10-12 $4,444 Showdown MEGA Millionaire [Must Fill] (4Q DET @ CAR);NFL In-Game $285 Bootleg [Single Entry] (4Q DET @ CAR);NFL In-Game $1,060 Winner Take All [$4K to 1st] (Must Fill) (4Q DET @ CAR);NFL In-Game Satellite to NFL 11-1 Midseason Main Event [Must Fill] (4Q DET @ CAR);NFL In-Game Satellite to NFL $555 Fantasy Football Millionaire [Must Fill] (4Q DET @ CAR);NFL In-Game $150 First Down (4Q DET @ CAR)",196297920;196297923;196297434;196297921;196297924;196297433;196297919;196297926;196297922;196297435;196297436;196297927;196297705;196297704;196297856;196297925;196297829;196297834;196297830;196297835,10/4 9:50PM Q4 (DET @ CAR)
Anthony Tyus III - Showdown 4th Quarter (Flex),196297920;196297923;196297434;196297921;196297924;196297433;196297919;196297926;196297922;196297435;196297436;196297927;196297705;196297704;196297856;196297925;196297829;196297834;196297830;196297835,Anthony Tyus III|CAR,44359148,Anthony Tyus III,Anthony,Tyus III,200,RB,CAR,DET @ CAR,10/04/2026 09:50 PM,,DET @ CAR,Showdown 4th Quarter,NFL,10/4,Flex,"NFL In-Game $20K Thunderdome [Must Fill] (4Q DET @ CAR);NFL In-Game $10,170 2026 FFWC Qualifier Satellite [Must Fill] (4Q DET @ CAR);NFL In-Game $3K 4th Quarter Finish [$1K to 1st] (4Q DET @ CAR);NFL In-Game Satellite to NFL $4,444 Fantasy Football MEGA Millionaire [Must Fill] (4Q DET @ CAR);NFL In-Game Satellite to NFL 10-12 $4,444 Showdown MEGA Millionaire [Must Fill] (4Q DET @ CAR);NFL In-Game $285 Bootleg [Single Entry] (4Q DET @ CAR);NFL In-Game $1,060 Winner Take All [$4K to 1st] (Must Fill) (4Q DET @ CAR);NFL In-Game Satellite to NFL 11-1 Midseason Main Event [Must Fill] (4Q DET @ CAR);NFL In-Game Satellite to NFL $555 Fantasy Football Millionaire [Must Fill] (4Q DET @ CAR);NFL In-Game $150 First Down (4Q DET @ CAR)",196297920;196297923;196297434;196297921;196297924;196297433;196297919;196297926;196297922;196297435;196297436;196297927;196297705;196297704;196297856;196297925;196297829;196297834;196297830;196297835,10/4 9:50PM Q4 (DET @ CAR)
Kendrick Law - Showdown 4th Quarter (Flex),196297920;196297923;196297434;196297921;196297924;196297433;196297919;196297926;196297922;196297435;196297436;196297927;196297705;196297704;196297856;196297925;196297829;196297834;196297830;196297835,Kendrick Law|DET,44359141,Kendrick Law,Kendrick,Law,200,WR,DET,DET @ CAR,10/04/2026 09:50 PM,,DET @ CAR,Showdown 4th Quarter,NFL,10/4,Flex,"NFL In-Game $20K Thunderdome [Must Fill] (4Q DET @ CAR);NFL In-Game $10,170 2026 FFWC Qualifier Satellite [Must Fill] (4Q DET @ CAR);NFL In-Game $3K 4th Quarter Finish [$1K to 1st] (4Q DET @ CAR);NFL In-Game Satellite to NFL $4,444 Fantasy Football MEGA Millionaire [Must Fill] (4Q DET @ CAR);NFL In-Game Satellite to NFL 10-12 $4,444 Showdown MEGA Millionaire [Must Fill] (4Q DET @ CAR);NFL In-Game $285 Bootleg [Single Entry] (4Q DET @ CAR);NFL In-Game $1,060 Winner Take All [$4K to 1st] (Must Fill) (4Q DET @ CAR);NFL In-Game Satellite to NFL 11-1 Midseason Main Event [Must Fill] (4Q DET @ CAR);NFL In-Game Satellite to NFL $555 Fantasy Football Millionaire [Must Fill] (4Q DET @ CAR);NFL In-Game $150 First Down (4Q DET @ CAR)",196297920;196297923;196297434;196297921;196297924;196297433;196297919;196297926;196297922;196297435;196297436;196297927;196297705;196297704;196297856;196297925;196297829;196297834;196297830;196297835,10/4 9:50PM Q4 (DET @ CAR)
Miles Kitselman - Showdown 4th Quarter (Flex),196297920;196297923;196297434;196297921;196297924;196297433;196297919;196297926;196297922;196297435;196297436;196297927;196297705;196297704;196297856;196297925;196297829;196297834;196297830;196297835,Miles Kitselman|DET,44359140,Miles Kitselman,Miles,Kitselman,200,TE,DET,DET @ CAR,10/04/2026 09:50 PM,,DET @ CAR,Showdown 4th Quarter,NFL,10/4,Flex,"NFL In-Game $20K Thunderdome [Must Fill] (4Q DET @ CAR);NFL In-Game $10,170 2026 FFWC Qualifier Satellite [Must Fill] (4Q DET @ CAR);NFL In-Game $3K 4th Quarter Finish [$1K to 1st] (4Q DET @ CAR);NFL In-Game Satellite to NFL $4,444 Fantasy Football MEGA Millionaire [Must Fill] (4Q DET @ CAR);NFL In-Game Satellite to NFL 10-12 $4,444 Showdown MEGA Millionaire [Must Fill] (4Q DET @ CAR);NFL In-Game $285 Bootleg [Single Entry] (4Q DET @ CAR);NFL In-Game $1,060 Winner Take All [$4K to 1st] (Must Fill) (4Q DET @ CAR);NFL In-Game Satellite to NFL 11-1 Midseason Main Event [Must Fill] (4Q DET @ CAR);NFL In-Game Satellite to NFL $555 Fantasy Football Millionaire [Must Fill] (4Q DET @ CAR);NFL In-Game $150 First Down (4Q DET @ CAR)",196297920;196297923;196297434;196297921;196297924;196297433;196297919;196297926;196297922;196297435;196297436;196297927;196297705;196297704;196297856;196297925;196297829;196297834;196297830;196297835,10/4 9:50PM Q4 (DET @ CAR)
Dominic Lovett - Showdown 4th Quarter (Flex),196297920;196297923;196297434;196297921;196297924;196297433;196297919;196297926;196297922;196297435;196297436;196297927;196297705;196297704;196297856;196297925;196297829;196297834;196297830;196297835,Dominic Lovett|DET,44359139,Dominic Lovett,Dominic,Lovett,200,WR,DET,DET @ CAR,10/04/2026 09:50 PM,,DET @ CAR,Showdown 4th Quarter,NFL,10/4,Flex,"NFL In-Game $20K Thunderdome [Must Fill] (4Q DET @ CAR);NFL In-Game $10,170 2026 FFWC Qualifier Satellite [Must Fill] (4Q DET @ CAR);NFL In-Game $3K 4th Quarter Finish [$1K to 1st] (4Q DET @ CAR);NFL In-Game Satellite to NFL $4,444 Fantasy Football MEGA Millionaire [Must Fill] (4Q DET @ CAR);NFL In-Game Satellite to NFL 10-12 $4,444 Showdown MEGA Millionaire [Must Fill] (4Q DET @ CAR);NFL In-Game $285 Bootleg [Single Entry] (4Q DET @ CAR);NFL In-Game $1,060 Winner Take All [$4K to 1st] (Must Fill) (4Q DET @ CAR);NFL In-Game Satellite to NFL 11-1 Midseason Main Event [Must Fill] (4Q DET @ CAR);NFL In-Game Satellite to NFL $555 Fantasy Football Millionaire [Must Fill] (4Q DET @ CAR);NFL In-Game $150 First Down (4Q DET @ CAR)",196297920;196297923;196297434;196297921;196297924;196297433;196297919;196297926;196297922;196297435;196297436;196297927;196297705;196297704;196297856;196297925;196297829;196297834;196297830;196297835,10/4 9:50PM Q4 (DET @ CAR)
Jabari Small - Showdown 4th Quarter (Flex),196297920;196297923;196297434;196297921;196297924;196297433;196297919;196297926;196297922;196297435;196297436;196297927;196297705;196297704;196297856;196297925;196297829;196297834;196297830;196297835,Jabari Small|DET,44359154,Jabari Small,Jabari,Small,200,RB,DET,DET @ CAR,10/04/2026 09:50 PM,,DET @ CAR,Showdown 4th Quarter,NFL,10/4,Flex,"NFL In-Game $20K Thunderdome [Must Fill] (4Q DET @ CAR);NFL In-Game $10,170 2026 FFWC Qualifier Satellite [Must Fill] (4Q DET @ CAR);NFL In-Game $3K 4th Quarter Finish [$1K to 1st] (4Q DET @ CAR);NFL In-Game Satellite to NFL $4,444 Fantasy Football MEGA Millionaire [Must Fill] (4Q DET @ CAR);NFL In-Game Satellite to NFL 10-12 $4,444 Showdown MEGA Millionaire [Must Fill] (4Q DET @ CAR);NFL In-Game $285 Bootleg [Single Entry] (4Q DET @ CAR);NFL In-Game $1,060 Winner Take All [$4K to 1st] (Must Fill) (4Q DET @ CAR);NFL In-Game Satellite to NFL 11-1 Midseason Main Event [Must Fill] (4Q DET @ CAR);NFL In-Game Satellite to NFL $555 Fantasy Football Millionaire [Must Fill] (4Q DET @ CAR);NFL In-Game $150 First Down (4Q DET @ CAR)",196297920;196297923;196297434;196297921;196297924;196297433;196297919;196297926;196297922;196297435;196297436;196297927;196297705;196297704;196297856;196297925;196297829;196297834;196297830;196297835,10/4 9:50PM Q4 (DET @ CAR)
Trevor Etienne - Showdown 4th Quarter (Flex),196297920;196297923;196297434;196297921;196297924;196297433;196297919;196297926;196297922;196297435;196297436;196297927;196297705;196297704;196297856;196297925;196297829;196297834;196297830;196297835,Trevor Etienne|CAR,44359151,Trevor Etienne,Trevor,Etienne,200,RB,CAR,DET @ CAR,10/04/2026 09:50 PM,,DET @ CAR,Showdown 4th Quarter,NFL,10/4,Flex,"NFL In-Game $20K Thunderdome [Must Fill] (4Q DET @ CAR);NFL In-Game $10,170 2026 FFWC Qualifier Satellite [Must Fill] (4Q DET @ CAR);NFL In-Game $3K 4th Quarter Finish [$1K to 1st] (4Q DET @ CAR);NFL In-Game Satellite to NFL $4,444 Fantasy Football MEGA Millionaire [Must Fill] (4Q DET @ CAR);NFL In-Game Satellite to NFL 10-12 $4,444 Showdown MEGA Millionaire [Must Fill] (4Q DET @ CAR);NFL In-Game $285 Bootleg [Single Entry] (4Q DET @ CAR);NFL In-Game $1,060 Winner Take All [$4K to 1st] (Must Fill) (4Q DET @ CAR);NFL In-Game Satellite to NFL 11-1 Midseason Main Event [Must Fill] (4Q DET @ CAR);NFL In-Game Satellite to NFL $555 Fantasy Football Millionaire [Must Fill] (4Q DET @ CAR);NFL In-Game $150 First Down (4Q DET @ CAR)",196297920;196297923;196297434;196297921;196297924;196297433;196297919;196297926;196297922;196297435;196297436;196297927;196297705;196297704;196297856;196297925;196297829;196297834;196297830;196297835,10/4 9:50PM Q4 (DET @ CAR)
Chris Brazzell II - Showdown 4th Quarter (Flex),196297920;196297923;196297434;196297921;196297924;196297433;196297919;196297926;196297922;196297435;196297436;196297927;196297705;196297704;196297856;196297925;196297829;196297834;196297830;196297835,Chris Brazzell II|CAR,44359149,Chris Brazzell II,Chris,Brazzell II,200,WR,CAR,DET @ CAR,10/04/2026 09:50 PM,,DET @ CAR,Showdown 4th Quarter,NFL,10/4,Flex,"NFL In-Game $20K Thunderdome [Must Fill] (4Q DET @ CAR);NFL In-Game $10,170 2026 FFWC Qualifier Satellite [Must Fill] (4Q DET @ CAR);NFL In-Game $3K 4th Quarter Finish [$1K to 1st] (4Q DET @ CAR);NFL In-Game Satellite to NFL $4,444 Fantasy Football MEGA Millionaire [Must Fill] (4Q DET @ CAR);NFL In-Game Satellite to NFL 10-12 $4,444 Showdown MEGA Millionaire [Must Fill] (4Q DET @ CAR);NFL In-Game $285 Bootleg [Single Entry] (4Q DET @ CAR);NFL In-Game $1,060 Winner Take All [$4K to 1st] (Must Fill) (4Q DET @ CAR);NFL In-Game Satellite to NFL 11-1 Midseason Main Event [Must Fill] (4Q DET @ CAR);NFL In-Game Satellite to NFL $555 Fantasy Football Millionaire [Must Fill] (4Q DET @ CAR);NFL In-Game $150 First Down (4Q DET @ CAR)",196297920;196297923;196297434;196297921;196297924;196297433;196297919;196297926;196297922;196297435;196297436;196297927;196297705;196297704;196297856;196297925;196297829;196297834;196297830;196297835,10/4 9:50PM Q4 (DET @ CAR)
Ja'seem Reed - Showdown 4th Quarter (Flex),196297920;196297923;196297434;196297921;196297924;196297433;196297919;196297926;196297922;196297435;196297436;196297927;196297705;196297704;196297856;196297925;196297829;196297834;196297830;196297835,Ja'seem Reed|CAR,44359144,Ja'seem Reed,Ja'seem,Reed,200,WR,CAR,DET @ CAR,10/04/2026 09:50 PM,,DET @ CAR,Showdown 4th Quarter,NFL,10/4,Flex,"NFL In-Game $20K Thunderdome [Must Fill] (4Q DET @ CAR);NFL In-Game $10,170 2026 FFWC Qualifier Satellite [Must Fill] (4Q DET @ CAR);NFL In-Game $3K 4th Quarter Finish [$1K to 1st] (4Q DET @ CAR);NFL In-Game Satellite to NFL $4,444 Fantasy Football MEGA Millionaire [Must Fill] (4Q DET @ CAR);NFL In-Game Satellite to NFL 10-12 $4,444 Showdown MEGA Millionaire [Must Fill] (4Q DET @ CAR);NFL In-Game $285 Bootleg [Single Entry] (4Q DET @ CAR);NFL In-Game $1,060 Winner Take All [$4K to 1st] (Must Fill) (4Q DET @ CAR);NFL In-Game Satellite to NFL 11-1 Midseason Main Event [Must Fill] (4Q DET @ CAR);NFL In-Game Satellite to NFL $555 Fantasy Football Millionaire [Must Fill] (4Q DET @ CAR);NFL In-Game $150 First Down (4Q DET @ CAR)",196297920;196297923;196297434;196297921;196297924;196297433;196297919;196297926;196297922;196297435;196297436;196297927;196297705;196297704;196297856;196297925;196297829;196297834;196297830;196297835,10/4 9:50PM Q4 (DET @ CAR)
Jonathon Brooks - Showdown 4th Quarter (Flex),196297920;196297923;196297434;196297921;196297924;196297433;196297919;196297926;196297922;196297435;196297436;196297927;196297705;196297704;196297856;196297925;196297829;196297834;196297830;196297835,Jonathon Brooks|CAR,44359137,Jonathon Brooks,Jonathon,Brooks,200,RB,CAR,DET @ CAR,10/04/2026 09:50 PM,,DET @ CAR,Showdown 4th Quarter,NFL,10/4,Flex,"NFL In-Game $20K Thunderdome [Must Fill] (4Q DET @ CAR);NFL In-Game $10,170 2026 FFWC Qualifier Satellite [Must Fill] (4Q DET @ CAR);NFL In-Game $3K 4th Quarter Finish [$1K to 1st] (4Q DET @ CAR);NFL In-Game Satellite to NFL $4,444 Fantasy Football MEGA Millionaire [Must Fill] (4Q DET @ CAR);NFL In-Game Satellite to NFL 10-12 $4,444 Showdown MEGA Millionaire [Must Fill] (4Q DET @ CAR);NFL In-Game $285 Bootleg [Single Entry] (4Q DET @ CAR);NFL In-Game $1,060 Winner Take All [$4K to 1st] (Must Fill) (4Q DET @ CAR);NFL In-Game Satellite to NFL 11-1 Midseason Main Event [Must Fill] (4Q DET @ CAR);NFL In-Game Satellite to NFL $555 Fantasy Football Millionaire [Must Fill] (4Q DET @ CAR);NFL In-Game $150 First Down (4Q DET @ CAR)",196297920;196297923;196297434;196297921;196297924;196297433;196297919;196297926;196297922;196297435;196297436;196297927;196297705;196297704;196297856;196297925;196297829;196297834;196297830;196297835,10/4 9:50PM Q4 (DET @ CAR)
Kyrese Rowan - Showdown 2nd Half (Flex),196297440;196298019;196298022;196297437;196297444;196297441;196297439;196297702;196297442;196298020;196298023;196298018;196298025;196298021;196297701;196297438;196297443;196297445;196298026;196297700,Kyrese Rowan|NO,44359260,Kyrese Rowan,Kyrese,Rowan,200,WR,NO,ATL @ NO,10/05/2026 09:15 PM,,ATL @ NO,Showdown 2nd Half,NFL,10/5,Flex,"NFL In-Game $15K 2nd Half Clash [$5K to 1st] (2H ATL @ NO);NFL In-Game $20K Thunderdome [Must Fill] (2H ATL @ NO);NFL In-Game $10,170 2026 FFWC Qualifier Satellite [Must Fill] (2H ATL @ NO);NFL In-Game $1.8K Deep Threat [Single Entry] (2H ATL @ NO);NFL In-Game $1K Huddle [Single Entry] (2H ATL @ NO);NFL In-Game $500 Play-Action (2H ATL @ NO);NFL In-Game $600 Bootleg [Single Entry] (2H ATL @ NO);NFL In-Game $267 Winner Take All [$1K to 1st] (2H ATL @ NO);NFL In-Game $500 First Down (2H ATL @ NO);NFL In-Game Satellite to NFL $4,444 Fantasy Football MEGA Millionaire [Must Fill] (2H ATL @ NO)",196297440;196298019;196298022;196297437;196297444;196297441;196297439;196297702;196297442;196298020;196298023;196298018;196298025;196298021;196297701;196297438;196297443;196297445;196298026;196297700,10/5 9:15PM 2H (ATL @ NO)
Dylan Drummond - Showdown 2nd Half (Flex),196297440;196298019;196298022;196297437;196297444;196297441;196297439;196297702;196297442;196298020;196298023;196298018;196298025;196298021;196297701;196297438;196297443;196297445;196298026;196297700,Dylan Drummond|ATL,44359248,Dylan Drummond,Dylan,Drummond,200,WR,ATL,ATL @ NO,10/05/2026 09:15 PM,,ATL @ NO,Showdown 2nd Half,NFL,10/5,Flex,"NFL In-Game $15K 2nd Half Clash [$5K to 1st] (2H ATL @ NO);NFL In-Game $20K Thunderdome [Must Fill] (2H ATL @ NO);NFL In-Game $10,170 2026 FFWC Qualifier Satellite [Must Fill] (2H ATL @ NO);NFL In-Game $1.8K Deep Threat [Single Entry] (2H ATL @ NO);NFL In-Game $1K Huddle [Single Entry] (2H ATL @ NO);NFL In-Game $500 Play-Action (2H ATL @ NO);NFL In-Game $600 Bootleg [Single Entry] (2H ATL @ NO);NFL In-Game $267 Winner Take All [$1K to 1st] (2H ATL @ NO);NFL In-Game $500 First Down (2H ATL @ NO);NFL In-Game Satellite to NFL $4,444 Fantasy Football MEGA Millionaire [Must Fill] (2H ATL @ NO)",196297440;196298019;196298022;196297437;196297444;196297441;196297439;196297702;196297442;196298020;196298023;196298018;196298025;196298021;196297701;196297438;196297443;196297445;196298026;196297700,10/5 9:15PM 2H (ATL @ NO)
Trey Sermon - Showdown 2nd Half (Flex),196297440;196298019;196298022;196297437;196297444;196297441;196297439;196297702;196297442;196298020;196298023;196298018;196298025;196298021;196297701;196297438;196297443;196297445;196298026;196297700,Trey Sermon|ATL,44359255,Trey Sermon,Trey,Sermon,200,RB,ATL,ATL @ NO,10/05/2026 09:15 PM,,ATL @ NO,Showdown 2nd Half,NFL,10/5,Flex,"NFL In-Game $15K 2nd Half Clash [$5K to 1st] (2H ATL @ NO);NFL In-Game $20K Thunderdome [Must Fill] (2H ATL @ NO);NFL In-Game $10,170 2026 FFWC Qualifier Satellite [Must Fill] (2H ATL @ NO);NFL In-Game $1.8K Deep Threat [Single Entry] (2H ATL @ NO);NFL In-Game $1K Huddle [Single Entry] (2H ATL @ NO);NFL In-Game $500 Play-Action (2H ATL @ NO);NFL In-Game $600 Bootleg [Single Entry] (2H ATL @ NO);NFL In-Game $267 Winner Take All [$1K to 1st] (2H ATL @ NO);NFL In-Game $500 First Down (2H ATL @ NO);NFL In-Game Satellite to NFL $4,444 Fantasy Football MEGA Millionaire [Must Fill] (2H ATL @ NO)",196297440;196298019;196298022;196297437;196297444;196297441;196297439;196297702;196297442;196298020;196298023;196298018;196298025;196298021;196297701;196297438;196297443;196297445;196298026;196297700,10/5 9:15PM 2H (ATL @ NO)
Treyton Welch - Showdown 2nd Half (Flex),196297440;196298019;196298022;196297437;196297444;196297441;196297439;196297702;196297442;196298020;196298023;196298018;196298025;196298021;196297701;196297438;196297443;196297445;196298026;196297700,Treyton Welch|NO,44359254,Treyton Welch,Treyton,Welch,200,TE,NO,ATL @ NO,10/05/2026 09:15 PM,,ATL @ NO,Showdown 2nd Half,NFL,10/5,Flex,"NFL In-Game $15K 2nd Half Clash [$5K to 1st] (2H ATL @ NO);NFL In-Game $20K Thunderdome [Must Fill] (2H ATL @ NO);NFL In-Game $10,170 2026 FFWC Qualifier Satellite [Must Fill] (2H ATL @ NO);NFL In-Game $1.8K Deep Threat [Single Entry] (2H ATL @ NO);NFL In-Game $1K Huddle [Single Entry] (2H ATL @ NO);NFL In-Game $500 Play-Action (2H ATL @ NO);NFL In-Game $600 Bootleg [Single Entry] (2H ATL @ NO);NFL In-Game $267 Winner Take All [$1K to 1st] (2H ATL @ NO);NFL In-Game $500 First Down (2H ATL @ NO);NFL In-Game Satellite to NFL $4,444 Fantasy Football MEGA Millionaire [Must Fill] (2H ATL @ NO)",196297440;196298019;196298022;196297437;196297444;196297441;196297439;196297702;196297442;196298020;196298023;196298018;196298025;196298021;196297701;196297438;196297443;196297445;196298026;196297700,10/5 9:15PM 2H (ATL @ NO)
Khalil Herbert - Showdown 2nd Half (Flex),196297440;196298019;196298022;196297437;196297444;196297441;196297439;196297702;196297442;196298020;196298023;196298018;196298025;196298021;196297701;196297438;196297443;196297445;196298026;196297700,Khalil Herbert|ATL,44359257,Khalil Herbert,Khalil,Herbert,200,RB,ATL,ATL @ NO,10/05/2026 09:15 PM,,ATL @ NO,Showdown 2nd Half,NFL,10/5,Flex,"NFL In-Game $15K 2nd Half Clash [$5K to 1st] (2H ATL @ NO);NFL In-Game $20K Thunderdome [Must Fill] (2H ATL @ NO);NFL In-Game $10,170 2026 FFWC Qualifier Satellite [Must Fill] (2H ATL @ NO);NFL In-Game $1.8K Deep Threat [Single Entry] (2H ATL @ NO);NFL In-Game $1K Huddle [Single Entry] (2H ATL @ NO);NFL In-Game $500 Play-Action (2H ATL @ NO);NFL In-Game $600 Bootleg [Single Entry] (2H ATL @ NO);NFL In-Game $267 Winner Take All [$1K to 1st] (2H ATL @ NO);NFL In-Game $500 First Down (2H ATL @ NO);NFL In-Game Satellite to NFL $4,444 Fantasy Football MEGA Millionaire [Must Fill] (2H ATL @ NO)",196297440;196298019;196298022;196297437;196297444;196297441;196297439;196297702;196297442;196298020;196298023;196298018;196298025;196298021;196297701;196297438;196297443;196297445;196298026;196297700,10/5 9:15PM 2H (ATL @ NO)
Vinny Anthony II - Showdown 2nd Half (Flex),196297440;196298019;196298022;196297437;196297444;196297441;196297439;196297702;196297442;196298020;196298023;196298018;196298025;196298021;196297701;196297438;196297443;196297445;196298026;196297700,Vinny Anthony II|ATL,44359247,Vinny Anthony II,Vinny,Anthony II,200,WR,ATL,ATL @ NO,10/05/2026 09:15 PM,,ATL @ NO,Showdown 2nd Half,NFL,10/5,Flex,"NFL In-Game $15K 2nd Half Clash [$5K to 1st] (2H ATL @ NO);NFL In-Game $20K Thunderdome [Must Fill] (2H ATL @ NO);NFL In-Game $10,170 2026 FFWC Qualifier Satellite [Must Fill] (2H ATL @ NO);NFL In-Game $1.8K Deep Threat [Single Entry] (2H ATL @ NO);NFL In-Game $1K Huddle [Single Entry] (2H ATL @ NO);NFL In-Game $500 Play-Action (2H ATL @ NO);NFL In-Game $600 Bootleg [Single Entry] (2H ATL @ NO);NFL In-Game $267 Winner Take All [$1K to 1st] (2H ATL @ NO);NFL In-Game $500 First Down (2H ATL @ NO);NFL In-Game Satellite to NFL $4,444 Fantasy Football MEGA Millionaire [Must Fill] (2H ATL @ NO)",196297440;196298019;196298022;196297437;196297444;196297441;196297439;196297702;196297442;196298020;196298023;196298018;196298025;196298021;196297701;196297438;196297443;196297445;196298026;196297700,10/5 9:15PM 2H (ATL @ NO)
Cal Adomitis - Showdown 2nd Half (Flex),196297440;196298019;196298022;196297437;196297444;196297441;196297439;196297702;196297442;196298020;196298023;196298018;196298025;196298021;196297701;196297438;196297443;196297445;196298026;196297700,Cal Adomitis|NO,44359266,Cal Adomitis,Cal,Adomitis,200,TE,NO,ATL @ NO,10/05/2026 09:15 PM,,ATL @ NO,Showdown 2nd Half,NFL,10/5,Flex,"NFL In-Game $15K 2nd Half Clash [$5K to 1st] (2H ATL @ NO);NFL In-Game $20K Thunderdome [Must Fill] (2H ATL @ NO);NFL In-Game $10,170 2026 FFWC Qualifier Satellite [Must Fill] (2H ATL @ NO);NFL In-Game $1.8K Deep Threat [Single Entry] (2H ATL @ NO);NFL In-Game $1K Huddle [Single Entry] (2H ATL @ NO);NFL In-Game $500 Play-Action (2H ATL @ NO);NFL In-Game $600 Bootleg [Single Entry] (2H ATL @ NO);NFL In-Game $267 Winner Take All [$1K to 1st] (2H ATL @ NO);NFL In-Game $500 First Down (2H ATL @ NO);NFL In-Game Satellite to NFL $4,444 Fantasy Football MEGA Millionaire [Must Fill] (2H ATL @ NO)",196297440;196298019;196298022;196297437;196297444;196297441;196297439;196297702;196297442;196298020;196298023;196298018;196298025;196298021;196297701;196297438;196297443;196297445;196298026;196297700,10/5 9:15PM 2H (ATL @ NO)
Zamir White - Showdown 2nd Half (Flex),196297440;196298019;196298022;196297437;196297444;196297441;196297439;196297702;196297442;196298020;196298023;196298018;196298025;196298021;196297701;196297438;196297443;196297445;196298026;196297700,Zamir White|NO,44359253,Zamir White,Zamir,White,200,RB,NO,ATL @ NO,10/05/2026 09:15 PM,,ATL @ NO,Showdown 2nd Half,NFL,10/5,Flex,"NFL In-Game $15K 2nd Half Clash [$5K to 1st] (2H ATL @ NO);NFL In-Game $20K Thunderdome [Must Fill] (2H ATL @ NO);NFL In-Game $10,170 2026 FFWC Qualifier Satellite [Must Fill] (2H ATL @ NO);NFL In-Game $1.8K Deep Threat [Single Entry] (2H ATL @ NO);NFL In-Game $1K Huddle [Single Entry] (2H ATL @ NO);NFL In-Game $500 Play-Action (2H ATL @ NO);NFL In-Game $600 Bootleg [Single Entry] (2H ATL @ NO);NFL In-Game $267 Winner Take All [$1K to 1st] (2H ATL @ NO);NFL In-Game $500 First Down (2H ATL @ NO);NFL In-Game Satellite to NFL $4,444 Fantasy Football MEGA Millionaire [Must Fill] (2H ATL @ NO)",196297440;196298019;196298022;196297437;196297444;196297441;196297439;196297702;196297442;196298020;196298023;196298018;196298025;196298021;196297701;196297438;196297443;196297445;196298026;196297700,10/5 9:15PM 2H (ATL @ NO)
Jack Velling - Showdown 2nd Half (Flex),196297440;196298019;196298022;196297437;196297444;196297441;196297439;196297702;196297442;196298020;196298023;196298018;196298025;196298021;196297701;196297438;196297443;196297445;196298026;196297700,Jack Velling|ATL,44359265,Jack Velling,Jack,Velling,200,TE,ATL,ATL @ NO,10/05/2026 09:15 PM,,ATL @ NO,Showdown 2nd Half,NFL,10/5,Flex,"NFL In-Game $15K 2nd Half Clash [$5K to 1st] (2H ATL @ NO);NFL In-Game $20K Thunderdome [Must Fill] (2H ATL @ NO);NFL In-Game $10,170 2026 FFWC Qualifier Satellite [Must Fill] (2H ATL @ NO);NFL In-Game $1.8K Deep Threat [Single Entry] (2H ATL @ NO);NFL In-Game $1K Huddle [Single Entry] (2H ATL @ NO);NFL In-Game $500 Play-Action (2H ATL @ NO);NFL In-Game $600 Bootleg [Single Entry] (2H ATL @ NO);NFL In-Game $267 Winner Take All [$1K to 1st] (2H ATL @ NO);NFL In-Game $500 First Down (2H ATL @ NO);NFL In-Game Satellite to NFL $4,444 Fantasy Football MEGA Millionaire [Must Fill] (2H ATL @ NO)",196297440;196298019;196298022;196297437;196297444;196297441;196297439;196297702;196297442;196298020;196298023;196298018;196298025;196298021;196297701;196297438;196297443;196297445;196298026;196297700,10/5 9:15PM 2H (ATL @ NO)
Cash Jones - Showdown 2nd Half (Flex),196297440;196298019;196298022;196297437;196297444;196297441;196297439;196297702;196297442;196298020;196298023;196298018;196298025;196298021;196297701;196297438;196297443;196297445;196298026;196297700,Cash Jones|ATL,44359258,Cash Jones,Cash,Jones,200,RB,ATL,ATL @ NO,10/05/2026 09:15 PM,,ATL @ NO,Showdown 2nd Half,NFL,10/5,Flex,"NFL In-Game $15K 2nd Half Clash [$5K to 1st] (2H ATL @ NO);NFL In-Game $20K Thunderdome [Must Fill] (2H ATL @ NO);NFL In-Game $10,170 2026 FFWC Qualifier Satellite [Must Fill] (2H ATL @ NO);NFL In-Game $1.8K Deep Threat [Single Entry] (2H ATL @ NO);NFL In-Game $1K Huddle [Single Entry] (2H ATL @ NO);NFL In-Game $500 Play-Action (2H ATL @ NO);NFL In-Game $600 Bootleg [Single Entry] (2H ATL @ NO);NFL In-Game $267 Winner Take All [$1K to 1st] (2H ATL @ NO);NFL In-Game $500 First Down (2H ATL @ NO);NFL In-Game Satellite to NFL $4,444 Fantasy Football MEGA Millionaire [Must Fill] (2H ATL @ NO)",196297440;196298019;196298022;196297437;196297444;196297441;196297439;196297702;196297442;196298020;196298023;196298018;196298025;196298021;196297701;196297438;196297443;196297445;196298026;196297700,10/5 9:15PM 2H (ATL @ NO)
Ty Chandler - Showdown 2nd Half (Flex),196297440;196298019;196298022;196297437;196297444;196297441;196297439;196297702;196297442;196298020;196298023;196298018;196298025;196298021;196297701;196297438;196297443;196297445;196298026;196297700,Ty Chandler|NO,44359256,Ty Chandler,Ty,Chandler,200,RB,NO,ATL @ NO,10/05/2026 09:15 PM,,ATL @ NO,Showdown 2nd Half,NFL,10/5,Flex,"NFL In-Game $15K 2nd Half Clash [$5K to 1st] (2H ATL @ NO);NFL In-Game $20K Thunderdome [Must Fill] (2H ATL @ NO);NFL In-Game $10,170 2026 FFWC Qualifier Satellite [Must Fill] (2H ATL @ NO);NFL In-Game $1.8K Deep Threat [Single Entry] (2H ATL @ NO);NFL In-Game $1K Huddle [Single Entry] (2H ATL @ NO);NFL In-Game $500 Play-Action (2H ATL @ NO);NFL In-Game $600 Bootleg [Single Entry] (2H ATL @ NO);NFL In-Game $267 Winner Take All [$1K to 1st] (2H ATL @ NO);NFL In-Game $500 First Down (2H ATL @ NO);NFL In-Game Satellite to NFL $4,444 Fantasy Football MEGA Millionaire [Must Fill] (2H ATL @ NO)",196297440;196298019;196298022;196297437;196297444;196297441;196297439;196297702;196297442;196298020;196298023;196298018;196298025;196298021;196297701;196297438;196297443;196297445;196298026;196297700,10/5 9:15PM 2H (ATL @ NO)
Nick Muse - Showdown 2nd Half (Flex),196297440;196298019;196298022;196297437;196297444;196297441;196297439;196297702;196297442;196298020;196298023;196298018;196298025;196298021;196297701;196297438;196297443;196297445;196298026;196297700,Nick Muse|ATL,44359249,Nick Muse,Nick,Muse,200,TE,ATL,ATL @ NO,10/05/2026 09:15 PM,,ATL @ NO,Showdown 2nd Half,NFL,10/5,Flex,"NFL In-Game $15K 2nd Half Clash [$5K to 1st] (2H ATL @ NO);NFL In-Game $20K Thunderdome [Must Fill] (2H ATL @ NO);NFL In-Game $10,170 2026 FFWC Qualifier Satellite [Must Fill] (2H ATL @ NO);NFL In-Game $1.8K Deep Threat [Single Entry] (2H ATL @ NO);NFL In-Game $1K Huddle [Single Entry] (2H ATL @ NO);NFL In-Game $500 Play-Action (2H ATL @ NO);NFL In-Game $600 Bootleg [Single Entry] (2H ATL @ NO);NFL In-Game $267 Winner Take All [$1K to 1st] (2H ATL @ NO);NFL In-Game $500 First Down (2H ATL @ NO);NFL In-Game Satellite to NFL $4,444 Fantasy Football MEGA Millionaire [Must Fill] (2H ATL @ NO)",196297440;196298019;196298022;196297437;196297444;196297441;196297439;196297702;196297442;196298020;196298023;196298018;196298025;196298021;196297701;196297438;196297443;196297445;196298026;196297700,10/5 9:15PM 2H (ATL @ NO)
Stone Smartt - Showdown 2nd Half (Flex),196297440;196298019;196298022;196297437;196297444;196297441;196297439;196297702;196297442;196298020;196298023;196298018;196298025;196298021;196297701;196297438;196297443;196297445;196298026;196297700,Stone Smartt|NO,44359245,Stone Smartt,Stone,Smartt,200,TE,NO,ATL @ NO,10/05/2026 09:15 PM,,ATL @ NO,Showdown 2nd Half,NFL,10/5,Flex,"NFL In-Game $15K 2nd Half Clash [$5K to 1st] (2H ATL @ NO);NFL In-Game $20K Thunderdome [Must Fill] (2H ATL @ NO);NFL In-Game $10,170 2026 FFWC Qualifier Satellite [Must Fill] (2H ATL @ NO);NFL In-Game $1.8K Deep Threat [Single Entry] (2H ATL @ NO);NFL In-Game $1K Huddle [Single Entry] (2H ATL @ NO);NFL In-Game $500 Play-Action (2H ATL @ NO);NFL In-Game $600 Bootleg [Single Entry] (2H ATL @ NO);NFL In-Game $267 Winner Take All [$1K to 1st] (2H ATL @ NO);NFL In-Game $500 First Down (2H ATL @ NO);NFL In-Game Satellite to NFL $4,444 Fantasy Football MEGA Millionaire [Must Fill] (2H ATL @ NO)",196297440;196298019;196298022;196297437;196297444;196297441;196297439;196297702;196297442;196298020;196298023;196298018;196298025;196298021;196297701;196297438;196297443;196297445;196298026;196297700,10/5 9:15PM 2H (ATL @ NO)
Trey Palmer - Showdown 2nd Half (Flex),196297440;196298019;196298022;196297437;196297444;196297441;196297439;196297702;196297442;196298020;196298023;196298018;196298025;196298021;196297701;196297438;196297443;196297445;196298026;196297700,Trey Palmer|NO,44359263,Trey Palmer,Trey,Palmer,200,WR,NO,ATL @ NO,10/05/2026 09:15 PM,,ATL @ NO,Showdown 2nd Half,NFL,10/5,Flex,"NFL In-Game $15K 2nd Half Clash [$5K to 1st] (2H ATL @ NO);NFL In-Game $20K Thunderdome [Must Fill] (2H ATL @ NO);NFL In-Game $10,170 2026 FFWC Qualifier Satellite [Must Fill] (2H ATL @ NO);NFL In-Game $1.8K Deep Threat [Single Entry] (2H ATL @ NO);NFL In-Game $1K Huddle [Single Entry] (2H ATL @ NO);NFL In-Game $500 Play-Action (2H ATL @ NO);NFL In-Game $600 Bootleg [Single Entry] (2H ATL @ NO);NFL In-Game $267 Winner Take All [$1K to 1st] (2H ATL @ NO);NFL In-Game $500 First Down (2H ATL @ NO);NFL In-Game Satellite to NFL $4,444 Fantasy Football MEGA Millionaire [Must Fill] (2H ATL @ NO)",196297440;196298019;196298022;196297437;196297444;196297441;196297439;196297702;196297442;196298020;196298023;196298018;196298025;196298021;196297701;196297438;196297443;196297445;196298026;196297700,10/5 9:15PM 2H (ATL @ NO)
Cedric Tillman - Showdown 2nd Half (Flex),196297440;196298019;196298022;196297437;196297444;196297441;196297439;196297702;196297442;196298020;196298023;196298018;196298025;196298021;196297701;196297438;196297443;196297445;196298026;196297700,Cedric Tillman|NO,44359251,Cedric Tillman,Cedric,Tillman,200,WR,NO,ATL @ NO,10/05/2026 09:15 PM,,ATL @ NO,Showdown 2nd Half,NFL,10/5,Flex,"NFL In-Game $15K 2nd Half Clash [$5K to 1st] (2H ATL @ NO);NFL In-Game $20K Thunderdome [Must Fill] (2H ATL @ NO);NFL In-Game $10,170 2026 FFWC Qualifier Satellite [Must Fill] (2H ATL @ NO);NFL In-Game $1.8K Deep Threat [Single Entry] (2H ATL @ NO);NFL In-Game $1K Huddle [Single Entry] (2H ATL @ NO);NFL In-Game $500 Play-Action (2H ATL @ NO);NFL In-Game $600 Bootleg [Single Entry] (2H ATL @ NO);NFL In-Game $267 Winner Take All [$1K to 1st] (2H ATL @ NO);NFL In-Game $500 First Down (2H ATL @ NO);NFL In-Game Satellite to NFL $4,444 Fantasy Football MEGA Millionaire [Must Fill] (2H ATL @ NO)",196297440;196298019;196298022;196297437;196297444;196297441;196297439;196297702;196297442;196298020;196298023;196298018;196298025;196298021;196297701;196297438;196297443;196297445;196298026;196297700,10/5 9:15PM 2H (ATL @ NO)
Jalen Moreno-Cropper - Showdown 2nd Half (Flex),196297440;196298019;196298022;196297437;196297444;196297441;196297439;196297702;196297442;196298020;196298023;196298018;196298025;196298021;196297701;196297438;196297443;196297445;196298026;196297700,Jalen Moreno-Cropper|NO,44359264,Jalen Moreno-Cropper,Jalen,Moreno-Cropper,200,WR,NO,ATL @ NO,10/05/2026 09:15 PM,,ATL @ NO,Showdown 2nd Half,NFL,10/5,Flex,"NFL In-Game $15K 2nd Half Clash [$5K to 1st] (2H ATL @ NO);NFL In-Game $20K Thunderdome [Must Fill] (2H ATL @ NO);NFL In-Game $10,170 2026 FFWC Qualifier Satellite [Must Fill] (2H ATL @ NO);NFL In-Game $1.8K Deep Threat [Single Entry] (2H ATL @ NO);NFL In-Game $1K Huddle [Single Entry] (2H ATL @ NO);NFL In-Game $500 Play-Action (2H ATL @ NO);NFL In-Game $600 Bootleg [Single Entry] (2H ATL @ NO);NFL In-Game $267 Winner Take All [$1K to 1st] (2H ATL @ NO);NFL In-Game $500 First Down (2H ATL @ NO);NFL In-Game Satellite to NFL $4,444 Fantasy Football MEGA Millionaire [Must Fill] (2H ATL @ NO)",196297440;196298019;196298022;196297437;196297444;196297441;196297439;196297702;196297442;196298020;196298023;196298018;196298025;196298021;196297701;196297438;196297443;196297445;196298026;196297700,10/5 9:15PM 2H (ATL @ NO)
Zach Wood - Showdown 2nd Half (Flex),196297440;196298019;196298022;196297437;196297444;196297441;196297439;196297702;196297442;196298020;196298023;196298018;196298025;196298021;196297701;196297438;196297443;196297445;196298026;196297700,Zach Wood|NO,44359252,Zach Wood,Zach,Wood,200,TE,NO,ATL @ NO,10/05/2026 09:15 PM,,ATL @ NO,Showdown 2nd Half,NFL,10/5,Flex,"NFL In-Game $15K 2nd Half Clash [$5K to 1st] (2H ATL @ NO);NFL In-Game $20K Thunderdome [Must Fill] (2H ATL @ NO);NFL In-Game $10,170 2026 FFWC Qualifier Satellite [Must Fill] (2H ATL @ NO);NFL In-Game $1.8K Deep Threat [Single Entry] (2H ATL @ NO);NFL In-Game $1K Huddle [Single Entry] (2H ATL @ NO);NFL In-Game $500 Play-Action (2H ATL @ NO);NFL In-Game $600 Bootleg [Single Entry] (2H ATL @ NO);NFL In-Game $267 Winner Take All [$1K to 1st] (2H ATL @ NO);NFL In-Game $500 First Down (2H ATL @ NO);NFL In-Game Satellite to NFL $4,444 Fantasy Football MEGA Millionaire [Must Fill] (2H ATL @ NO)",196297440;196298019;196298022;196297437;196297444;196297441;196297439;196297702;196297442;196298020;196298023;196298018;196298025;196298021;196297701;196297438;196297443;196297445;196298026;196297700,10/5 9:15PM 2H (ATL @ NO)
Moliki Matavao - Showdown 2nd Half (Flex),196297440;196298019;196298022;196297437;196297444;196297441;196297439;196297702;196297442;196298020;196298023;196298018;196298025;196298021;196297701;196297438;196297443;196297445;196298026;196297700,Moliki Matavao|NO,44359246,Moliki Matavao,Moliki,Matavao,200,TE,NO,ATL @ NO,10/05/2026 09:15 PM,,ATL @ NO,Showdown 2nd Half,NFL,10/5,Flex,"NFL In-Game $15K 2nd Half Clash [$5K to 1st] (2H ATL @ NO);NFL In-Game $20K Thunderdome [Must Fill] (2H ATL @ NO);NFL In-Game $10,170 2026 FFWC Qualifier Satellite [Must Fill] (2H ATL @ NO);NFL In-Game $1.8K Deep Threat [Single Entry] (2H ATL @ NO);NFL In-Game $1K Huddle [Single Entry] (2H ATL @ NO);NFL In-Game $500 Play-Action (2H ATL @ NO);NFL In-Game $600 Bootleg [Single Entry] (2H ATL @ NO);NFL In-Game $267 Winner Take All [$1K to 1st] (2H ATL @ NO);NFL In-Game $500 First Down (2H ATL @ NO);NFL In-Game Satellite to NFL $4,444 Fantasy Football MEGA Millionaire [Must Fill] (2H ATL @ NO)",196297440;196298019;196298022;196297437;196297444;196297441;196297439;196297702;196297442;196298020;196298023;196298018;196298025;196298021;196297701;196297438;196297443;196297445;196298026;196297700,10/5 9:15PM 2H (ATL @ NO)
Mason Tipton - Showdown 2nd Half (Flex),196297440;196298019;196298022;196297437;196297444;196297441;196297439;196297702;196297442;196298020;196298023;196298018;196298025;196298021;196297701;196297438;196297443;196297445;196298026;196297700,Mason Tipton|NO,44359262,Mason Tipton,Mason,Tipton,200,WR,NO,ATL @ NO,10/05/2026 09:15 PM,,ATL @ NO,Showdown 2nd Half,NFL,10/5,Flex,"NFL In-Game $15K 2nd Half Clash [$5K to 1st] (2H ATL @ NO);NFL In-Game $20K Thunderdome [Must Fill] (2H ATL @ NO);NFL In-Game $10,170 2026 FFWC Qualifier Satellite [Must Fill] (2H ATL @ NO);NFL In-Game $1.8K Deep Threat [Single Entry] (2H ATL @ NO);NFL In-Game $1K Huddle [Single Entry] (2H ATL @ NO);NFL In-Game $500 Play-Action (2H ATL @ NO);NFL In-Game $600 Bootleg [Single Entry] (2H ATL @ NO);NFL In-Game $267 Winner Take All [$1K to 1st] (2H ATL @ NO);NFL In-Game $500 First Down (2H ATL @ NO);NFL In-Game Satellite to NFL $4,444 Fantasy Football MEGA Millionaire [Must Fill] (2H ATL @ NO)",196297440;196298019;196298022;196297437;196297444;196297441;196297439;196297702;196297442;196298020;196298023;196298018;196298025;196298021;196297701;196297438;196297443;196297445;196298026;196297700,10/5 9:15PM 2H (ATL @ NO)
Jordyn Tyson - Showdown 2nd Half (Flex),196297440;196298019;196298022;196297437;196297444;196297441;196297439;196297702;196297442;196298020;196298023;196298018;196298025;196298021;196297701;196297438;196297443;196297445;196298026;196297700,Jordyn Tyson|NO,44359250,Jordyn Tyson,Jordyn,Tyson,200,WR,NO,ATL @ NO,10/05/2026 09:15 PM,,ATL @ NO,Showdown 2nd Half,NFL,10/5,Flex,"NFL In-Game $15K 2nd Half Clash [$5K to 1st] (2H ATL @ NO);NFL In-Game $20K Thunderdome [Must Fill] (2H ATL @ NO);NFL In-Game $10,170 2026 FFWC Qualifier Satellite [Must Fill] (2H ATL @ NO);NFL In-Game $1.8K Deep Threat [Single Entry] (2H ATL @ NO);NFL In-Game $1K Huddle [Single Entry] (2H ATL @ NO);NFL In-Game $500 Play-Action (2H ATL @ NO);NFL In-Game $600 Bootleg [Single Entry] (2H ATL @ NO);NFL In-Game $267 Winner Take All [$1K to 1st] (2H ATL @ NO);NFL In-Game $500 First Down (2H ATL @ NO);NFL In-Game Satellite to NFL $4,444 Fantasy Football MEGA Millionaire [Must Fill] (2H ATL @ NO)",196297440;196298019;196298022;196297437;196297444;196297441;196297439;196297702;196297442;196298020;196298023;196298018;196298025;196298021;196297701;196297438;196297443;196297445;196298026;196297700,10/5 9:15PM 2H (ATL @ NO)
Beaux Collins - Showdown 2nd Half (Flex),196297440;196298019;196298022;196297437;196297444;196297441;196297439;196297702;196297442;196298020;196298023;196298018;196298025;196298021;196297701;196297438;196297443;196297445;196298026;196297700,Beaux Collins|ATL,44359259,Beaux Collins,Beaux,Collins,200,WR,ATL,ATL @ NO,10/05/2026 09:15 PM,,ATL @ NO,Showdown 2nd Half,NFL,10/5,Flex,"NFL In-Game $15K 2nd Half Clash [$5K to 1st] (2H ATL @ NO);NFL In-Game $20K Thunderdome [Must Fill] (2H ATL @ NO);NFL In-Game $10,170 2026 FFWC Qualifier Satellite [Must Fill] (2H ATL @ NO);NFL In-Game $1.8K Deep Threat [Single Entry] (2H ATL @ NO);NFL In-Game $1K Huddle [Single Entry] (2H ATL @ NO);NFL In-Game $500 Play-Action (2H ATL @ NO);NFL In-Game $600 Bootleg [Single Entry] (2H ATL @ NO);NFL In-Game $267 Winner Take All [$1K to 1st] (2H ATL @ NO);NFL In-Game $500 First Down (2H ATL @ NO);NFL In-Game Satellite to NFL $4,444 Fantasy Football MEGA Millionaire [Must Fill] (2H ATL @ NO)",196297440;196298019;196298022;196297437;196297444;196297441;196297439;196297702;196297442;196298020;196298023;196298018;196298025;196298021;196297701;196297438;196297443;196297445;196298026;196297700,10/5 9:15PM 2H (ATL @ NO)
Antwane Wells Jr. - Showdown 2nd Half (Flex),196297440;196298019;196298022;196297437;196297444;196297441;196297439;196297702;196297442;196298020;196298023;196298018;196298025;196298021;196297701;196297438;196297443;196297445;196298026;196297700,Antwane Wells Jr.|ATL,44359261,Antwane Wells Jr.,Antwane,Wells Jr.,200,WR,ATL,ATL @ NO,10/05/2026 09:15 PM,,ATL @ NO,Showdown 2nd Half,NFL,10/5,Flex,"NFL In-Game $15K 2nd Half Clash [$5K to 1st] (2H ATL @ NO);NFL In-Game $20K Thunderdome [Must Fill] (2H ATL @ NO);NFL In-Game $10,170 2026 FFWC Qualifier Satellite [Must Fill] (2H ATL @ NO);NFL In-Game $1.8K Deep Threat [Single Entry] (2H ATL @ NO);NFL In-Game $1K Huddle [Single Entry] (2H ATL @ NO);NFL In-Game $500 Play-Action (2H ATL @ NO);NFL In-Game $600 Bootleg [Single Entry] (2H ATL @ NO);NFL In-Game $267 Winner Take All [$1K to 1st] (2H ATL @ NO);NFL In-Game $500 First Down (2H ATL @ NO);NFL In-Game Satellite to NFL $4,444 Fantasy Football MEGA Millionaire [Must Fill] (2H ATL @ NO)",196297440;196298019;196298022;196297437;196297444;196297441;196297439;196297702;196297442;196298020;196298023;196298018;196298025;196298021;196297701;196297438;196297443;196297445;196298026;196297700,10/5 9:15PM 2H (ATL @ NO)
Cash Jones - Showdown 4th Quarter (Flex),196298118;196298121;196297447;196298119;196298122;196297446;196298117;196298124;196298120;196297448;196297449;196298125;196297707;196297706;196298037;196298109;196298080;196298081;196317157;196298123,Cash Jones|ATL,44359369,Cash Jones,Cash,Jones,200,RB,ATL,ATL @ NO,10/05/2026 09:45 PM,,ATL @ NO,Showdown 4th Quarter,NFL,10/5,Flex,"NFL In-Game $20K Thunderdome [Must Fill] (4Q ATL @ NO);NFL In-Game $10,170 2026 FFWC Qualifier Satellite [Must Fill] (4Q ATL @ NO);NFL In-Game $3K 4th Quarter Finish [$1K to 1st] (4Q ATL @ NO);NFL In-Game Satellite to NFL $4,444 Fantasy Football MEGA Millionaire [Must Fill] (4Q ATL @ NO);NFL In-Game Satellite to NFL 10-12 $4,444 Showdown MEGA Millionaire [Must Fill] (4Q ATL @ NO);NFL In-Game $285 Bootleg [Single Entry] (4Q ATL @ NO);NFL In-Game $1,060 Winner Take All [$4K to 1st] (Must Fill) (4Q ATL @ NO);NFL In-Game Satellite to NFL 11-1 Midseason Main Event [Must Fill] (4Q ATL @ NO);NFL In-Game Satellite to NFL $555 Fantasy Football Millionaire [Must Fill] (4Q ATL @ NO);NFL In-Game $150 First Down (4Q ATL @ NO)",196298118;196298121;196297447;196298119;196298122;196297446;196298117;196298124;196298120;196297448;196297449;196298125;196297707;196297706;196298037;196298109;196298080;196298081;196317157;196298123,10/5 9:45PM Q4 (ATL @ NO)
Dylan Drummond - Showdown 4th Quarter (Flex),196298118;196298121;196297447;196298119;196298122;196297446;196298117;196298124;196298120;196297448;196297449;196298125;196297707;196297706;196298037;196298109;196298080;196298081;196317157;196298123,Dylan Drummond|ATL,44359377,Dylan Drummond,Dylan,Drummond,200,WR,ATL,ATL @ NO,10/05/2026 09:45 PM,,ATL @ NO,Showdown 4th Quarter,NFL,10/5,Flex,"NFL In-Game $20K Thunderdome [Must Fill] (4Q ATL @ NO);NFL In-Game $10,170 2026 FFWC Qualifier Satellite [Must Fill] (4Q ATL @ NO);NFL In-Game $3K 4th Quarter Finish [$1K to 1st] (4Q ATL @ NO);NFL In-Game Satellite to NFL $4,444 Fantasy Football MEGA Millionaire [Must Fill] (4Q ATL @ NO);NFL In-Game Satellite to NFL 10-12 $4,444 Showdown MEGA Millionaire [Must Fill] (4Q ATL @ NO);NFL In-Game $285 Bootleg [Single Entry] (4Q ATL @ NO);NFL In-Game $1,060 Winner Take All [$4K to 1st] (Must Fill) (4Q ATL @ NO);NFL In-Game Satellite to NFL 11-1 Midseason Main Event [Must Fill] (4Q ATL @ NO);NFL In-Game Satellite to NFL $555 Fantasy Football Millionaire [Must Fill] (4Q ATL @ NO);NFL In-Game $150 First Down (4Q ATL @ NO)",196298118;196298121;196297447;196298119;196298122;196297446;196298117;196298124;196298120;196297448;196297449;196298125;196297707;196297706;196298037;196298109;196298080;196298081;196317157;196298123,10/5 9:45PM Q4 (ATL @ NO)
Moliki Matavao - Showdown 4th Quarter (Flex),196298118;196298121;196297447;196298119;196298122;196297446;196298117;196298124;196298120;196297448;196297449;196298125;196297707;196297706;196298037;196298109;196298080;196298081;196317157;196298123,Moliki Matavao|NO,44359372,Moliki Matavao,Moliki,Matavao,200,TE,NO,ATL @ NO,10/05/2026 09:45 PM,,ATL @ NO,Showdown 4th Quarter,NFL,10/5,Flex,"NFL In-Game $20K Thunderdome [Must Fill] (4Q ATL @ NO);NFL In-Game $10,170 2026 FFWC Qualifier Satellite [Must Fill] (4Q ATL @ NO);NFL In-Game $3K 4th Quarter Finish [$1K to 1st] (4Q ATL @ NO);NFL In-Game Satellite to NFL $4,444 Fantasy Football MEGA Millionaire [Must Fill] (4Q ATL @ NO);NFL In-Game Satellite to NFL 10-12 $4,444 Showdown MEGA Millionaire [Must Fill] (4Q ATL @ NO);NFL In-Game $285 Bootleg [Single Entry] (4Q ATL @ NO);NFL In-Game $1,060 Winner Take All [$4K to 1st] (Must Fill) (4Q ATL @ NO);NFL In-Game Satellite to NFL 11-1 Midseason Main Event [Must Fill] (4Q ATL @ NO);NFL In-Game Satellite to NFL $555 Fantasy Football Millionaire [Must Fill] (4Q ATL @ NO);NFL In-Game $150 First Down (4Q ATL @ NO)",196298118;196298121;196297447;196298119;196298122;196297446;196298117;196298124;196298120;196297448;196297449;196298125;196297707;196297706;196298037;196298109;196298080;196298081;196317157;196298123,10/5 9:45PM Q4 (ATL @ NO)
Cal Adomitis - Showdown 4th Quarter (Flex),196298118;196298121;196297447;196298119;196298122;196297446;196298117;196298124;196298120;196297448;196297449;196298125;196297707;196297706;196298037;196298109;196298080;196298081;196317157;196298123,Cal Adomitis|NO,44359376,Cal Adomitis,Cal,Adomitis,200,TE,NO,ATL @ NO,10/05/2026 09:45 PM,,ATL @ NO,Showdown 4th Quarter,NFL,10/5,Flex,"NFL In-Game $20K Thunderdome [Must Fill] (4Q ATL @ NO);NFL In-Game $10,170 2026 FFWC Qualifier Satellite [Must Fill] (4Q ATL @ NO);NFL In-Game $3K 4th Quarter Finish [$1K to 1st] (4Q ATL @ NO);NFL In-Game Satellite to NFL $4,444 Fantasy Football MEGA Millionaire [Must Fill] (4Q ATL @ NO);NFL In-Game Satellite to NFL 10-12 $4,444 Showdown MEGA Millionaire [Must Fill] (4Q ATL @ NO);NFL In-Game $285 Bootleg [Single Entry] (4Q ATL @ NO);NFL In-Game $1,060 Winner Take All [$4K to 1st] (Must Fill) (4Q ATL @ NO);NFL In-Game Satellite to NFL 11-1 Midseason Main Event [Must Fill] (4Q ATL @ NO);NFL In-Game Satellite to NFL $555 Fantasy Football Millionaire [Must Fill] (4Q ATL @ NO);NFL In-Game $150 First Down (4Q ATL @ NO)",196298118;196298121;196297447;196298119;196298122;196297446;196298117;196298124;196298120;196297448;196297449;196298125;196297707;196297706;196298037;196298109;196298080;196298081;196317157;196298123,10/5 9:45PM Q4 (ATL @ NO)
Ty Chandler - Showdown 4th Quarter (Flex),196298118;196298121;196297447;196298119;196298122;196297446;196298117;196298124;196298120;196297448;196297449;196298125;196297707;196297706;196298037;196298109;196298080;196298081;196317157;196298123,Ty Chandler|NO,44359371,Ty Chandler,Ty,Chandler,200,RB,NO,ATL @ NO,10/05/2026 09:45 PM,,ATL @ NO,Showdown 4th Quarter,NFL,10/5,Flex,"NFL In-Game $20K Thunderdome [Must Fill] (4Q ATL @ NO);NFL In-Game $10,170 2026 FFWC Qualifier Satellite [Must Fill] (4Q ATL @ NO);NFL In-Game $3K 4th Quarter Finish [$1K to 1st] (4Q ATL @ NO);NFL In-Game Satellite to NFL $4,444 Fantasy Football MEGA Millionaire [Must Fill] (4Q ATL @ NO);NFL In-Game Satellite to NFL 10-12 $4,444 Showdown MEGA Millionaire [Must Fill] (4Q ATL @ NO);NFL In-Game $285 Bootleg [Single Entry] (4Q ATL @ NO);NFL In-Game $1,060 Winner Take All [$4K to 1st] (Must Fill) (4Q ATL @ NO);NFL In-Game Satellite to NFL 11-1 Midseason Main Event [Must Fill] (4Q ATL @ NO);NFL In-Game Satellite to NFL $555 Fantasy Football Millionaire [Must Fill] (4Q ATL @ NO);NFL In-Game $150 First Down (4Q ATL @ NO)",196298118;196298121;196297447;196298119;196298122;196297446;196298117;196298124;196298120;196297448;196297449;196298125;196297707;196297706;196298037;196298109;196298080;196298081;196317157;196298123,10/5 9:45PM Q4 (ATL @ NO)
Jalen Moreno-Cropper - Showdown 4th Quarter (Flex),196298118;196298121;196297447;196298119;196298122;196297446;196298117;196298124;196298120;196297448;196297449;196298125;196297707;196297706;196298037;196298109;196298080;196298081;196317157;196298123,Jalen Moreno-Cropper|NO,44359361,Jalen Moreno-Cropper,Jalen,Moreno-Cropper,200,WR,NO,ATL @ NO,10/05/2026 09:45 PM,,ATL @ NO,Showdown 4th Quarter,NFL,10/5,Flex,"NFL In-Game $20K Thunderdome [Must Fill] (4Q ATL @ NO);NFL In-Game $10,170 2026 FFWC Qualifier Satellite [Must Fill] (4Q ATL @ NO);NFL In-Game $3K 4th Quarter Finish [$1K to 1st] (4Q ATL @ NO);NFL In-Game Satellite to NFL $4,444 Fantasy Football MEGA Millionaire [Must Fill] (4Q ATL @ NO);NFL In-Game Satellite to NFL 10-12 $4,444 Showdown MEGA Millionaire [Must Fill] (4Q ATL @ NO);NFL In-Game $285 Bootleg [Single Entry] (4Q ATL @ NO);NFL In-Game $1,060 Winner Take All [$4K to 1st] (Must Fill) (4Q ATL @ NO);NFL In-Game Satellite to NFL 11-1 Midseason Main Event [Must Fill] (4Q ATL @ NO);NFL In-Game Satellite to NFL $555 Fantasy Football Millionaire [Must Fill] (4Q ATL @ NO);NFL In-Game $150 First Down (4Q ATL @ NO)",196298118;196298121;196297447;196298119;196298122;196297446;196298117;196298124;196298120;196297448;196297449;196298125;196297707;196297706;196298037;196298109;196298080;196298081;196317157;196298123,10/5 9:45PM Q4 (ATL @ NO)
Zach Wood - Showdown 4th Quarter (Flex),196298118;196298121;196297447;196298119;196298122;196297446;196298117;196298124;196298120;196297448;196297449;196298125;196297707;196297706;196298037;196298109;196298080;196298081;196317157;196298123,Zach Wood|NO,44359357,Zach Wood,Zach,Wood,200,TE,NO,ATL @ NO,10/05/2026 09:45 PM,,ATL @ NO,Showdown 4th Quarter,NFL,10/5,Flex,"NFL In-Game $20K Thunderdome [Must Fill] (4Q ATL @ NO);NFL In-Game $10,170 2026 FFWC Qualifier Satellite [Must Fill] (4Q ATL @ NO);NFL In-Game $3K 4th Quarter Finish [$1K to 1st] (4Q ATL @ NO);NFL In-Game Satellite to NFL $4,444 Fantasy Football MEGA Millionaire [Must Fill] (4Q ATL @ NO);NFL In-Game Satellite to NFL 10-12 $4,444 Showdown MEGA Millionaire [Must Fill] (4Q ATL @ NO);NFL In-Game $285 Bootleg [Single Entry] (4Q ATL @ NO);NFL In-Game $1,060 Winner Take All [$4K to 1st] (Must Fill) (4Q ATL @ NO);NFL In-Game Satellite to NFL 11-1 Midseason Main Event [Must Fill] (4Q ATL @ NO);NFL In-Game Satellite to NFL $555 Fantasy Football Millionaire [Must Fill] (4Q ATL @ NO);NFL In-Game $150 First Down (4Q ATL @ NO)",196298118;196298121;196297447;196298119;196298122;196297446;196298117;196298124;196298120;196297448;196297449;196298125;196297707;196297706;196298037;196298109;196298080;196298081;196317157;196298123,10/5 9:45PM Q4 (ATL @ NO)
Nick Muse - Showdown 4th Quarter (Flex),196298118;196298121;196297447;196298119;196298122;196297446;196298117;196298124;196298120;196297448;196297449;196298125;196297707;196297706;196298037;196298109;196298080;196298081;196317157;196298123,Nick Muse|ATL,44359362,Nick Muse,Nick,Muse,200,TE,ATL,ATL @ NO,10/05/2026 09:45 PM,,ATL @ NO,Showdown 4th Quarter,NFL,10/5,Flex,"NFL In-Game $20K Thunderdome [Must Fill] (4Q ATL @ NO);NFL In-Game $10,170 2026 FFWC Qualifier Satellite [Must Fill] (4Q ATL @ NO);NFL In-Game $3K 4th Quarter Finish [$1K to 1st] (4Q ATL @ NO);NFL In-Game Satellite to NFL $4,444 Fantasy Football MEGA Millionaire [Must Fill] (4Q ATL @ NO);NFL In-Game Satellite to NFL 10-12 $4,444 Showdown MEGA Millionaire [Must Fill] (4Q ATL @ NO);NFL In-Game $285 Bootleg [Single Entry] (4Q ATL @ NO);NFL In-Game $1,060 Winner Take All [$4K to 1st] (Must Fill) (4Q ATL @ NO);NFL In-Game Satellite to NFL 11-1 Midseason Main Event [Must Fill] (4Q ATL @ NO);NFL In-Game Satellite to NFL $555 Fantasy Football Millionaire [Must Fill] (4Q ATL @ NO);NFL In-Game $150 First Down (4Q ATL @ NO)",196298118;196298121;196297447;196298119;196298122;196297446;196298117;196298124;196298120;196297448;196297449;196298125;196297707;196297706;196298037;196298109;196298080;196298081;196317157;196298123,10/5 9:45PM Q4 (ATL @ NO)
Khalil Herbert - Showdown 4th Quarter (Flex),196298118;196298121;196297447;196298119;196298122;196297446;196298117;196298124;196298120;196297448;196297449;196298125;196297707;196297706;196298037;196298109;196298080;196298081;196317157;196298123,Khalil Herbert|ATL,44359363,Khalil Herbert,Khalil,Herbert,200,RB,ATL,ATL @ NO,10/05/2026 09:45 PM,,ATL @ NO,Showdown 4th Quarter,NFL,10/5,Flex,"NFL In-Game $20K Thunderdome [Must Fill] (4Q ATL @ NO);NFL In-Game $10,170 2026 FFWC Qualifier Satellite [Must Fill] (4Q ATL @ NO);NFL In-Game $3K 4th Quarter Finish [$1K to 1st] (4Q ATL @ NO);NFL In-Game Satellite to NFL $4,444 Fantasy Football MEGA Millionaire [Must Fill] (4Q ATL @ NO);NFL In-Game Satellite to NFL 10-12 $4,444 Showdown MEGA Millionaire [Must Fill] (4Q ATL @ NO);NFL In-Game $285 Bootleg [Single Entry] (4Q ATL @ NO);NFL In-Game $1,060 Winner Take All [$4K to 1st] (Must Fill) (4Q ATL @ NO);NFL In-Game Satellite to NFL 11-1 Midseason Main Event [Must Fill] (4Q ATL @ NO);NFL In-Game Satellite to NFL $555 Fantasy Football Millionaire [Must Fill] (4Q ATL @ NO);NFL In-Game $150 First Down (4Q ATL @ NO)",196298118;196298121;196297447;196298119;196298122;196297446;196298117;196298124;196298120;196297448;196297449;196298125;196297707;196297706;196298037;196298109;196298080;196298081;196317157;196298123,10/5 9:45PM Q4 (ATL @ NO)
Jack Velling - Showdown 4th Quarter (Flex),196298118;196298121;196297447;196298119;196298122;196297446;196298117;196298124;196298120;196297448;196297449;196298125;196297707;196297706;196298037;196298109;196298080;196298081;196317157;196298123,Jack Velling|ATL,44359359,Jack Velling,Jack,Velling,200,TE,ATL,ATL @ NO,10/05/2026 09:45 PM,,ATL @ NO,Showdown 4th Quarter,NFL,10/5,Flex,"NFL In-Game $20K Thunderdome [Must Fill] (4Q ATL @ NO);NFL In-Game $10,170 2026 FFWC Qualifier Satellite [Must Fill] (4Q ATL @ NO);NFL In-Game $3K 4th Quarter Finish [$1K to 1st] (4Q ATL @ NO);NFL In-Game Satellite to NFL $4,444 Fantasy Football MEGA Millionaire [Must Fill] (4Q ATL @ NO);NFL In-Game Satellite to NFL 10-12 $4,444 Showdown MEGA Millionaire [Must Fill] (4Q ATL @ NO);NFL In-Game $285 Bootleg [Single Entry] (4Q ATL @ NO);NFL In-Game $1,060 Winner Take All [$4K to 1st] (Must Fill) (4Q ATL @ NO);NFL In-Game Satellite to NFL 11-1 Midseason Main Event [Must Fill] (4Q ATL @ NO);NFL In-Game Satellite to NFL $555 Fantasy Football Millionaire [Must Fill] (4Q ATL @ NO);NFL In-Game $150 First Down (4Q ATL @ NO)",196298118;196298121;196297447;196298119;196298122;196297446;196298117;196298124;196298120;196297448;196297449;196298125;196297707;196297706;196298037;196298109;196298080;196298081;196317157;196298123,10/5 9:45PM Q4 (ATL @ NO)
Zamir White - Showdown 4th Quarter (Flex),196298118;196298121;196297447;196298119;196298122;196297446;196298117;196298124;196298120;196297448;196297449;196298125;196297707;196297706;196298037;196298109;196298080;196298081;196317157;196298123,Zamir White|NO,44359367,Zamir White,Zamir,White,200,RB,NO,ATL @ NO,10/05/2026 09:45 PM,,ATL @ NO,Showdown 4th Quarter,NFL,10/5,Flex,"NFL In-Game $20K Thunderdome [Must Fill] (4Q ATL @ NO);NFL In-Game $10,170 2026 FFWC Qualifier Satellite [Must Fill] (4Q ATL @ NO);NFL In-Game $3K 4th Quarter Finish [$1K to 1st] (4Q ATL @ NO);NFL In-Game Satellite to NFL $4,444 Fantasy Football MEGA Millionaire [Must Fill] (4Q ATL @ NO);NFL In-Game Satellite to NFL 10-12 $4,444 Showdown MEGA Millionaire [Must Fill] (4Q ATL @ NO);NFL In-Game $285 Bootleg [Single Entry] (4Q ATL @ NO);NFL In-Game $1,060 Winner Take All [$4K to 1st] (Must Fill) (4Q ATL @ NO);NFL In-Game Satellite to NFL 11-1 Midseason Main Event [Must Fill] (4Q ATL @ NO);NFL In-Game Satellite to NFL $555 Fantasy Football Millionaire [Must Fill] (4Q ATL @ NO);NFL In-Game $150 First Down (4Q ATL @ NO)",196298118;196298121;196297447;196298119;196298122;196297446;196298117;196298124;196298120;196297448;196297449;196298125;196297707;196297706;196298037;196298109;196298080;196298081;196317157;196298123,10/5 9:45PM Q4 (ATL @ NO)
Treyton Welch - Showdown 4th Quarter (Flex),196298118;196298121;196297447;196298119;196298122;196297446;196298117;196298124;196298120;196297448;196297449;196298125;196297707;196297706;196298037;196298109;196298080;196298081;196317157;196298123,Treyton Welch|NO,44359370,Treyton Welch,Treyton,Welch,200,TE,NO,ATL @ NO,10/05/2026 09:45 PM,,ATL @ NO,Showdown 4th Quarter,NFL,10/5,Flex,"NFL In-Game $20K Thunderdome [Must Fill] (4Q ATL @ NO);NFL In-Game $10,170 2026 FFWC Qualifier Satellite [Must Fill] (4Q ATL @ NO);NFL In-Game $3K 4th Quarter Finish [$1K to 1st] (4Q ATL @ NO);NFL In-Game Satellite to NFL $4,444 Fantasy Football MEGA Millionaire [Must Fill] (4Q ATL @ NO);NFL In-Game Satellite to NFL 10-12 $4,444 Showdown MEGA Millionaire [Must Fill] (4Q ATL @ NO);NFL In-Game $285 Bootleg [Single Entry] (4Q ATL @ NO);NFL In-Game $1,060 Winner Take All [$4K to 1st] (Must Fill) (4Q ATL @ NO);NFL In-Game Satellite to NFL 11-1 Midseason Main Event [Must Fill] (4Q ATL @ NO);NFL In-Game Satellite to NFL $555 Fantasy Football Millionaire [Must Fill] (4Q ATL @ NO);NFL In-Game $150 First Down (4Q ATL @ NO)",196298118;196298121;196297447;196298119;196298122;196297446;196298117;196298124;196298120;196297448;196297449;196298125;196297707;196297706;196298037;196298109;196298080;196298081;196317157;196298123,10/5 9:45PM Q4 (ATL @ NO)
Kyrese Rowan - Showdown 4th Quarter (Flex),196298118;196298121;196297447;196298119;196298122;196297446;196298117;196298124;196298120;196297448;196297449;196298125;196297707;196297706;196298037;196298109;196298080;196298081;196317157;196298123,Kyrese Rowan|NO,44359358,Kyrese Rowan,Kyrese,Rowan,200,WR,NO,ATL @ NO,10/05/2026 09:45 PM,,ATL @ NO,Showdown 4th Quarter,NFL,10/5,Flex,"NFL In-Game $20K Thunderdome [Must Fill] (4Q ATL @ NO);NFL In-Game $10,170 2026 FFWC Qualifier Satellite [Must Fill] (4Q ATL @ NO);NFL In-Game $3K 4th Quarter Finish [$1K to 1st] (4Q ATL @ NO);NFL In-Game Satellite to NFL $4,444 Fantasy Football MEGA Millionaire [Must Fill] (4Q ATL @ NO);NFL In-Game Satellite to NFL 10-12 $4,444 Showdown MEGA Millionaire [Must Fill] (4Q ATL @ NO);NFL In-Game $285 Bootleg [Single Entry] (4Q ATL @ NO);NFL In-Game $1,060 Winner Take All [$4K to 1st] (Must Fill) (4Q ATL @ NO);NFL In-Game Satellite to NFL 11-1 Midseason Main Event [Must Fill] (4Q ATL @ NO);NFL In-Game Satellite to NFL $555 Fantasy Football Millionaire [Must Fill] (4Q ATL @ NO);NFL In-Game $150 First Down (4Q ATL @ NO)",196298118;196298121;196297447;196298119;196298122;196297446;196298117;196298124;196298120;196297448;196297449;196298125;196297707;196297706;196298037;196298109;196298080;196298081;196317157;196298123,10/5 9:45PM Q4 (ATL @ NO)
Trey Palmer - Showdown 4th Quarter (Flex),196298118;196298121;196297447;196298119;196298122;196297446;196298117;196298124;196298120;196297448;196297449;196298125;196297707;196297706;196298037;196298109;196298080;196298081;196317157;196298123,Trey Palmer|NO,44359364,Trey Palmer,Trey,Palmer,200,WR,NO,ATL @ NO,10/05/2026 09:45 PM,,ATL @ NO,Showdown 4th Quarter,NFL,10/5,Flex,"NFL In-Game $20K Thunderdome [Must Fill] (4Q ATL @ NO);NFL In-Game $10,170 2026 FFWC Qualifier Satellite [Must Fill] (4Q ATL @ NO);NFL In-Game $3K 4th Quarter Finish [$1K to 1st] (4Q ATL @ NO);NFL In-Game Satellite to NFL $4,444 Fantasy Football MEGA Millionaire [Must Fill] (4Q ATL @ NO);NFL In-Game Satellite to NFL 10-12 $4,444 Showdown MEGA Millionaire [Must Fill] (4Q ATL @ NO);NFL In-Game $285 Bootleg [Single Entry] (4Q ATL @ NO);NFL In-Game $1,060 Winner Take All [$4K to 1st] (Must Fill) (4Q ATL @ NO);NFL In-Game Satellite to NFL 11-1 Midseason Main Event [Must Fill] (4Q ATL @ NO);NFL In-Game Satellite to NFL $555 Fantasy Football Millionaire [Must Fill] (4Q ATL @ NO);NFL In-Game $150 First Down (4Q ATL @ NO)",196298118;196298121;196297447;196298119;196298122;196297446;196298117;196298124;196298120;196297448;196297449;196298125;196297707;196297706;196298037;196298109;196298080;196298081;196317157;196298123,10/5 9:45PM Q4 (ATL @ NO)
Vinny Anthony II - Showdown 4th Quarter (Flex),196298118;196298121;196297447;196298119;196298122;196297446;196298117;196298124;196298120;196297448;196297449;196298125;196297707;196297706;196298037;196298109;196298080;196298081;196317157;196298123,Vinny Anthony II|ATL,44359375,Vinny Anthony II,Vinny,Anthony II,200,WR,ATL,ATL @ NO,10/05/2026 09:45 PM,,ATL @ NO,Showdown 4th Quarter,NFL,10/5,Flex,"NFL In-Game $20K Thunderdome [Must Fill] (4Q ATL @ NO);NFL In-Game $10,170 2026 FFWC Qualifier Satellite [Must Fill] (4Q ATL @ NO);NFL In-Game $3K 4th Quarter Finish [$1K to 1st] (4Q ATL @ NO);NFL In-Game Satellite to NFL $4,444 Fantasy Football MEGA Millionaire [Must Fill] (4Q ATL @ NO);NFL In-Game Satellite to NFL 10-12 $4,444 Showdown MEGA Millionaire [Must Fill] (4Q ATL @ NO);NFL In-Game $285 Bootleg [Single Entry] (4Q ATL @ NO);NFL In-Game $1,060 Winner Take All [$4K to 1st] (Must Fill) (4Q ATL @ NO);NFL In-Game Satellite to NFL 11-1 Midseason Main Event [Must Fill] (4Q ATL @ NO);NFL In-Game Satellite to NFL $555 Fantasy Football Millionaire [Must Fill] (4Q ATL @ NO);NFL In-Game $150 First Down (4Q ATL @ NO)",196298118;196298121;196297447;196298119;196298122;196297446;196298117;196298124;196298120;196297448;196297449;196298125;196297707;196297706;196298037;196298109;196298080;196298081;196317157;196298123,10/5 9:45PM Q4 (ATL @ NO)
Beaux Collins - Showdown 4th Quarter (Flex),196298118;196298121;196297447;196298119;196298122;196297446;196298117;196298124;196298120;196297448;196297449;196298125;196297707;196297706;196298037;196298109;196298080;196298081;196317157;196298123,Beaux Collins|ATL,44359360,Beaux Collins,Beaux,Collins,200,WR,ATL,ATL @ NO,10/05/2026 09:45 PM,,ATL @ NO,Showdown 4th Quarter,NFL,10/5,Flex,"NFL In-Game $20K Thunderdome [Must Fill] (4Q ATL @ NO);NFL In-Game $10,170 2026 FFWC Qualifier Satellite [Must Fill] (4Q ATL @ NO);NFL In-Game $3K 4th Quarter Finish [$1K to 1st] (4Q ATL @ NO);NFL In-Game Satellite to NFL $4,444 Fantasy Football MEGA Millionaire [Must Fill] (4Q ATL @ NO);NFL In-Game Satellite to NFL 10-12 $4,444 Showdown MEGA Millionaire [Must Fill] (4Q ATL @ NO);NFL In-Game $285 Bootleg [Single Entry] (4Q ATL @ NO);NFL In-Game $1,060 Winner Take All [$4K to 1st] (Must Fill) (4Q ATL @ NO);NFL In-Game Satellite to NFL 11-1 Midseason Main Event [Must Fill] (4Q ATL @ NO);NFL In-Game Satellite to NFL $555 Fantasy Football Millionaire [Must Fill] (4Q ATL @ NO);NFL In-Game $150 First Down (4Q ATL @ NO)",196298118;196298121;196297447;196298119;196298122;196297446;196298117;196298124;196298120;196297448;196297449;196298125;196297707;196297706;196298037;196298109;196298080;196298081;196317157;196298123,10/5 9:45PM Q4 (ATL @ NO)
Cedric Tillman - Showdown 4th Quarter (Flex),196298118;196298121;196297447;196298119;196298122;196297446;196298117;196298124;196298120;196297448;196297449;196298125;196297707;196297706;196298037;196298109;196298080;196298081;196317157;196298123,Cedric Tillman|NO,44359378,Cedric Tillman,Cedric,Tillman,200,WR,NO,ATL @ NO,10/05/2026 09:45 PM,,ATL @ NO,Showdown 4th Quarter,NFL,10/5,Flex,"NFL In-Game $20K Thunderdome [Must Fill] (4Q ATL @ NO);NFL In-Game $10,170 2026 FFWC Qualifier Satellite [Must Fill] (4Q ATL @ NO);NFL In-Game $3K 4th Quarter Finish [$1K to 1st] (4Q ATL @ NO);NFL In-Game Satellite to NFL $4,444 Fantasy Football MEGA Millionaire [Must Fill] (4Q ATL @ NO);NFL In-Game Satellite to NFL 10-12 $4,444 Showdown MEGA Millionaire [Must Fill] (4Q ATL @ NO);NFL In-Game $285 Bootleg [Single Entry] (4Q ATL @ NO);NFL In-Game $1,060 Winner Take All [$4K to 1st] (Must Fill) (4Q ATL @ NO);NFL In-Game Satellite to NFL 11-1 Midseason Main Event [Must Fill] (4Q ATL @ NO);NFL In-Game Satellite to NFL $555 Fantasy Football Millionaire [Must Fill] (4Q ATL @ NO);NFL In-Game $150 First Down (4Q ATL @ NO)",196298118;196298121;196297447;196298119;196298122;196297446;196298117;196298124;196298120;196297448;196297449;196298125;196297707;196297706;196298037;196298109;196298080;196298081;196317157;196298123,10/5 9:45PM Q4 (ATL @ NO)
Trey Sermon - Showdown 4th Quarter (Flex),196298118;196298121;196297447;196298119;196298122;196297446;196298117;196298124;196298120;196297448;196297449;196298125;196297707;196297706;196298037;196298109;196298080;196298081;196317157;196298123,Trey Sermon|ATL,44359366,Trey Sermon,Trey,Sermon,200,RB,ATL,ATL @ NO,10/05/2026 09:45 PM,,ATL @ NO,Showdown 4th Quarter,NFL,10/5,Flex,"NFL In-Game $20K Thunderdome [Must Fill] (4Q ATL @ NO);NFL In-Game $10,170 2026 FFWC Qualifier Satellite [Must Fill] (4Q ATL @ NO);NFL In-Game $3K 4th Quarter Finish [$1K to 1st] (4Q ATL @ NO);NFL In-Game Satellite to NFL $4,444 Fantasy Football MEGA Millionaire [Must Fill] (4Q ATL @ NO);NFL In-Game Satellite to NFL 10-12 $4,444 Showdown MEGA Millionaire [Must Fill] (4Q ATL @ NO);NFL In-Game $285 Bootleg [Single Entry] (4Q ATL @ NO);NFL In-Game $1,060 Winner Take All [$4K to 1st] (Must Fill) (4Q ATL @ NO);NFL In-Game Satellite to NFL 11-1 Midseason Main Event [Must Fill] (4Q ATL @ NO);NFL In-Game Satellite to NFL $555 Fantasy Football Millionaire [Must Fill] (4Q ATL @ NO);NFL In-Game $150 First Down (4Q ATL @ NO)",196298118;196298121;196297447;196298119;196298122;196297446;196298117;196298124;196298120;196297448;196297449;196298125;196297707;196297706;196298037;196298109;196298080;196298081;196317157;196298123,10/5 9:45PM Q4 (ATL @ NO)
Jordyn Tyson - Showdown 4th Quarter (Flex),196298118;196298121;196297447;196298119;196298122;196297446;196298117;196298124;196298120;196297448;196297449;196298125;196297707;196297706;196298037;196298109;196298080;196298081;196317157;196298123,Jordyn Tyson|NO,44359365,Jordyn Tyson,Jordyn,Tyson,200,WR,NO,ATL @ NO,10/05/2026 09:45 PM,,ATL @ NO,Showdown 4th Quarter,NFL,10/5,Flex,"NFL In-Game $20K Thunderdome [Must Fill] (4Q ATL @ NO);NFL In-Game $10,170 2026 FFWC Qualifier Satellite [Must Fill] (4Q ATL @ NO);NFL In-Game $3K 4th Quarter Finish [$1K to 1st] (4Q ATL @ NO);NFL In-Game Satellite to NFL $4,444 Fantasy Football MEGA Millionaire [Must Fill] (4Q ATL @ NO);NFL In-Game Satellite to NFL 10-12 $4,444 Showdown MEGA Millionaire [Must Fill] (4Q ATL @ NO);NFL In-Game $285 Bootleg [Single Entry] (4Q ATL @ NO);NFL In-Game $1,060 Winner Take All [$4K to 1st] (Must Fill) (4Q ATL @ NO);NFL In-Game Satellite to NFL 11-1 Midseason Main Event [Must Fill] (4Q ATL @ NO);NFL In-Game Satellite to NFL $555 Fantasy Football Millionaire [Must Fill] (4Q ATL @ NO);NFL In-Game $150 First Down (4Q ATL @ NO)",196298118;196298121;196297447;196298119;196298122;196297446;196298117;196298124;196298120;196297448;196297449;196298125;196297707;196297706;196298037;196298109;196298080;196298081;196317157;196298123,10/5 9:45PM Q4 (ATL @ NO)
Antwane Wells Jr. - Showdown 4th Quarter (Flex),196298118;196298121;196297447;196298119;196298122;196297446;196298117;196298124;196298120;196297448;196297449;196298125;196297707;196297706;196298037;196298109;196298080;196298081;196317157;196298123,Antwane Wells Jr.|ATL,44359368,Antwane Wells Jr.,Antwane,Wells Jr.,200,WR,ATL,ATL @ NO,10/05/2026 09:45 PM,,ATL @ NO,Showdown 4th Quarter,NFL,10/5,Flex,"NFL In-Game $20K Thunderdome [Must Fill] (4Q ATL @ NO);NFL In-Game $10,170 2026 FFWC Qualifier Satellite [Must Fill] (4Q ATL @ NO);NFL In-Game $3K 4th Quarter Finish [$1K to 1st] (4Q ATL @ NO);NFL In-Game Satellite to NFL $4,444 Fantasy Football MEGA Millionaire [Must Fill] (4Q ATL @ NO);NFL In-Game Satellite to NFL 10-12 $4,444 Showdown MEGA Millionaire [Must Fill] (4Q ATL @ NO);NFL In-Game $285 Bootleg [Single Entry] (4Q ATL @ NO);NFL In-Game $1,060 Winner Take All [$4K to 1st] (Must Fill) (4Q ATL @ NO);NFL In-Game Satellite to NFL 11-1 Midseason Main Event [Must Fill] (4Q ATL @ NO);NFL In-Game Satellite to NFL $555 Fantasy Football Millionaire [Must Fill] (4Q ATL @ NO);NFL In-Game $150 First Down (4Q ATL @ NO)",196298118;196298121;196297447;196298119;196298122;196297446;196298117;196298124;196298120;196297448;196297449;196298125;196297707;196297706;196298037;196298109;196298080;196298081;196317157;196298123,10/5 9:45PM Q4 (ATL @ NO)
Stone Smartt - Showdown 4th Quarter (Flex),196298118;196298121;196297447;196298119;196298122;196297446;196298117;196298124;196298120;196297448;196297449;196298125;196297707;196297706;196298037;196298109;196298080;196298081;196317157;196298123,Stone Smartt|NO,44359374,Stone Smartt,Stone,Smartt,200,TE,NO,ATL @ NO,10/05/2026 09:45 PM,,ATL @ NO,Showdown 4th Quarter,NFL,10/5,Flex,"NFL In-Game $20K Thunderdome [Must Fill] (4Q ATL @ NO);NFL In-Game $10,170 2026 FFWC Qualifier Satellite [Must Fill] (4Q ATL @ NO);NFL In-Game $3K 4th Quarter Finish [$1K to 1st] (4Q ATL @ NO);NFL In-Game Satellite to NFL $4,444 Fantasy Football MEGA Millionaire [Must Fill] (4Q ATL @ NO);NFL In-Game Satellite to NFL 10-12 $4,444 Showdown MEGA Millionaire [Must Fill] (4Q ATL @ NO);NFL In-Game $285 Bootleg [Single Entry] (4Q ATL @ NO);NFL In-Game $1,060 Winner Take All [$4K to 1st] (Must Fill) (4Q ATL @ NO);NFL In-Game Satellite to NFL 11-1 Midseason Main Event [Must Fill] (4Q ATL @ NO);NFL In-Game Satellite to NFL $555 Fantasy Football Millionaire [Must Fill] (4Q ATL @ NO);NFL In-Game $150 First Down (4Q ATL @ NO)",196298118;196298121;196297447;196298119;196298122;196297446;196298117;196298124;196298120;196297448;196297449;196298125;196297707;196297706;196298037;196298109;196298080;196298081;196317157;196298123,10/5 9:45PM Q4 (ATL @ NO)
Mason Tipton - Showdown 4th Quarter (Flex),196298118;196298121;196297447;196298119;196298122;196297446;196298117;196298124;196298120;196297448;196297449;196298125;196297707;196297706;196298037;196298109;196298080;196298081;196317157;196298123,Mason Tipton|NO,44359373,Mason Tipton,Mason,Tipton,200,WR,NO,ATL @ NO,10/05/2026 09:45 PM,,ATL @ NO,Showdown 4th Quarter,NFL,10/5,Flex,"NFL In-Game $20K Thunderdome [Must Fill] (4Q ATL @ NO);NFL In-Game $10,170 2026 FFWC Qualifier Satellite [Must Fill] (4Q ATL @ NO);NFL In-Game $3K 4th Quarter Finish [$1K to 1st] (4Q ATL @ NO);NFL In-Game Satellite to NFL $4,444 Fantasy Football MEGA Millionaire [Must Fill] (4Q ATL @ NO);NFL In-Game Satellite to NFL 10-12 $4,444 Showdown MEGA Millionaire [Must Fill] (4Q ATL @ NO);NFL In-Game $285 Bootleg [Single Entry] (4Q ATL @ NO);NFL In-Game $1,060 Winner Take All [$4K to 1st] (Must Fill) (4Q ATL @ NO);NFL In-Game Satellite to NFL 11-1 Midseason Main Event [Must Fill] (4Q ATL @ NO);NFL In-Game Satellite to NFL $555 Fantasy Football Millionaire [Must Fill] (4Q ATL @ NO);NFL In-Game $150 First Down (4Q ATL @ NO)",196298118;196298121;196297447;196298119;196298122;196297446;196298117;196298124;196298120;196297448;196297449;196298125;196297707;196297706;196298037;196298109;196298080;196298081;196317157;196298123,10/5 9:45PM Q4 (ATL @ NO)
