Player Name,Position,Team,Slate Type,Date,Role,Salary,Draftable ID,Projected FP,Combined FP,Value,Implied FP,Passing TDs,Rushing Yards,Receiving Yards,Passing Yards,Rush+Rec Yards,Anytime TD,Passing Attempts,Fantasy Score,Headshot URL,Game Start Time,Match Title (Underdog),Game Short Title (Underdog),Venue Name (Underdog),Venue Type (Underdog),Broadcasts (Underdog),Game Start Time (DRAFTTABLE),Proj Pass Comp,Proj Pass Att,Proj Comp %,Proj Pass Yds,Proj Pass AVG,Proj Pass Long,Proj Pass TDs,Proj INT,Proj Passer Rating,Proj Rush Att,Proj Rush Yds,Proj Rush AVG,Proj Rush Long,Proj Rush TDs,Proj Rec,Proj Targets,Proj Rec Yds,Proj Rec AVG,Proj Rec Long,Proj Rec TDs,Proj Anytime TD,Proj Fumbles,Proj Fumbles Lost,Proj FG,Proj PAT,Proj Kick Pts
Jahmyr Gibbs,CPT,DET,Showdown Captain Mode,10/11/2026,Showdown Captain Mode 10/11 4:25PM (DET @ ARI),17700,44434816,23.12,27.92,1.31,53.1,,89.5,,,133.5,,,21.85,,n/a,DET @ ARI,Lions @ Cardinals,State Farm Stadium,retractable_dome,FOX,10/11/2026,,,,,,,,,,19.87,89.86,4.52,,0.44,4.62,5.5,37.44,8.1,14.4,0.18,0.77,,0.1,,,
Josh Allen,CPT,BUF,Showdown Captain Mode,10/12/2026,Showdown Captain Mode 10/12 8:15PM (BUF @ LAR),17700,44446845,22.17,27.53,1.25,53.1,1.5,,,,,,,21.65,,n/a,BUF @ LAR,Bills @ Rams,SoFi Stadium,outdoor,ABC/ESPN,10/12/2026,21.03,32.47,64.8,244.86,7.54,38.5,1.51,0.74,93.4,7.73,35.7,4.62,,0.5,,,,,,,0.52,,0.2,,,
Josh Allen,CPT,BUF,Showdown 2nd Half,10/12/2026,Showdown 2nd Half 10/12 9:15PM 2H (BUF @ LAR),17700,44447622,22.17,27.53,1.25,53.1,1.5,,,,,,,21.65,,n/a,BUF @ LAR,Bills @ Rams,SoFi Stadium,outdoor,ABC/ESPN,10/12/2026,21.03,32.47,64.8,244.86,7.54,38.5,1.51,0.74,93.4,7.73,35.7,4.62,,0.5,,,,,,,0.52,,0.2,,,
Josh Allen,CPT,BUF,Showdown 4th Quarter,10/12/2026,Showdown 4th Quarter 10/12 9:45PM Q4 (BUF @ LAR),17700,44447720,22.17,27.53,1.25,53.1,1.5,,,,,,,21.65,,n/a,BUF @ LAR,Bills @ Rams,SoFi Stadium,outdoor,ABC/ESPN,10/12/2026,21.03,32.47,64.8,244.86,7.54,38.5,1.51,0.74,93.4,7.73,35.7,4.62,,0.5,,,,,,,0.52,,0.2,,,
Josh Allen,QB,BUF,Showdown Captain Mode,10/12/2026,Showdown Captain Mode 10/12 8:15PM (BUF @ LAR),11800,44446796,25.17,26.94,2.13,35.4,1.5,,,,,,,21.65,,n/a,BUF @ LAR,Bills @ Rams,SoFi Stadium,outdoor,ABC/ESPN,10/12/2026,21.03,32.47,64.8,244.86,7.54,38.5,1.51,0.74,93.4,7.73,35.7,4.62,,0.5,,,,,,,0.52,,0.2,,,
Josh Allen,QB,BUF,Showdown 2nd Half,10/12/2026,Showdown 2nd Half 10/12 9:15PM 2H (BUF @ LAR),11800,44447671,25.17,26.94,2.13,35.4,1.5,,,,,,,21.65,,n/a,BUF @ LAR,Bills @ Rams,SoFi Stadium,outdoor,ABC/ESPN,10/12/2026,21.03,32.47,64.8,244.86,7.54,38.5,1.51,0.74,93.4,7.73,35.7,4.62,,0.5,,,,,,,0.52,,0.2,,,
Josh Allen,QB,BUF,Showdown 4th Quarter,10/12/2026,Showdown 4th Quarter 10/12 9:45PM Q4 (BUF @ LAR),11800,44447769,25.17,26.94,2.13,35.4,1.5,,,,,,,21.65,,n/a,BUF @ LAR,Bills @ Rams,SoFi Stadium,outdoor,ABC/ESPN,10/12/2026,21.03,32.47,64.8,244.86,7.54,38.5,1.51,0.74,93.4,7.73,35.7,4.62,,0.5,,,,,,,0.52,,0.2,,,
Puka Nacua,CPT,LAR,Showdown Captain Mode,10/12/2026,Showdown Captain Mode 10/12 8:15PM (BUF @ LAR),17100,44446846,21.22,26.83,1.24,51.3,,,,,,,,16.05,,n/a,BUF @ LAR,Bills @ Rams,SoFi Stadium,outdoor,ABC/ESPN,10/12/2026,,,,,,,,,,0.7,4.1,5.86,,0.07,7.39,10,94.07,12.72,27.63,0.43,0.53,,0,,,
Puka Nacua,CPT,LAR,Showdown 2nd Half,10/12/2026,Showdown 2nd Half 10/12 9:15PM 2H (BUF @ LAR),17100,44447623,21.22,26.83,1.24,51.3,,,,,,,,16.05,,n/a,BUF @ LAR,Bills @ Rams,SoFi Stadium,outdoor,ABC/ESPN,10/12/2026,,,,,,,,,,0.7,4.1,5.86,,0.07,7.39,10,94.07,12.72,27.63,0.43,0.53,,0,,,
Puka Nacua,CPT,LAR,Showdown 4th Quarter,10/12/2026,Showdown 4th Quarter 10/12 9:45PM Q4 (BUF @ LAR),17100,44447721,21.22,26.83,1.24,51.3,,,,,,,,16.05,,n/a,BUF @ LAR,Bills @ Rams,SoFi Stadium,outdoor,ABC/ESPN,10/12/2026,,,,,,,,,,0.7,4.1,5.86,,0.07,7.39,10,94.07,12.72,27.63,0.43,0.53,,0,,,
Bijan Robinson,CPT,ATL,Showdown Captain Mode,10/11/2026,Showdown Captain Mode 10/11 8:20PM (BAL @ ATL),17700,44446744,20.79,26.39,1.17,53.1,,,,,119.5,,,18.95,,n/a,BAL @ ATL,Ravens @ Falcons,Mercedes-Benz Stadium,retractable_dome,NBC/Peacock,10/11/2026,,,,,,,,,,18.74,89.19,4.76,,0.45,3.83,4.5,26.37,6.89,12.52,0.11,0.65,,0.1,,,
Bijan Robinson,CPT,ATL,Showdown 2nd Half,10/11/2026,Showdown 2nd Half 10/11 9:20PM 2H (BAL @ ATL),17700,44447373,20.79,26.39,1.17,53.1,,,,,119.5,,,18.95,,n/a,BAL @ ATL,Ravens @ Falcons,Mercedes-Benz Stadium,retractable_dome,NBC/Peacock,10/11/2026,,,,,,,,,,18.74,89.19,4.76,,0.45,3.83,4.5,26.37,6.89,12.52,0.11,0.65,,0.1,,,
Bijan Robinson,CPT,ATL,Showdown 4th Quarter,10/11/2026,Showdown 4th Quarter 10/11 9:50PM Q4 (BAL @ ATL),17700,44447518,20.79,26.39,1.17,53.1,,,,,119.5,,,18.95,,n/a,BAL @ ATL,Ravens @ Falcons,Mercedes-Benz Stadium,retractable_dome,NBC/Peacock,10/11/2026,,,,,,,,,,18.74,89.19,4.76,,0.45,3.83,4.5,26.37,6.89,12.52,0.11,0.65,,0.1,,,
Jaxon Smith-Njigba,CPT,SEA,Showdown Captain Mode,10/11/2026,Showdown Captain Mode 10/11 4:25PM (SF @ SEA),17700,44434604,19.38,25.22,1.09,53.1,,,,,,0.5,,16.35,,n/a,SF @ SEA,49ers @ Seahawks,Lumen Field,outdoor,FOX,10/11/2026,,,,,,,,,,0.2,1.1,5.5,,0,6.65,9.5,95.54,14.36,27.4,0.49,0.5,,0,,,
Jahmyr Gibbs,RB,DET,Showdown Captain Mode,10/11/2026,Showdown Captain Mode 10/11 4:25PM (DET @ ARI),11800,44434763,23.12,25.08,1.96,35.4,,89.5,,,133.5,,,21.85,,n/a,DET @ ARI,Lions @ Cardinals,State Farm Stadium,retractable_dome,FOX,10/11/2026,,,,,,,,,,19.87,89.86,4.52,,0.44,4.62,5.5,37.44,8.1,14.4,0.18,0.77,,0.1,,,
Josh Allen,QB,BUF,Classic,10/12/2026,"Classic 10/11 1:00PM, 13 Games",7400,44419237,25.17,24.66,3.4,22.2,1.5,,,,,,,21.65,,n/a,BUF @ LAR,Bills @ Rams,SoFi Stadium,outdoor,ABC/ESPN,10/12/2026,21.03,32.47,64.8,244.86,7.54,38.5,1.51,0.74,93.4,7.73,35.7,4.62,,0.5,,,,,,,0.52,,0.2,,,
Ja'Marr Chase,CPT,CIN,Showdown Captain Mode,10/11/2026,Showdown Captain Mode 10/11 1:00PM (CIN @ MIA),16500,44420620,18.8,24.53,1.14,49.5,,,,,,,,13.65,,n/a,CIN @ MIA,Bengals @ Dolphins,Hard Rock Stadium,outdoor,FOX,10/11/2026,,,,,,,,,,0.1,0.7,7,,0,6.67,7,75.5,11.32,23.5,0.51,0.55,,0,,,
Amon-Ra St. Brown,CPT,DET,Showdown Captain Mode,10/11/2026,Showdown Captain Mode 10/11 4:25PM (DET @ ARI),14700,44434817,19.93,24.44,1.36,44.1,,,,,,,,15.25,,n/a,DET @ ARI,Lions @ Cardinals,State Farm Stadium,retractable_dome,FOX,10/11/2026,,,,0,,,,,,0.2,0.55,2.75,,0,7.32,10,81,11.06,23.45,0.51,0.55,,0,,,
Jahmyr Gibbs,RB,DET,Classic,10/11/2026,"Classic 10/11 1:00PM, 11 Games",9800,44391896,23.12,24.12,2.36,29.4,,89.5,,,133.5,,,21.85,,n/a,DET @ ARI,Lions @ Cardinals,State Farm Stadium,retractable_dome,FOX,10/11/2026,,,,,,,,,,19.87,89.86,4.52,,0.44,4.62,5.5,37.44,8.1,14.4,0.18,0.77,,0.1,,,
Jahmyr Gibbs,RB,DET,Late,10/11/2026,"Late 10/11 4:05PM, 3 Games",9800,44433264,23.12,24.12,2.36,29.4,,89.5,,,133.5,,,21.85,,n/a,DET @ ARI,Lions @ Cardinals,State Farm Stadium,retractable_dome,FOX,10/11/2026,,,,,,,,,,19.87,89.86,4.52,,0.44,4.62,5.5,37.44,8.1,14.4,0.18,0.77,,0.1,,,
Jonathan Taylor,CPT,IND,Showdown Captain Mode,10/11/2026,Showdown Captain Mode 10/11 1:00PM (IND @ PIT),17700,44423239,17.77,23.89,1,53.1,,,,,106.5,,,16.35,,n/a,IND @ PIT,Colts @ Steelers,Acrisure Stadium,outdoor,CBS,10/11/2026,,,,,,,,,,19.52,86.29,4.42,,0.48,2.57,3,14.56,5.67,9.1,0.06,0.59,,0.1,,,
Joe Burrow,CPT,CIN,Showdown Captain Mode,10/11/2026,Showdown Captain Mode 10/11 1:00PM (CIN @ MIA),16200,44420621,18.11,23.8,1.12,48.6,,,,,,,,19.05,,n/a,CIN @ MIA,Bengals @ Dolphins,Hard Rock Stadium,outdoor,FOX,10/11/2026,23.75,33,72,251.87,7.63,35.5,1.74,0.53,104.7,3.32,8.43,2.54,,0.31,,,,,,,0.13,,0.2,,,
Puka Nacua,WR,LAR,Showdown Captain Mode,10/12/2026,Showdown Captain Mode 10/12 8:15PM (BUF @ LAR),11400,44446797,21.22,23.64,1.86,34.2,,,,,,,,16.05,,n/a,BUF @ LAR,Bills @ Rams,SoFi Stadium,outdoor,ABC/ESPN,10/12/2026,,,,,,,,,,0.7,4.1,5.86,,0.07,7.39,10,94.07,12.72,27.63,0.43,0.53,,0,,,
Puka Nacua,WR,LAR,Showdown 2nd Half,10/12/2026,Showdown 2nd Half 10/12 9:15PM 2H (BUF @ LAR),11400,44447672,21.22,23.64,1.86,34.2,,,,,,,,16.05,,n/a,BUF @ LAR,Bills @ Rams,SoFi Stadium,outdoor,ABC/ESPN,10/12/2026,,,,,,,,,,0.7,4.1,5.86,,0.07,7.39,10,94.07,12.72,27.63,0.43,0.53,,0,,,
Puka Nacua,WR,LAR,Showdown 4th Quarter,10/12/2026,Showdown 4th Quarter 10/12 9:45PM Q4 (BUF @ LAR),11400,44447770,21.22,23.64,1.86,34.2,,,,,,,,16.05,,n/a,BUF @ LAR,Bills @ Rams,SoFi Stadium,outdoor,ABC/ESPN,10/12/2026,,,,,,,,,,0.7,4.1,5.86,,0.07,7.39,10,94.07,12.72,27.63,0.43,0.53,,0,,,
Bijan Robinson,RB,ATL,Showdown Captain Mode,10/11/2026,Showdown Captain Mode 10/11 8:20PM (BAL @ ATL),11800,44446692,20.79,23.32,1.76,35.4,,,,,119.5,,,18.95,,n/a,BAL @ ATL,Ravens @ Falcons,Mercedes-Benz Stadium,retractable_dome,NBC/Peacock,10/11/2026,,,,,,,,,,18.74,89.19,4.76,,0.45,3.83,4.5,26.37,6.89,12.52,0.11,0.65,,0.1,,,
Bijan Robinson,RB,ATL,Showdown 2nd Half,10/11/2026,Showdown 2nd Half 10/11 9:20PM 2H (BAL @ ATL),11800,44447425,20.79,23.32,1.76,35.4,,,,,119.5,,,18.95,,n/a,BAL @ ATL,Ravens @ Falcons,Mercedes-Benz Stadium,retractable_dome,NBC/Peacock,10/11/2026,,,,,,,,,,18.74,89.19,4.76,,0.45,3.83,4.5,26.37,6.89,12.52,0.11,0.65,,0.1,,,
Bijan Robinson,RB,ATL,Showdown 4th Quarter,10/11/2026,Showdown 4th Quarter 10/11 9:50PM Q4 (BAL @ ATL),11800,44447570,20.79,23.32,1.76,35.4,,,,,119.5,,,18.95,,n/a,BAL @ ATL,Ravens @ Falcons,Mercedes-Benz Stadium,retractable_dome,NBC/Peacock,10/11/2026,,,,,,,,,,18.74,89.19,4.76,,0.45,3.83,4.5,26.37,6.89,12.52,0.11,0.65,,0.1,,,
Drake Maye,CPT,NE,Showdown Captain Mode,10/11/2026,Showdown Captain Mode 10/11 1:00PM (LV @ NE),15600,44420841,18.82,23.3,1.21,46.8,1.5,,,224.5,,,,19.45,,n/a,LV @ NE,Raiders @ Patriots,Gillette Stadium,outdoor,CBS,10/11/2026,19.65,29.74,66.1,227.31,7.64,36.5,1.53,0.69,96.4,5.72,30.96,5.41,,0.35,,,,,,,0.2,,0.3,,,
Jared Goff,CPT,DET,Showdown Captain Mode,10/11/2026,Showdown Captain Mode 10/11 4:25PM (DET @ ARI),14400,44434818,18.89,23.1,1.31,43.2,,0.5,,,,,,21.05,,n/a,DET @ ARI,Lions @ Cardinals,State Farm Stadium,retractable_dome,FOX,10/11/2026,24.78,34.97,70.8,280.23,8.01,35.5,1.88,0.54,106,1.7,1.73,1.02,,0.29,,,,,,,0.09,,0.2,,,
Chase Brown,CPT,CIN,Showdown Captain Mode,10/11/2026,Showdown Captain Mode 10/11 1:00PM (CIN @ MIA),15600,44420622,18.39,22.94,1.18,46.8,,,19.5,,93.5,,,15.55,,n/a,CIN @ MIA,Bengals @ Dolphins,Hard Rock Stadium,outdoor,FOX,10/11/2026,,,,,,,,,,16.71,67.26,4.02,,0.38,4.6,5,19.5,4.24,12.5,0.15,0.59,,0.1,,,
Trey McBride,CPT,ARI,Showdown Captain Mode,10/11/2026,Showdown Captain Mode 10/11 4:25PM (DET @ ARI),13200,44434820,18.83,22.71,1.43,39.6,,,,,,,,15.25,,n/a,DET @ ARI,Lions @ Cardinals,State Farm Stadium,retractable_dome,FOX,10/11/2026,,,,,,,,,,,,,,0,7.99,10.5,84.5,10.57,24.11,0.47,0.45,,0,,,
Christian McCaffrey,CPT,SF,Showdown Captain Mode,10/11/2026,Showdown Captain Mode 10/11 4:25PM (SF @ SEA),17100,44434605,17.25,22.7,1.01,51.3,,49.5,,,89.5,,,15.35,,n/a,SF @ SEA,49ers @ Seahawks,Lumen Field,outdoor,FOX,10/11/2026,,,,,,,,,,14.44,49.33,3.42,,0.36,4.69,5.5,35.53,7.58,14.4,0.15,0.54,,0.1,,,
Matthew Stafford,CPT,LAR,Showdown Captain Mode,10/12/2026,Showdown Captain Mode 10/12 8:15PM (BUF @ LAR),13500,44446850,19.02,22.46,1.41,40.5,,0.5,,,,,37.5,21.45,,n/a,BUF @ LAR,Bills @ Rams,SoFi Stadium,outdoor,ABC/ESPN,10/12/2026,23.4,37.54,62.3,278.99,7.43,40.5,2.08,0.68,95.9,1.59,-2.09,-1.32,,0.29,,,,,,,0.07,,0.2,,,
Matthew Stafford,CPT,LAR,Showdown 2nd Half,10/12/2026,Showdown 2nd Half 10/12 9:15PM 2H (BUF @ LAR),13500,44447627,19.02,22.46,1.41,40.5,,0.5,,,,,37.5,21.45,,n/a,BUF @ LAR,Bills @ Rams,SoFi Stadium,outdoor,ABC/ESPN,10/12/2026,23.4,37.54,62.3,278.99,7.43,40.5,2.08,0.68,95.9,1.59,-2.09,-1.32,,0.29,,,,,,,0.07,,0.2,,,
Matthew Stafford,CPT,LAR,Showdown 4th Quarter,10/12/2026,Showdown 4th Quarter 10/12 9:45PM Q4 (BUF @ LAR),13500,44447725,19.02,22.46,1.41,40.5,,0.5,,,,,37.5,21.45,,n/a,BUF @ LAR,Bills @ Rams,SoFi Stadium,outdoor,ABC/ESPN,10/12/2026,23.4,37.54,62.3,278.99,7.43,40.5,2.08,0.68,95.9,1.59,-2.09,-1.32,,0.29,,,,,,,0.07,,0.2,,,
Ashton Jeanty,CPT,LV,Showdown Captain Mode,10/11/2026,Showdown Captain Mode 10/11 1:00PM (LV @ NE),15300,44420842,16.3,22.22,1.07,45.9,,,,,,,,,,12/30/1899,n/a,n/a,n/a,n/a,n/a,10/11/2026,,,,,,,,,,16.89,61.88,3.66,,,4.82,5,24.5,5.08,11.5,,0.47,,,,,
Nico Collins,CPT,HOU,Showdown Captain Mode,10/11/2026,Showdown Captain Mode 10/11 1:00PM (HOU @ TEN),17100,44420950,15.5,22.18,0.91,51.3,,,,,,,,12.65,,n/a,HOU @ TEN,Texans @ Titans,Nissan Stadium,outdoor,CBS,10/11/2026,,,,,,,,,,0.2,0.9,4.5,,0,5.67,8.5,77.79,13.71,26.35,0.45,0.4,,0,,,
Jaxon Smith-Njigba,WR,SEA,Showdown Captain Mode,10/11/2026,Showdown Captain Mode 10/11 4:25PM (SF @ SEA),11800,44434545,19.38,22.16,1.64,35.4,,,,,,0.5,,16.35,,n/a,SF @ SEA,49ers @ Seahawks,Lumen Field,outdoor,FOX,10/11/2026,,,,,,,,,,0.2,1.1,5.5,,0,6.65,9.5,95.54,14.36,27.4,0.49,0.5,,0,,,
D'Andre Swift,CPT,CHI,Showdown Captain Mode,10/11/2026,Showdown Captain Mode 10/11 1:00PM (CHI @ GB),13800,44423852,18.04,22.09,1.31,41.4,,,,,110.5,,,16.45,,n/a,CHI @ GB,Bears @ Packers,Lambeau Field,outdoor,FOX,10/11/2026,,,,,,,,,,19.67,84.95,4.32,,0.47,2.7,3,18.77,6.95,10.62,0.07,0.58,,0.2,,,
Jacoby Brissett,CPT,ARI,Showdown Captain Mode,10/11/2026,Showdown Captain Mode 10/11 4:25PM (DET @ ARI),13500,44434819,18.2,22.07,1.35,40.5,,,,,,,37.5,19.45,,n/a,DET @ ARI,Lions @ Cardinals,State Farm Stadium,retractable_dome,FOX,10/11/2026,24.68,37.45,65.9,266.39,7.11,36.5,1.63,0.69,93.5,2.6,8.07,3.1,,0.33,,,,,,,0.15,,0.2,,,
Jared Goff,QB,DET,Showdown Captain Mode,10/11/2026,Showdown Captain Mode 10/11 4:25PM (DET @ ARI),9600,44434765,20.63,22.05,2.15,28.8,,0.5,,,,,,21.05,,n/a,DET @ ARI,Lions @ Cardinals,State Farm Stadium,retractable_dome,FOX,10/11/2026,24.78,34.97,70.8,280.23,8.01,35.5,1.88,0.54,106,1.7,1.73,1.02,,0.29,,,,,,,0.09,,0.2,,,
Brock Purdy,CPT,SF,Showdown Captain Mode,10/11/2026,Showdown Captain Mode 10/11 4:25PM (SF @ SEA),15000,44434606,16.73,22.01,1.12,45,,,,,,,,17.25,,n/a,SF @ SEA,49ers @ Seahawks,Lumen Field,outdoor,FOX,10/11/2026,20.91,32.27,64.8,226.42,7.02,33.5,1.47,0.87,89.3,4.49,23.95,5.33,,0.33,,,,,,,0.15,,0.2,,,
Drake Maye,QB,NE,Showdown Captain Mode,10/11/2026,Showdown Captain Mode 10/11 1:00PM (LV @ NE),10400,44420784,20.2,21.96,1.94,31.2,1.5,,,224.5,,,,19.45,,n/a,LV @ NE,Raiders @ Patriots,Gillette Stadium,outdoor,CBS,10/11/2026,19.65,29.74,66.1,227.31,7.64,36.5,1.53,0.69,96.4,5.72,30.96,5.41,,0.35,,,,,,,0.2,,0.3,,,
Chris Olave,CPT,NO,Showdown Captain Mode,10/11/2026,Showdown Captain Mode 10/11 1:00PM (MIN @ NO),16800,44422700,15.97,21.94,0.95,50.4,,,,,,,,12.95,,12/30/1899,MIN @ NO,Vikings @ Saints,Caesars Superdome,dome,FOX,10/11/2026,,,,,,,,,,0.1,0.4,4,,0,6.68,10,80.67,12.08,24.31,0.41,0.31,,0,,,
Jayden Daniels,CPT,WAS,Showdown Captain Mode,10/11/2026,Showdown Captain Mode 10/11 1:00PM (NYG @ WAS),15000,44420728,16.61,21.91,1.11,45,,,,,,,,17.05,,n/a,NYG @ WAS,Giants @ Commanders,Northwest Stadium,outdoor,FOX,10/11/2026,18.06,29.57,61.1,196.11,6.63,32.5,1.27,0.58,86.7,6.31,32.11,5.09,,0.38,,,,,,,0.3,,0.2,,,
Kyren Williams,CPT,LAR,Showdown Captain Mode,10/12/2026,Showdown Captain Mode 10/12 8:15PM (BUF @ LAR),14700,44446848,17.19,21.85,1.17,44.1,,,,,92.5,,,15.65,,n/a,BUF @ LAR,Bills @ Rams,SoFi Stadium,outdoor,ABC/ESPN,10/12/2026,,,,,,,,,,15.18,69.69,4.59,,0.5,2.99,3.5,21.69,7.25,10.68,0.12,0.59,,0.1,,,
Kyren Williams,CPT,LAR,Showdown 2nd Half,10/12/2026,Showdown 2nd Half 10/12 9:15PM 2H (BUF @ LAR),14700,44447625,17.19,21.85,1.17,44.1,,,,,92.5,,,15.65,,n/a,BUF @ LAR,Bills @ Rams,SoFi Stadium,outdoor,ABC/ESPN,10/12/2026,,,,,,,,,,15.18,69.69,4.59,,0.5,2.99,3.5,21.69,7.25,10.68,0.12,0.59,,0.1,,,
Kyren Williams,CPT,LAR,Showdown 4th Quarter,10/12/2026,Showdown 4th Quarter 10/12 9:45PM Q4 (BUF @ LAR),14700,44447723,17.19,21.85,1.17,44.1,,,,,92.5,,,15.65,,n/a,BUF @ LAR,Bills @ Rams,SoFi Stadium,outdoor,ABC/ESPN,10/12/2026,,,,,,,,,,15.18,69.69,4.59,,0.5,2.99,3.5,21.69,7.25,10.68,0.12,0.59,,0.1,,,
Justin Jefferson,CPT,MIN,Showdown Captain Mode,10/11/2026,Showdown Captain Mode 10/11 1:00PM (MIN @ NO),16200,44422701,15.69,21.83,0.97,48.6,,,,,,,,12.75,,n/a,MIN @ NO,Vikings @ Saints,Caesars Superdome,dome,FOX,10/11/2026,,,,,,,,,,,,,,,6.35,9,78.5,12.37,25.36,,0.35,,,,,
Joe Burrow,QB,CIN,Showdown Captain Mode,10/11/2026,Showdown Captain Mode 10/11 1:00PM (CIN @ MIA),10800,44420569,19.4,21.83,1.8,32.4,,,,,,,,19.05,,n/a,CIN @ MIA,Bengals @ Dolphins,Hard Rock Stadium,outdoor,FOX,10/11/2026,23.75,33,72,251.87,7.63,35.5,1.74,0.53,104.7,3.32,8.43,2.54,,0.31,,,,,,,0.13,,0.2,,,
Matthew Stafford,QB,LAR,Showdown Captain Mode,10/12/2026,Showdown Captain Mode 10/12 8:15PM (BUF @ LAR),9000,44446801,20.76,21.76,2.31,27,,0.5,,,,,37.5,21.45,,n/a,BUF @ LAR,Bills @ Rams,SoFi Stadium,outdoor,ABC/ESPN,10/12/2026,23.4,37.54,62.3,278.99,7.43,40.5,2.08,0.68,95.9,1.59,-2.09,-1.32,,0.29,,,,,,,0.07,,0.2,,,
Matthew Stafford,QB,LAR,Showdown 2nd Half,10/12/2026,Showdown 2nd Half 10/12 9:15PM 2H (BUF @ LAR),9000,44447676,20.76,21.76,2.31,27,,0.5,,,,,37.5,21.45,,n/a,BUF @ LAR,Bills @ Rams,SoFi Stadium,outdoor,ABC/ESPN,10/12/2026,23.4,37.54,62.3,278.99,7.43,40.5,2.08,0.68,95.9,1.59,-2.09,-1.32,,0.29,,,,,,,0.07,,0.2,,,
Matthew Stafford,QB,LAR,Showdown 4th Quarter,10/12/2026,Showdown 4th Quarter 10/12 9:45PM Q4 (BUF @ LAR),9000,44447774,20.76,21.76,2.31,27,,0.5,,,,,37.5,21.45,,n/a,BUF @ LAR,Bills @ Rams,SoFi Stadium,outdoor,ABC/ESPN,10/12/2026,23.4,37.54,62.3,278.99,7.43,40.5,2.08,0.68,95.9,1.59,-2.09,-1.32,,0.29,,,,,,,0.07,,0.2,,,
Bijan Robinson,RB,ATL,Classic,10/11/2026,"Classic 10/11 1:00PM, 13 Games",8700,44419326,20.79,21.71,2.39,26.1,,,,,119.5,,,18.95,,n/a,BAL @ ATL,Ravens @ Falcons,Mercedes-Benz Stadium,retractable_dome,NBC/Peacock,10/11/2026,,,,,,,,,,18.74,89.19,4.76,,0.45,3.83,4.5,26.37,6.89,12.52,0.11,0.65,,0.1,,,
Amon-Ra St. Brown,WR,DET,Showdown Captain Mode,10/11/2026,Showdown Captain Mode 10/11 4:25PM (DET @ ARI),9800,44434764,19.93,21.7,2.03,29.4,,,,,,,,15.25,,n/a,DET @ ARI,Lions @ Cardinals,State Farm Stadium,retractable_dome,FOX,10/11/2026,,,,0,,,,,,0.2,0.55,2.75,,0,7.32,10,81,11.06,23.45,0.51,0.55,,0,,,
Puka Nacua,WR,LAR,Classic,10/12/2026,"Classic 10/11 1:00PM, 13 Games",7800,44419638,21.22,21.63,2.72,23.4,,,,,,,,16.05,,n/a,BUF @ LAR,Bills @ Rams,SoFi Stadium,outdoor,ABC/ESPN,10/12/2026,,,,,,,,,,0.7,4.1,5.86,,0.07,7.39,10,94.07,12.72,27.63,0.43,0.53,,0,,,
Trevor Lawrence,CPT,JAX,Showdown Captain Mode,10/11/2026,Showdown Captain Mode 10/11 9:30AM (PHI @ JAX),15000,44420514,17.04,21.51,1.14,45,1.5,,,224.5,,,,19.15,,n/a,PHI @ JAX,Eagles @ Jaguars,Tottenham Hotspur Stadium,outdoor,NFL Network,10/11/2026,19.66,30.17,65.2,226.21,7.5,37.39,1.5,0.7,94.5,3.83,13.54,3.54,,0.36,,,,,,,0.22,,0.2,,,
Bo Nix,CPT,DEN,Showdown Captain Mode,10/11/2026,Showdown Captain Mode 10/11 4:05PM (DEN @ LAC),15900,44434490,15.97,21.47,1,47.7,,,,224.5,,,,16.85,,n/a,DEN @ LAC,Broncos @ Chargers,SoFi Stadium,outdoor,CBS,10/11/2026,21.63,33.63,64.3,221.25,6.58,33.68,1.36,0.69,88,4.52,12.98,2.87,,,,,,,,,0.18,,,,,
Ja'Marr Chase,WR,CIN,Showdown Captain Mode,10/11/2026,Showdown Captain Mode 10/11 1:00PM (CIN @ MIA),11000,44420568,18.8,21.45,1.71,33,,,,,,,,13.65,,n/a,CIN @ MIA,Bengals @ Dolphins,Hard Rock Stadium,outdoor,FOX,10/11/2026,,,,,,,,,,0.1,0.7,7,,0,6.67,7,75.5,11.32,23.5,0.51,0.55,,0,,,
Brock Bowers,CPT,LV,Showdown Captain Mode,10/11/2026,Showdown Captain Mode 10/11 1:00PM (LV @ NE),15000,44420843,15.93,21.36,1.06,45,,,,,,,,12.85,,n/a,LV @ NE,Raiders @ Patriots,Gillette Stadium,outdoor,CBS,10/11/2026,,,,,,,,,,,,,,0,6.63,9,74.11,11.18,20.54,0.45,0.4,,0,,,
Drake London,CPT,ATL,Showdown Captain Mode,10/11/2026,Showdown Captain Mode 10/11 8:20PM (BAL @ ATL),14700,44446748,16.51,21.29,1.12,44.1,,,79.5,,,,,13.45,,n/a,BAL @ ATL,Ravens @ Falcons,Mercedes-Benz Stadium,retractable_dome,NBC/Peacock,10/11/2026,,,,,,,,,,0.2,0.8,4,,0,6.13,9.5,80.2,13.09,25.54,0.46,0.44,,0,,,
Drake London,CPT,ATL,Showdown 2nd Half,10/11/2026,Showdown 2nd Half 10/11 9:20PM 2H (BAL @ ATL),14700,44447377,16.51,21.29,1.12,44.1,,,79.5,,,,,13.45,,n/a,BAL @ ATL,Ravens @ Falcons,Mercedes-Benz Stadium,retractable_dome,NBC/Peacock,10/11/2026,,,,,,,,,,0.2,0.8,4,,0,6.13,9.5,80.2,13.09,25.54,0.46,0.44,,0,,,
Drake London,CPT,ATL,Showdown 4th Quarter,10/11/2026,Showdown 4th Quarter 10/11 9:50PM Q4 (BAL @ ATL),14700,44447522,16.51,21.29,1.12,44.1,,,79.5,,,,,13.45,,n/a,BAL @ ATL,Ravens @ Falcons,Mercedes-Benz Stadium,retractable_dome,NBC/Peacock,10/11/2026,,,,,,,,,,0.2,0.8,4,,0,6.13,9.5,80.2,13.09,25.54,0.46,0.44,,0,,,
Tyler Shough,CPT,NO,Showdown Captain Mode,10/11/2026,Showdown Captain Mode 10/11 1:00PM (MIN @ NO),15900,44422702,15.39,20.99,0.97,47.7,,9.5,,,,,,16.05,,n/a,MIN @ NO,Vikings @ Saints,Caesars Superdome,dome,FOX,10/11/2026,22.66,36.61,61.9,236.71,6.47,34.5,1.11,0.79,81.7,,10,,,,,,,,,,0.21,,,,,
Jayden Daniels,QB,WAS,Showdown Captain Mode,10/11/2026,Showdown Captain Mode 10/11 1:00PM (NYG @ WAS),10000,44420672,18.92,20.99,1.89,30,,,,,,,,17.05,,n/a,NYG @ WAS,Giants @ Commanders,Northwest Stadium,outdoor,FOX,10/11/2026,18.06,29.57,61.1,196.11,6.63,32.5,1.27,0.58,86.7,6.31,32.11,5.09,,0.38,,,,,,,0.3,,0.2,,,
C.J. Stroud,CPT,HOU,Showdown Captain Mode,10/11/2026,Showdown Captain Mode 10/11 1:00PM (HOU @ TEN),15000,44420951,16.35,20.93,1.09,45,,9.5,,,,,31.5,16.95,,n/a,HOU @ TEN,Texans @ Titans,Nissan Stadium,outdoor,CBS,10/11/2026,21,31.69,66.3,238.74,7.53,38.5,1.43,0.53,96.7,2.94,9.65,3.28,,,,,,,,,0.11,,,,,
Jonathan Taylor,RB,IND,Showdown Captain Mode,10/11/2026,Showdown Captain Mode 10/11 1:00PM (IND @ PIT),11800,44423151,17.77,20.83,1.51,35.4,,,,,106.5,,,16.35,,n/a,IND @ PIT,Colts @ Steelers,Acrisure Stadium,outdoor,CBS,10/11/2026,,,,,,,,,,19.52,86.29,4.42,,0.48,2.57,3,14.56,5.67,9.1,0.06,0.59,,0.1,,,
Jacoby Brissett,QB,ARI,Showdown Captain Mode,10/11/2026,Showdown Captain Mode 10/11 4:25PM (DET @ ARI),9000,44434766,19.52,20.82,2.17,27,,,,,,,37.5,19.45,,n/a,DET @ ARI,Lions @ Cardinals,State Farm Stadium,retractable_dome,FOX,10/11/2026,24.68,37.45,65.9,266.39,7.11,36.5,1.63,0.69,93.5,2.6,8.07,3.1,,0.33,,,,,,,0.15,,0.2,,,
Brock Purdy,QB,SF,Showdown Captain Mode,10/11/2026,Showdown Captain Mode 10/11 4:25PM (SF @ SEA),10000,44434547,18.68,20.79,1.87,30,,,,,,,,17.25,,n/a,SF @ SEA,49ers @ Seahawks,Lumen Field,outdoor,FOX,10/11/2026,20.91,32.27,64.8,226.42,7.02,33.5,1.47,0.87,89.3,4.49,23.95,5.33,,0.33,,,,,,,0.15,,0.2,,,
Jalen Hurts,CPT,PHI,Showdown Captain Mode,10/11/2026,Showdown Captain Mode 10/11 9:30AM (PHI @ JAX),16200,44420513,14.39,20.78,0.89,48.6,,,,,,,,14.85,,n/a,PHI @ JAX,Eagles @ Jaguars,Tottenham Hotspur Stadium,outdoor,NFL Network,10/11/2026,18.77,31.59,59.4,180.92,5.73,32.5,0.81,0.73,74.4,6.13,26.94,4.39,,,,,,,,,0.33,,,,,
James Cook III,CPT,BUF,Showdown Captain Mode,10/12/2026,Showdown Captain Mode 10/12 8:15PM (BUF @ LAR),15900,44446847,15.63,20.76,0.98,47.7,,,,,89.5,,,13.15,,12/30/1899,n/a,n/a,n/a,n/a,n/a,10/12/2026,,,,,,,,,,16.94,75.45,4.45,,0.42,1.76,2,10.4,5.9,8.15,0.07,0.61,,0.1,,,
James Cook III,CPT,BUF,Showdown 2nd Half,10/12/2026,Showdown 2nd Half 10/12 9:15PM 2H (BUF @ LAR),15900,44447624,15.63,20.76,0.98,47.7,,,,,89.5,,,13.15,,12/30/1899,n/a,n/a,n/a,n/a,n/a,10/12/2026,,,,,,,,,,16.94,75.45,4.45,,0.42,1.76,2,10.4,5.9,8.15,0.07,0.61,,0.1,,,
James Cook III,CPT,BUF,Showdown 4th Quarter,10/12/2026,Showdown 4th Quarter 10/12 9:45PM Q4 (BUF @ LAR),15900,44447722,15.63,20.76,0.98,47.7,,,,,89.5,,,13.15,,12/30/1899,n/a,n/a,n/a,n/a,n/a,10/12/2026,,,,,,,,,,16.94,75.45,4.45,,0.42,1.76,2,10.4,5.9,8.15,0.07,0.61,,0.1,,,
Michael Wilson,CPT,ARI,Showdown Captain Mode,10/11/2026,Showdown Captain Mode 10/11 4:25PM (DET @ ARI),12900,44434821,16.94,20.71,1.31,38.7,,,79.5,,,,,14.35,,12/30/1899,DET @ ARI,Lions @ Cardinals,State Farm Stadium,retractable_dome,FOX,10/11/2026,,,,,,,,,,,,,,,6.98,10.5,83.21,11.92,24.55,,0.37,,,,,
Jaylen Warren,CPT,PIT,Showdown Captain Mode,10/11/2026,Showdown Captain Mode 10/11 1:00PM (IND @ PIT),15900,44423241,15.04,20.7,0.95,47.7,,,,,85.5,,,13.65,,n/a,IND @ PIT,Colts @ Steelers,Acrisure Stadium,outdoor,CBS,10/11/2026,,,,,,,,,,15.6,61.31,3.93,,0.5,2.86,3,18.9,6.6,11.5,,0.54,,,,,
Aaron Jones Sr.,CPT,MIN,Showdown Captain Mode,10/11/2026,Showdown Captain Mode 10/11 1:00PM (MIN @ NO),15000,44422703,15.61,20.7,1.04,45,,,,,96.5,,,15.05,,12/30/1899,n/a,n/a,n/a,n/a,n/a,10/11/2026,,,,,,,,,,17.62,72.46,4.11,,,3.02,3.5,20.32,6.72,9.31,,0.51,,,,,
Amon-Ra St. Brown,WR,DET,Classic,10/11/2026,"Classic 10/11 1:00PM, 11 Games",7900,44392170,19.93,20.63,2.52,23.7,,,,,,,,15.25,,n/a,DET @ ARI,Lions @ Cardinals,State Farm Stadium,retractable_dome,FOX,10/11/2026,,,,0,,,,,,0.2,0.55,2.75,,0,7.32,10,81,11.06,23.45,0.51,0.55,,0,,,
Amon-Ra St. Brown,WR,DET,Late,10/11/2026,"Late 10/11 4:05PM, 3 Games",7900,44433344,19.93,20.63,2.52,23.7,,,,,,,,15.25,,n/a,DET @ ARI,Lions @ Cardinals,State Farm Stadium,retractable_dome,FOX,10/11/2026,,,,0,,,,,,0.2,0.55,2.75,,0,7.32,10,81,11.06,23.45,0.51,0.55,,0,,,
Jordan Love,CPT,GB,Showdown Captain Mode,10/11/2026,Showdown Captain Mode 10/11 1:00PM (CHI @ GB),14700,44423850,15.7,20.62,1.07,44.1,,,,,,,33.5,16.75,,n/a,CHI @ GB,Bears @ Packers,Lambeau Field,outdoor,FOX,10/11/2026,21.42,33.5,63.9,236.67,7.06,37.5,1.41,0.71,90,,6.15,,,,,,,,,,0.11,,,,,
Jaxon Smith-Njigba,WR,SEA,Classic,10/11/2026,"Classic 10/11 1:00PM, 11 Games",8800,44392166,19.38,20.6,2.2,26.4,,,,,,0.5,,16.35,,n/a,SF @ SEA,49ers @ Seahawks,Lumen Field,outdoor,FOX,10/11/2026,,,,,,,,,,0.2,1.1,5.5,,0,6.65,9.5,95.54,14.36,27.4,0.49,0.5,,0,,,
Jaxon Smith-Njigba,WR,SEA,Late,10/11/2026,"Late 10/11 4:05PM, 3 Games",8800,44433342,19.38,20.6,2.2,26.4,,,,,,0.5,,16.35,,n/a,SF @ SEA,49ers @ Seahawks,Lumen Field,outdoor,FOX,10/11/2026,,,,,,,,,,0.2,1.1,5.5,,0,6.65,9.5,95.54,14.36,27.4,0.49,0.5,,0,,,
Jared Goff,QB,DET,Classic,10/11/2026,"Classic 10/11 1:00PM, 11 Games",6600,44391825,20.63,20.49,3.13,19.8,,0.5,,,,,,21.05,,n/a,DET @ ARI,Lions @ Cardinals,State Farm Stadium,retractable_dome,FOX,10/11/2026,24.78,34.97,70.8,280.23,8.01,35.5,1.88,0.54,106,1.7,1.73,1.02,,0.29,,,,,,,0.09,,0.2,,,
Jared Goff,QB,DET,Late,10/11/2026,"Late 10/11 4:05PM, 3 Games",6600,44433246,20.63,20.49,3.13,19.8,,0.5,,,,,,21.05,,n/a,DET @ ARI,Lions @ Cardinals,State Farm Stadium,retractable_dome,FOX,10/11/2026,24.78,34.97,70.8,280.23,8.01,35.5,1.88,0.54,106,1.7,1.73,1.02,,0.29,,,,,,,0.09,,0.2,,,
Garrett Wilson,CPT,NYJ,Showdown Captain Mode,10/11/2026,Showdown Captain Mode 10/11 1:00PM (CLE @ NYJ),15900,44422345,14.75,20.46,0.93,47.7,,,69.5,,,,,11.95,,n/a,CLE @ NYJ,Browns @ Jets,MetLife Stadium,outdoor,CBS,10/11/2026,,,,,,,,,,,,,,,6.09,9,68.01,11.16,22.31,,0.39,,,,,
Chase Brown,RB,CIN,Showdown Captain Mode,10/11/2026,Showdown Captain Mode 10/11 1:00PM (CIN @ MIA),10400,44420570,18.39,20.44,1.77,31.2,,,19.5,,93.5,,,15.55,,n/a,CIN @ MIA,Bengals @ Dolphins,Hard Rock Stadium,outdoor,FOX,10/11/2026,,,,,,,,,,16.71,67.26,4.02,,0.38,4.6,5,19.5,4.24,12.5,0.15,0.59,,0.1,,,
Matthew Stafford,QB,LAR,Classic,10/12/2026,"Classic 10/11 1:00PM, 13 Games",6000,44419245,20.76,20.32,3.46,18,,0.5,,,,,37.5,21.45,,n/a,BUF @ LAR,Bills @ Rams,SoFi Stadium,outdoor,ABC/ESPN,10/12/2026,23.4,37.54,62.3,278.99,7.43,40.5,2.08,0.68,95.9,1.59,-2.09,-1.32,,0.29,,,,,,,0.07,,0.2,,,
Trevor Lawrence,QB,JAX,Showdown Captain Mode,10/11/2026,Showdown Captain Mode 10/11 9:30AM (PHI @ JAX),10000,44420459,18.46,20.31,1.85,30,1.5,,,224.5,,,,19.15,,n/a,PHI @ JAX,Eagles @ Jaguars,Tottenham Hotspur Stadium,outdoor,NFL Network,10/11/2026,19.66,30.17,65.2,226.21,7.5,37.39,1.5,0.7,94.5,3.83,13.54,3.54,,0.36,,,,,,,0.22,,0.2,,,
Deshaun Watson,CPT,CLE,Showdown Captain Mode,10/11/2026,Showdown Captain Mode 10/11 1:00PM (CLE @ NYJ),14100,44422348,15.69,20.3,1.11,42.3,,,,199.5,,,,16.85,,n/a,CLE @ NYJ,Browns @ Jets,MetLife Stadium,outdoor,CBS,10/11/2026,19.65,31.35,62.7,201.45,6.42,33.5,1.12,0.65,84.4,5.97,25.9,4.34,,,,,,,,,0.2,,,,,
Trey McBride,TE,ARI,Showdown Captain Mode,10/11/2026,Showdown Captain Mode 10/11 4:25PM (DET @ ARI),8800,44434767,18.83,20.24,2.14,26.4,,,,,,,,15.25,,n/a,DET @ ARI,Lions @ Cardinals,State Farm Stadium,retractable_dome,FOX,10/11/2026,,,,,,,,,,,,,,0,7.99,10.5,84.5,10.57,24.11,0.47,0.45,,0,,,
Kyler Murray,CPT,MIN,Showdown Captain Mode,10/11/2026,Showdown Captain Mode 10/11 1:00PM (MIN @ NO),14400,44422704,15.4,20.22,1.07,43.2,,,,,,,31.5,16.35,,n/a,MIN @ NO,Vikings @ Saints,Caesars Superdome,dome,FOX,10/11/2026,20.87,31.71,65.8,213.35,6.73,31.5,1.17,0.61,89.3,,18.33,,,,,,,,,,0.16,,,,,
Aaron Rodgers,CPT,PIT,Showdown Captain Mode,10/11/2026,Showdown Captain Mode 10/11 1:00PM (IND @ PIT),14700,44423243,14.96,20.01,1.02,44.1,,0.5,,,,,,15.45,,n/a,IND @ PIT,Colts @ Steelers,Acrisure Stadium,outdoor,CBS,10/11/2026,21.46,34.81,61.7,224.72,6.46,34.73,1.48,0.6,87.3,,1.65,,,,,,,,,,0.08,,,,,
Drake Maye,QB,NE,Classic,10/11/2026,"Classic 10/11 1:00PM, 11 Games",6300,44391827,20.2,19.99,3.21,18.9,1.5,,,224.5,,,,19.45,,n/a,LV @ NE,Raiders @ Patriots,Gillette Stadium,outdoor,CBS,10/11/2026,19.65,29.74,66.1,227.31,7.64,36.5,1.53,0.69,96.4,5.72,30.96,5.41,,0.35,,,,,,,0.2,,0.3,,,
Drake Maye,QB,NE,Early,10/11/2026,"Early 10/11 1:00PM, 8 Games",6300,44418482,20.2,19.99,3.21,18.9,1.5,,,224.5,,,,19.45,,n/a,LV @ NE,Raiders @ Patriots,Gillette Stadium,outdoor,CBS,10/11/2026,19.65,29.74,66.1,227.31,7.64,36.5,1.53,0.69,96.4,5.72,30.96,5.41,,0.35,,,,,,,0.2,,0.3,,,
Christian McCaffrey,RB,SF,Showdown Captain Mode,10/11/2026,Showdown Captain Mode 10/11 4:25PM (SF @ SEA),11400,44434546,17.25,19.96,1.51,34.2,,49.5,,,89.5,,,15.35,,n/a,SF @ SEA,49ers @ Seahawks,Lumen Field,outdoor,FOX,10/11/2026,,,,,,,,,,14.44,49.33,3.42,,0.36,4.69,5.5,35.53,7.58,14.4,0.15,0.54,,0.1,,,
Ja'Marr Chase,WR,CIN,Classic,10/11/2026,"Classic 10/11 1:00PM, 11 Games",8100,44392168,18.8,19.83,2.32,24.3,,,,,,,,13.65,,n/a,CIN @ MIA,Bengals @ Dolphins,Hard Rock Stadium,outdoor,FOX,10/11/2026,,,,,,,,,,0.1,0.7,7,,0,6.67,7,75.5,11.32,23.5,0.51,0.55,,0,,,
Ja'Marr Chase,WR,CIN,Early,10/11/2026,"Early 10/11 1:00PM, 8 Games",8100,44418727,18.8,19.83,2.32,24.3,,,,,,,,13.65,,n/a,CIN @ MIA,Bengals @ Dolphins,Hard Rock Stadium,outdoor,FOX,10/11/2026,,,,,,,,,,0.1,0.7,7,,0,6.67,7,75.5,11.32,23.5,0.51,0.55,,0,,,
D'Andre Swift,RB,CHI,Showdown Captain Mode,10/11/2026,Showdown Captain Mode 10/11 1:00PM (CHI @ GB),9200,44423798,18.04,19.7,1.96,27.6,,,,,110.5,,,16.45,,n/a,CHI @ GB,Bears @ Packers,Lambeau Field,outdoor,FOX,10/11/2026,,,,,,,,,,19.67,84.95,4.32,,0.47,2.7,3,18.77,6.95,10.62,0.07,0.58,,0.2,,,
Tyson Bagent,CPT,CHI,Showdown Captain Mode,10/11/2026,Showdown Captain Mode 10/11 1:00PM (CHI @ GB),12900,44423854,15.68,19.67,1.22,38.7,,,,,,,31.5,15.95,,n/a,CHI @ GB,Bears @ Packers,Lambeau Field,outdoor,FOX,10/11/2026,20.48,31.67,64.7,220.29,6.96,33.5,1.44,0.68,91.1,3.68,9.16,2.49,,,,,,,,,0.15,,,,,
Joe Burrow,QB,CIN,Classic,10/11/2026,"Classic 10/11 1:00PM, 11 Games",6900,44391824,19.4,19.64,2.81,20.7,,,,,,,,19.05,,n/a,CIN @ MIA,Bengals @ Dolphins,Hard Rock Stadium,outdoor,FOX,10/11/2026,23.75,33,72,251.87,7.63,35.5,1.74,0.53,104.7,3.32,8.43,2.54,,0.31,,,,,,,0.13,,0.2,,,
Joe Burrow,QB,CIN,Early,10/11/2026,"Early 10/11 1:00PM, 8 Games",6900,44418481,19.4,19.64,2.81,20.7,,,,,,,,19.05,,n/a,CIN @ MIA,Bengals @ Dolphins,Hard Rock Stadium,outdoor,FOX,10/11/2026,23.75,33,72,251.87,7.63,35.5,1.74,0.53,104.7,3.32,8.43,2.54,,0.31,,,,,,,0.13,,0.2,,,
Sam Darnold,CPT,SEA,Showdown Captain Mode,10/11/2026,Showdown Captain Mode 10/11 4:25PM (SF @ SEA),14100,44434607,15.68,19.58,1.11,42.3,1.5,4.5,,,,,30.5,17.25,,n/a,SF @ SEA,49ers @ Seahawks,Lumen Field,outdoor,FOX,10/11/2026,20.45,30.44,67.2,229.76,7.55,33.38,1.51,0.62,97.6,,4.58,,,,,,,,,,0.1,,,,,
Derrick Henry,CPT,BAL,Showdown Captain Mode,10/11/2026,Showdown Captain Mode 10/11 8:20PM (BAL @ ATL),16500,44446745,14.41,19.56,0.87,49.5,,79.5,4.5,,88.5,,,13.95,,n/a,BAL @ ATL,Ravens @ Falcons,Mercedes-Benz Stadium,retractable_dome,NBC/Peacock,10/11/2026,,,,,,,,,,19.62,80.4,4.1,,0.53,1.26,1.5,4.74,3.78,5.5,0,0.56,,0.1,,,
Derrick Henry,CPT,BAL,Showdown 2nd Half,10/11/2026,Showdown 2nd Half 10/11 9:20PM 2H (BAL @ ATL),16500,44447374,14.41,19.56,0.87,49.5,,79.5,4.5,,88.5,,,13.95,,n/a,BAL @ ATL,Ravens @ Falcons,Mercedes-Benz Stadium,retractable_dome,NBC/Peacock,10/11/2026,,,,,,,,,,19.62,80.4,4.1,,0.53,1.26,1.5,4.74,3.78,5.5,0,0.56,,0.1,,,
Derrick Henry,CPT,BAL,Showdown 4th Quarter,10/11/2026,Showdown 4th Quarter 10/11 9:50PM Q4 (BAL @ ATL),16500,44447519,14.41,19.56,0.87,49.5,,79.5,4.5,,88.5,,,13.95,,n/a,BAL @ ATL,Ravens @ Falcons,Mercedes-Benz Stadium,retractable_dome,NBC/Peacock,10/11/2026,,,,,,,,,,19.62,80.4,4.1,,0.53,1.26,1.5,4.74,3.78,5.5,0,0.56,,0.1,,,
Zay Flowers,CPT,BAL,Showdown Captain Mode,10/11/2026,Showdown Captain Mode 10/11 8:20PM (BAL @ ATL),15000,44446747,13.63,19.49,0.91,45,,,,,,,,10.65,,n/a,BAL @ ATL,Ravens @ Falcons,Mercedes-Benz Stadium,retractable_dome,NBC/Peacock,10/11/2026,,,,,,,,,,,,,,,5.6,7.5,68.39,12.22,24.52,,0.32,,,,,
Zay Flowers,CPT,BAL,Showdown 2nd Half,10/11/2026,Showdown 2nd Half 10/11 9:20PM 2H (BAL @ ATL),15000,44447376,13.63,19.49,0.91,45,,,,,,,,10.65,,n/a,BAL @ ATL,Ravens @ Falcons,Mercedes-Benz Stadium,retractable_dome,NBC/Peacock,10/11/2026,,,,,,,,,,,,,,,5.6,7.5,68.39,12.22,24.52,,0.32,,,,,
Zay Flowers,CPT,BAL,Showdown 4th Quarter,10/11/2026,Showdown 4th Quarter 10/11 9:50PM Q4 (BAL @ ATL),15000,44447521,13.63,19.49,0.91,45,,,,,,,,10.65,,n/a,BAL @ ATL,Ravens @ Falcons,Mercedes-Benz Stadium,retractable_dome,NBC/Peacock,10/11/2026,,,,,,,,,,,,,,,5.6,7.5,68.39,12.22,24.52,,0.32,,,,,
Kirk Cousins,CPT,LV,Showdown Captain Mode,10/11/2026,Showdown Captain Mode 10/11 1:00PM (LV @ NE),14100,44420844,14.55,19.36,1.03,42.3,,0.5,,,,,,15.65,,n/a,LV @ NE,Raiders @ Patriots,Gillette Stadium,outdoor,CBS,10/11/2026,22.08,33.88,65.2,230.78,6.81,33.5,1.42,0.72,89.9,1.5,0.1,0.06,,,,,,,,,0.06,,,,,
Kyren Williams,RB,LAR,Showdown Captain Mode,10/12/2026,Showdown Captain Mode 10/12 8:15PM (BUF @ LAR),9800,44446799,17.19,19.31,1.75,29.4,,,,,92.5,,,15.65,,n/a,BUF @ LAR,Bills @ Rams,SoFi Stadium,outdoor,ABC/ESPN,10/12/2026,,,,,,,,,,15.18,69.69,4.59,,0.5,2.99,3.5,21.69,7.25,10.68,0.12,0.59,,0.1,,,
Kyren Williams,RB,LAR,Showdown 2nd Half,10/12/2026,Showdown 2nd Half 10/12 9:15PM 2H (BUF @ LAR),9800,44447674,17.19,19.31,1.75,29.4,,,,,92.5,,,15.65,,n/a,BUF @ LAR,Bills @ Rams,SoFi Stadium,outdoor,ABC/ESPN,10/12/2026,,,,,,,,,,15.18,69.69,4.59,,0.5,2.99,3.5,21.69,7.25,10.68,0.12,0.59,,0.1,,,
Kyren Williams,RB,LAR,Showdown 4th Quarter,10/12/2026,Showdown 4th Quarter 10/12 9:45PM Q4 (BUF @ LAR),9800,44447772,17.19,19.31,1.75,29.4,,,,,92.5,,,15.65,,n/a,BUF @ LAR,Bills @ Rams,SoFi Stadium,outdoor,ABC/ESPN,10/12/2026,,,,,,,,,,15.18,69.69,4.59,,0.5,2.99,3.5,21.69,7.25,10.68,0.12,0.59,,0.1,,,
Ashton Jeanty,RB,LV,Showdown Captain Mode,10/11/2026,Showdown Captain Mode 10/11 1:00PM (LV @ NE),10200,44420785,16.3,19.16,1.6,30.6,,,,,,,,,,12/30/1899,n/a,n/a,n/a,n/a,n/a,10/11/2026,,,,,,,,,,16.89,61.88,3.66,,,4.82,5,24.5,5.08,11.5,,0.47,,,,,
Justin Herbert,CPT,LAC,Showdown Captain Mode,10/11/2026,Showdown Captain Mode 10/11 4:05PM (DEN @ LAC),15000,44434491,14.18,19.11,0.95,45,,24.5,,199.5,,,,14.55,,n/a,DEN @ LAC,Broncos @ Chargers,SoFi Stadium,outdoor,CBS,10/11/2026,18.55,30.49,60.8,200.89,6.59,34.5,1.04,0.74,81.6,5.38,24.46,4.55,,,,,,,,,0.15,,,,,
Trey McBride,TE,ARI,Classic,10/11/2026,"Classic 10/11 1:00PM, 11 Games",6700,44392590,18.83,19.07,2.81,20.1,,,,,,,,15.25,,n/a,DET @ ARI,Lions @ Cardinals,State Farm Stadium,retractable_dome,FOX,10/11/2026,,,,,,,,,,,,,,0,7.99,10.5,84.5,10.57,24.11,0.47,0.45,,0,,,
Trey McBride,TE,ARI,Late,10/11/2026,"Late 10/11 4:05PM, 3 Games",6700,44433464,18.83,19.07,2.81,20.1,,,,,,,,15.25,,n/a,DET @ ARI,Lions @ Cardinals,State Farm Stadium,retractable_dome,FOX,10/11/2026,,,,,,,,,,,,,,0,7.99,10.5,84.5,10.57,24.11,0.47,0.45,,0,,,
Chris Olave,WR,NO,Showdown Captain Mode,10/11/2026,Showdown Captain Mode 10/11 1:00PM (MIN @ NO),11200,44422643,15.97,19.03,1.43,33.6,,,,,,,,12.95,,12/30/1899,MIN @ NO,Vikings @ Saints,Caesars Superdome,dome,FOX,10/11/2026,,,,,,,,,,0.1,0.4,4,,0,6.68,10,80.67,12.08,24.31,0.41,0.31,,0,,,
Jacoby Brissett,QB,ARI,Classic,10/11/2026,"Classic 10/11 1:00PM, 11 Games",5500,44391835,19.52,19,3.55,16.5,,,,,,,37.5,19.45,,n/a,DET @ ARI,Lions @ Cardinals,State Farm Stadium,retractable_dome,FOX,10/11/2026,24.68,37.45,65.9,266.39,7.11,36.5,1.63,0.69,93.5,2.6,8.07,3.1,,0.33,,,,,,,0.15,,0.2,,,
Jacoby Brissett,QB,ARI,Late,10/11/2026,"Late 10/11 4:05PM, 3 Games",5500,44433250,19.52,19,3.55,16.5,,,,,,,37.5,19.45,,n/a,DET @ ARI,Lions @ Cardinals,State Farm Stadium,retractable_dome,FOX,10/11/2026,24.68,37.45,65.9,266.39,7.11,36.5,1.63,0.69,93.5,2.6,8.07,3.1,,0.33,,,,,,,0.15,,0.2,,,
Nico Collins,WR,HOU,Showdown Captain Mode,10/11/2026,Showdown Captain Mode 10/11 1:00PM (HOU @ TEN),11400,44420898,15.5,18.99,1.36,34.2,,,,,,,,12.65,,n/a,HOU @ TEN,Texans @ Titans,Nissan Stadium,outdoor,CBS,10/11/2026,,,,,,,,,,0.2,0.9,4.5,,0,5.67,8.5,77.79,13.71,26.35,0.45,0.4,,0,,,
Brock Purdy,QB,SF,Classic,10/11/2026,"Classic 10/11 1:00PM, 11 Games",6500,44391826,18.68,18.83,2.87,19.5,,,,,,,,17.25,,n/a,SF @ SEA,49ers @ Seahawks,Lumen Field,outdoor,FOX,10/11/2026,20.91,32.27,64.8,226.42,7.02,33.5,1.47,0.87,89.3,4.49,23.95,5.33,,0.33,,,,,,,0.15,,0.2,,,
Brock Purdy,QB,SF,Late,10/11/2026,"Late 10/11 4:05PM, 3 Games",6500,44433247,18.68,18.83,2.87,19.5,,,,,,,,17.25,,n/a,SF @ SEA,49ers @ Seahawks,Lumen Field,outdoor,FOX,10/11/2026,20.91,32.27,64.8,226.42,7.02,33.5,1.47,0.87,89.3,4.49,23.95,5.33,,0.33,,,,,,,0.15,,0.2,,,
Davante Adams,CPT,LAR,Showdown Captain Mode,10/12/2026,Showdown Captain Mode 10/12 8:15PM (BUF @ LAR),14100,44446849,13.43,18.82,0.95,42.3,,,,,,,,11.45,,n/a,BUF @ LAR,Bills @ Rams,SoFi Stadium,outdoor,ABC/ESPN,10/12/2026,,,,,,,,,,0,0,,,0,4.42,7.5,62.99,14.26,23.47,0.48,0.48,,0,,,
Davante Adams,CPT,LAR,Showdown 2nd Half,10/12/2026,Showdown 2nd Half 10/12 9:15PM 2H (BUF @ LAR),14100,44447626,13.43,18.82,0.95,42.3,,,,,,,,11.45,,n/a,BUF @ LAR,Bills @ Rams,SoFi Stadium,outdoor,ABC/ESPN,10/12/2026,,,,,,,,,,0,0,,,0,4.42,7.5,62.99,14.26,23.47,0.48,0.48,,0,,,
Davante Adams,CPT,LAR,Showdown 4th Quarter,10/12/2026,Showdown 4th Quarter 10/12 9:45PM Q4 (BUF @ LAR),14100,44447724,13.43,18.82,0.95,42.3,,,,,,,,11.45,,n/a,BUF @ LAR,Bills @ Rams,SoFi Stadium,outdoor,ABC/ESPN,10/12/2026,,,,,,,,,,0,0,,,0,4.42,7.5,62.99,14.26,23.47,0.48,0.48,,0,,,
Justin Jefferson,WR,MIN,Showdown Captain Mode,10/11/2026,Showdown Captain Mode 10/11 1:00PM (MIN @ NO),10800,44422644,15.69,18.81,1.45,32.4,,,,,,,,12.75,,n/a,MIN @ NO,Vikings @ Saints,Caesars Superdome,dome,FOX,10/11/2026,,,,,,,,,,,,,,,6.35,9,78.5,12.37,25.36,,0.35,,,,,
Geno Smith,CPT,NYJ,Showdown Captain Mode,10/11/2026,Showdown Captain Mode 10/11 1:00PM (CLE @ NYJ),13500,44422349,13.79,18.78,1.02,40.5,,,,,,,,14.45,,n/a,CLE @ NYJ,Browns @ Jets,MetLife Stadium,outdoor,CBS,10/11/2026,20.11,30.7,65.5,204.96,6.68,31.5,1.19,0.74,87.3,,9.82,,,,,,,,,,0.1,,,,,
Chase Brown,RB,CIN,Classic,10/11/2026,"Classic 10/11 1:00PM, 11 Games",6900,44391904,18.39,18.76,2.67,20.7,,,19.5,,93.5,,,15.55,,n/a,CIN @ MIA,Bengals @ Dolphins,Hard Rock Stadium,outdoor,FOX,10/11/2026,,,,,,,,,,16.71,67.26,4.02,,0.38,4.6,5,19.5,4.24,12.5,0.15,0.59,,0.1,,,
Chase Brown,RB,CIN,Early,10/11/2026,"Early 10/11 1:00PM, 8 Games",6900,44418539,18.39,18.76,2.67,20.7,,,19.5,,93.5,,,15.55,,n/a,CIN @ MIA,Bengals @ Dolphins,Hard Rock Stadium,outdoor,FOX,10/11/2026,,,,,,,,,,16.71,67.26,4.02,,0.38,4.6,5,19.5,4.24,12.5,0.15,0.59,,0.1,,,
Jonathan Taylor,RB,IND,Classic,10/11/2026,"Classic 10/11 1:00PM, 11 Games",7800,44391900,17.77,18.75,2.28,23.4,,,,,106.5,,,16.35,,n/a,IND @ PIT,Colts @ Steelers,Acrisure Stadium,outdoor,CBS,10/11/2026,,,,,,,,,,19.52,86.29,4.42,,0.48,2.57,3,14.56,5.67,9.1,0.06,0.59,,0.1,,,
Jonathan Taylor,RB,IND,Early,10/11/2026,"Early 10/11 1:00PM, 8 Games",7800,44418535,17.77,18.75,2.28,23.4,,,,,106.5,,,16.35,,n/a,IND @ PIT,Colts @ Steelers,Acrisure Stadium,outdoor,CBS,10/11/2026,,,,,,,,,,19.52,86.29,4.42,,0.48,2.57,3,14.56,5.67,9.1,0.06,0.59,,0.1,,,
Jayden Daniels,QB,WAS,Classic,10/11/2026,"Classic 10/11 1:00PM, 11 Games",6000,44391830,18.92,18.75,3.15,18,,,,,,,,17.05,,n/a,NYG @ WAS,Giants @ Commanders,Northwest Stadium,outdoor,FOX,10/11/2026,18.06,29.57,61.1,196.11,6.63,32.5,1.27,0.58,86.7,6.31,32.11,5.09,,0.38,,,,,,,0.3,,0.2,,,
Jayden Daniels,QB,WAS,Early,10/11/2026,"Early 10/11 1:00PM, 8 Games",6000,44418485,18.92,18.75,3.15,18,,,,,,,,17.05,,n/a,NYG @ WAS,Giants @ Commanders,Northwest Stadium,outdoor,FOX,10/11/2026,18.06,29.57,61.1,196.11,6.63,32.5,1.27,0.58,86.7,6.31,32.11,5.09,,0.38,,,,,,,0.3,,0.2,,,
Drake London,WR,ATL,Showdown Captain Mode,10/11/2026,Showdown Captain Mode 10/11 8:20PM (BAL @ ATL),9800,44446696,16.51,18.74,1.68,29.4,,,79.5,,,,,13.45,,n/a,BAL @ ATL,Ravens @ Falcons,Mercedes-Benz Stadium,retractable_dome,NBC/Peacock,10/11/2026,,,,,,,,,,0.2,0.8,4,,0,6.13,9.5,80.2,13.09,25.54,0.46,0.44,,0,,,
Drake London,WR,ATL,Showdown 2nd Half,10/11/2026,Showdown 2nd Half 10/11 9:20PM 2H (BAL @ ATL),9800,44447429,16.51,18.74,1.68,29.4,,,79.5,,,,,13.45,,n/a,BAL @ ATL,Ravens @ Falcons,Mercedes-Benz Stadium,retractable_dome,NBC/Peacock,10/11/2026,,,,,,,,,,0.2,0.8,4,,0,6.13,9.5,80.2,13.09,25.54,0.46,0.44,,0,,,
Drake London,WR,ATL,Showdown 4th Quarter,10/11/2026,Showdown 4th Quarter 10/11 9:50PM Q4 (BAL @ ATL),9800,44447574,16.51,18.74,1.68,29.4,,,79.5,,,,,13.45,,n/a,BAL @ ATL,Ravens @ Falcons,Mercedes-Benz Stadium,retractable_dome,NBC/Peacock,10/11/2026,,,,,,,,,,0.2,0.8,4,,0,6.13,9.5,80.2,13.09,25.54,0.46,0.44,,0,,,
Bo Nix,QB,DEN,Showdown Captain Mode,10/11/2026,Showdown Captain Mode 10/11 4:05PM (DEN @ LAC),10600,44434435,15.97,18.71,1.51,31.8,,,,224.5,,,,16.85,,n/a,DEN @ LAC,Broncos @ Chargers,SoFi Stadium,outdoor,CBS,10/11/2026,21.63,33.63,64.3,221.25,6.58,33.68,1.36,0.69,88,4.52,12.98,2.87,,,,,,,,,0.18,,,,,
Brock Bowers,TE,LV,Showdown Captain Mode,10/11/2026,Showdown Captain Mode 10/11 1:00PM (LV @ NE),10000,44420786,15.93,18.56,1.59,30,,,,,,,,12.85,,n/a,LV @ NE,Raiders @ Patriots,Gillette Stadium,outdoor,CBS,10/11/2026,,,,,,,,,,,,,,0,6.63,9,74.11,11.18,20.54,0.45,0.4,,0,,,
C.J. Stroud,QB,HOU,Showdown Captain Mode,10/11/2026,Showdown Captain Mode 10/11 1:00PM (HOU @ TEN),10000,44420899,16.35,18.53,1.64,30,,9.5,,,,,31.5,16.95,,n/a,HOU @ TEN,Texans @ Titans,Nissan Stadium,outdoor,CBS,10/11/2026,21,31.69,66.3,238.74,7.53,38.5,1.43,0.53,96.7,2.94,9.65,3.28,,,,,,,,,0.11,,,,,
Daniel Jones,CPT,IND,Showdown Captain Mode,10/11/2026,Showdown Captain Mode 10/11 1:00PM (IND @ PIT),14400,44423245,13.36,18.53,0.93,43.2,,,,,,,31.5,14.15,,n/a,IND @ PIT,Colts @ Steelers,Acrisure Stadium,outdoor,CBS,10/11/2026,20.21,31.7,63.8,210.91,6.65,32.44,1.02,0.75,83.8,2.82,7.6,2.7,,,,,,,,,0.14,,,,,
Michael Wilson,WR,ARI,Showdown Captain Mode,10/11/2026,Showdown Captain Mode 10/11 4:25PM (DET @ ARI),8600,44434768,16.94,18.48,1.97,25.8,,,79.5,,,,,14.35,,12/30/1899,DET @ ARI,Lions @ Cardinals,State Farm Stadium,retractable_dome,FOX,10/11/2026,,,,,,,,,,,,,,,6.98,10.5,83.21,11.92,24.55,,0.37,,,,,
Christian McCaffrey,RB,SF,Classic,10/11/2026,"Classic 10/11 1:00PM, 11 Games",8200,44391898,17.25,18.43,2.1,24.6,,49.5,,,89.5,,,15.35,,n/a,SF @ SEA,49ers @ Seahawks,Lumen Field,outdoor,FOX,10/11/2026,,,,,,,,,,14.44,49.33,3.42,,0.36,4.69,5.5,35.53,7.58,14.4,0.15,0.54,,0.1,,,
Christian McCaffrey,RB,SF,Late,10/11/2026,"Late 10/11 4:05PM, 3 Games",8200,44433266,17.25,18.43,2.1,24.6,,49.5,,,89.5,,,15.35,,n/a,SF @ SEA,49ers @ Seahawks,Lumen Field,outdoor,FOX,10/11/2026,,,,,,,,,,14.44,49.33,3.42,,0.36,4.69,5.5,35.53,7.58,14.4,0.15,0.54,,0.1,,,
Michael Penix Jr.,CPT,ATL,Showdown Captain Mode,10/11/2026,Showdown Captain Mode 10/11 8:20PM (BAL @ ATL),14100,44446749,13.85,18.4,0.98,42.3,,0.5,,,,,29.5,14.55,,12/30/1899,n/a,n/a,n/a,n/a,n/a,10/11/2026,18.54,29.49,62.9,218.2,7.4,36.5,1.31,0.58,91.9,,-0.61,,,0.29,,,0,,,,0.08,,,,,
Michael Penix Jr.,CPT,ATL,Showdown 2nd Half,10/11/2026,Showdown 2nd Half 10/11 9:20PM 2H (BAL @ ATL),14100,44447378,13.85,18.4,0.98,42.3,,0.5,,,,,29.5,14.55,,12/30/1899,n/a,n/a,n/a,n/a,n/a,10/11/2026,18.54,29.49,62.9,218.2,7.4,36.5,1.31,0.58,91.9,,-0.61,,,0.29,,,0,,,,0.08,,,,,
Michael Penix Jr.,CPT,ATL,Showdown 4th Quarter,10/11/2026,Showdown 4th Quarter 10/11 9:50PM Q4 (BAL @ ATL),14100,44447523,13.85,18.4,0.98,42.3,,0.5,,,,,29.5,14.55,,12/30/1899,n/a,n/a,n/a,n/a,n/a,10/11/2026,18.54,29.49,62.9,218.2,7.4,36.5,1.31,0.58,91.9,,-0.61,,,0.29,,,0,,,,0.08,,,,,
Tyler Shough,QB,NO,Showdown Captain Mode,10/11/2026,Showdown Captain Mode 10/11 1:00PM (MIN @ NO),10600,44422645,15.39,18.23,1.45,31.8,,9.5,,,,,,16.05,,n/a,MIN @ NO,Vikings @ Saints,Caesars Superdome,dome,FOX,10/11/2026,22.66,36.61,61.9,236.71,6.47,34.5,1.11,0.79,81.7,,10,,,,,,,,,,0.21,,,,,
Malik Willis,CPT,MIA,Showdown Captain Mode,10/11/2026,Showdown Captain Mode 10/11 1:00PM (CIN @ MIA),12900,44420624,13.53,18.23,1.05,38.7,,,,,,,,14.75,,n/a,CIN @ MIA,Bengals @ Dolphins,Hard Rock Stadium,outdoor,FOX,10/11/2026,16.99,28.45,59.7,189.23,6.65,33.63,0.61,0.68,76.7,5.72,28.76,5.03,,,,,,,,,0.22,,,,,
James Cook III,RB,BUF,Showdown Captain Mode,10/12/2026,Showdown Captain Mode 10/12 8:15PM (BUF @ LAR),10600,44446798,15.63,18.22,1.47,31.8,,,,,89.5,,,13.15,,12/30/1899,n/a,n/a,n/a,n/a,n/a,10/12/2026,,,,,,,,,,16.94,75.45,4.45,,0.42,1.76,2,10.4,5.9,8.15,0.07,0.61,,0.1,,,
James Cook III,RB,BUF,Showdown 2nd Half,10/12/2026,Showdown 2nd Half 10/12 9:15PM 2H (BUF @ LAR),10600,44447673,15.63,18.22,1.47,31.8,,,,,89.5,,,13.15,,12/30/1899,n/a,n/a,n/a,n/a,n/a,10/12/2026,,,,,,,,,,16.94,75.45,4.45,,0.42,1.76,2,10.4,5.9,8.15,0.07,0.61,,0.1,,,
James Cook III,RB,BUF,Showdown 4th Quarter,10/12/2026,Showdown 4th Quarter 10/12 9:45PM Q4 (BUF @ LAR),10600,44447771,15.63,18.22,1.47,31.8,,,,,89.5,,,13.15,,12/30/1899,n/a,n/a,n/a,n/a,n/a,10/12/2026,,,,,,,,,,16.94,75.45,4.45,,0.42,1.76,2,10.4,5.9,8.15,0.07,0.61,,0.1,,,
D'Andre Swift,RB,CHI,Classic,10/11/2026,"Classic 10/11 1:00PM, 11 Games",6200,44391912,18.04,18.14,2.91,18.6,,,,,110.5,,,16.45,,n/a,CHI @ GB,Bears @ Packers,Lambeau Field,outdoor,FOX,10/11/2026,,,,,,,,,,19.67,84.95,4.32,,0.47,2.7,3,18.77,6.95,10.62,0.07,0.58,,0.2,,,
D'Andre Swift,RB,CHI,Early,10/11/2026,"Early 10/11 1:00PM, 8 Games",6200,44418547,18.04,18.14,2.91,18.6,,,,,110.5,,,16.45,,n/a,CHI @ GB,Bears @ Packers,Lambeau Field,outdoor,FOX,10/11/2026,,,,,,,,,,19.67,84.95,4.32,,0.47,2.7,3,18.77,6.95,10.62,0.07,0.58,,0.2,,,
Aaron Jones Sr.,RB,MIN,Showdown Captain Mode,10/11/2026,Showdown Captain Mode 10/11 1:00PM (MIN @ NO),10000,44422646,15.61,18.1,1.56,30,,,,,96.5,,,15.05,,12/30/1899,n/a,n/a,n/a,n/a,n/a,10/11/2026,,,,,,,,,,17.62,72.46,4.11,,,3.02,3.5,20.32,6.72,9.31,,0.51,,,,,
Jordan Love,QB,GB,Showdown Captain Mode,10/11/2026,Showdown Captain Mode 10/11 1:00PM (CHI @ GB),9800,44423796,15.7,18.07,1.6,29.4,,,,,,,33.5,16.75,,n/a,CHI @ GB,Bears @ Packers,Lambeau Field,outdoor,FOX,10/11/2026,21.42,33.5,63.9,236.67,7.06,37.5,1.41,0.71,90,,6.15,,,,,,,,,,0.11,,,,,
Jaylen Warren,RB,PIT,Showdown Captain Mode,10/11/2026,Showdown Captain Mode 10/11 1:00PM (IND @ PIT),10600,44423152,15.04,17.95,1.42,31.8,,,,,85.5,,,13.65,,n/a,IND @ PIT,Colts @ Steelers,Acrisure Stadium,outdoor,CBS,10/11/2026,,,,,,,,,,15.6,61.31,3.93,,0.5,2.86,3,18.9,6.6,11.5,,0.54,,,,,
Deshaun Watson,QB,CLE,Showdown Captain Mode,10/11/2026,Showdown Captain Mode 10/11 1:00PM (CLE @ NYJ),9400,44422295,15.69,17.86,1.67,28.2,,,,199.5,,,,16.85,,n/a,CLE @ NYJ,Browns @ Jets,MetLife Stadium,outdoor,CBS,10/11/2026,19.65,31.35,62.7,201.45,6.42,33.5,1.12,0.65,84.4,5.97,25.9,4.34,,,,,,,,,0.2,,,,,
Jalen Hurts,QB,PHI,Showdown Captain Mode,10/11/2026,Showdown Captain Mode 10/11 9:30AM (PHI @ JAX),10800,44420458,14.39,17.75,1.33,32.4,,,,,,,,14.85,,n/a,PHI @ JAX,Eagles @ Jaguars,Tottenham Hotspur Stadium,outdoor,NFL Network,10/11/2026,18.77,31.59,59.4,180.92,5.73,32.5,0.81,0.73,74.4,6.13,26.94,4.39,,,,,,,,,0.33,,,,,
Braelon Allen,CPT,NYJ,Showdown Captain Mode,10/11/2026,Showdown Captain Mode 10/11 1:00PM (CLE @ NYJ),13200,44422350,13.99,17.75,1.06,39.6,,,14.5,,88.5,0.5,,13.65,,n/a,CLE @ NYJ,Browns @ Jets,MetLife Stadium,outdoor,CBS,10/11/2026,,,,,,,,,,17.33,71.57,4.13,,,2.62,3.5,13.74,5.24,8.2,,0.49,,,,,
Kyler Murray,QB,MIN,Showdown Captain Mode,10/11/2026,Showdown Captain Mode 10/11 1:00PM (MIN @ NO),9600,44422647,15.4,17.72,1.6,28.8,,,,,,,31.5,16.35,,n/a,MIN @ NO,Vikings @ Saints,Caesars Superdome,dome,FOX,10/11/2026,20.87,31.71,65.8,213.35,6.73,31.5,1.17,0.61,89.3,,18.33,,,,,,,,,,0.16,,,,,
Christian Watson,CPT,GB,Showdown Captain Mode,10/11/2026,Showdown Captain Mode 10/11 1:00PM (CHI @ GB),14100,44423851,12.08,17.72,0.86,42.3,,,,,,,,9.65,,n/a,CHI @ GB,Bears @ Packers,Lambeau Field,outdoor,FOX,10/11/2026,,,,,,,,,,0.1,0.5,5,,0,4.45,7.5,61.49,13.82,23.57,0.42,0.35,,0,,,
Garrett Wilson,WR,NYJ,Showdown Captain Mode,10/11/2026,Showdown Captain Mode 10/11 1:00PM (CLE @ NYJ),10600,44422292,14.75,17.71,1.39,31.8,,,69.5,,,,,11.95,,n/a,CLE @ NYJ,Browns @ Jets,MetLife Stadium,outdoor,CBS,10/11/2026,,,,,,,,,,,,,,,6.09,9,68.01,11.16,22.31,,0.39,,,,,
Tyler Huntley,CPT,BAL,Showdown Captain Mode,10/11/2026,Showdown Captain Mode 10/11 8:20PM (BAL @ ATL),13200,44446750,13.51,17.68,1.02,39.6,,29.5,,174.5,,,,13.55,,n/a,BAL @ ATL,Ravens @ Falcons,Mercedes-Benz Stadium,retractable_dome,NBC/Peacock,10/11/2026,17.94,27.51,65.2,170.44,6.2,30.5,1,0.61,85.2,5.81,28.5,4.9,,,,,,,,,0.19,,,,,
Tyler Huntley,CPT,BAL,Showdown 2nd Half,10/11/2026,Showdown 2nd Half 10/11 9:20PM 2H (BAL @ ATL),13200,44447379,13.51,17.68,1.02,39.6,,29.5,,174.5,,,,13.55,,n/a,BAL @ ATL,Ravens @ Falcons,Mercedes-Benz Stadium,retractable_dome,NBC/Peacock,10/11/2026,17.94,27.51,65.2,170.44,6.2,30.5,1,0.61,85.2,5.81,28.5,4.9,,,,,,,,,0.19,,,,,
Tyler Huntley,CPT,BAL,Showdown 4th Quarter,10/11/2026,Showdown 4th Quarter 10/11 9:50PM Q4 (BAL @ ATL),13200,44447524,13.51,17.68,1.02,39.6,,29.5,,174.5,,,,13.55,,n/a,BAL @ ATL,Ravens @ Falcons,Mercedes-Benz Stadium,retractable_dome,NBC/Peacock,10/11/2026,17.94,27.51,65.2,170.44,6.2,30.5,1,0.61,85.2,5.81,28.5,4.9,,,,,,,,,0.19,,,,,
Tee Higgins,CPT,CIN,Showdown Captain Mode,10/11/2026,Showdown Captain Mode 10/11 1:00PM (CIN @ MIA),15000,44420623,11.35,17.63,0.76,45,,,,,,,,11.55,,n/a,CIN @ MIA,Bengals @ Dolphins,Hard Rock Stadium,outdoor,FOX,10/11/2026,,,,,,,,,,,,,,,,,69.5,,23.5,,0.54,,,,,
Parker Washington,CPT,JAX,Showdown Captain Mode,10/11/2026,Showdown Captain Mode 10/11 9:30AM (PHI @ JAX),13800,44420517,12.63,17.62,0.92,41.4,,,59.5,,,,,10.45,,n/a,PHI @ JAX,Eagles @ Jaguars,Tottenham Hotspur Stadium,outdoor,NFL Network,10/11/2026,,,,,,,,,,,,,,,4.68,7,61.49,13.15,23.5,,0.39,,,,,
Kyren Williams,RB,LAR,Classic,10/12/2026,"Classic 10/11 1:00PM, 13 Games",6400,44419344,17.19,17.54,2.69,19.2,,,,,92.5,,,15.65,,n/a,BUF @ LAR,Bills @ Rams,SoFi Stadium,outdoor,ABC/ESPN,10/12/2026,,,,,,,,,,15.18,69.69,4.59,,0.5,2.99,3.5,21.69,7.25,10.68,0.12,0.59,,0.1,,,
Sam Darnold,QB,SEA,Showdown Captain Mode,10/11/2026,Showdown Captain Mode 10/11 4:25PM (SF @ SEA),9400,44434548,15.68,17.52,1.67,28.2,1.5,4.5,,,,,30.5,17.25,,n/a,SF @ SEA,49ers @ Seahawks,Lumen Field,outdoor,FOX,10/11/2026,20.45,30.44,67.2,229.76,7.55,33.38,1.51,0.62,97.6,,4.58,,,,,,,,,,0.1,,,,,
Aaron Rodgers,QB,PIT,Showdown Captain Mode,10/11/2026,Showdown Captain Mode 10/11 1:00PM (IND @ PIT),9800,44423153,14.96,17.46,1.53,29.4,,0.5,,,,,,15.45,,n/a,IND @ PIT,Colts @ Steelers,Acrisure Stadium,outdoor,CBS,10/11/2026,21.46,34.81,61.7,224.72,6.46,34.73,1.48,0.6,87.3,,1.65,,,,,,,,,,0.08,,,,,
Jaylen Waddle,CPT,DEN,Showdown Captain Mode,10/11/2026,Showdown Captain Mode 10/11 4:05PM (DEN @ LAC),14400,44434492,11.53,17.44,0.8,43.2,,,,,,,,9.95,,n/a,DEN @ LAC,Broncos @ Chargers,SoFi Stadium,outdoor,CBS,10/11/2026,,,,,,,,,,,,,,,4.69,6.5,56.31,12.02,21.36,,0.32,,,,,
Malik Nabers,CPT,NYG,Showdown Captain Mode,10/11/2026,Showdown Captain Mode 10/11 1:00PM (NYG @ WAS),14400,44420729,11.51,17.43,0.8,43.2,,,,,,,,9.25,,n/a,NYG @ WAS,Giants @ Commanders,Northwest Stadium,outdoor,FOX,10/11/2026,,,,,,,,,,,,,,,4.98,8,54.32,10.9,21.48,,0.3,,,,,
Tyson Bagent,QB,CHI,Showdown Captain Mode,10/11/2026,Showdown Captain Mode 10/11 1:00PM (CHI @ GB),8600,44423800,15.68,17.43,1.82,25.8,,,,,,,31.5,15.95,,n/a,CHI @ GB,Bears @ Packers,Lambeau Field,outdoor,FOX,10/11/2026,20.48,31.67,64.7,220.29,6.96,33.5,1.44,0.68,91.1,3.68,9.16,2.49,,,,,,,,,0.15,,,,,
Ashton Jeanty,RB,LV,Classic,10/11/2026,"Classic 10/11 1:00PM, 11 Games",7200,44391902,16.3,17.36,2.26,21.6,,,,,,,,,,12/30/1899,n/a,n/a,n/a,n/a,n/a,10/11/2026,,,,,,,,,,16.89,61.88,3.66,,,4.82,5,24.5,5.08,11.5,,0.47,,,,,
Ashton Jeanty,RB,LV,Early,10/11/2026,"Early 10/11 1:00PM, 8 Games",7200,44418537,16.3,17.36,2.26,21.6,,,,,,,,,,12/30/1899,n/a,n/a,n/a,n/a,n/a,10/11/2026,,,,,,,,,,16.89,61.88,3.66,,,4.82,5,24.5,5.08,11.5,,0.47,,,,,
Michael Penix Jr.,QB,ATL,Showdown Captain Mode,10/11/2026,Showdown Captain Mode 10/11 8:20PM (BAL @ ATL),9400,44446697,15.17,17.25,1.61,28.2,,0.5,,,,,29.5,14.55,,12/30/1899,n/a,n/a,n/a,n/a,n/a,10/11/2026,18.54,29.49,62.9,218.2,7.4,36.5,1.31,0.58,91.9,,-0.61,,,0.29,,,0,,,,0.08,,,,,
Michael Penix Jr.,QB,ATL,Showdown 2nd Half,10/11/2026,Showdown 2nd Half 10/11 9:20PM 2H (BAL @ ATL),9400,44447430,15.17,17.25,1.61,28.2,,0.5,,,,,29.5,14.55,,12/30/1899,n/a,n/a,n/a,n/a,n/a,10/11/2026,18.54,29.49,62.9,218.2,7.4,36.5,1.31,0.58,91.9,,-0.61,,,0.29,,,0,,,,0.08,,,,,
Michael Penix Jr.,QB,ATL,Showdown 4th Quarter,10/11/2026,Showdown 4th Quarter 10/11 9:50PM Q4 (BAL @ ATL),9400,44447575,15.17,17.25,1.61,28.2,,0.5,,,,,29.5,14.55,,12/30/1899,n/a,n/a,n/a,n/a,n/a,10/11/2026,18.54,29.49,62.9,218.2,7.4,36.5,1.31,0.58,91.9,,-0.61,,,0.29,,,0,,,,0.08,,,,,
Michael Wilson,WR,ARI,Classic,10/11/2026,"Classic 10/11 1:00PM, 11 Games",6200,44392188,16.94,17.23,2.73,18.6,,,79.5,,,,,14.35,,12/30/1899,DET @ ARI,Lions @ Cardinals,State Farm Stadium,retractable_dome,FOX,10/11/2026,,,,,,,,,,,,,,,6.98,10.5,83.21,11.92,24.55,,0.37,,,,,
Michael Wilson,WR,ARI,Late,10/11/2026,"Late 10/11 4:05PM, 3 Games",6200,44433348,16.94,17.23,2.73,18.6,,,79.5,,,,,14.35,,12/30/1899,DET @ ARI,Lions @ Cardinals,State Farm Stadium,retractable_dome,FOX,10/11/2026,,,,,,,,,,,,,,,6.98,10.5,83.21,11.92,24.55,,0.37,,,,,
Chris Olave,WR,NO,Classic,10/11/2026,"Classic 10/11 1:00PM, 11 Games",7700,44392172,15.97,17.21,2.07,23.1,,,,,,,,12.95,,12/30/1899,MIN @ NO,Vikings @ Saints,Caesars Superdome,dome,FOX,10/11/2026,,,,,,,,,,0.1,0.4,4,,0,6.68,10,80.67,12.08,24.31,0.41,0.31,,0,,,
Chris Olave,WR,NO,Early,10/11/2026,"Early 10/11 1:00PM, 8 Games",7700,44418729,15.97,17.21,2.07,23.1,,,,,,,,12.95,,12/30/1899,MIN @ NO,Vikings @ Saints,Caesars Superdome,dome,FOX,10/11/2026,,,,,,,,,,0.1,0.4,4,,0,6.68,10,80.67,12.08,24.31,0.41,0.31,,0,,,
Derrick Henry,RB,BAL,Showdown Captain Mode,10/11/2026,Showdown Captain Mode 10/11 8:20PM (BAL @ ATL),11000,44446693,14.41,17.14,1.31,33,,79.5,4.5,,88.5,,,13.95,,n/a,BAL @ ATL,Ravens @ Falcons,Mercedes-Benz Stadium,retractable_dome,NBC/Peacock,10/11/2026,,,,,,,,,,19.62,80.4,4.1,,0.53,1.26,1.5,4.74,3.78,5.5,0,0.56,,0.1,,,
Derrick Henry,RB,BAL,Showdown 2nd Half,10/11/2026,Showdown 2nd Half 10/11 9:20PM 2H (BAL @ ATL),11000,44447426,14.41,17.14,1.31,33,,79.5,4.5,,88.5,,,13.95,,n/a,BAL @ ATL,Ravens @ Falcons,Mercedes-Benz Stadium,retractable_dome,NBC/Peacock,10/11/2026,,,,,,,,,,19.62,80.4,4.1,,0.53,1.26,1.5,4.74,3.78,5.5,0,0.56,,0.1,,,
Derrick Henry,RB,BAL,Showdown 4th Quarter,10/11/2026,Showdown 4th Quarter 10/11 9:50PM Q4 (BAL @ ATL),11000,44447571,14.41,17.14,1.31,33,,79.5,4.5,,88.5,,,13.95,,n/a,BAL @ ATL,Ravens @ Falcons,Mercedes-Benz Stadium,retractable_dome,NBC/Peacock,10/11/2026,,,,,,,,,,19.62,80.4,4.1,,0.53,1.26,1.5,4.74,3.78,5.5,0,0.56,,0.1,,,
Drake London,WR,ATL,Classic,10/11/2026,"Classic 10/11 1:00PM, 13 Games",6700,44419652,16.51,17.13,2.46,20.1,,,79.5,,,,,13.45,,n/a,BAL @ ATL,Ravens @ Falcons,Mercedes-Benz Stadium,retractable_dome,NBC/Peacock,10/11/2026,,,,,,,,,,0.2,0.8,4,,0,6.13,9.5,80.2,13.09,25.54,0.46,0.44,,0,,,
Quinshon Judkins,CPT,CLE,Showdown Captain Mode,10/11/2026,Showdown Captain Mode 10/11 1:00PM (CLE @ NYJ),14400,44422347,11.91,16.92,0.83,43.2,,59.5,,,79.5,,,11.05,,n/a,CLE @ NYJ,Browns @ Jets,MetLife Stadium,outdoor,CBS,10/11/2026,,,,,,,,,,16.39,59.91,3.65,,,2.76,3.5,15.53,5.64,9.49,,0.37,,,,,
Kirk Cousins,QB,LV,Showdown Captain Mode,10/11/2026,Showdown Captain Mode 10/11 1:00PM (LV @ NE),9400,44420787,14.55,16.92,1.55,28.2,,0.5,,,,,,15.65,,n/a,LV @ NE,Raiders @ Patriots,Gillette Stadium,outdoor,CBS,10/11/2026,22.08,33.88,65.2,230.78,6.81,33.5,1.42,0.72,89.9,1.5,0.1,0.06,,,,,,,,,0.06,,,,,
Brock Bowers,TE,LV,Classic,10/11/2026,"Classic 10/11 1:00PM, 11 Games",7000,44392588,15.93,16.88,2.28,21,,,,,,,,12.85,,n/a,LV @ NE,Raiders @ Patriots,Gillette Stadium,outdoor,CBS,10/11/2026,,,,,,,,,,,,,,0,6.63,9,74.11,11.18,20.54,0.45,0.4,,0,,,
Brock Bowers,TE,LV,Early,10/11/2026,"Early 10/11 1:00PM, 8 Games",7000,44419029,15.93,16.88,2.28,21,,,,,,,,12.85,,n/a,LV @ NE,Raiders @ Patriots,Gillette Stadium,outdoor,CBS,10/11/2026,,,,,,,,,,,,,,0,6.63,9,74.11,11.18,20.54,0.45,0.4,,0,,,
Justin Jefferson,WR,MIN,Classic,10/11/2026,"Classic 10/11 1:00PM, 11 Games",7300,44392176,15.69,16.85,2.15,21.9,,,,,,,,12.75,,n/a,MIN @ NO,Vikings @ Saints,Caesars Superdome,dome,FOX,10/11/2026,,,,,,,,,,,,,,,6.35,9,78.5,12.37,25.36,,0.35,,,,,
Justin Jefferson,WR,MIN,Early,10/11/2026,"Early 10/11 1:00PM, 8 Games",7300,44418733,15.69,16.85,2.15,21.9,,,,,,,,12.75,,n/a,MIN @ NO,Vikings @ Saints,Caesars Superdome,dome,FOX,10/11/2026,,,,,,,,,,,,,,,6.35,9,78.5,12.37,25.36,,0.35,,,,,
Nico Collins,WR,HOU,Classic,10/11/2026,"Classic 10/11 1:00PM, 11 Games",7500,44392174,15.5,16.81,2.07,22.5,,,,,,,,12.65,,n/a,HOU @ TEN,Texans @ Titans,Nissan Stadium,outdoor,CBS,10/11/2026,,,,,,,,,,0.2,0.9,4.5,,0,5.67,8.5,77.79,13.71,26.35,0.45,0.4,,0,,,
Nico Collins,WR,HOU,Early,10/11/2026,"Early 10/11 1:00PM, 8 Games",7500,44418731,15.5,16.81,2.07,22.5,,,,,,,,12.65,,n/a,HOU @ TEN,Texans @ Titans,Nissan Stadium,outdoor,CBS,10/11/2026,,,,,,,,,,0.2,0.9,4.5,,0,5.67,8.5,77.79,13.71,26.35,0.45,0.4,,0,,,
Justin Herbert,QB,LAC,Showdown Captain Mode,10/11/2026,Showdown Captain Mode 10/11 4:05PM (DEN @ LAC),10000,44434436,14.18,16.71,1.42,30,,24.5,,199.5,,,,14.55,,n/a,DEN @ LAC,Broncos @ Chargers,SoFi Stadium,outdoor,CBS,10/11/2026,18.55,30.49,60.8,200.89,6.59,34.5,1.04,0.74,81.6,5.38,24.46,4.55,,,,,,,,,0.15,,,,,
Zay Flowers,WR,BAL,Showdown Captain Mode,10/11/2026,Showdown Captain Mode 10/11 8:20PM (BAL @ ATL),10000,44446695,13.63,16.69,1.36,30,,,,,,,,10.65,,n/a,BAL @ ATL,Ravens @ Falcons,Mercedes-Benz Stadium,retractable_dome,NBC/Peacock,10/11/2026,,,,,,,,,,,,,,,5.6,7.5,68.39,12.22,24.52,,0.32,,,,,
Zay Flowers,WR,BAL,Showdown 2nd Half,10/11/2026,Showdown 2nd Half 10/11 9:20PM 2H (BAL @ ATL),10000,44447428,13.63,16.69,1.36,30,,,,,,,,10.65,,n/a,BAL @ ATL,Ravens @ Falcons,Mercedes-Benz Stadium,retractable_dome,NBC/Peacock,10/11/2026,,,,,,,,,,,,,,,5.6,7.5,68.39,12.22,24.52,,0.32,,,,,
Zay Flowers,WR,BAL,Showdown 4th Quarter,10/11/2026,Showdown 4th Quarter 10/11 9:50PM Q4 (BAL @ ATL),10000,44447573,13.63,16.69,1.36,30,,,,,,,,10.65,,n/a,BAL @ ATL,Ravens @ Falcons,Mercedes-Benz Stadium,retractable_dome,NBC/Peacock,10/11/2026,,,,,,,,,,,,,,,5.6,7.5,68.39,12.22,24.52,,0.32,,,,,
Bhayshul Tuten,CPT,JAX,Showdown Captain Mode,10/11/2026,Showdown Captain Mode 10/11 9:30AM (PHI @ JAX),13200,44420518,12.29,16.66,0.93,39.6,,,,,79.5,,,11.55,,n/a,PHI @ JAX,Eagles @ Jaguars,Tottenham Hotspur Stadium,outdoor,NFL Network,10/11/2026,,,,,,,,,,15.04,67.94,4.52,,,1.68,2,9.83,5.85,7.55,,0.49,,,,,
Emanuel Wilson,CPT,SEA,Showdown Captain Mode,10/11/2026,Showdown Captain Mode 10/11 4:25PM (SF @ SEA),11100,44434610,13.08,16.58,1.18,33.3,,,,,77.5,,,13.05,,n/a,SF @ SEA,49ers @ Seahawks,Lumen Field,outdoor,FOX,10/11/2026,,,,,,,,,,16.71,63.51,3.8,,,1.96,2.5,14.74,7.53,8.69,,0.51,,,,,
C.J. Stroud,QB,HOU,Classic,10/11/2026,"Classic 10/11 1:00PM, 11 Games",5900,44391831,16.35,16.57,2.77,17.7,,9.5,,,,,31.5,16.95,,n/a,HOU @ TEN,Texans @ Titans,Nissan Stadium,outdoor,CBS,10/11/2026,21,31.69,66.3,238.74,7.53,38.5,1.43,0.53,96.7,2.94,9.65,3.28,,,,,,,,,0.11,,,,,
C.J. Stroud,QB,HOU,Early,10/11/2026,"Early 10/11 1:00PM, 8 Games",5900,44418486,16.35,16.57,2.77,17.7,,9.5,,,,,31.5,16.95,,n/a,HOU @ TEN,Texans @ Titans,Nissan Stadium,outdoor,CBS,10/11/2026,21,31.69,66.3,238.74,7.53,38.5,1.43,0.53,96.7,2.94,9.65,3.28,,,,,,,,,0.11,,,,,
James Cook III,RB,BUF,Classic,10/12/2026,"Classic 10/11 1:00PM, 13 Games",7100,44419336,15.63,16.54,2.2,21.3,,,,,89.5,,,13.15,,12/30/1899,n/a,n/a,n/a,n/a,n/a,10/12/2026,,,,,,,,,,16.94,75.45,4.45,,0.42,1.76,2,10.4,5.9,8.15,0.07,0.61,,0.1,,,
Jameis Winston,CPT,NYG,Showdown Captain Mode,10/11/2026,Showdown Captain Mode 10/11 1:00PM (NYG @ WAS),13200,44420731,12.04,16.45,0.91,39.6,,2.5,,199.5,,,,13.05,,n/a,NYG @ WAS,Giants @ Commanders,Northwest Stadium,outdoor,FOX,10/11/2026,18.68,30.63,61,199.88,6.53,34.44,1.05,0.91,79.2,,2.05,,,,,,,,,,0.09,,,,,
Cam Skattebo,CPT,NYG,Showdown Captain Mode,10/11/2026,Showdown Captain Mode 10/11 1:00PM (NYG @ WAS),13500,44420730,11.36,16.41,0.84,40.5,,,,,73.5,,,10.65,,n/a,NYG @ WAS,Giants @ Commanders,Northwest Stadium,outdoor,FOX,10/11/2026,,,,,,,,,,15.53,56.51,3.64,,,2.3,2.5,13.09,5.69,8.54,,0.42,,,,,
Josh Downs,CPT,IND,Showdown Captain Mode,10/11/2026,Showdown Captain Mode 10/11 1:00PM (IND @ PIT),12900,44423247,11.68,16.36,0.91,38.7,,,59.5,,,,,9.15,,n/a,IND @ PIT,Colts @ Steelers,Acrisure Stadium,outdoor,CBS,10/11/2026,,,,,,,,,,,,,,,5,7.5,57.44,11.49,21.37,,0.28,,,,,
Matthew Golden,CPT,GB,Showdown Captain Mode,10/11/2026,Showdown Captain Mode 10/11 1:00PM (CHI @ GB),13200,44423853,11.47,16.35,0.87,39.6,,,,,,,,9.25,,n/a,CHI @ GB,Bears @ Packers,Lambeau Field,outdoor,FOX,10/11/2026,,,,,,,,,,,,,,,4.67,7,57.51,12.31,19.54,,0.3,,,,,
Aaron Jones Sr.,RB,MIN,Classic,10/11/2026,"Classic 10/11 1:00PM, 11 Games",6500,44391908,15.61,16.28,2.4,19.5,,,,,96.5,,,15.05,,12/30/1899,n/a,n/a,n/a,n/a,n/a,10/11/2026,,,,,,,,,,17.62,72.46,4.11,,,3.02,3.5,20.32,6.72,9.31,,0.51,,,,,
Aaron Jones Sr.,RB,MIN,Early,10/11/2026,"Early 10/11 1:00PM, 8 Games",6500,44418543,15.61,16.28,2.4,19.5,,,,,96.5,,,15.05,,12/30/1899,n/a,n/a,n/a,n/a,n/a,10/11/2026,,,,,,,,,,17.62,72.46,4.11,,,3.02,3.5,20.32,6.72,9.31,,0.51,,,,,
Geno Smith,QB,NYJ,Showdown Captain Mode,10/11/2026,Showdown Captain Mode 10/11 1:00PM (CLE @ NYJ),9000,44422296,13.79,16.26,1.53,27,,,,,,,,14.45,,n/a,CLE @ NYJ,Browns @ Jets,MetLife Stadium,outdoor,CBS,10/11/2026,20.11,30.7,65.5,204.96,6.68,31.5,1.19,0.74,87.3,,9.82,,,,,,,,,,0.1,,,,,
Cam Ward,CPT,TEN,Showdown Captain Mode,10/11/2026,Showdown Captain Mode 10/11 1:00PM (HOU @ TEN),13500,44420955,11.14,16.23,0.83,40.5,,,,,,,31.5,11.45,,n/a,HOU @ TEN,Texans @ Titans,Nissan Stadium,outdoor,CBS,10/11/2026,19.41,31.63,61.4,189.41,5.99,29.5,0.6,0.66,75.8,3.42,10.9,3.19,,,,,,,,,0.12,,,,,
Davante Adams,WR,LAR,Showdown Captain Mode,10/12/2026,Showdown Captain Mode 10/12 8:15PM (BUF @ LAR),9400,44446800,13.43,16.19,1.43,28.2,,,,,,,,11.45,,n/a,BUF @ LAR,Bills @ Rams,SoFi Stadium,outdoor,ABC/ESPN,10/12/2026,,,,,,,,,,0,0,,,0,4.42,7.5,62.99,14.26,23.47,0.48,0.48,,0,,,
Davante Adams,WR,LAR,Showdown 2nd Half,10/12/2026,Showdown 2nd Half 10/12 9:15PM 2H (BUF @ LAR),9400,44447675,13.43,16.19,1.43,28.2,,,,,,,,11.45,,n/a,BUF @ LAR,Bills @ Rams,SoFi Stadium,outdoor,ABC/ESPN,10/12/2026,,,,,,,,,,0,0,,,0,4.42,7.5,62.99,14.26,23.47,0.48,0.48,,0,,,
Davante Adams,WR,LAR,Showdown 4th Quarter,10/12/2026,Showdown 4th Quarter 10/12 9:45PM Q4 (BUF @ LAR),9400,44447773,13.43,16.19,1.43,28.2,,,,,,,,11.45,,n/a,BUF @ LAR,Bills @ Rams,SoFi Stadium,outdoor,ABC/ESPN,10/12/2026,,,,,,,,,,0,0,,,0,4.42,7.5,62.99,14.26,23.47,0.48,0.48,,0,,,
Bo Nix,QB,DEN,Classic,10/11/2026,"Classic 10/11 1:00PM, 11 Games",5600,44391834,15.97,16.11,2.85,16.8,,,,224.5,,,,16.85,,n/a,DEN @ LAC,Broncos @ Chargers,SoFi Stadium,outdoor,CBS,10/11/2026,21.63,33.63,64.3,221.25,6.58,33.68,1.36,0.69,88,4.52,12.98,2.87,,,,,,,,,0.18,,,,,
Bo Nix,QB,DEN,Late,10/11/2026,"Late 10/11 4:05PM, 3 Games",5600,44433249,15.97,16.11,2.85,16.8,,,,224.5,,,,16.85,,n/a,DEN @ LAC,Broncos @ Chargers,SoFi Stadium,outdoor,CBS,10/11/2026,21.63,33.63,64.3,221.25,6.58,33.68,1.36,0.69,88,4.52,12.98,2.87,,,,,,,,,0.18,,,,,
DK Metcalf,CPT,PIT,Showdown Captain Mode,10/11/2026,Showdown Captain Mode 10/11 1:00PM (IND @ PIT),12600,44423249,11.11,16.09,0.88,37.8,,,,,,,,9.25,,n/a,IND @ PIT,Colts @ Steelers,Acrisure Stadium,outdoor,CBS,10/11/2026,,,,,,,,,,,,,,,4.3,7,52.2,12.15,20.58,,0.36,,,,,
Daniel Jones,QB,IND,Showdown Captain Mode,10/11/2026,Showdown Captain Mode 10/11 1:00PM (IND @ PIT),9600,44423154,13.36,16.04,1.39,28.8,,,,,,,31.5,14.15,,n/a,IND @ PIT,Colts @ Steelers,Acrisure Stadium,outdoor,CBS,10/11/2026,20.21,31.7,63.8,210.91,6.65,32.44,1.02,0.75,83.8,2.82,7.6,2.7,,,,,,,,,0.14,,,,,
Jordan Love,QB,GB,Classic,10/11/2026,"Classic 10/11 1:00PM, 11 Games",5700,44391833,15.7,15.94,2.75,17.1,,,,,,,33.5,16.75,,n/a,CHI @ GB,Bears @ Packers,Lambeau Field,outdoor,FOX,10/11/2026,21.42,33.5,63.9,236.67,7.06,37.5,1.41,0.71,90,,6.15,,,,,,,,,,0.11,,,,,
Jordan Love,QB,GB,Early,10/11/2026,"Early 10/11 1:00PM, 8 Games",5700,44418487,15.7,15.94,2.75,17.1,,,,,,,33.5,16.75,,n/a,CHI @ GB,Bears @ Packers,Lambeau Field,outdoor,FOX,10/11/2026,21.42,33.5,63.9,236.67,7.06,37.5,1.41,0.71,90,,6.15,,,,,,,,,,0.11,,,,,
Sam Darnold,QB,SEA,Classic,10/11/2026,"Classic 10/11 1:00PM, 11 Games",5800,44391832,15.68,15.93,2.7,17.4,1.5,4.5,,,,,30.5,17.25,,n/a,SF @ SEA,49ers @ Seahawks,Lumen Field,outdoor,FOX,10/11/2026,20.45,30.44,67.2,229.76,7.55,33.38,1.51,0.62,97.6,,4.58,,,,,,,,,,0.1,,,,,
Sam Darnold,QB,SEA,Late,10/11/2026,"Late 10/11 4:05PM, 3 Games",5800,44433248,15.68,15.93,2.7,17.4,1.5,4.5,,,,,30.5,17.25,,n/a,SF @ SEA,49ers @ Seahawks,Lumen Field,outdoor,FOX,10/11/2026,20.45,30.44,67.2,229.76,7.55,33.38,1.51,0.62,97.6,,4.58,,,,,,,,,,0.1,,,,,
Jaylen Warren,RB,PIT,Classic,10/11/2026,"Classic 10/11 1:00PM, 11 Games",6700,44391906,15.04,15.92,2.24,20.1,,,,,85.5,,,13.65,,n/a,IND @ PIT,Colts @ Steelers,Acrisure Stadium,outdoor,CBS,10/11/2026,,,,,,,,,,15.6,61.31,3.93,,0.5,2.86,3,18.9,6.6,11.5,,0.54,,,,,
Jaylen Warren,RB,PIT,Early,10/11/2026,"Early 10/11 1:00PM, 8 Games",6700,44418541,15.04,15.92,2.24,20.1,,,,,85.5,,,13.65,,n/a,IND @ PIT,Colts @ Steelers,Acrisure Stadium,outdoor,CBS,10/11/2026,,,,,,,,,,15.6,61.31,3.93,,0.5,2.86,3,18.9,6.6,11.5,,0.54,,,,,
Tyler Shough,QB,NO,Classic,10/11/2026,"Classic 10/11 1:00PM, 11 Games",6100,44391829,15.39,15.89,2.52,18.3,,9.5,,,,,,16.05,,n/a,MIN @ NO,Vikings @ Saints,Caesars Superdome,dome,FOX,10/11/2026,22.66,36.61,61.9,236.71,6.47,34.5,1.11,0.79,81.7,,10,,,,,,,,,,0.21,,,,,
Tyler Shough,QB,NO,Early,10/11/2026,"Early 10/11 1:00PM, 8 Games",6100,44418484,15.39,15.89,2.52,18.3,,9.5,,,,,,16.05,,n/a,MIN @ NO,Vikings @ Saints,Caesars Superdome,dome,FOX,10/11/2026,22.66,36.61,61.9,236.71,6.47,34.5,1.11,0.79,81.7,,10,,,,,,,,,,0.21,,,,,
Jeremiyah Love,CPT,ARI,Showdown Captain Mode,10/11/2026,Showdown Captain Mode 10/11 4:25PM (DET @ ARI),12000,44434822,11.64,15.86,0.97,36,,,,,61.5,,,9.85,,n/a,DET @ ARI,Lions @ Cardinals,State Farm Stadium,retractable_dome,FOX,10/11/2026,,,,,,,,,,11.89,45.46,3.82,,,2.52,3,11.45,4.55,8.38,,0.51,,,,,
Malik Willis,QB,MIA,Showdown Captain Mode,10/11/2026,Showdown Captain Mode 10/11 1:00PM (CIN @ MIA),8600,44420572,13.53,15.82,1.57,25.8,,,,,,,,14.75,,n/a,CIN @ MIA,Bengals @ Dolphins,Hard Rock Stadium,outdoor,FOX,10/11/2026,16.99,28.45,59.7,189.23,6.65,33.63,0.61,0.68,76.7,5.72,28.76,5.03,,,,,,,,,0.22,,,,,
Derrick Henry,RB,BAL,Classic,10/11/2026,"Classic 10/11 1:00PM, 13 Games",8000,44419330,14.41,15.82,1.8,24,,79.5,4.5,,88.5,,,13.95,,n/a,BAL @ ATL,Ravens @ Falcons,Mercedes-Benz Stadium,retractable_dome,NBC/Peacock,10/11/2026,,,,,,,,,,19.62,80.4,4.1,,0.53,1.26,1.5,4.74,3.78,5.5,0,0.56,,0.1,,,
Braelon Allen,RB,NYJ,Showdown Captain Mode,10/11/2026,Showdown Captain Mode 10/11 1:00PM (CLE @ NYJ),8800,44422297,13.99,15.81,1.59,26.4,,,14.5,,88.5,0.5,,13.65,,n/a,CLE @ NYJ,Browns @ Jets,MetLife Stadium,outdoor,CBS,10/11/2026,,,,,,,,,,17.33,71.57,4.13,,,2.62,3.5,13.74,5.24,8.2,,0.49,,,,,
Carnell Tate,CPT,TEN,Showdown Captain Mode,10/11/2026,Showdown Captain Mode 10/11 1:00PM (HOU @ TEN),14100,44420954,9.71,15.79,0.69,42.3,,,,,,,,6.95,,12/30/1899,HOU @ TEN,Texans @ Titans,Nissan Stadium,outdoor,CBS,10/11/2026,,,,,,,,,,,,,,,4.5,7,47.73,10.61,18.38,,0.19,,,,,
Tyler Warren,CPT,IND,Showdown Captain Mode,10/11/2026,Showdown Captain Mode 10/11 1:00PM (IND @ PIT),12000,44423251,10.98,15.65,0.92,36,,,,,,,,8.25,,n/a,IND @ PIT,Colts @ Steelers,Acrisure Stadium,outdoor,CBS,10/11/2026,,,,,,,,,,,,,,0,5.26,7.5,45.67,8.68,16.74,0.39,0.31,,0,,,
Garrett Wilson,WR,NYJ,Classic,10/11/2026,"Classic 10/11 1:00PM, 11 Games",6600,44392180,14.75,15.63,2.23,19.8,,,69.5,,,,,11.95,,n/a,CLE @ NYJ,Browns @ Jets,MetLife Stadium,outdoor,CBS,10/11/2026,,,,,,,,,,,,,,,6.09,9,68.01,11.16,22.31,,0.39,,,,,
Garrett Wilson,WR,NYJ,Early,10/11/2026,"Early 10/11 1:00PM, 8 Games",6600,44418737,14.75,15.63,2.23,19.8,,,69.5,,,,,11.95,,n/a,CLE @ NYJ,Browns @ Jets,MetLife Stadium,outdoor,CBS,10/11/2026,,,,,,,,,,,,,,,6.09,9,68.01,11.16,22.31,,0.39,,,,,
Deshaun Watson,QB,CLE,Classic,10/11/2026,"Classic 10/11 1:00PM, 11 Games",5100,44391839,15.69,15.62,3.08,15.3,,,,199.5,,,,16.85,,n/a,CLE @ NYJ,Browns @ Jets,MetLife Stadium,outdoor,CBS,10/11/2026,19.65,31.35,62.7,201.45,6.42,33.5,1.12,0.65,84.4,5.97,25.9,4.34,,,,,,,,,0.2,,,,,
Deshaun Watson,QB,CLE,Early,10/11/2026,"Early 10/11 1:00PM, 8 Games",5100,44418491,15.69,15.62,3.08,15.3,,,,199.5,,,,16.85,,n/a,CLE @ NYJ,Browns @ Jets,MetLife Stadium,outdoor,CBS,10/11/2026,19.65,31.35,62.7,201.45,6.42,33.5,1.12,0.65,84.4,5.97,25.9,4.34,,,,,,,,,0.2,,,,,
Tyler Huntley,QB,BAL,Showdown Captain Mode,10/11/2026,Showdown Captain Mode 10/11 8:20PM (BAL @ ATL),8800,44446698,13.51,15.57,1.54,26.4,,29.5,,174.5,,,,13.55,,n/a,BAL @ ATL,Ravens @ Falcons,Mercedes-Benz Stadium,retractable_dome,NBC/Peacock,10/11/2026,17.94,27.51,65.2,170.44,6.2,30.5,1,0.61,85.2,5.81,28.5,4.9,,,,,,,,,0.19,,,,,
Tyler Huntley,QB,BAL,Showdown 2nd Half,10/11/2026,Showdown 2nd Half 10/11 9:20PM 2H (BAL @ ATL),8800,44447431,13.51,15.57,1.54,26.4,,29.5,,174.5,,,,13.55,,n/a,BAL @ ATL,Ravens @ Falcons,Mercedes-Benz Stadium,retractable_dome,NBC/Peacock,10/11/2026,17.94,27.51,65.2,170.44,6.2,30.5,1,0.61,85.2,5.81,28.5,4.9,,,,,,,,,0.19,,,,,
Tyler Huntley,QB,BAL,Showdown 4th Quarter,10/11/2026,Showdown 4th Quarter 10/11 9:50PM Q4 (BAL @ ATL),8800,44447576,13.51,15.57,1.54,26.4,,29.5,,174.5,,,,13.55,,n/a,BAL @ ATL,Ravens @ Falcons,Mercedes-Benz Stadium,retractable_dome,NBC/Peacock,10/11/2026,17.94,27.51,65.2,170.44,6.2,30.5,1,0.61,85.2,5.81,28.5,4.9,,,,,,,,,0.19,,,,,
Romeo Doubs,CPT,NE,Showdown Captain Mode,10/11/2026,Showdown Captain Mode 10/11 1:00PM (LV @ NE),13500,44420845,10.3,15.53,0.76,40.5,,,49.5,,,,,8.75,,n/a,LV @ NE,Raiders @ Patriots,Gillette Stadium,outdoor,CBS,10/11/2026,,,,,,,,,,,,,,,3.91,5.5,49.34,12.61,22.4,,0.35,,,,,
Mike Evans,CPT,SF,Showdown Captain Mode,10/11/2026,Showdown Captain Mode 10/11 4:25PM (SF @ SEA),13500,44434608,10.18,15.44,0.75,40.5,,,49.5,,,,,8.65,,n/a,SF @ SEA,49ers @ Seahawks,Lumen Field,outdoor,FOX,10/11/2026,,,,,,,,,,,,,,,4.02,6.5,49.53,12.31,20.6,,0.32,,,,,
Kyler Murray,QB,MIN,Classic,10/11/2026,"Classic 10/11 1:00PM, 11 Games",5200,44391838,15.4,15.43,2.96,15.6,,,,,,,31.5,16.35,,n/a,MIN @ NO,Vikings @ Saints,Caesars Superdome,dome,FOX,10/11/2026,20.87,31.71,65.8,213.35,6.73,31.5,1.17,0.61,89.3,,18.33,,,,,,,,,,0.16,,,,,
Kyler Murray,QB,MIN,Early,10/11/2026,"Early 10/11 1:00PM, 8 Games",5200,44418490,15.4,15.43,2.96,15.6,,,,,,,31.5,16.35,,n/a,MIN @ NO,Vikings @ Saints,Caesars Superdome,dome,FOX,10/11/2026,20.87,31.71,65.8,213.35,6.73,31.5,1.17,0.61,89.3,,18.33,,,,,,,,,,0.16,,,,,
Tyson Bagent,QB,CHI,Classic,10/11/2026,"Classic 10/11 1:00PM, 11 Games",4700,44391845,15.68,15.41,3.34,14.1,,,,,,,31.5,15.95,,n/a,CHI @ GB,Bears @ Packers,Lambeau Field,outdoor,FOX,10/11/2026,20.48,31.67,64.7,220.29,6.96,33.5,1.44,0.68,91.1,3.68,9.16,2.49,,,,,,,,,0.15,,,,,
Tyson Bagent,QB,CHI,Early,10/11/2026,"Early 10/11 1:00PM, 8 Games",4700,44418496,15.68,15.41,3.34,14.1,,,,,,,31.5,15.95,,n/a,CHI @ GB,Bears @ Packers,Lambeau Field,outdoor,FOX,10/11/2026,20.48,31.67,64.7,220.29,6.96,33.5,1.44,0.68,91.1,3.68,9.16,2.49,,,,,,,,,0.15,,,,,
RJ Harvey,CPT,DEN,Showdown Captain Mode,10/11/2026,Showdown Captain Mode 10/11 4:05PM (DEN @ LAC),12600,44434495,10.62,15.33,0.84,37.8,,,,,57.5,,,9.45,,n/a,DEN @ LAC,Broncos @ Chargers,SoFi Stadium,outdoor,CBS,10/11/2026,,,,,,,,,,,25.56,,,,4.14,5,27.23,6.57,12.12,,0.32,,,,,
Parker Washington,WR,JAX,Showdown Captain Mode,10/11/2026,Showdown Captain Mode 10/11 9:30AM (PHI @ JAX),9200,44420462,12.63,15.22,1.37,27.6,,,59.5,,,,,10.45,,n/a,PHI @ JAX,Eagles @ Jaguars,Tottenham Hotspur Stadium,outdoor,NFL Network,10/11/2026,,,,,,,,,,,,,,,4.68,7,61.49,13.15,23.5,,0.39,,,,,
Luther Burden III,CPT,CHI,Showdown Captain Mode,10/11/2026,Showdown Captain Mode 10/11 1:00PM (CHI @ GB),11700,44423857,10.58,15.16,0.9,35.1,,,,,,,,8.35,,12/30/1899,n/a,n/a,n/a,n/a,n/a,10/11/2026,,,,0,,,,,,,3,,,0,4.61,6.5,47.5,10.31,19.42,0.39,0.28,,,,,
Aaron Rodgers,QB,PIT,Classic,10/11/2026,"Classic 10/11 1:00PM, 11 Games",5300,44391837,14.96,15.12,2.82,15.9,,0.5,,,,,,15.45,,n/a,IND @ PIT,Colts @ Steelers,Acrisure Stadium,outdoor,CBS,10/11/2026,21.46,34.81,61.7,224.72,6.46,34.73,1.48,0.6,87.3,,1.65,,,,,,,,,,0.08,,,,,
Aaron Rodgers,QB,PIT,Early,10/11/2026,"Early 10/11 1:00PM, 8 Games",5300,44418489,14.96,15.12,2.82,15.9,,0.5,,,,,,15.45,,n/a,IND @ PIT,Colts @ Steelers,Acrisure Stadium,outdoor,CBS,10/11/2026,21.46,34.81,61.7,224.72,6.46,34.73,1.48,0.6,87.3,,1.65,,,,,,,,,,0.08,,,,,
Christian Watson,WR,GB,Showdown Captain Mode,10/11/2026,Showdown Captain Mode 10/11 1:00PM (CHI @ GB),9400,44423797,12.08,15.09,1.29,28.2,,,,,,,,9.65,,n/a,CHI @ GB,Bears @ Packers,Lambeau Field,outdoor,FOX,10/11/2026,,,,,,,,,,0.1,0.5,5,,0,4.45,7.5,61.49,13.82,23.57,0.42,0.35,,0,,,
Michael Penix Jr.,QB,ATL,Classic,10/11/2026,"Classic 10/11 1:00PM, 13 Games",4900,44419259,15.17,15.09,3.1,14.7,,0.5,,,,,29.5,14.55,,12/30/1899,n/a,n/a,n/a,n/a,n/a,10/11/2026,18.54,29.49,62.9,218.2,7.4,36.5,1.31,0.58,91.9,,-0.61,,,0.29,,,0,,,,0.08,,,,,
Dalton Kincaid,CPT,BUF,Showdown Captain Mode,10/12/2026,Showdown Captain Mode 10/12 8:15PM (BUF @ LAR),9900,44446853,11.73,15.08,1.18,29.7,,,,,,,,8.75,,n/a,BUF @ LAR,Bills @ Rams,SoFi Stadium,outdoor,ABC/ESPN,10/12/2026,,,,,,,,,,,,,,0,4.58,6,58.29,12.74,22.43,0.41,0.33,,0,,,
Dalton Kincaid,CPT,BUF,Showdown 2nd Half,10/12/2026,Showdown 2nd Half 10/12 9:15PM 2H (BUF @ LAR),9900,44447630,11.73,15.08,1.18,29.7,,,,,,,,8.75,,n/a,BUF @ LAR,Bills @ Rams,SoFi Stadium,outdoor,ABC/ESPN,10/12/2026,,,,,,,,,,,,,,0,4.58,6,58.29,12.74,22.43,0.41,0.33,,0,,,
Dalton Kincaid,CPT,BUF,Showdown 4th Quarter,10/12/2026,Showdown 4th Quarter 10/12 9:45PM Q4 (BUF @ LAR),9900,44447728,11.73,15.08,1.18,29.7,,,,,,,,8.75,,n/a,BUF @ LAR,Bills @ Rams,SoFi Stadium,outdoor,ABC/ESPN,10/12/2026,,,,,,,,,,,,,,0,4.58,6,58.29,12.74,22.43,0.41,0.33,,0,,,
Rhamondre Stevenson,CPT,NE,Showdown Captain Mode,10/11/2026,Showdown Captain Mode 10/11 1:00PM (LV @ NE),12000,44420846,10.67,15.06,0.89,36,,,,,58.5,,,10.85,,n/a,LV @ NE,Raiders @ Patriots,Gillette Stadium,outdoor,CBS,10/11/2026,,,,,,,,,,10.88,36.86,3.39,,,2.77,3,15.5,5.6,10.5,,0.44,,,,,
Zay Flowers,WR,BAL,Classic,10/11/2026,"Classic 10/11 1:00PM, 13 Games",7000,44419648,13.63,15.01,1.95,21,,,,,,,,10.65,,n/a,BAL @ ATL,Ravens @ Falcons,Mercedes-Benz Stadium,retractable_dome,NBC/Peacock,10/11/2026,,,,,,,,,,,,,,,5.6,7.5,68.39,12.22,24.52,,0.32,,,,,
George Kittle,CPT,SF,Showdown Captain Mode,10/11/2026,Showdown Captain Mode 10/11 4:25PM (SF @ SEA),10800,44434611,11.34,14.99,1.05,32.4,,,,,,,,9.55,,n/a,SF @ SEA,49ers @ Seahawks,Lumen Field,outdoor,FOX,10/11/2026,,,,,,,,,,,,,,0,4.69,6,53.57,11.43,20.52,0.41,0.33,,0,,,
Jameson Williams,CPT,DET,Showdown Captain Mode,10/11/2026,Showdown Captain Mode 10/11 4:25PM (DET @ ARI),11700,44434823,10.33,14.95,0.88,35.1,,,,,,,,8.75,,n/a,DET @ ARI,Lions @ Cardinals,State Farm Stadium,retractable_dome,FOX,10/11/2026,,,,,,,,,,,,,,,3.65,6,53.38,14.62,23.59,,0.33,,,,,
Sam LaPorta,CPT,DET,Showdown Captain Mode,10/11/2026,Showdown Captain Mode 10/11 4:25PM (DET @ ARI),9600,44434824,11.65,14.85,1.21,28.8,,,,,,,,9.25,,n/a,DET @ ARI,Lions @ Cardinals,State Farm Stadium,retractable_dome,FOX,10/11/2026,,,,,,,,,,,,,,0,5.01,7,51.64,10.31,19.41,0.42,0.35,,0,,,
Kirk Cousins,QB,LV,Classic,10/11/2026,"Classic 10/11 1:00PM, 11 Games",5400,44391836,14.55,14.84,2.69,16.2,,0.5,,,,,,15.65,,n/a,LV @ NE,Raiders @ Patriots,Gillette Stadium,outdoor,CBS,10/11/2026,22.08,33.88,65.2,230.78,6.81,33.5,1.42,0.72,89.9,1.5,0.1,0.06,,,,,,,,,0.06,,,,,
Kirk Cousins,QB,LV,Early,10/11/2026,"Early 10/11 1:00PM, 8 Games",5400,44418488,14.55,14.84,2.69,16.2,,0.5,,,,,,15.65,,n/a,LV @ NE,Raiders @ Patriots,Gillette Stadium,outdoor,CBS,10/11/2026,22.08,33.88,65.2,230.78,6.81,33.5,1.42,0.72,89.9,1.5,0.1,0.06,,,,,,,,,0.06,,,,,
Tee Higgins,WR,CIN,Showdown Captain Mode,10/11/2026,Showdown Captain Mode 10/11 1:00PM (CIN @ MIA),10000,44420571,11.35,14.83,1.14,30,,,,,,,,11.55,,n/a,CIN @ MIA,Bengals @ Dolphins,Hard Rock Stadium,outdoor,FOX,10/11/2026,,,,,,,,,,,,,,,,,69.5,,23.5,,0.54,,,,,
David Montgomery,CPT,HOU,Showdown Captain Mode,10/11/2026,Showdown Captain Mode 10/11 1:00PM (HOU @ TEN),14700,44420952,8.68,14.82,0.59,44.1,,,,,55.5,,,8.25,,n/a,HOU @ TEN,Texans @ Titans,Nissan Stadium,outdoor,CBS,10/11/2026,,,,,,,,,,13.94,42.88,3.08,,,1.51,1.5,7.48,4.94,6.61,,0.42,,,,,
Jaylen Waddle,WR,DEN,Showdown Captain Mode,10/11/2026,Showdown Captain Mode 10/11 4:05PM (DEN @ LAC),9600,44434437,11.53,14.75,1.2,28.8,,,,,,,,9.95,,n/a,DEN @ LAC,Broncos @ Chargers,SoFi Stadium,outdoor,CBS,10/11/2026,,,,,,,,,,,,,,,4.69,6.5,56.31,12.02,21.36,,0.32,,,,,
Malik Nabers,WR,NYG,Showdown Captain Mode,10/11/2026,Showdown Captain Mode 10/11 1:00PM (NYG @ WAS),9600,44420673,11.51,14.74,1.2,28.8,,,,,,,,9.25,,n/a,NYG @ WAS,Giants @ Commanders,Northwest Stadium,outdoor,FOX,10/11/2026,,,,,,,,,,,,,,,4.98,8,54.32,10.9,21.48,,0.3,,,,,
Davante Adams,WR,LAR,Classic,10/12/2026,"Classic 10/11 1:00PM, 13 Games",6800,44419650,13.43,14.73,1.98,20.4,,,,,,,,11.45,,n/a,BUF @ LAR,Bills @ Rams,SoFi Stadium,outdoor,ABC/ESPN,10/12/2026,,,,,,,,,,0,0,,,0,4.42,7.5,62.99,14.26,23.47,0.48,0.48,,0,,,
Tony Pollard,CPT,TEN,Showdown Captain Mode,10/11/2026,Showdown Captain Mode 10/11 1:00PM (HOU @ TEN),14400,44420953,8.74,14.71,0.61,43.2,,,,,62.5,,,8.35,,n/a,HOU @ TEN,Texans @ Titans,Nissan Stadium,outdoor,CBS,10/11/2026,,,,,,,,,,14.17,50.43,3.56,,,1.64,2,10.19,6.22,7.55,,0.29,,,,,
Emanuel Wilson,RB,SEA,Showdown Captain Mode,10/11/2026,Showdown Captain Mode 10/11 4:25PM (SF @ SEA),7400,44434551,13.08,14.66,1.77,22.2,,,,,77.5,,,13.05,,n/a,SF @ SEA,49ers @ Seahawks,Lumen Field,outdoor,FOX,10/11/2026,,,,,,,,,,16.71,63.51,3.8,,,1.96,2.5,14.74,7.53,8.69,,0.51,,,,,
Quinshon Judkins,RB,CLE,Showdown Captain Mode,10/11/2026,Showdown Captain Mode 10/11 1:00PM (CLE @ NYJ),9600,44422294,11.91,14.61,1.24,28.8,,59.5,,,79.5,,,11.05,,n/a,CLE @ NYJ,Browns @ Jets,MetLife Stadium,outdoor,CBS,10/11/2026,,,,,,,,,,16.39,59.91,3.65,,,2.76,3.5,15.53,5.64,9.49,,0.37,,,,,
Bhayshul Tuten,RB,JAX,Showdown Captain Mode,10/11/2026,Showdown Captain Mode 10/11 9:30AM (PHI @ JAX),8800,44420463,12.29,14.55,1.4,26.4,,,,,79.5,,,11.55,,n/a,PHI @ JAX,Eagles @ Jaguars,Tottenham Hotspur Stadium,outdoor,NFL Network,10/11/2026,,,,,,,,,,15.04,67.94,4.52,,,1.68,2,9.83,5.85,7.55,,0.49,,,,,
Denzel Boston,CPT,CLE,Showdown Captain Mode,10/11/2026,Showdown Captain Mode 10/11 1:00PM (CLE @ NYJ),12300,44422351,9.38,14.52,0.76,36.9,,,,,,,,7.85,,n/a,CLE @ NYJ,Browns @ Jets,MetLife Stadium,outdoor,CBS,10/11/2026,,,,,,,,,,,,,,,3.46,6,47.55,13.75,22.5,,0.31,,,,,
Malik Washington,CPT,MIA,Showdown Captain Mode,10/11/2026,Showdown Captain Mode 10/11 1:00PM (CIN @ MIA),11400,44420627,10.36,14.49,0.91,34.2,,3.5,,,,,,7.65,,n/a,CIN @ MIA,Bengals @ Dolphins,Hard Rock Stadium,outdoor,FOX,10/11/2026,,,,,,,,,,,3.5,,,,4.68,6.5,46.56,9.95,17.31,,0.24,,,,,
Justin Herbert,QB,LAC,Classic,10/11/2026,"Classic 10/11 1:00PM, 11 Games",5100,44391840,14.18,14.36,2.78,15.3,,24.5,,199.5,,,,14.55,,n/a,DEN @ LAC,Broncos @ Chargers,SoFi Stadium,outdoor,CBS,10/11/2026,18.55,30.49,60.8,200.89,6.59,34.5,1.04,0.74,81.6,5.38,24.46,4.55,,,,,,,,,0.15,,,,,
Justin Herbert,QB,LAC,Late,10/11/2026,"Late 10/11 4:05PM, 3 Games",5100,44433251,14.18,14.36,2.78,15.3,,24.5,,199.5,,,,14.55,,n/a,DEN @ LAC,Broncos @ Chargers,SoFi Stadium,outdoor,CBS,10/11/2026,18.55,30.49,60.8,200.89,6.59,34.5,1.04,0.74,81.6,5.38,24.46,4.55,,,,,,,,,0.15,,,,,
Jameis Winston,QB,NYG,Showdown Captain Mode,10/11/2026,Showdown Captain Mode 10/11 1:00PM (NYG @ WAS),8800,44420675,12.04,14.34,1.37,26.4,,2.5,,199.5,,,,13.05,,n/a,NYG @ WAS,Giants @ Commanders,Northwest Stadium,outdoor,FOX,10/11/2026,18.68,30.63,61,199.88,6.53,34.44,1.05,0.91,79.2,,2.05,,,,,,,,,,0.09,,,,,
Jordan Addison,CPT,MIN,Showdown Captain Mode,10/11/2026,Showdown Captain Mode 10/11 1:00PM (MIN @ NO),13200,44422705,8.53,14.33,0.65,39.6,,,,,,,,7.35,,n/a,MIN @ NO,Vikings @ Saints,Caesars Superdome,dome,FOX,10/11/2026,,,,,,,,,,,,,,,3.45,5.5,40.4,11.7,19.6,,0.29,,,,,
Braelon Allen,RB,NYJ,Classic,10/11/2026,"Classic 10/11 1:00PM, 11 Games",5400,44391932,13.99,14.31,2.59,16.2,,,14.5,,88.5,0.5,,13.65,,n/a,CLE @ NYJ,Browns @ Jets,MetLife Stadium,outdoor,CBS,10/11/2026,,,,,,,,,,17.33,71.57,4.13,,,2.62,3.5,13.74,5.24,8.2,,0.49,,,,,
Braelon Allen,RB,NYJ,Early,10/11/2026,"Early 10/11 1:00PM, 8 Games",5400,44418561,13.99,14.31,2.59,16.2,,,14.5,,88.5,0.5,,13.65,,n/a,CLE @ NYJ,Browns @ Jets,MetLife Stadium,outdoor,CBS,10/11/2026,,,,,,,,,,17.33,71.57,4.13,,,2.62,3.5,13.74,5.24,8.2,,0.49,,,,,
Isaiah Likely,CPT,NYG,Showdown Captain Mode,10/11/2026,Showdown Captain Mode 10/11 1:00PM (NYG @ WAS),11100,44420736,9.9,14.27,0.89,33.3,,,,,,,,7.15,,n/a,NYG @ WAS,Giants @ Commanders,Northwest Stadium,outdoor,FOX,10/11/2026,,,,,,,,,,,,,,0,4.67,6.5,42.44,9.08,17.51,0.38,0.29,,0,,,
Tucker Kraft,CPT,GB,Showdown Captain Mode,10/11/2026,Showdown Captain Mode 10/11 1:00PM (CHI @ GB),10500,44423859,10.65,14.26,1.01,31.5,,,49.5,,,,,7.85,,12/30/1899,CHI @ GB,Bears @ Packers,Lambeau Field,outdoor,FOX,10/11/2026,,,,,,,,,,,,,,0,4.59,6,49.77,10.85,19.43,0.39,0.3,,0,,,
Josh Downs,WR,IND,Showdown Captain Mode,10/11/2026,Showdown Captain Mode 10/11 1:00PM (IND @ PIT),8600,44423155,11.68,14.13,1.36,25.8,,,59.5,,,,,9.15,,n/a,IND @ PIT,Colts @ Steelers,Acrisure Stadium,outdoor,CBS,10/11/2026,,,,,,,,,,,,,,,5,7.5,57.44,11.49,21.37,,0.28,,,,,
Alvin Kamara,CPT,NO,Showdown Captain Mode,10/11/2026,Showdown Captain Mode 10/11 1:00PM (MIN @ NO),12000,44422707,9.54,14.13,0.79,36,,,,,50.5,,,7.55,,n/a,MIN @ NO,Vikings @ Saints,Caesars Superdome,dome,FOX,10/11/2026,,,,,,,,,,10.58,32.84,3.1,,,3.49,4,13.56,3.89,7.53,,0.34,,,,,
Khalil Shakir,CPT,BUF,Showdown Captain Mode,10/12/2026,Showdown Captain Mode 10/12 8:15PM (BUF @ LAR),10500,44446852,10.14,14.13,0.97,31.5,,,,,,,,9.225,,12/30/1899,BUF @ LAR,Bills @ Rams,SoFi Stadium,outdoor,ABC/ESPN,10/12/2026,,,,,,,,,,,,,,,4.64,5.5,45.8,9.87,18.59,,0.28,,,,,
Khalil Shakir,CPT,BUF,Showdown 2nd Half,10/12/2026,Showdown 2nd Half 10/12 9:15PM 2H (BUF @ LAR),10500,44447629,10.14,14.13,0.97,31.5,,,,,,,,9.225,,12/30/1899,BUF @ LAR,Bills @ Rams,SoFi Stadium,outdoor,ABC/ESPN,10/12/2026,,,,,,,,,,,,,,,4.64,5.5,45.8,9.87,18.59,,0.28,,,,,
Khalil Shakir,CPT,BUF,Showdown 4th Quarter,10/12/2026,Showdown 4th Quarter 10/12 9:45PM Q4 (BUF @ LAR),10500,44447727,10.14,14.13,0.97,31.5,,,,,,,,9.225,,12/30/1899,BUF @ LAR,Bills @ Rams,SoFi Stadium,outdoor,ABC/ESPN,10/12/2026,,,,,,,,,,,,,,,4.64,5.5,45.8,9.87,18.59,,0.28,,,,,
Cam Skattebo,RB,NYG,Showdown Captain Mode,10/11/2026,Showdown Captain Mode 10/11 1:00PM (NYG @ WAS),9000,44420674,11.36,14.07,1.26,27,,,,,73.5,,,10.65,,n/a,NYG @ WAS,Giants @ Commanders,Northwest Stadium,outdoor,FOX,10/11/2026,,,,,,,,,,15.53,56.51,3.64,,,2.3,2.5,13.09,5.69,8.54,,0.42,,,,,
Matthew Golden,WR,GB,Showdown Captain Mode,10/11/2026,Showdown Captain Mode 10/11 1:00PM (CHI @ GB),8800,44423799,11.47,14.06,1.3,26.4,,,,,,,,9.25,,n/a,CHI @ GB,Bears @ Packers,Lambeau Field,outdoor,FOX,10/11/2026,,,,,,,,,,,,,,,4.67,7,57.51,12.31,19.54,,0.3,,,,,
Geno Smith,QB,NYJ,Classic,10/11/2026,"Classic 10/11 1:00PM, 11 Games",5000,44391842,13.79,14.02,2.76,15,,,,,,,,14.45,,n/a,CLE @ NYJ,Browns @ Jets,MetLife Stadium,outdoor,CBS,10/11/2026,20.11,30.7,65.5,204.96,6.68,31.5,1.19,0.74,87.3,,9.82,,,,,,,,,,0.1,,,,,
Geno Smith,QB,NYJ,Early,10/11/2026,"Early 10/11 1:00PM, 8 Games",5000,44418493,13.79,14.02,2.76,15,,,,,,,,14.45,,n/a,CLE @ NYJ,Browns @ Jets,MetLife Stadium,outdoor,CBS,10/11/2026,20.11,30.7,65.5,204.96,6.68,31.5,1.19,0.74,87.3,,9.82,,,,,,,,,,0.1,,,,,
Deebo Samuel Sr.,CPT,SF,Showdown Captain Mode,10/11/2026,Showdown Captain Mode 10/11 4:25PM (SF @ SEA),12000,44434609,8.95,14,0.75,36,,,,,,,,7.15,,12/30/1899,n/a,n/a,n/a,n/a,n/a,10/11/2026,,,,,,,,,,,8.1,,,,3.74,5.5,34.91,9.34,15.58,,0.28,,,,,
Cam Ward,QB,TEN,Showdown Captain Mode,10/11/2026,Showdown Captain Mode 10/11 1:00PM (HOU @ TEN),9000,44420903,11.14,13.89,1.24,27,,,,,,,31.5,11.45,,n/a,HOU @ TEN,Texans @ Titans,Nissan Stadium,outdoor,CBS,10/11/2026,19.41,31.63,61.4,189.41,5.99,29.5,0.6,0.66,75.8,3.42,10.9,3.19,,,,,,,,,0.12,,,,,
Ollie Gordon II,CPT,MIA,Showdown Captain Mode,10/11/2026,Showdown Captain Mode 10/11 1:00PM (CIN @ MIA),12600,44420625,8.76,13.79,0.7,37.8,,,,,58.5,,,9.05,,12/30/1899,n/a,n/a,n/a,n/a,n/a,10/11/2026,,,,,,,,,,11.32,43.64,3.86,,,1.79,2,9.4,5.26,8.2,,0.37,,,,,
Jeremiyah Love,RB,ARI,Showdown Captain Mode,10/11/2026,Showdown Captain Mode 10/11 4:25PM (DET @ ARI),8000,44434769,11.64,13.78,1.46,24,,,,,61.5,,,9.85,,n/a,DET @ ARI,Lions @ Cardinals,State Farm Stadium,retractable_dome,FOX,10/11/2026,,,,,,,,,,11.89,45.46,3.82,,,2.52,3,11.45,4.55,8.38,,0.51,,,,,
DK Metcalf,WR,PIT,Showdown Captain Mode,10/11/2026,Showdown Captain Mode 10/11 1:00PM (IND @ PIT),8400,44423156,11.11,13.74,1.32,25.2,,,,,,,,9.25,,n/a,IND @ PIT,Colts @ Steelers,Acrisure Stadium,outdoor,CBS,10/11/2026,,,,,,,,,,,,,,,4.3,7,52.2,12.15,20.58,,0.36,,,,,
Terry McLaurin,CPT,WAS,Showdown Captain Mode,10/11/2026,Showdown Captain Mode 10/11 1:00PM (NYG @ WAS),12600,44420733,8.69,13.74,0.69,37.8,,,59.5,,,,,9.95,,n/a,NYG @ WAS,Giants @ Commanders,Northwest Stadium,outdoor,FOX,10/11/2026,,,,,,,,,,,,,,,,,59.5,,22.5,,0.32,,,,,
Tyler Huntley,QB,BAL,Classic,10/11/2026,"Classic 10/11 1:00PM, 13 Games",4800,44419261,13.51,13.65,2.81,14.4,,29.5,,174.5,,,,13.55,,n/a,BAL @ ATL,Ravens @ Falcons,Mercedes-Benz Stadium,retractable_dome,NBC/Peacock,10/11/2026,17.94,27.51,65.2,170.44,6.2,30.5,1,0.61,85.2,5.81,28.5,4.9,,,,,,,,,0.19,,,,,
Daniel Jones,QB,IND,Classic,10/11/2026,"Classic 10/11 1:00PM, 11 Games",5000,44391841,13.36,13.64,2.67,15,,,,,,,31.5,14.15,,n/a,IND @ PIT,Colts @ Steelers,Acrisure Stadium,outdoor,CBS,10/11/2026,20.21,31.7,63.8,210.91,6.65,32.44,1.02,0.75,83.8,2.82,7.6,2.7,,,,,,,,,0.14,,,,,
Daniel Jones,QB,IND,Early,10/11/2026,"Early 10/11 1:00PM, 8 Games",5000,44418492,13.36,13.64,2.67,15,,,,,,,31.5,14.15,,n/a,IND @ PIT,Colts @ Steelers,Acrisure Stadium,outdoor,CBS,10/11/2026,20.21,31.7,63.8,210.91,6.65,32.44,1.02,0.75,83.8,2.82,7.6,2.7,,,,,,,,,0.14,,,,,
Malik Willis,QB,MIA,Classic,10/11/2026,"Classic 10/11 1:00PM, 11 Games",4600,44391846,13.53,13.58,2.94,13.8,,,,,,,,14.75,,n/a,CIN @ MIA,Bengals @ Dolphins,Hard Rock Stadium,outdoor,FOX,10/11/2026,16.99,28.45,59.7,189.23,6.65,33.63,0.61,0.68,76.7,5.72,28.76,5.03,,,,,,,,,0.22,,,,,
Malik Willis,QB,MIA,Early,10/11/2026,"Early 10/11 1:00PM, 8 Games",4600,44418497,13.53,13.58,2.94,13.8,,,,,,,,14.75,,n/a,CIN @ MIA,Bengals @ Dolphins,Hard Rock Stadium,outdoor,FOX,10/11/2026,16.99,28.45,59.7,189.23,6.65,33.63,0.61,0.68,76.7,5.72,28.76,5.03,,,,,,,,,0.22,,,,,
Emanuel Wilson,RB,SEA,Classic,10/11/2026,"Classic 10/11 1:00PM, 11 Games",5300,44391938,13.08,13.57,2.47,15.9,,,,,77.5,,,13.05,,n/a,SF @ SEA,49ers @ Seahawks,Lumen Field,outdoor,FOX,10/11/2026,,,,,,,,,,16.71,63.51,3.8,,,1.96,2.5,14.74,7.53,8.69,,0.51,,,,,
Emanuel Wilson,RB,SEA,Late,10/11/2026,"Late 10/11 4:05PM, 3 Games",5300,44433274,13.08,13.57,2.47,15.9,,,,,77.5,,,13.05,,n/a,SF @ SEA,49ers @ Seahawks,Lumen Field,outdoor,FOX,10/11/2026,,,,,,,,,,16.71,63.51,3.8,,,1.96,2.5,14.74,7.53,8.69,,0.51,,,,,
Dontayvion Wicks,CPT,PHI,Showdown Captain Mode,10/11/2026,Showdown Captain Mode 10/11 9:30AM (PHI @ JAX),11700,44420520,8.58,13.53,0.73,35.1,,,,,,,,7.35,,n/a,PHI @ JAX,Eagles @ Jaguars,Tottenham Hotspur Stadium,outdoor,NFL Network,10/11/2026,,,,,,,,,,,,,,,3.7,6.5,44.45,12.01,20.5,,0.19,,,,,
Harold Fannin Jr.,CPT,CLE,Showdown Captain Mode,10/11/2026,Showdown Captain Mode 10/11 1:00PM (CLE @ NYJ),11100,44422352,8.98,13.52,0.81,33.3,,,,,,,,6.45,,12/30/1899,n/a,n/a,n/a,n/a,n/a,10/11/2026,,,,0,,,,,,,0,,,0,4.43,6,35.88,8.1,15.3,0.38,0.28,,0,,,
Tyler Warren,TE,IND,Showdown Captain Mode,10/11/2026,Showdown Captain Mode 10/11 1:00PM (IND @ PIT),8000,44423157,10.98,13.41,1.37,24,,,,,,,,8.25,,n/a,IND @ PIT,Colts @ Steelers,Acrisure Stadium,outdoor,CBS,10/11/2026,,,,,,,,,,,,,,0,5.26,7.5,45.67,8.68,16.74,0.39,0.31,,0,,,
Christian Watson,WR,GB,Classic,10/11/2026,"Classic 10/11 1:00PM, 11 Games",6400,44392184,12.08,13.41,1.89,19.2,,,,,,,,9.65,,n/a,CHI @ GB,Bears @ Packers,Lambeau Field,outdoor,FOX,10/11/2026,,,,,,,,,,0.1,0.5,5,,0,4.45,7.5,61.49,13.82,23.57,0.42,0.35,,0,,,
Christian Watson,WR,GB,Early,10/11/2026,"Early 10/11 1:00PM, 8 Games",6400,44418739,12.08,13.41,1.89,19.2,,,,,,,,9.65,,n/a,CHI @ GB,Bears @ Packers,Lambeau Field,outdoor,FOX,10/11/2026,,,,,,,,,,0.1,0.5,5,,0,4.45,7.5,61.49,13.82,23.57,0.42,0.35,,0,,,
Dalton Kincaid,TE,BUF,Showdown Captain Mode,10/12/2026,Showdown Captain Mode 10/12 8:15PM (BUF @ LAR),6600,44446804,11.73,13.24,1.78,19.8,,,,,,,,8.75,,n/a,BUF @ LAR,Bills @ Rams,SoFi Stadium,outdoor,ABC/ESPN,10/12/2026,,,,,,,,,,,,,,0,4.58,6,58.29,12.74,22.43,0.41,0.33,,0,,,
Dalton Kincaid,TE,BUF,Showdown 2nd Half,10/12/2026,Showdown 2nd Half 10/12 9:15PM 2H (BUF @ LAR),6600,44447679,11.73,13.24,1.78,19.8,,,,,,,,8.75,,n/a,BUF @ LAR,Bills @ Rams,SoFi Stadium,outdoor,ABC/ESPN,10/12/2026,,,,,,,,,,,,,,0,4.58,6,58.29,12.74,22.43,0.41,0.33,,0,,,
Dalton Kincaid,TE,BUF,Showdown 4th Quarter,10/12/2026,Showdown 4th Quarter 10/12 9:45PM Q4 (BUF @ LAR),6600,44447777,11.73,13.24,1.78,19.8,,,,,,,,8.75,,n/a,BUF @ LAR,Bills @ Rams,SoFi Stadium,outdoor,ABC/ESPN,10/12/2026,,,,,,,,,,,,,,0,4.58,6,58.29,12.74,22.43,0.41,0.33,,0,,,
Will Shipley,CPT,PHI,Showdown Captain Mode,10/11/2026,Showdown Captain Mode 10/11 9:30AM (PHI @ JAX),12000,44420519,8.46,13.23,0.71,36,,,,,53.5,,,6.85,,n/a,PHI @ JAX,Eagles @ Jaguars,Tottenham Hotspur Stadium,outdoor,NFL Network,10/11/2026,,,,,,,,,,10.27,36.23,3.53,,,2.66,3,15.23,5.74,9.23,,0.23,,,,,
Tee Higgins,WR,CIN,Classic,10/11/2026,"Classic 10/11 1:00PM, 11 Games",7100,44392178,11.35,13.21,1.6,21.3,,,,,,,,11.55,,n/a,CIN @ MIA,Bengals @ Dolphins,Hard Rock Stadium,outdoor,FOX,10/11/2026,,,,,,,,,,,,,,,,,69.5,,23.5,,0.54,,,,,
Tee Higgins,WR,CIN,Early,10/11/2026,"Early 10/11 1:00PM, 8 Games",7100,44418735,11.35,13.21,1.6,21.3,,,,,,,,11.55,,n/a,CIN @ MIA,Bengals @ Dolphins,Hard Rock Stadium,outdoor,FOX,10/11/2026,,,,,,,,,,,,,,,,,69.5,,23.5,,0.54,,,,,
Romeo Doubs,WR,NE,Showdown Captain Mode,10/11/2026,Showdown Captain Mode 10/11 1:00PM (LV @ NE),9000,44420788,10.3,13.19,1.14,27,,,49.5,,,,,8.75,,n/a,LV @ NE,Raiders @ Patriots,Gillette Stadium,outdoor,CBS,10/11/2026,,,,,,,,,,,,,,,3.91,5.5,49.34,12.61,22.4,,0.35,,,,,
Carnell Tate,WR,TEN,Showdown Captain Mode,10/11/2026,Showdown Captain Mode 10/11 1:00PM (HOU @ TEN),9400,44420902,9.71,13.16,1.03,28.2,,,,,,,,6.95,,12/30/1899,HOU @ TEN,Texans @ Titans,Nissan Stadium,outdoor,CBS,10/11/2026,,,,,,,,,,,,,,,4.5,7,47.73,10.61,18.38,,0.19,,,,,
RJ Harvey,RB,DEN,Showdown Captain Mode,10/11/2026,Showdown Captain Mode 10/11 4:05PM (DEN @ LAC),8400,44434440,10.62,13.15,1.26,25.2,,,,,57.5,,,9.45,,n/a,DEN @ LAC,Broncos @ Chargers,SoFi Stadium,outdoor,CBS,10/11/2026,,,,,,,,,,,25.56,,,,4.14,5,27.23,6.57,12.12,,0.32,,,,,
George Kittle,TE,SF,Showdown Captain Mode,10/11/2026,Showdown Captain Mode 10/11 4:25PM (SF @ SEA),7200,44434552,11.34,13.12,1.57,21.6,,,,,,,,9.55,,n/a,SF @ SEA,49ers @ Seahawks,Lumen Field,outdoor,FOX,10/11/2026,,,,,,,,,,,,,,0,4.69,6,53.57,11.43,20.52,0.41,0.33,,0,,,
KC Concepcion Jr.,CPT,CLE,Showdown Captain Mode,10/11/2026,Showdown Captain Mode 10/11 1:00PM (CLE @ NYJ),10800,44422353,9.08,13.12,0.84,32.4,,,39.5,,,,,6.85,,12/30/1899,n/a,n/a,n/a,n/a,n/a,10/11/2026,,,,,,,,,,,,,,,4.41,6.5,39.66,8.99,16.42,,0.24,,,,,
Courtland Sutton,CPT,DEN,Showdown Captain Mode,10/11/2026,Showdown Captain Mode 10/11 4:05PM (DEN @ LAC),11400,44434497,8.27,13.11,0.73,34.2,,,,,,,,5.85,,12/30/1899,DEN @ LAC,Broncos @ Chargers,SoFi Stadium,outdoor,CBS,10/11/2026,,,,,,,,,,,,,,,3.4,5.5,37.42,10.99,18.89,,0.31,,,,,
Mike Evans,WR,SF,Showdown Captain Mode,10/11/2026,Showdown Captain Mode 10/11 4:25PM (SF @ SEA),9000,44434549,10.18,13.1,1.13,27,,,49.5,,,,,8.65,,n/a,SF @ SEA,49ers @ Seahawks,Lumen Field,outdoor,FOX,10/11/2026,,,,,,,,,,,,,,,4.02,6.5,49.53,12.31,20.6,,0.32,,,,,
Sam LaPorta,TE,DET,Showdown Captain Mode,10/11/2026,Showdown Captain Mode 10/11 4:25PM (DET @ ARI),6400,44434771,11.65,13.06,1.82,19.2,,,,,,,,9.25,,n/a,DET @ ARI,Lions @ Cardinals,State Farm Stadium,retractable_dome,FOX,10/11/2026,,,,,,,,,,,,,,0,5.01,7,51.64,10.31,19.41,0.42,0.35,,0,,,
Devaughn Vele,CPT,NO,Showdown Captain Mode,10/11/2026,Showdown Captain Mode 10/11 1:00PM (MIN @ NO),10800,44422708,8.61,13.05,0.8,32.4,,,,,,,,6.35,,12/30/1899,MIN @ NO,Vikings @ Saints,Caesars Superdome,dome,FOX,10/11/2026,,,,,,,,,,,,,,,3.95,6,40.6,10.28,17.57,,0.22,,,,,
Rhamondre Stevenson,RB,NE,Showdown Captain Mode,10/11/2026,Showdown Captain Mode 10/11 1:00PM (LV @ NE),8000,44420789,10.67,12.98,1.33,24,,,,,58.5,,,10.85,,n/a,LV @ NE,Raiders @ Patriots,Gillette Stadium,outdoor,CBS,10/11/2026,,,,,,,,,,10.88,36.86,3.39,,,2.77,3,15.5,5.6,10.5,,0.44,,,,,
Luther Burden III,WR,CHI,Showdown Captain Mode,10/11/2026,Showdown Captain Mode 10/11 1:00PM (CHI @ GB),7800,44423803,10.58,12.97,1.36,23.4,,,,,,,,8.35,,12/30/1899,n/a,n/a,n/a,n/a,n/a,10/11/2026,,,,0,,,,,,,3,,,0,4.61,6.5,47.5,10.31,19.42,0.39,0.28,,,,,
Colston Loveland,CPT,CHI,Showdown Captain Mode,10/11/2026,Showdown Captain Mode 10/11 1:00PM (CHI @ GB),9900,44423860,9.06,12.91,0.92,29.7,,,,,,,,7.45,,n/a,CHI @ GB,Bears @ Packers,Lambeau Field,outdoor,FOX,10/11/2026,,,,,,,,,,,,,,,4.08,5.5,38.69,9.47,13.68,,0.3,,,,,
Malik Nabers,WR,NYG,Classic,10/11/2026,"Classic 10/11 1:00PM, 11 Games",6300,44392186,11.51,12.89,1.83,18.9,,,,,,,,9.25,,n/a,NYG @ WAS,Giants @ Commanders,Northwest Stadium,outdoor,FOX,10/11/2026,,,,,,,,,,,,,,,4.98,8,54.32,10.9,21.48,,0.3,,,,,
Malik Nabers,WR,NYG,Early,10/11/2026,"Early 10/11 1:00PM, 8 Games",6300,44418741,11.51,12.89,1.83,18.9,,,,,,,,9.25,,n/a,NYG @ WAS,Giants @ Commanders,Northwest Stadium,outdoor,FOX,10/11/2026,,,,,,,,,,,,,,,4.98,8,54.32,10.9,21.48,,0.3,,,,,
Juwan Johnson,CPT,NO,Showdown Captain Mode,10/11/2026,Showdown Captain Mode 10/11 1:00PM (MIN @ NO),9600,44422710,9.16,12.83,0.95,28.8,,,,,,,,6.95,,n/a,MIN @ NO,Vikings @ Saints,Caesars Superdome,dome,FOX,10/11/2026,,,,,,,,,,,,,,,4.39,6,41.87,9.54,17.57,,0.22,,,,,
T.J. Hockenson,CPT,MIN,Showdown Captain Mode,10/11/2026,Showdown Captain Mode 10/11 1:00PM (MIN @ NO),10200,44422709,8.71,12.8,0.85,30.6,,,,,,,,7.15,,n/a,MIN @ NO,Vikings @ Saints,Caesars Superdome,dome,FOX,10/11/2026,,,,,,,,,,,,,,,4.42,6,36.59,8.28,14.88,,0.23,,,,,
Jeremiyah Love,RB,ARI,Classic,10/11/2026,"Classic 10/11 1:00PM, 11 Games",6100,44391914,11.64,12.79,1.91,18.3,,,,,61.5,,,9.85,,n/a,DET @ ARI,Lions @ Cardinals,State Farm Stadium,retractable_dome,FOX,10/11/2026,,,,,,,,,,11.89,45.46,3.82,,,2.52,3,11.45,4.55,8.38,,0.51,,,,,
Jaylen Waddle,WR,DEN,Classic,10/11/2026,"Classic 10/11 1:00PM, 11 Games",6100,44392190,11.53,12.79,1.89,18.3,,,,,,,,9.95,,n/a,DEN @ LAC,Broncos @ Chargers,SoFi Stadium,outdoor,CBS,10/11/2026,,,,,,,,,,,,,,,4.69,6.5,56.31,12.02,21.36,,0.32,,,,,
Jeremiyah Love,RB,ARI,Late,10/11/2026,"Late 10/11 4:05PM, 3 Games",6100,44433268,11.64,12.79,1.91,18.3,,,,,61.5,,,9.85,,n/a,DET @ ARI,Lions @ Cardinals,State Farm Stadium,retractable_dome,FOX,10/11/2026,,,,,,,,,,11.89,45.46,3.82,,,2.52,3,11.45,4.55,8.38,,0.51,,,,,
Jaylen Waddle,WR,DEN,Late,10/11/2026,"Late 10/11 4:05PM, 3 Games",6100,44433350,11.53,12.79,1.89,18.3,,,,,,,,9.95,,n/a,DEN @ LAC,Broncos @ Chargers,SoFi Stadium,outdoor,CBS,10/11/2026,,,,,,,,,,,,,,,4.69,6.5,56.31,12.02,21.36,,0.32,,,,,
Josh Downs,WR,IND,Classic,10/11/2026,"Classic 10/11 1:00PM, 11 Games",6000,44392192,11.68,12.78,1.95,18,,,59.5,,,,,9.15,,n/a,IND @ PIT,Colts @ Steelers,Acrisure Stadium,outdoor,CBS,10/11/2026,,,,,,,,,,,,,,,5,7.5,57.44,11.49,21.37,,0.28,,,,,
Josh Downs,WR,IND,Early,10/11/2026,"Early 10/11 1:00PM, 8 Games",6000,44418743,11.68,12.78,1.95,18,,,59.5,,,,,9.15,,n/a,IND @ PIT,Colts @ Steelers,Acrisure Stadium,outdoor,CBS,10/11/2026,,,,,,,,,,,,,,,5,7.5,57.44,11.49,21.37,,0.28,,,,,
Jameson Williams,WR,DET,Showdown Captain Mode,10/11/2026,Showdown Captain Mode 10/11 4:25PM (DET @ ARI),7800,44434770,10.33,12.77,1.32,23.4,,,,,,,,8.75,,n/a,DET @ ARI,Lions @ Cardinals,State Farm Stadium,retractable_dome,FOX,10/11/2026,,,,,,,,,,,,,,,3.65,6,53.38,14.62,23.59,,0.33,,,,,
Jakobi Meyers,CPT,JAX,Showdown Captain Mode,10/11/2026,Showdown Captain Mode 10/11 9:30AM (PHI @ JAX),11100,44420521,8.47,12.77,0.76,33.3,,,,,,,,7.05,,n/a,PHI @ JAX,Eagles @ Jaguars,Tottenham Hotspur Stadium,outdoor,NFL Network,10/11/2026,,,,,,,,,,,,,,,3.67,5,41.25,11.23,18.5,,0.24,,,,,
Quinshon Judkins,RB,CLE,Classic,10/11/2026,"Classic 10/11 1:00PM, 11 Games",5700,44391924,11.91,12.74,2.09,17.1,,59.5,,,79.5,,,11.05,,n/a,CLE @ NYJ,Browns @ Jets,MetLife Stadium,outdoor,CBS,10/11/2026,,,,,,,,,,16.39,59.91,3.65,,,2.76,3.5,15.53,5.64,9.49,,0.37,,,,,
Quinshon Judkins,RB,CLE,Early,10/11/2026,"Early 10/11 1:00PM, 8 Games",5700,44418555,11.91,12.74,2.09,17.1,,59.5,,,79.5,,,11.05,,n/a,CLE @ NYJ,Browns @ Jets,MetLife Stadium,outdoor,CBS,10/11/2026,,,,,,,,,,16.39,59.91,3.65,,,2.76,3.5,15.53,5.64,9.49,,0.37,,,,,
Dallas Goedert,CPT,PHI,Showdown Captain Mode,10/11/2026,Showdown Captain Mode 10/11 9:30AM (PHI @ JAX),9300,44420524,9.23,12.72,0.99,27.9,,,,,,,,7.15,,n/a,PHI @ JAX,Eagles @ Jaguars,Tottenham Hotspur Stadium,outdoor,NFL Network,10/11/2026,,,,,,,,,,,,,,0,4.4,6,42.08,9.57,17.5,0.36,0.23,,0,,,
Rome Odunze,CPT,CHI,Showdown Captain Mode,10/11/2026,Showdown Captain Mode 10/11 1:00PM (CHI @ GB),11100,44423858,8.22,12.57,0.74,33.3,,,39.5,,,,,7.25,,n/a,CHI @ GB,Bears @ Packers,Lambeau Field,outdoor,FOX,10/11/2026,,,,,,,,,,,,,,,3.12,5.5,40.56,13.01,19.39,,0.3,,,,,
Malik Washington,WR,MIA,Showdown Captain Mode,10/11/2026,Showdown Captain Mode 10/11 1:00PM (CIN @ MIA),7600,44420575,10.36,12.52,1.36,22.8,,3.5,,,,,,7.65,,n/a,CIN @ MIA,Bengals @ Dolphins,Hard Rock Stadium,outdoor,FOX,10/11/2026,,,,,,,,,,,3.5,,,,4.68,6.5,46.56,9.95,17.31,,0.24,,,,,
Cam Skattebo,RB,NYG,Classic,10/11/2026,"Classic 10/11 1:00PM, 11 Games",6000,44391918,11.36,12.51,1.89,18,,,,,73.5,,,10.65,,n/a,NYG @ WAS,Giants @ Commanders,Northwest Stadium,outdoor,FOX,10/11/2026,,,,,,,,,,15.53,56.51,3.64,,,2.3,2.5,13.09,5.69,8.54,,0.42,,,,,
Cam Skattebo,RB,NYG,Early,10/11/2026,"Early 10/11 1:00PM, 8 Games",6000,44418549,11.36,12.51,1.89,18,,,,,73.5,,,10.65,,n/a,NYG @ WAS,Giants @ Commanders,Northwest Stadium,outdoor,FOX,10/11/2026,,,,,,,,,,15.53,56.51,3.64,,,2.3,2.5,13.09,5.69,8.54,,0.42,,,,,
Matthew Golden,WR,GB,Classic,10/11/2026,"Classic 10/11 1:00PM, 11 Games",5700,44392198,11.47,12.45,2.01,17.1,,,,,,,,9.25,,n/a,CHI @ GB,Bears @ Packers,Lambeau Field,outdoor,FOX,10/11/2026,,,,,,,,,,,,,,,4.67,7,57.51,12.31,19.54,,0.3,,,,,
Matthew Golden,WR,GB,Early,10/11/2026,"Early 10/11 1:00PM, 8 Games",5700,44418747,11.47,12.45,2.01,17.1,,,,,,,,9.25,,n/a,CHI @ GB,Bears @ Packers,Lambeau Field,outdoor,FOX,10/11/2026,,,,,,,,,,,,,,,4.67,7,57.51,12.31,19.54,,0.3,,,,,
Tucker Kraft,TE,GB,Showdown Captain Mode,10/11/2026,Showdown Captain Mode 10/11 1:00PM (CHI @ GB),7000,44423805,10.65,12.44,1.52,21,,,49.5,,,,,7.85,,12/30/1899,CHI @ GB,Bears @ Packers,Lambeau Field,outdoor,FOX,10/11/2026,,,,,,,,,,,,,,0,4.59,6,49.77,10.85,19.43,0.39,0.3,,0,,,
Jameis Winston,QB,NYG,Classic,10/11/2026,"Classic 10/11 1:00PM, 11 Games",4800,44391844,12.04,12.42,2.51,14.4,,2.5,,199.5,,,,13.05,,n/a,NYG @ WAS,Giants @ Commanders,Northwest Stadium,outdoor,FOX,10/11/2026,18.68,30.63,61,199.88,6.53,34.44,1.05,0.91,79.2,,2.05,,,,,,,,,,0.09,,,,,
Jameis Winston,QB,NYG,Early,10/11/2026,"Early 10/11 1:00PM, 8 Games",4800,44418495,12.04,12.42,2.51,14.4,,2.5,,199.5,,,,13.05,,n/a,NYG @ WAS,Giants @ Commanders,Northwest Stadium,outdoor,FOX,10/11/2026,18.68,30.63,61,199.88,6.53,34.44,1.05,0.91,79.2,,2.05,,,,,,,,,,0.09,,,,,
Dalton Kincaid,TE,BUF,Classic,10/12/2026,"Classic 10/11 1:00PM, 13 Games",5100,44420132,11.73,12.4,2.3,15.3,,,,,,,,8.75,,n/a,BUF @ LAR,Bills @ Rams,SoFi Stadium,outdoor,ABC/ESPN,10/12/2026,,,,,,,,,,,,,,0,4.58,6,58.29,12.74,22.43,0.41,0.33,,0,,,
Wan'Dale Robinson,CPT,TEN,Showdown Captain Mode,10/11/2026,Showdown Captain Mode 10/11 1:00PM (HOU @ TEN),11100,44420956,7.46,12.28,0.67,33.3,,,,,,,,5.95,,n/a,HOU @ TEN,Texans @ Titans,Nissan Stadium,outdoor,CBS,10/11/2026,,,,,,,,,,,,,,,3.95,5.5,31.91,8.07,13.62,,0.16,,,,,
David Montgomery,RB,HOU,Showdown Captain Mode,10/11/2026,Showdown Captain Mode 10/11 1:00PM (HOU @ TEN),9800,44420900,8.68,12.27,0.89,29.4,,,,,55.5,,,8.25,,n/a,HOU @ TEN,Texans @ Titans,Nissan Stadium,outdoor,CBS,10/11/2026,,,,,,,,,,13.94,42.88,3.08,,,1.51,1.5,7.48,4.94,6.61,,0.42,,,,,
Tony Pollard,RB,TEN,Showdown Captain Mode,10/11/2026,Showdown Captain Mode 10/11 1:00PM (HOU @ TEN),9600,44420901,8.74,12.22,0.91,28.8,,,,,62.5,,,8.35,,n/a,HOU @ TEN,Texans @ Titans,Nissan Stadium,outdoor,CBS,10/11/2026,,,,,,,,,,14.17,50.43,3.56,,,1.64,2,10.19,6.22,7.55,,0.29,,,,,
Denzel Boston,WR,CLE,Showdown Captain Mode,10/11/2026,Showdown Captain Mode 10/11 1:00PM (CLE @ NYJ),8200,44422298,9.38,12.22,1.14,24.6,,,,,,,,7.85,,n/a,CLE @ NYJ,Browns @ Jets,MetLife Stadium,outdoor,CBS,10/11/2026,,,,,,,,,,,,,,,3.46,6,47.55,13.75,22.5,,0.31,,,,,
Sam LaPorta,TE,DET,Classic,10/11/2026,"Classic 10/11 1:00PM, 11 Games",4900,44392596,11.65,12.22,2.38,14.7,,,,,,,,9.25,,n/a,DET @ ARI,Lions @ Cardinals,State Farm Stadium,retractable_dome,FOX,10/11/2026,,,,,,,,,,,,,,0,5.01,7,51.64,10.31,19.41,0.42,0.35,,0,,,
Sam LaPorta,TE,DET,Late,10/11/2026,"Late 10/11 4:05PM, 3 Games",4900,44433468,11.65,12.22,2.38,14.7,,,,,,,,9.25,,n/a,DET @ ARI,Lions @ Cardinals,State Farm Stadium,retractable_dome,FOX,10/11/2026,,,,,,,,,,,,,,0,5.01,7,51.64,10.31,19.41,0.42,0.35,,0,,,
Isaiah Likely,TE,NYG,Showdown Captain Mode,10/11/2026,Showdown Captain Mode 10/11 1:00PM (NYG @ WAS),7400,44420680,9.9,12.2,1.34,22.2,,,,,,,,7.15,,n/a,NYG @ WAS,Giants @ Commanders,Northwest Stadium,outdoor,FOX,10/11/2026,,,,,,,,,,,,,,0,4.67,6.5,42.44,9.08,17.51,0.38,0.29,,0,,,
Mike Gesicki,CPT,CIN,Showdown Captain Mode,10/11/2026,Showdown Captain Mode 10/11 1:00PM (CIN @ MIA),10500,44420628,7.74,12.18,0.74,31.5,,,,,,,,5.85,,n/a,CIN @ MIA,Bengals @ Dolphins,Hard Rock Stadium,outdoor,FOX,10/11/2026,,,,,,,,,,,,,,,3.5,4,32.5,9.29,16.5,,0.29,,,,,
Khalil Shakir,WR,BUF,Showdown Captain Mode,10/12/2026,Showdown Captain Mode 10/12 8:15PM (BUF @ LAR),7000,44446803,10.14,12.17,1.45,21,,,,,,,,9.225,,12/30/1899,BUF @ LAR,Bills @ Rams,SoFi Stadium,outdoor,ABC/ESPN,10/12/2026,,,,,,,,,,,,,,,4.64,5.5,45.8,9.87,18.59,,0.28,,,,,
Khalil Shakir,WR,BUF,Showdown 2nd Half,10/12/2026,Showdown 2nd Half 10/12 9:15PM 2H (BUF @ LAR),7000,44447678,10.14,12.17,1.45,21,,,,,,,,9.225,,12/30/1899,BUF @ LAR,Bills @ Rams,SoFi Stadium,outdoor,ABC/ESPN,10/12/2026,,,,,,,,,,,,,,,4.64,5.5,45.8,9.87,18.59,,0.28,,,,,
Khalil Shakir,WR,BUF,Showdown 4th Quarter,10/12/2026,Showdown 4th Quarter 10/12 9:45PM Q4 (BUF @ LAR),7000,44447776,10.14,12.17,1.45,21,,,,,,,,9.225,,12/30/1899,BUF @ LAR,Bills @ Rams,SoFi Stadium,outdoor,ABC/ESPN,10/12/2026,,,,,,,,,,,,,,,4.64,5.5,45.8,9.87,18.59,,0.28,,,,,
Jacory Croskey-Merritt,CPT,WAS,Showdown Captain Mode,10/11/2026,Showdown Captain Mode 10/11 1:00PM (NYG @ WAS),10200,44420738,8.66,12.17,0.85,30.6,,,5.5,,64.5,,,8.95,,n/a,NYG @ WAS,Giants @ Commanders,Northwest Stadium,outdoor,FOX,10/11/2026,,,,,,,,,,13.16,52.44,3.98,,,1.2,2,5.5,4.58,5.5,,0.37,,,,,
TreVeyon Henderson,CPT,NE,Showdown Captain Mode,10/11/2026,Showdown Captain Mode 10/11 1:00PM (LV @ NE),10500,44420847,8.74,12.08,0.83,31.5,,,8.5,,60.5,,,8.75,,n/a,LV @ NE,Raiders @ Patriots,Gillette Stadium,outdoor,CBS,10/11/2026,,,,,,,,,,12.01,47.54,3.96,,,1.68,2,7.5,4.46,6.5,,0.36,,,,,
George Kittle,TE,SF,Classic,10/11/2026,"Classic 10/11 1:00PM, 11 Games",5200,44392592,11.34,12.08,2.18,15.6,,,,,,,,9.55,,n/a,SF @ SEA,49ers @ Seahawks,Lumen Field,outdoor,FOX,10/11/2026,,,,,,,,,,,,,,0,4.69,6,53.57,11.43,20.52,0.41,0.33,,0,,,
George Kittle,TE,SF,Late,10/11/2026,"Late 10/11 4:05PM, 3 Games",5200,44433466,11.34,12.08,2.18,15.6,,,,,,,,9.55,,n/a,SF @ SEA,49ers @ Seahawks,Lumen Field,outdoor,FOX,10/11/2026,,,,,,,,,,,,,,0,4.69,6,53.57,11.43,20.52,0.41,0.33,,0,,,
DK Metcalf,WR,PIT,Classic,10/11/2026,"Classic 10/11 1:00PM, 11 Games",5400,44392208,11.11,12.06,2.06,16.2,,,,,,,,9.25,,n/a,IND @ PIT,Colts @ Steelers,Acrisure Stadium,outdoor,CBS,10/11/2026,,,,,,,,,,,,,,,4.3,7,52.2,12.15,20.58,,0.36,,,,,
DK Metcalf,WR,PIT,Early,10/11/2026,"Early 10/11 1:00PM, 8 Games",5400,44418751,11.11,12.06,2.06,16.2,,,,,,,,9.25,,n/a,IND @ PIT,Colts @ Steelers,Acrisure Stadium,outdoor,CBS,10/11/2026,,,,,,,,,,,,,,,4.3,7,52.2,12.15,20.58,,0.36,,,,,
Alvin Kamara,RB,NO,Showdown Captain Mode,10/11/2026,Showdown Captain Mode 10/11 1:00PM (MIN @ NO),8000,44422650,9.54,12.05,1.19,24,,,,,50.5,,,7.55,,n/a,MIN @ NO,Vikings @ Saints,Caesars Superdome,dome,FOX,10/11/2026,,,,,,,,,,10.58,32.84,3.1,,,3.49,4,13.56,3.89,7.53,,0.34,,,,,
Tre Tucker,CPT,LV,Showdown Captain Mode,10/11/2026,Showdown Captain Mode 10/11 1:00PM (LV @ NE),9900,44420848,8.3,12.01,0.84,29.7,,,39.5,,,,,6.65,,n/a,LV @ NE,Raiders @ Patriots,Gillette Stadium,outdoor,CBS,10/11/2026,,,,,,,,,,,,,,,3.49,5.5,41.75,11.97,19.57,,0.23,,,,,
Omarion Hampton,CPT,LAC,Showdown Captain Mode,10/11/2026,Showdown Captain Mode 10/11 4:05PM (DEN @ LAC),13500,44434493,6.5,11.94,0.48,40.5,,,5.5,,44.5,,,6.65,,n/a,DEN @ LAC,Broncos @ Chargers,SoFi Stadium,outdoor,CBS,10/11/2026,,,,,,,,,,10.7,38.51,3.6,,,,,5.5,,5.5,,0.35,,,,,
Michael Pittman Jr.,CPT,PIT,Showdown Captain Mode,10/11/2026,Showdown Captain Mode 10/11 1:00PM (IND @ PIT),9600,44423255,8.39,11.93,0.87,28.8,,,26.5,,,,,,,12/30/1899,n/a,n/a,n/a,n/a,n/a,10/11/2026,,,,,,,,,,,,,,,2.52,3,33.05,13.11,15.44,,0.43,,,,,
Jordan Addison,WR,MIN,Showdown Captain Mode,10/11/2026,Showdown Captain Mode 10/11 1:00PM (MIN @ NO),8800,44422648,8.53,11.87,0.97,26.4,,,,,,,,7.35,,n/a,MIN @ NO,Vikings @ Saints,Caesars Superdome,dome,FOX,10/11/2026,,,,,,,,,,,,,,,3.45,5.5,40.4,11.7,19.6,,0.29,,,,,
Mike Evans,WR,SF,Classic,10/11/2026,"Classic 10/11 1:00PM, 11 Games",6500,44392182,10.18,11.8,1.57,19.5,,,49.5,,,,,8.65,,n/a,SF @ SEA,49ers @ Seahawks,Lumen Field,outdoor,FOX,10/11/2026,,,,,,,,,,,,,,,4.02,6.5,49.53,12.31,20.6,,0.32,,,,,
Mike Evans,WR,SF,Late,10/11/2026,"Late 10/11 4:05PM, 3 Games",6500,44433346,10.18,11.8,1.57,19.5,,,49.5,,,,,8.65,,n/a,SF @ SEA,49ers @ Seahawks,Lumen Field,outdoor,FOX,10/11/2026,,,,,,,,,,,,,,,4.02,6.5,49.53,12.31,20.6,,0.32,,,,,
Deebo Samuel Sr.,WR,SF,Showdown Captain Mode,10/11/2026,Showdown Captain Mode 10/11 4:25PM (SF @ SEA),8000,44434550,8.95,11.76,1.12,24,,,,,,,,7.15,,12/30/1899,n/a,n/a,n/a,n/a,n/a,10/11/2026,,,,,,,,,,,8.1,,,,3.74,5.5,34.91,9.34,15.58,,0.28,,,,,
Mark Andrews,CPT,BAL,Showdown Captain Mode,10/11/2026,Showdown Captain Mode 10/11 8:20PM (BAL @ ATL),9600,44446751,7.85,11.76,0.82,28.8,,,,,,,,5.85,,n/a,BAL @ ATL,Ravens @ Falcons,Mercedes-Benz Stadium,retractable_dome,NBC/Peacock,10/11/2026,,,,,,,,,,,,,,,3.88,5,30.54,7.87,14.41,,0.28,,,,,
Mark Andrews,CPT,BAL,Showdown 2nd Half,10/11/2026,Showdown 2nd Half 10/11 9:20PM 2H (BAL @ ATL),9600,44447380,7.85,11.76,0.82,28.8,,,,,,,,5.85,,n/a,BAL @ ATL,Ravens @ Falcons,Mercedes-Benz Stadium,retractable_dome,NBC/Peacock,10/11/2026,,,,,,,,,,,,,,,3.88,5,30.54,7.87,14.41,,0.28,,,,,
Mark Andrews,CPT,BAL,Showdown 4th Quarter,10/11/2026,Showdown 4th Quarter 10/11 9:50PM Q4 (BAL @ ATL),9600,44447525,7.85,11.76,0.82,28.8,,,,,,,,5.85,,n/a,BAL @ ATL,Ravens @ Falcons,Mercedes-Benz Stadium,retractable_dome,NBC/Peacock,10/11/2026,,,,,,,,,,,,,,,3.88,5,30.54,7.87,14.41,,0.28,,,,,
Cam Ward,QB,TEN,Classic,10/11/2026,"Classic 10/11 1:00PM, 11 Games",4900,44391843,11.14,11.76,2.27,14.7,,,,,,,31.5,11.45,,n/a,HOU @ TEN,Texans @ Titans,Nissan Stadium,outdoor,CBS,10/11/2026,19.41,31.63,61.4,189.41,5.99,29.5,0.6,0.66,75.8,3.42,10.9,3.19,,,,,,,,,0.12,,,,,
Cam Ward,QB,TEN,Early,10/11/2026,"Early 10/11 1:00PM, 8 Games",4900,44418494,11.14,11.76,2.27,14.7,,,,,,,31.5,11.45,,n/a,HOU @ TEN,Texans @ Titans,Nissan Stadium,outdoor,CBS,10/11/2026,19.41,31.63,61.4,189.41,5.99,29.5,0.6,0.66,75.8,3.42,10.9,3.19,,,,,,,,,0.12,,,,,
Tyler Warren,TE,IND,Classic,10/11/2026,"Classic 10/11 1:00PM, 11 Games",5000,44392594,10.98,11.73,2.2,15,,,,,,,,8.25,,n/a,IND @ PIT,Colts @ Steelers,Acrisure Stadium,outdoor,CBS,10/11/2026,,,,,,,,,,,,,,0,5.26,7.5,45.67,8.68,16.74,0.39,0.31,,0,,,
Tyler Warren,TE,IND,Early,10/11/2026,"Early 10/11 1:00PM, 8 Games",5000,44419031,10.98,11.73,2.2,15,,,,,,,,8.25,,n/a,IND @ PIT,Colts @ Steelers,Acrisure Stadium,outdoor,CBS,10/11/2026,,,,,,,,,,,,,,0,5.26,7.5,45.67,8.68,16.74,0.39,0.31,,0,,,
Jameson Williams,WR,DET,Classic,10/11/2026,"Classic 10/11 1:00PM, 11 Games",5900,44392194,10.33,11.71,1.75,17.7,,,,,,,,8.75,,n/a,DET @ ARI,Lions @ Cardinals,State Farm Stadium,retractable_dome,FOX,10/11/2026,,,,,,,,,,,,,,,3.65,6,53.38,14.62,23.59,,0.33,,,,,
Jameson Williams,WR,DET,Late,10/11/2026,"Late 10/11 4:05PM, 3 Games",5900,44433352,10.33,11.71,1.75,17.7,,,,,,,,8.75,,n/a,DET @ ARI,Lions @ Cardinals,State Farm Stadium,retractable_dome,FOX,10/11/2026,,,,,,,,,,,,,,,3.65,6,53.38,14.62,23.59,,0.33,,,,,
Rhamondre Stevenson,RB,NE,Classic,10/11/2026,"Classic 10/11 1:00PM, 11 Games",5500,44391930,10.67,11.68,1.94,16.5,,,,,58.5,,,10.85,,n/a,LV @ NE,Raiders @ Patriots,Gillette Stadium,outdoor,CBS,10/11/2026,,,,,,,,,,10.88,36.86,3.39,,,2.77,3,15.5,5.6,10.5,,0.44,,,,,
Rhamondre Stevenson,RB,NE,Early,10/11/2026,"Early 10/11 1:00PM, 8 Games",5500,44418559,10.67,11.68,1.94,16.5,,,,,58.5,,,10.85,,n/a,LV @ NE,Raiders @ Patriots,Gillette Stadium,outdoor,CBS,10/11/2026,,,,,,,,,,10.88,36.86,3.39,,,2.77,3,15.5,5.6,10.5,,0.44,,,,,
Makai Lemon,CPT,PHI,Showdown Captain Mode,10/11/2026,Showdown Captain Mode 10/11 9:30AM (PHI @ JAX),10200,44420522,7.3,11.65,0.72,30.6,,,,,,,,5.75,,n/a,PHI @ JAX,Eagles @ Jaguars,Tottenham Hotspur Stadium,outdoor,NFL Network,10/11/2026,,,,,,,,,,,,,,,3.67,5.5,33.43,9.1,15.69,,0.15,,,,,
Ollie Gordon II,RB,MIA,Showdown Captain Mode,10/11/2026,Showdown Captain Mode 10/11 1:00PM (CIN @ MIA),8400,44420573,8.76,11.61,1.04,25.2,,,,,58.5,,,9.05,,12/30/1899,n/a,n/a,n/a,n/a,n/a,10/11/2026,,,,,,,,,,11.32,43.64,3.86,,,1.79,2,9.4,5.26,8.2,,0.37,,,,,
Hunter Henry,CPT,NE,Showdown Captain Mode,10/11/2026,Showdown Captain Mode 10/11 1:00PM (LV @ NE),8100,44420854,8.63,11.56,1.07,24.3,,,,,,,,7.05,,n/a,LV @ NE,Raiders @ Patriots,Gillette Stadium,outdoor,CBS,10/11/2026,,,,,,,,,,,,,,,3.67,5,36.36,9.91,16.55,,0.33,,,,,
Terry McLaurin,WR,WAS,Showdown Captain Mode,10/11/2026,Showdown Captain Mode 10/11 1:00PM (NYG @ WAS),8400,44420677,8.69,11.55,1.03,25.2,,,59.5,,,,,9.95,,n/a,NYG @ WAS,Giants @ Commanders,Northwest Stadium,outdoor,FOX,10/11/2026,,,,,,,,,,,,,,,,,59.5,,22.5,,0.32,,,,,
J.K. Dobbins,CPT,DEN,Showdown Captain Mode,10/11/2026,Showdown Captain Mode 10/11 4:05PM (DEN @ LAC),11100,44434498,7.74,11.49,0.7,33.3,,49.5,2.5,,57.5,,,8.25,,n/a,DEN @ LAC,Broncos @ Chargers,SoFi Stadium,outdoor,CBS,10/11/2026,,,,,,,,,,13.73,51.67,3.76,,,,,2.5,,3.5,,0.39,,,,,
RJ Harvey,RB,DEN,Classic,10/11/2026,"Classic 10/11 1:00PM, 11 Games",5200,44391942,10.62,11.48,2.04,15.6,,,,,57.5,,,9.45,,n/a,DEN @ LAC,Broncos @ Chargers,SoFi Stadium,outdoor,CBS,10/11/2026,,,,,,,,,,,25.56,,,,4.14,5,27.23,6.57,12.12,,0.32,,,,,
RJ Harvey,RB,DEN,Late,10/11/2026,"Late 10/11 4:05PM, 3 Games",5200,44433276,10.62,11.48,2.04,15.6,,,,,57.5,,,9.45,,n/a,DEN @ LAC,Broncos @ Chargers,SoFi Stadium,outdoor,CBS,10/11/2026,,,,,,,,,,,25.56,,,,4.14,5,27.23,6.57,12.12,,0.32,,,,,
Harold Fannin Jr.,TE,CLE,Showdown Captain Mode,10/11/2026,Showdown Captain Mode 10/11 1:00PM (CLE @ NYJ),7400,44422299,8.98,11.45,1.21,22.2,,,,,,,,6.45,,12/30/1899,n/a,n/a,n/a,n/a,n/a,10/11/2026,,,,0,,,,,,,0,,,0,4.43,6,35.88,8.1,15.3,0.38,0.28,,0,,,
MarShawn Lloyd,CPT,GB,Showdown Captain Mode,10/11/2026,Showdown Captain Mode 10/11 1:00PM (CHI @ GB),8400,44423865,8.57,11.45,1.02,25.2,,,,,44.5,,,6.95,,n/a,CHI @ GB,Bears @ Packers,Lambeau Field,outdoor,FOX,10/11/2026,,,,,,,,,,8.46,27.64,3.27,,,2.33,2.5,12.44,5.33,8.46,,0.43,,,,,
Evan McPherson,CPT,CIN,Showdown Captain Mode,10/11/2026,Showdown Captain Mode 10/11 1:00PM (CIN @ MIA),7500,44420636,8.9,11.44,1.19,22.5,,,,,,,,9.5,,12/30/1899,n/a,n/a,n/a,n/a,n/a,10/11/2026,,,,,,,,,,,,,,,,,,,,,,,,1.73,2.69,8.5
Kenyon Sadiq,CPT,NYJ,Showdown Captain Mode,10/11/2026,Showdown Captain Mode 10/11 1:00PM (CLE @ NYJ),9600,44422355,7.38,11.38,0.77,28.8,,,,,,,,5.85,,n/a,CLE @ NYJ,Browns @ Jets,MetLife Stadium,outdoor,CBS,10/11/2026,,,,,,,,,,,,,,,3.46,5.5,31.63,9.15,15.73,,0.25,,,,,
Dontayvion Wicks,WR,PHI,Showdown Captain Mode,10/11/2026,Showdown Captain Mode 10/11 9:30AM (PHI @ JAX),7800,44420465,8.58,11.35,1.1,23.4,,,,,,,,7.35,,n/a,PHI @ JAX,Eagles @ Jaguars,Tottenham Hotspur Stadium,outdoor,NFL Network,10/11/2026,,,,,,,,,,,,,,,3.7,6.5,44.45,12.01,20.5,,0.19,,,,,
Luther Burden III,WR,CHI,Classic,10/11/2026,"Classic 10/11 1:00PM, 11 Games",4900,44392222,10.58,11.35,2.16,14.7,,,,,,,,8.35,,12/30/1899,n/a,n/a,n/a,n/a,n/a,10/11/2026,,,,0,,,,,,,3,,,0,4.61,6.5,47.5,10.31,19.42,0.39,0.28,,,,,
Luther Burden III,WR,CHI,Early,10/11/2026,"Early 10/11 1:00PM, 8 Games",4900,44418765,10.58,11.35,2.16,14.7,,,,,,,,8.35,,12/30/1899,n/a,n/a,n/a,n/a,n/a,10/11/2026,,,,0,,,,,,,3,,,0,4.61,6.5,47.5,10.31,19.42,0.39,0.28,,,,,
KC Concepcion Jr.,WR,CLE,Showdown Captain Mode,10/11/2026,Showdown Captain Mode 10/11 1:00PM (CLE @ NYJ),7200,44422300,9.08,11.25,1.26,21.6,,,39.5,,,,,6.85,,12/30/1899,n/a,n/a,n/a,n/a,n/a,10/11/2026,,,,,,,,,,,,,,,4.41,6.5,39.66,8.99,16.42,,0.24,,,,,
Roman Wilson,CPT,PIT,Showdown Captain Mode,10/11/2026,Showdown Captain Mode 10/11 1:00PM (IND @ PIT),8100,44423269,8.25,11.25,1.02,24.3,,,,,,,,7.45,,n/a,IND @ PIT,Colts @ Steelers,Acrisure Stadium,outdoor,CBS,10/11/2026,,,,,,,,,,,,,,,3.34,5,41.71,12.48,19.79,,0.25,,,,,
Tucker Kraft,TE,GB,Classic,10/11/2026,"Classic 10/11 1:00PM, 11 Games",4700,44392600,10.65,11.25,2.27,14.1,,,49.5,,,,,7.85,,12/30/1899,CHI @ GB,Bears @ Packers,Lambeau Field,outdoor,FOX,10/11/2026,,,,,,,,,,,,,,0,4.59,6,49.77,10.85,19.43,0.39,0.3,,0,,,
Tucker Kraft,TE,GB,Early,10/11/2026,"Early 10/11 1:00PM, 8 Games",4700,44419035,10.65,11.25,2.27,14.1,,,49.5,,,,,7.85,,12/30/1899,CHI @ GB,Bears @ Packers,Lambeau Field,outdoor,FOX,10/11/2026,,,,,,,,,,,,,,0,4.59,6,49.77,10.85,19.43,0.39,0.3,,0,,,
Dalton Schultz,CPT,HOU,Showdown Captain Mode,10/11/2026,Showdown Captain Mode 10/11 1:00PM (HOU @ TEN),8100,44420962,8.15,11.16,1.01,24.3,,,,,,,,6.15,,n/a,HOU @ TEN,Texans @ Titans,Nissan Stadium,outdoor,CBS,10/11/2026,,,,,,,,,,,,,,,4.14,5.5,33.88,8.19,14.3,,0.23,,,,,
Will Shipley,RB,PHI,Showdown Captain Mode,10/11/2026,Showdown Captain Mode 10/11 9:30AM (PHI @ JAX),8000,44420464,8.46,11.15,1.06,24,,,,,53.5,,,6.85,,n/a,PHI @ JAX,Eagles @ Jaguars,Tottenham Hotspur Stadium,outdoor,NFL Network,10/11/2026,,,,,,,,,,10.27,36.23,3.53,,,2.66,3,15.23,5.74,9.23,,0.23,,,,,
Romeo Doubs,WR,NE,Classic,10/11/2026,"Classic 10/11 1:00PM, 11 Games",5000,44392220,10.3,11.11,2.06,15,,,49.5,,,,,8.75,,n/a,LV @ NE,Raiders @ Patriots,Gillette Stadium,outdoor,CBS,10/11/2026,,,,,,,,,,,,,,,3.91,5.5,49.34,12.61,22.4,,0.35,,,,,
Romeo Doubs,WR,NE,Early,10/11/2026,"Early 10/11 1:00PM, 8 Games",5000,44418763,10.3,11.11,2.06,15,,,49.5,,,,,8.75,,n/a,LV @ NE,Raiders @ Patriots,Gillette Stadium,outdoor,CBS,10/11/2026,,,,,,,,,,,,,,,3.91,5.5,49.34,12.61,22.4,,0.35,,,,,
Colston Loveland,TE,CHI,Showdown Captain Mode,10/11/2026,Showdown Captain Mode 10/11 1:00PM (CHI @ GB),6600,44423806,9.06,11.06,1.37,19.8,,,,,,,,7.45,,n/a,CHI @ GB,Bears @ Packers,Lambeau Field,outdoor,FOX,10/11/2026,,,,,,,,,,,,,,,4.08,5.5,38.69,9.47,13.68,,0.3,,,,,
Khalil Shakir,WR,BUF,Classic,10/12/2026,"Classic 10/11 1:00PM, 13 Games",5000,44419696,10.14,11.05,2.03,15,,,,,,,,9.225,,12/30/1899,BUF @ LAR,Bills @ Rams,SoFi Stadium,outdoor,ABC/ESPN,10/12/2026,,,,,,,,,,,,,,,4.64,5.5,45.8,9.87,18.59,,0.28,,,,,
Jake Bates,CPT,DET,Showdown Captain Mode,10/11/2026,Showdown Captain Mode 10/11 4:25PM (DET @ ARI),7800,44434830,8.45,11.04,1.08,23.4,,,,,,,,9.5,,12/30/1899,n/a,n/a,n/a,n/a,n/a,10/11/2026,,,,,,,,,,,,,,,,,,,,,,,,1.7,3.28,7.75
Devaughn Vele,WR,NO,Showdown Captain Mode,10/11/2026,Showdown Captain Mode 10/11 1:00PM (MIN @ NO),7200,44422651,8.61,11.03,1.2,21.6,,,,,,,,6.35,,12/30/1899,MIN @ NO,Vikings @ Saints,Caesars Superdome,dome,FOX,10/11/2026,,,,,,,,,,,,,,,3.95,6,40.6,10.28,17.57,,0.22,,,,,
Juwan Johnson,TE,NO,Showdown Captain Mode,10/11/2026,Showdown Captain Mode 10/11 1:00PM (MIN @ NO),6400,44422653,9.16,11.03,1.43,19.2,,,,,,,,6.95,,n/a,MIN @ NO,Vikings @ Saints,Caesars Superdome,dome,FOX,10/11/2026,,,,,,,,,,,,,,,4.39,6,41.87,9.54,17.57,,0.22,,,,,
Keon Coleman,CPT,BUF,Showdown Captain Mode,10/12/2026,Showdown Captain Mode 10/12 8:15PM (BUF @ LAR),8400,44446859,7.74,11,0.92,25.2,,,,,,,,6.25,,n/a,BUF @ LAR,Bills @ Rams,SoFi Stadium,outdoor,ABC/ESPN,10/12/2026,,,,,,,,,,,,,,,3.17,5,37.71,11.9,19.42,,0.26,,,,,
Keon Coleman,CPT,BUF,Showdown 2nd Half,10/12/2026,Showdown 2nd Half 10/12 9:15PM 2H (BUF @ LAR),8400,44447636,7.74,11,0.92,25.2,,,,,,,,6.25,,n/a,BUF @ LAR,Bills @ Rams,SoFi Stadium,outdoor,ABC/ESPN,10/12/2026,,,,,,,,,,,,,,,3.17,5,37.71,11.9,19.42,,0.26,,,,,
Keon Coleman,CPT,BUF,Showdown 4th Quarter,10/12/2026,Showdown 4th Quarter 10/12 9:45PM Q4 (BUF @ LAR),8400,44447734,7.74,11,0.92,25.2,,,,,,,,6.25,,n/a,BUF @ LAR,Bills @ Rams,SoFi Stadium,outdoor,ABC/ESPN,10/12/2026,,,,,,,,,,,,,,,3.17,5,37.71,11.9,19.42,,0.26,,,,,
Courtland Sutton,WR,DEN,Showdown Captain Mode,10/11/2026,Showdown Captain Mode 10/11 4:05PM (DEN @ LAC),7600,44434442,8.27,10.98,1.09,22.8,,,,,,,,5.85,,12/30/1899,DEN @ LAC,Broncos @ Chargers,SoFi Stadium,outdoor,CBS,10/11/2026,,,,,,,,,,,,,,,3.4,5.5,37.42,10.99,18.89,,0.31,,,,,
Dallas Goedert,TE,PHI,Showdown Captain Mode,10/11/2026,Showdown Captain Mode 10/11 9:30AM (PHI @ JAX),6200,44420469,9.23,10.98,1.49,18.6,,,,,,,,7.15,,n/a,PHI @ JAX,Eagles @ Jaguars,Tottenham Hotspur Stadium,outdoor,NFL Network,10/11/2026,,,,,,,,,,,,,,0,4.4,6,42.08,9.57,17.5,0.36,0.23,,0,,,
Cam Little,CPT,JAX,Showdown Captain Mode,10/11/2026,Showdown Captain Mode 10/11 9:30AM (PHI @ JAX),8100,44420532,7.9,10.96,0.98,24.3,,,,,,,,8.5,,12/30/1899,n/a,n/a,n/a,n/a,n/a,10/11/2026,,,,,,,,,,,,,,,,,,,,,,,,1.68,2.69,7.5
Nick Folk,CPT,ATL,Showdown Captain Mode,10/11/2026,Showdown Captain Mode 10/11 8:20PM (BAL @ ATL),8100,44446759,7.9,10.96,0.98,24.3,,,,,,,,8.5,,12/30/1899,n/a,n/a,n/a,n/a,n/a,10/11/2026,,,,,,,,,,,,,,,,,,,,,,,,1.7,2.42,7.5
Jason Myers,CPT,SEA,Showdown Captain Mode,10/11/2026,Showdown Captain Mode 10/11 4:25PM (SF @ SEA),8100,44434617,7.9,10.96,0.98,24.3,,,,,,,,8.5,,12/30/1899,n/a,n/a,n/a,n/a,n/a,10/11/2026,,,,,,,,,,,,,,,,,,,,,,,,1.79,2.42,7.5
Nick Folk,CPT,ATL,Showdown 2nd Half,10/11/2026,Showdown 2nd Half 10/11 9:20PM 2H (BAL @ ATL),8100,44447388,7.9,10.96,0.98,24.3,,,,,,,,8.5,,12/30/1899,n/a,n/a,n/a,n/a,n/a,10/11/2026,,,,,,,,,,,,,,,,,,,,,,,,1.7,2.42,7.5
Nick Folk,CPT,ATL,Showdown 4th Quarter,10/11/2026,Showdown 4th Quarter 10/11 9:50PM Q4 (BAL @ ATL),8100,44447533,7.9,10.96,0.98,24.3,,,,,,,,8.5,,12/30/1899,n/a,n/a,n/a,n/a,n/a,10/11/2026,,,,,,,,,,,,,,,,,,,,,,,,1.7,2.42,7.5
Ka'imi Fairbairn,CPT,HOU,Showdown Captain Mode,10/11/2026,Showdown Captain Mode 10/11 1:00PM (HOU @ TEN),7800,44420963,8.1,10.96,1.04,23.4,,,,,,,,9,,12/30/1899,n/a,n/a,n/a,n/a,n/a,10/11/2026,,,,,,,,,,,,,,,,,,,,,,,,1.85,2.35,7.5
Malik Washington,WR,MIA,Classic,10/11/2026,"Classic 10/11 1:00PM, 11 Games",4600,44392228,10.36,10.96,2.25,13.8,,3.5,,,,,,7.65,,n/a,CIN @ MIA,Bengals @ Dolphins,Hard Rock Stadium,outdoor,FOX,10/11/2026,,,,,,,,,,,3.5,,,,4.68,6.5,46.56,9.95,17.31,,0.24,,,,,
Malik Washington,WR,MIA,Early,10/11/2026,"Early 10/11 1:00PM, 8 Games",4600,44418771,10.36,10.96,2.25,13.8,,3.5,,,,,,7.65,,n/a,CIN @ MIA,Bengals @ Dolphins,Hard Rock Stadium,outdoor,FOX,10/11/2026,,,,,,,,,,,3.5,,,,4.68,6.5,46.56,9.95,17.31,,0.24,,,,,
Andy Borregales,CPT,NE,Showdown Captain Mode,10/11/2026,Showdown Captain Mode 10/11 1:00PM (LV @ NE),7200,44420856,8.5,10.95,1.18,21.6,,,,,,,,8.5,,12/30/1899,n/a,n/a,n/a,n/a,n/a,10/11/2026,,,,,,,,,,,,,,,,,,,,,,,,,,
T.J. Hockenson,TE,MIN,Showdown Captain Mode,10/11/2026,Showdown Captain Mode 10/11 1:00PM (MIN @ NO),6800,44422652,8.71,10.89,1.28,20.4,,,,,,,,7.15,,n/a,MIN @ NO,Vikings @ Saints,Caesars Superdome,dome,FOX,10/11/2026,,,,,,,,,,,,,,,4.42,6,36.59,8.28,14.88,,0.23,,,,,
Keenan Allen,CPT,IND,Showdown Captain Mode,10/11/2026,Showdown Captain Mode 10/11 1:00PM (IND @ PIT),9300,44423256,6.98,10.89,0.75,27.9,,,,,,,,5.65,,n/a,IND @ PIT,Colts @ Steelers,Acrisure Stadium,outdoor,CBS,10/11/2026,,,,,,,,,,,,,,,3.57,5,29.97,8.39,14.74,,0.19,,,,,
Carnell Tate,WR,TEN,Classic,10/11/2026,"Classic 10/11 1:00PM, 11 Games",5300,44392210,9.71,10.87,1.83,15.9,,,,,,,,6.95,,12/30/1899,HOU @ TEN,Texans @ Titans,Nissan Stadium,outdoor,CBS,10/11/2026,,,,,,,,,,,,,,,4.5,7,47.73,10.61,18.38,,0.19,,,,,
Carnell Tate,WR,TEN,Early,10/11/2026,"Early 10/11 1:00PM, 8 Games",5300,44418757,9.71,10.87,1.83,15.9,,,,,,,,6.95,,12/30/1899,HOU @ TEN,Texans @ Titans,Nissan Stadium,outdoor,CBS,10/11/2026,,,,,,,,,,,,,,,4.5,7,47.73,10.61,18.38,,0.19,,,,,
Jakobi Meyers,WR,JAX,Showdown Captain Mode,10/11/2026,Showdown Captain Mode 10/11 9:30AM (PHI @ JAX),7400,44420466,8.47,10.85,1.14,22.2,,,,,,,,7.05,,n/a,PHI @ JAX,Eagles @ Jaguars,Tottenham Hotspur Stadium,outdoor,NFL Network,10/11/2026,,,,,,,,,,,,,,,3.67,5,41.25,11.23,18.5,,0.24,,,,,
Wil Lutz,CPT,DEN,Showdown Captain Mode,10/11/2026,Showdown Captain Mode 10/11 4:05PM (DEN @ LAC),7800,44434505,7.9,10.79,1.01,23.4,,,,,,,,8.5,,12/30/1899,n/a,n/a,n/a,n/a,n/a,10/11/2026,,,,,,,,,,,,,,,,,,,,,,,,1.68,2.21,7.5
Chris Boswell,CPT,PIT,Showdown Captain Mode,10/11/2026,Showdown Captain Mode 10/11 1:00PM (IND @ PIT),7500,44423271,8.1,10.79,1.08,22.5,,,,,,,,9,,12/30/1899,n/a,n/a,n/a,n/a,n/a,10/11/2026,,,,,,,,,,,,,,,,,,,,,,,,1.78,2.18,7.5
Rachaad White,CPT,WAS,Showdown Captain Mode,10/11/2026,Showdown Captain Mode 10/11 1:00PM (NYG @ WAS),10500,44420737,6.34,10.7,0.6,31.5,,,,,36.5,,,5.15,,n/a,NYG @ WAS,Giants @ Commanders,Northwest Stadium,outdoor,FOX,10/11/2026,,,,,,,,,,,23.85,,,,1.94,2.5,9.27,4.77,7.52,,0.3,,,,,
Alvin Kamara,RB,NO,Classic,10/11/2026,"Classic 10/11 1:00PM, 11 Games",5400,44391934,9.54,10.69,1.77,16.2,,,,,50.5,,,7.55,,n/a,MIN @ NO,Vikings @ Saints,Caesars Superdome,dome,FOX,10/11/2026,,,,,,,,,,10.58,32.84,3.1,,,3.49,4,13.56,3.89,7.53,,0.34,,,,,
Alvin Kamara,RB,NO,Early,10/11/2026,"Early 10/11 1:00PM, 8 Games",5400,44418563,9.54,10.69,1.77,16.2,,,,,50.5,,,7.55,,n/a,MIN @ NO,Vikings @ Saints,Caesars Superdome,dome,FOX,10/11/2026,,,,,,,,,,10.58,32.84,3.1,,,3.49,4,13.56,3.89,7.53,,0.34,,,,,
Rome Odunze,WR,CHI,Showdown Captain Mode,10/11/2026,Showdown Captain Mode 10/11 1:00PM (CHI @ GB),7400,44423804,8.22,10.64,1.11,22.2,,,39.5,,,,,7.25,,n/a,CHI @ GB,Bears @ Packers,Lambeau Field,outdoor,FOX,10/11/2026,,,,,,,,,,,,,,,3.12,5.5,40.56,13.01,19.39,,0.3,,,,,
Cairo Santos,CPT,CHI,Showdown Captain Mode,10/11/2026,Showdown Captain Mode 10/11 1:00PM (CHI @ GB),7500,44423866,7.9,10.63,1.05,22.5,,,,,,,,8.5,,12/30/1899,n/a,n/a,n/a,n/a,n/a,10/11/2026,,,,,,,,,,,,,,,,,,,,,,,,1.69,2.41,7.5
Drew Stevens,CPT,WAS,Showdown Captain Mode,10/11/2026,Showdown Captain Mode 10/11 1:00PM (NYG @ WAS),7500,44420745,7.9,10.63,1.05,22.5,,,,,,,,8.5,,12/30/1899,n/a,n/a,n/a,n/a,n/a,10/11/2026,,,,,,,,,,,,,,,,,,,,,,,,1.67,2.21,7.5
Will Reichard,CPT,MIN,Showdown Captain Mode,10/11/2026,Showdown Captain Mode 10/11 1:00PM (MIN @ NO),7200,44422717,8.1,10.62,1.13,21.6,,,,,,,,9,,12/30/1899,n/a,n/a,n/a,n/a,n/a,10/11/2026,,,,,,,,,,,,,,,,,,,,,,,,1.74,2.09,7.5
Harrison Mevis,CPT,LAR,Showdown Captain Mode,10/12/2026,Showdown Captain Mode 10/12 8:15PM (BUF @ LAR),7500,44446860,8.1,10.6,1.08,22.5,,,,,,,,9,,12/30/1899,n/a,n/a,n/a,n/a,n/a,10/12/2026,,,,,,,,,,,,,,,,,,,,,,,,1.63,3.15,7.5
Harrison Mevis,CPT,LAR,Showdown 2nd Half,10/12/2026,Showdown 2nd Half 10/12 9:15PM 2H (BUF @ LAR),7500,44447637,8.1,10.6,1.08,22.5,,,,,,,,9,,12/30/1899,n/a,n/a,n/a,n/a,n/a,10/12/2026,,,,,,,,,,,,,,,,,,,,,,,,1.63,3.15,7.5
Harrison Mevis,CPT,LAR,Showdown 4th Quarter,10/12/2026,Showdown 4th Quarter 10/12 9:45PM Q4 (BUF @ LAR),7500,44447735,8.1,10.6,1.08,22.5,,,,,,,,9,,12/30/1899,n/a,n/a,n/a,n/a,n/a,10/12/2026,,,,,,,,,,,,,,,,,,,,,,,,1.63,3.15,7.5
Brenton Strange,CPT,JAX,Showdown Captain Mode,10/11/2026,Showdown Captain Mode 10/11 9:30AM (PHI @ JAX),8400,44420531,7.21,10.57,0.86,25.2,,,,,,,,6.15,,n/a,PHI @ JAX,Eagles @ Jaguars,Tottenham Hotspur Stadium,outdoor,NFL Network,10/11/2026,,,,,,,,,,,,,,,3.33,4.5,32.5,9.76,15.49,,0.23,,,,,
TreVeyon Henderson,RB,NE,Showdown Captain Mode,10/11/2026,Showdown Captain Mode 10/11 1:00PM (LV @ NE),7000,44420790,8.74,10.54,1.25,21,,,8.5,,60.5,,,8.75,,n/a,LV @ NE,Raiders @ Patriots,Gillette Stadium,outdoor,CBS,10/11/2026,,,,,,,,,,12.01,47.54,3.96,,,1.68,2,7.5,4.46,6.5,,0.36,,,,,
Jacory Croskey-Merritt,RB,WAS,Showdown Captain Mode,10/11/2026,Showdown Captain Mode 10/11 1:00PM (NYG @ WAS),6800,44420682,8.66,10.54,1.27,20.4,,,5.5,,64.5,,,8.95,,n/a,NYG @ WAS,Giants @ Commanders,Northwest Stadium,outdoor,FOX,10/11/2026,,,,,,,,,,13.16,52.44,3.98,,,1.2,2,5.5,4.58,5.5,,0.37,,,,,
Denzel Boston,WR,CLE,Classic,10/11/2026,"Classic 10/11 1:00PM, 11 Games",5200,44392214,9.38,10.54,1.8,15.6,,,,,,,,7.85,,n/a,CLE @ NYJ,Browns @ Jets,MetLife Stadium,outdoor,CBS,10/11/2026,,,,,,,,,,,,,,,3.46,6,47.55,13.75,22.5,,0.31,,,,,
Denzel Boston,WR,CLE,Early,10/11/2026,"Early 10/11 1:00PM, 8 Games",5200,44418759,9.38,10.54,1.8,15.6,,,,,,,,7.85,,n/a,CLE @ NYJ,Browns @ Jets,MetLife Stadium,outdoor,CBS,10/11/2026,,,,,,,,,,,,,,,3.46,6,47.55,13.75,22.5,,0.31,,,,,
Isaiah Likely,TE,NYG,Classic,10/11/2026,"Classic 10/11 1:00PM, 11 Games",4300,44392608,9.9,10.46,2.3,12.9,,,,,,,,7.15,,n/a,NYG @ WAS,Giants @ Commanders,Northwest Stadium,outdoor,FOX,10/11/2026,,,,,,,,,,,,,,0,4.67,6.5,42.44,9.08,17.51,0.38,0.29,,0,,,
Isaiah Likely,TE,NYG,Early,10/11/2026,"Early 10/11 1:00PM, 8 Games",4300,44419043,9.9,10.46,2.3,12.9,,,,,,,,7.15,,n/a,NYG @ WAS,Giants @ Commanders,Northwest Stadium,outdoor,FOX,10/11/2026,,,,,,,,,,,,,,0,4.67,6.5,42.44,9.08,17.51,0.38,0.29,,0,,,
Deebo Samuel Sr.,WR,SF,Classic,10/11/2026,"Classic 10/11 1:00PM, 11 Games",5500,44392202,8.95,10.36,1.63,16.5,,,,,,,,7.15,,12/30/1899,n/a,n/a,n/a,n/a,n/a,10/11/2026,,,,,,,,,,,8.1,,,,3.74,5.5,34.91,9.34,15.58,,0.28,,,,,
Deebo Samuel Sr.,WR,SF,Late,10/11/2026,"Late 10/11 4:05PM, 3 Games",5500,44433356,8.95,10.36,1.63,16.5,,,,,,,,7.15,,12/30/1899,n/a,n/a,n/a,n/a,n/a,10/11/2026,,,,,,,,,,,8.1,,,,3.74,5.5,34.91,9.34,15.58,,0.28,,,,,
Tre' Harris,CPT,LAC,Showdown Captain Mode,10/11/2026,Showdown Captain Mode 10/11 4:05PM (DEN @ LAC),9900,44434499,6.29,10.35,0.64,29.7,,,49.5,,,,,8.15,,n/a,DEN @ LAC,Broncos @ Chargers,SoFi Stadium,outdoor,CBS,10/11/2026,,,,,,,,,,,,,,,,,50.5,,,,,,,,,
Pat Freiermuth,CPT,PIT,Showdown Captain Mode,10/11/2026,Showdown Captain Mode 10/11 1:00PM (IND @ PIT),8700,44423267,6.71,10.33,0.77,26.1,,,,,,,,4.95,,n/a,IND @ PIT,Colts @ Steelers,Acrisure Stadium,outdoor,CBS,10/11/2026,,,,,,,,,,,,,,,3.3,4.5,27.75,8.41,13.3,,0.23,,,,,
Cameron Dicker,CPT,LAC,Showdown Captain Mode,10/11/2026,Showdown Captain Mode 10/11 4:05PM (DEN @ LAC),8100,44434504,7.1,10.31,0.88,24.3,,,,,,,,8,,12/30/1899,n/a,n/a,n/a,n/a,n/a,10/11/2026,,,,,,,,,,,,,,,,,,,,,,,,1.65,1.8,6.5
Tre Tucker,WR,LV,Showdown Captain Mode,10/11/2026,Showdown Captain Mode 10/11 1:00PM (LV @ NE),6600,44420791,8.3,10.29,1.26,19.8,,,39.5,,,,,6.65,,n/a,LV @ NE,Raiders @ Patriots,Gillette Stadium,outdoor,CBS,10/11/2026,,,,,,,,,,,,,,,3.49,5.5,41.75,11.97,19.57,,0.23,,,,,
Michael Pittman Jr.,WR,PIT,Showdown Captain Mode,10/11/2026,Showdown Captain Mode 10/11 1:00PM (IND @ PIT),6400,44423159,8.39,10.26,1.31,19.2,,,26.5,,,,,,,12/30/1899,n/a,n/a,n/a,n/a,n/a,10/11/2026,,,,,,,,,,,,,,,2.52,3,33.05,13.11,15.44,,0.43,,,,,
Mike Gesicki,TE,CIN,Showdown Captain Mode,10/11/2026,Showdown Captain Mode 10/11 1:00PM (CIN @ MIA),7000,44420576,7.74,10.22,1.11,21,,,,,,,,5.85,,n/a,CIN @ MIA,Bengals @ Dolphins,Hard Rock Stadium,outdoor,FOX,10/11/2026,,,,,,,,,,,,,,,3.5,4,32.5,9.29,16.5,,0.29,,,,,
Wan'Dale Robinson,WR,TEN,Showdown Captain Mode,10/11/2026,Showdown Captain Mode 10/11 1:00PM (HOU @ TEN),7400,44420904,7.46,10.21,1.01,22.2,,,,,,,,5.95,,n/a,HOU @ TEN,Texans @ Titans,Nissan Stadium,outdoor,CBS,10/11/2026,,,,,,,,,,,,,,,3.95,5.5,31.91,8.07,13.62,,0.16,,,,,
Tyler Bass,CPT,BUF,Showdown Captain Mode,10/12/2026,Showdown Captain Mode 10/12 8:15PM (BUF @ LAR),7200,44446861,7.6,10.21,1.06,21.6,,,,,,,,8.5,,12/30/1899,n/a,n/a,n/a,n/a,n/a,10/12/2026,,,,,,,,,,,,,,,,,,,,,,,,1.64,2.52,7
Tyler Bass,CPT,BUF,Showdown 2nd Half,10/12/2026,Showdown 2nd Half 10/12 9:15PM 2H (BUF @ LAR),7200,44447638,7.6,10.21,1.06,21.6,,,,,,,,8.5,,12/30/1899,n/a,n/a,n/a,n/a,n/a,10/12/2026,,,,,,,,,,,,,,,,,,,,,,,,1.64,2.52,7
Tyler Bass,CPT,BUF,Showdown 4th Quarter,10/12/2026,Showdown 4th Quarter 10/12 9:45PM Q4 (BUF @ LAR),7200,44447736,7.6,10.21,1.06,21.6,,,,,,,,8.5,,12/30/1899,n/a,n/a,n/a,n/a,n/a,10/12/2026,,,,,,,,,,,,,,,,,,,,,,,,1.64,2.52,7
David Montgomery,RB,HOU,Classic,10/11/2026,"Classic 10/11 1:00PM, 11 Games",5800,44391922,8.68,10.19,1.5,17.4,,,,,55.5,,,8.25,,n/a,HOU @ TEN,Texans @ Titans,Nissan Stadium,outdoor,CBS,10/11/2026,,,,,,,,,,13.94,42.88,3.08,,,1.51,1.5,7.48,4.94,6.61,,0.42,,,,,
Jordan Addison,WR,MIN,Classic,10/11/2026,"Classic 10/11 1:00PM, 11 Games",5800,44392196,8.53,10.19,1.47,17.4,,,,,,,,7.35,,n/a,MIN @ NO,Vikings @ Saints,Caesars Superdome,dome,FOX,10/11/2026,,,,,,,,,,,,,,,3.45,5.5,40.4,11.7,19.6,,0.29,,,,,
David Montgomery,RB,HOU,Early,10/11/2026,"Early 10/11 1:00PM, 8 Games",5800,44418553,8.68,10.19,1.5,17.4,,,,,55.5,,,8.25,,n/a,HOU @ TEN,Texans @ Titans,Nissan Stadium,outdoor,CBS,10/11/2026,,,,,,,,,,13.94,42.88,3.08,,,1.51,1.5,7.48,4.94,6.61,,0.42,,,,,
Jordan Addison,WR,MIN,Early,10/11/2026,"Early 10/11 1:00PM, 8 Games",5800,44418745,8.53,10.19,1.47,17.4,,,,,,,,7.35,,n/a,MIN @ NO,Vikings @ Saints,Caesars Superdome,dome,FOX,10/11/2026,,,,,,,,,,,,,,,3.45,5.5,40.4,11.7,19.6,,0.29,,,,,
Woody Marks,CPT,HOU,Showdown Captain Mode,10/11/2026,Showdown Captain Mode 10/11 1:00PM (HOU @ TEN),8700,44420961,7.14,10.17,0.82,26.1,,,,,50.5,,,7.35,,n/a,HOU @ TEN,Texans @ Titans,Nissan Stadium,outdoor,CBS,10/11/2026,,,,,,,,,,9.14,34.78,3.81,,,1.68,2,8.61,5.14,7.73,,0.31,,,,,
Tony Pollard,RB,TEN,Classic,10/11/2026,"Classic 10/11 1:00PM, 11 Games",5600,44391926,8.74,10.14,1.56,16.8,,,,,62.5,,,8.35,,n/a,HOU @ TEN,Texans @ Titans,Nissan Stadium,outdoor,CBS,10/11/2026,,,,,,,,,,14.17,50.43,3.56,,,1.64,2,10.19,6.22,7.55,,0.29,,,,,
Tony Pollard,RB,TEN,Early,10/11/2026,"Early 10/11 1:00PM, 8 Games",5600,44418557,8.74,10.14,1.56,16.8,,,,,62.5,,,8.35,,n/a,HOU @ TEN,Texans @ Titans,Nissan Stadium,outdoor,CBS,10/11/2026,,,,,,,,,,14.17,50.43,3.56,,,1.64,2,10.19,6.22,7.55,,0.29,,,,,
Hunter Henry,TE,NE,Showdown Captain Mode,10/11/2026,Showdown Captain Mode 10/11 1:00PM (LV @ NE),5400,44420797,8.63,10.04,1.6,16.2,,,,,,,,7.05,,n/a,LV @ NE,Raiders @ Patriots,Gillette Stadium,outdoor,CBS,10/11/2026,,,,,,,,,,,,,,,3.67,5,36.36,9.91,16.55,,0.33,,,,,
Oronde Gadsden II,CPT,LAC,Showdown Captain Mode,10/11/2026,Showdown Captain Mode 10/11 4:05PM (DEN @ LAC),6900,44434507,7.77,10.01,1.13,20.7,,,,,,,,5.95,,12/30/1899,n/a,n/a,n/a,n/a,n/a,10/11/2026,,,,,,,,,,,,,,,3.67,4,33.5,9.13,15.5,,0.25,,,,,
MarShawn Lloyd,RB,GB,Showdown Captain Mode,10/11/2026,Showdown Captain Mode 10/11 1:00PM (CHI @ GB),5600,44423811,8.57,10,1.53,16.8,,,,,44.5,,,6.95,,n/a,CHI @ GB,Bears @ Packers,Lambeau Field,outdoor,FOX,10/11/2026,,,,,,,,,,8.46,27.64,3.27,,,2.33,2.5,12.44,5.33,8.46,,0.43,,,,,
Ollie Gordon II,RB,MIA,Classic,10/11/2026,"Classic 10/11 1:00PM, 11 Games",5300,44391936,8.76,10,1.65,15.9,,,,,58.5,,,9.05,,12/30/1899,n/a,n/a,n/a,n/a,n/a,10/11/2026,,,,,,,,,,11.32,43.64,3.86,,,1.79,2,9.4,5.26,8.2,,0.37,,,,,
Ollie Gordon II,RB,MIA,Early,10/11/2026,"Early 10/11 1:00PM, 8 Games",5300,44418565,8.76,10,1.65,15.9,,,,,58.5,,,9.05,,12/30/1899,n/a,n/a,n/a,n/a,n/a,10/11/2026,,,,,,,,,,11.32,43.64,3.86,,,1.79,2,9.4,5.26,8.2,,0.37,,,,,
Mark Andrews,TE,BAL,Showdown Captain Mode,10/11/2026,Showdown Captain Mode 10/11 8:20PM (BAL @ ATL),6400,44446699,7.85,9.97,1.23,19.2,,,,,,,,5.85,,n/a,BAL @ ATL,Ravens @ Falcons,Mercedes-Benz Stadium,retractable_dome,NBC/Peacock,10/11/2026,,,,,,,,,,,,,,,3.88,5,30.54,7.87,14.41,,0.28,,,,,
Mark Andrews,TE,BAL,Showdown 2nd Half,10/11/2026,Showdown 2nd Half 10/11 9:20PM 2H (BAL @ ATL),6400,44447432,7.85,9.97,1.23,19.2,,,,,,,,5.85,,n/a,BAL @ ATL,Ravens @ Falcons,Mercedes-Benz Stadium,retractable_dome,NBC/Peacock,10/11/2026,,,,,,,,,,,,,,,3.88,5,30.54,7.87,14.41,,0.28,,,,,
Mark Andrews,TE,BAL,Showdown 4th Quarter,10/11/2026,Showdown 4th Quarter 10/11 9:50PM Q4 (BAL @ ATL),6400,44447577,7.85,9.97,1.23,19.2,,,,,,,,5.85,,n/a,BAL @ ATL,Ravens @ Falcons,Mercedes-Benz Stadium,retractable_dome,NBC/Peacock,10/11/2026,,,,,,,,,,,,,,,3.88,5,30.54,7.87,14.41,,0.28,,,,,
Juwan Johnson,TE,NO,Classic,10/11/2026,"Classic 10/11 1:00PM, 11 Games",4500,44392604,9.16,9.97,2.04,13.5,,,,,,,,6.95,,n/a,MIN @ NO,Vikings @ Saints,Caesars Superdome,dome,FOX,10/11/2026,,,,,,,,,,,,,,,4.39,6,41.87,9.54,17.57,,0.22,,,,,
Juwan Johnson,TE,NO,Early,10/11/2026,"Early 10/11 1:00PM, 8 Games",4500,44419039,9.16,9.97,2.04,13.5,,,,,,,,6.95,,n/a,MIN @ NO,Vikings @ Saints,Caesars Superdome,dome,FOX,10/11/2026,,,,,,,,,,,,,,,4.39,6,41.87,9.54,17.57,,0.22,,,,,
Terry McLaurin,WR,WAS,Classic,10/11/2026,"Classic 10/11 1:00PM, 11 Games",5300,44392212,8.69,9.94,1.64,15.9,,,59.5,,,,,9.95,,n/a,NYG @ WAS,Giants @ Commanders,Northwest Stadium,outdoor,FOX,10/11/2026,,,,,,,,,,,,,,,,,59.5,,22.5,,0.32,,,,,
Terry McLaurin,WR,WAS,Early,10/11/2026,"Early 10/11 1:00PM, 8 Games",5300,44418755,8.69,9.94,1.64,15.9,,,59.5,,,,,9.95,,n/a,NYG @ WAS,Giants @ Commanders,Northwest Stadium,outdoor,FOX,10/11/2026,,,,,,,,,,,,,,,,,59.5,,22.5,,0.32,,,,,
Colston Loveland,TE,CHI,Classic,10/11/2026,"Classic 10/11 1:00PM, 11 Games",4600,44392602,9.06,9.94,1.97,13.8,,,,,,,,7.45,,n/a,CHI @ GB,Bears @ Packers,Lambeau Field,outdoor,FOX,10/11/2026,,,,,,,,,,,,,,,4.08,5.5,38.69,9.47,13.68,,0.3,,,,,
Colston Loveland,TE,CHI,Early,10/11/2026,"Early 10/11 1:00PM, 8 Games",4600,44419037,9.06,9.94,1.97,13.8,,,,,,,,7.45,,n/a,CHI @ GB,Bears @ Packers,Lambeau Field,outdoor,FOX,10/11/2026,,,,,,,,,,,,,,,4.08,5.5,38.69,9.47,13.68,,0.3,,,,,
Devaughn Vele,WR,NO,Classic,10/11/2026,"Classic 10/11 1:00PM, 11 Games",5200,44392216,8.61,9.91,1.66,15.6,,,,,,,,6.35,,12/30/1899,MIN @ NO,Vikings @ Saints,Caesars Superdome,dome,FOX,10/11/2026,,,,,,,,,,,,,,,3.95,6,40.6,10.28,17.57,,0.22,,,,,
Devaughn Vele,WR,NO,Early,10/11/2026,"Early 10/11 1:00PM, 8 Games",5200,44418761,8.61,9.91,1.66,15.6,,,,,,,,6.35,,12/30/1899,MIN @ NO,Vikings @ Saints,Caesars Superdome,dome,FOX,10/11/2026,,,,,,,,,,,,,,,3.95,6,40.6,10.28,17.57,,0.22,,,,,
J.K. Dobbins,RB,DEN,Showdown Captain Mode,10/11/2026,Showdown Captain Mode 10/11 4:05PM (DEN @ LAC),7400,44434443,7.74,9.86,1.05,22.2,,49.5,2.5,,57.5,,,8.25,,n/a,DEN @ LAC,Broncos @ Chargers,SoFi Stadium,outdoor,CBS,10/11/2026,,,,,,,,,,13.73,51.67,3.76,,,,,2.5,,3.5,,0.39,,,,,
Dominic Zvada,CPT,NYG,Showdown Captain Mode,10/11/2026,Showdown Captain Mode 10/11 1:00PM (NYG @ WAS),8100,44420744,6.55,9.86,0.81,24.3,,,,,,,,7,,12/30/1899,n/a,n/a,n/a,n/a,n/a,10/11/2026,,,,,,,,,,,,,,,,,,,,,,,,1.51,1.71,6.25
Isaiah Williams,CPT,NYJ,Showdown Captain Mode,10/11/2026,Showdown Captain Mode 10/11 1:00PM (CLE @ NYJ),8700,44422361,5.74,9.81,0.66,26.1,,,,,,,,,,12/30/1899,n/a,n/a,n/a,n/a,n/a,10/11/2026,,,,,,,,,,,,,,,2.51,3.5,22.4,8.92,13.42,,0.17,,,,,
Tyler Loop,CPT,BAL,Showdown Captain Mode,10/11/2026,Showdown Captain Mode 10/11 8:20PM (BAL @ ATL),7500,44446760,6.9,9.81,0.92,22.5,,,,,,,,7.5,,12/30/1899,n/a,n/a,n/a,n/a,n/a,10/11/2026,,,,,,,,,,,,,,,,,,,,,,,,1.61,1.95,6.5
Tyler Loop,CPT,BAL,Showdown 2nd Half,10/11/2026,Showdown 2nd Half 10/11 9:20PM 2H (BAL @ ATL),7500,44447389,6.9,9.81,0.92,22.5,,,,,,,,7.5,,12/30/1899,n/a,n/a,n/a,n/a,n/a,10/11/2026,,,,,,,,,,,,,,,,,,,,,,,,1.61,1.95,6.5
Tyler Loop,CPT,BAL,Showdown 4th Quarter,10/11/2026,Showdown 4th Quarter 10/11 9:50PM Q4 (BAL @ ATL),7500,44447534,6.9,9.81,0.92,22.5,,,,,,,,7.5,,12/30/1899,n/a,n/a,n/a,n/a,n/a,10/11/2026,,,,,,,,,,,,,,,,,,,,,,,,1.61,1.95,6.5
Omarion Hampton,RB,LAC,Showdown Captain Mode,10/11/2026,Showdown Captain Mode 10/11 4:05PM (DEN @ LAC),9000,44434438,6.5,9.78,0.72,27,,,5.5,,44.5,,,6.65,,n/a,DEN @ LAC,Broncos @ Chargers,SoFi Stadium,outdoor,CBS,10/11/2026,,,,,,,,,,10.7,38.51,3.6,,,,,5.5,,5.5,,0.35,,,,,
T.J. Hockenson,TE,MIN,Classic,10/11/2026,"Classic 10/11 1:00PM, 11 Games",4800,44392598,8.71,9.77,1.81,14.4,,,,,,,,7.15,,n/a,MIN @ NO,Vikings @ Saints,Caesars Superdome,dome,FOX,10/11/2026,,,,,,,,,,,,,,,4.42,6,36.59,8.28,14.88,,0.23,,,,,
T.J. Hockenson,TE,MIN,Early,10/11/2026,"Early 10/11 1:00PM, 8 Games",4800,44419033,8.71,9.77,1.81,14.4,,,,,,,,7.15,,n/a,MIN @ NO,Vikings @ Saints,Caesars Superdome,dome,FOX,10/11/2026,,,,,,,,,,,,,,,4.42,6,36.59,8.28,14.88,,0.23,,,,,
Harold Fannin Jr.,TE,CLE,Classic,10/11/2026,"Classic 10/11 1:00PM, 11 Games",4400,44392606,8.98,9.77,2.04,13.2,,,,,,,,6.45,,12/30/1899,n/a,n/a,n/a,n/a,n/a,10/11/2026,,,,0,,,,,,,0,,,0,4.43,6,35.88,8.1,15.3,0.38,0.28,,0,,,
Harold Fannin Jr.,TE,CLE,Early,10/11/2026,"Early 10/11 1:00PM, 8 Games",4400,44419041,8.98,9.77,2.04,13.2,,,,,,,,6.45,,12/30/1899,n/a,n/a,n/a,n/a,n/a,10/11/2026,,,,0,,,,,,,0,,,0,4.43,6,35.88,8.1,15.3,0.38,0.28,,0,,,
Eddy Pineiro,CPT,SF,Showdown Captain Mode,10/11/2026,Showdown Captain Mode 10/11 4:25PM (SF @ SEA),7800,44434618,6.9,9.76,0.88,23.4,,,,,,,,7.5,,12/30/1899,n/a,n/a,n/a,n/a,n/a,10/11/2026,,,,,,,,,,,,,,,,,,,,,,,,1.66,2.09,6.5
Makai Lemon,WR,PHI,Showdown Captain Mode,10/11/2026,Showdown Captain Mode 10/11 9:30AM (PHI @ JAX),6800,44420467,7.3,9.75,1.07,20.4,,,,,,,,5.75,,n/a,PHI @ JAX,Eagles @ Jaguars,Tottenham Hotspur Stadium,outdoor,NFL Network,10/11/2026,,,,,,,,,,,,,,,3.67,5.5,33.43,9.1,15.69,,0.15,,,,,
Roman Wilson,WR,PIT,Showdown Captain Mode,10/11/2026,Showdown Captain Mode 10/11 1:00PM (IND @ PIT),5400,44423174,8.25,9.73,1.53,16.2,,,,,,,,7.45,,n/a,IND @ PIT,Colts @ Steelers,Acrisure Stadium,outdoor,CBS,10/11/2026,,,,,,,,,,,,,,,3.34,5,41.71,12.48,19.79,,0.25,,,,,
Michael Mayer,CPT,LV,Showdown Captain Mode,10/11/2026,Showdown Captain Mode 10/11 1:00PM (LV @ NE),7500,44420855,7.05,9.73,0.94,22.5,,,,,,,,5.55,,12/30/1899,LV @ NE,Raiders @ Patriots,Gillette Stadium,outdoor,CBS,10/11/2026,,,,,,,,,,,,,,,3.66,5.5,29.06,7.93,13.29,,0.2,,,,,
Lamar Jackson,CPT,BAL,Showdown Captain Mode,10/11/2026,Showdown Captain Mode 10/11 8:20PM (BAL @ ATL),16200,44446746,0,9.72,0,48.6,,,,,,,,,,,,,,,,10/11/2026,,,,,,,,,,,,,,,,,,,,,,,,,,
Lamar Jackson,CPT,BAL,Showdown 2nd Half,10/11/2026,Showdown 2nd Half 10/11 9:20PM 2H (BAL @ ATL),16200,44447375,0,9.72,0,48.6,,,,,,,,,,,,,,,,10/11/2026,,,,,,,,,,,,,,,,,,,,,,,,,,
Lamar Jackson,CPT,BAL,Showdown 4th Quarter,10/11/2026,Showdown 4th Quarter 10/11 9:50PM Q4 (BAL @ ATL),16200,44447520,0,9.72,0,48.6,,,,,,,,,,,,,,,,10/11/2026,,,,,,,,,,,,,,,,,,,,,,,,,,
Evan McPherson,K,CIN,Showdown Captain Mode,10/11/2026,Showdown Captain Mode 10/11 1:00PM (CIN @ MIA),5000,44420584,8.5,9.71,1.7,15,,,,,,,,9.5,,12/30/1899,n/a,n/a,n/a,n/a,n/a,10/11/2026,,,,,,,,,,,,,,,,,,,,,,,,1.73,2.69,8.5
Brian Thomas Jr.,CPT,JAX,Showdown Captain Mode,10/11/2026,Showdown Captain Mode 10/11 9:30AM (PHI @ JAX),9900,44420523,5.11,9.7,0.52,29.7,,,,,,,,3.95,,12/30/1899,n/a,n/a,n/a,n/a,n/a,10/11/2026,,,,0,,,,,,,1,,,0,2.03,3.5,24.54,12.09,14.4,0.34,0.21,,,,,
KC Concepcion Jr.,WR,CLE,Classic,10/11/2026,"Classic 10/11 1:00PM, 11 Games",4200,44392244,9.08,9.69,2.16,12.6,,,39.5,,,,,6.85,,12/30/1899,n/a,n/a,n/a,n/a,n/a,10/11/2026,,,,,,,,,,,,,,,4.41,6.5,39.66,8.99,16.42,,0.24,,,,,
KC Concepcion Jr.,WR,CLE,Early,10/11/2026,"Early 10/11 1:00PM, 8 Games",4200,44418783,9.08,9.69,2.16,12.6,,,39.5,,,,,6.85,,12/30/1899,n/a,n/a,n/a,n/a,n/a,10/11/2026,,,,,,,,,,,,,,,4.41,6.5,39.66,8.99,16.42,,0.24,,,,,
TreVeyon Henderson,RB,NE,Classic,10/11/2026,"Classic 10/11 1:00PM, 11 Games",5000,44391950,8.74,9.66,1.75,15,,,8.5,,60.5,,,8.75,,n/a,LV @ NE,Raiders @ Patriots,Gillette Stadium,outdoor,CBS,10/11/2026,,,,,,,,,,12.01,47.54,3.96,,,1.68,2,7.5,4.46,6.5,,0.36,,,,,
TreVeyon Henderson,RB,NE,Early,10/11/2026,"Early 10/11 1:00PM, 8 Games",5000,44418571,8.74,9.66,1.75,15,,,8.5,,60.5,,,8.75,,n/a,LV @ NE,Raiders @ Patriots,Gillette Stadium,outdoor,CBS,10/11/2026,,,,,,,,,,12.01,47.54,3.96,,,1.68,2,7.5,4.46,6.5,,0.36,,,,,
Dalton Schultz,TE,HOU,Showdown Captain Mode,10/11/2026,Showdown Captain Mode 10/11 1:00PM (HOU @ TEN),5400,44420910,8.15,9.65,1.51,16.2,,,,,,,,6.15,,n/a,HOU @ TEN,Texans @ Titans,Nissan Stadium,outdoor,CBS,10/11/2026,,,,,,,,,,,,,,,4.14,5.5,33.88,8.19,14.3,,0.23,,,,,
Trey Smack,CPT,GB,Showdown Captain Mode,10/11/2026,Showdown Captain Mode 10/11 1:00PM (CHI @ GB),7200,44423867,6.9,9.64,0.96,21.6,,,,,,,,7.5,,12/30/1899,n/a,n/a,n/a,n/a,n/a,10/11/2026,,,,,,,,,,,,,,,,,,,,,,,,1.53,2.22,6.5
Chad Ryland,CPT,ARI,Showdown Captain Mode,10/11/2026,Showdown Captain Mode 10/11 4:25PM (DET @ ARI),7200,44434832,6.9,9.64,0.96,21.6,,,,,,,,7.5,,12/30/1899,n/a,n/a,n/a,n/a,n/a,10/11/2026,,,,,,,,,,,,,,,,,,,,,,,,1.62,2.37,6.5
Jason Sanders,CPT,NYJ,Showdown Captain Mode,10/11/2026,Showdown Captain Mode 10/11 1:00PM (CLE @ NYJ),7200,44422364,6.9,9.64,0.96,21.6,,,,,,,,7.5,,12/30/1899,n/a,n/a,n/a,n/a,n/a,10/11/2026,,,,,,,,,,,,,,,,,,,,,,,,1.64,1.96,6.5
Matt Gay,CPT,LV,Showdown Captain Mode,10/11/2026,Showdown Captain Mode 10/11 1:00PM (LV @ NE),6900,44420857,7.1,9.64,1.03,20.7,,,,,,,,8,,12/30/1899,n/a,n/a,n/a,n/a,n/a,10/11/2026,,,,,,,,,,,,,,,,,,,,,,,,1.65,1.99,6.5
Jacory Croskey-Merritt,RB,WAS,Classic,10/11/2026,"Classic 10/11 1:00PM, 11 Games",4900,44391954,8.66,9.63,1.77,14.7,,,5.5,,64.5,,,8.95,,n/a,NYG @ WAS,Giants @ Commanders,Northwest Stadium,outdoor,FOX,10/11/2026,,,,,,,,,,13.16,52.44,3.98,,,1.2,2,5.5,4.58,5.5,,0.37,,,,,
Jacory Croskey-Merritt,RB,WAS,Early,10/11/2026,"Early 10/11 1:00PM, 8 Games",4900,44418573,8.66,9.63,1.77,14.7,,,5.5,,64.5,,,8.95,,n/a,NYG @ WAS,Giants @ Commanders,Northwest Stadium,outdoor,FOX,10/11/2026,,,,,,,,,,13.16,52.44,3.98,,,1.2,2,5.5,4.58,5.5,,0.37,,,,,
Rico Dowdle,CPT,PIT,Showdown Captain Mode,10/11/2026,Showdown Captain Mode 10/11 1:00PM (IND @ PIT),9900,44423253,5,9.61,0.51,29.7,,28.5,,,,,,,,n/a,IND @ PIT,Colts @ Steelers,Acrisure Stadium,outdoor,CBS,10/11/2026,,,,,,,,,,,29,,,,,,,,,,0.35,,,,,
Andy Borregales,K,NE,Showdown Captain Mode,10/11/2026,Showdown Captain Mode 10/11 1:00PM (LV @ NE),4800,44420799,8.5,9.6,1.77,14.4,,,,,,,,8.5,,12/30/1899,n/a,n/a,n/a,n/a,n/a,10/11/2026,,,,,,,,,,,,,,,,,,,,,,,,,,
Kenyon Sadiq,TE,NYJ,Showdown Captain Mode,10/11/2026,Showdown Captain Mode 10/11 1:00PM (CLE @ NYJ),6400,44422302,7.38,9.59,1.15,19.2,,,,,,,,5.85,,n/a,CLE @ NYJ,Browns @ Jets,MetLife Stadium,outdoor,CBS,10/11/2026,,,,,,,,,,,,,,,3.46,5.5,31.63,9.15,15.73,,0.25,,,,,
MarShawn Lloyd,RB,GB,Classic,10/11/2026,"Classic 10/11 1:00PM, 11 Games",4800,44391956,8.57,9.58,1.79,14.4,,,,,44.5,,,6.95,,n/a,CHI @ GB,Bears @ Packers,Lambeau Field,outdoor,FOX,10/11/2026,,,,,,,,,,8.46,27.64,3.27,,,2.33,2.5,12.44,5.33,8.46,,0.43,,,,,
MarShawn Lloyd,RB,GB,Early,10/11/2026,"Early 10/11 1:00PM, 8 Games",4800,44418577,8.57,9.58,1.79,14.4,,,,,44.5,,,6.95,,n/a,CHI @ GB,Bears @ Packers,Lambeau Field,outdoor,FOX,10/11/2026,,,,,,,,,,8.46,27.64,3.27,,,2.33,2.5,12.44,5.33,8.46,,0.43,,,,,
Spencer Shrader,CPT,IND,Showdown Captain Mode,10/11/2026,Showdown Captain Mode 10/11 1:00PM (IND @ PIT),7200,44423273,6.9,9.45,0.96,21.6,,,,,,,,7.5,,12/30/1899,n/a,n/a,n/a,n/a,n/a,10/11/2026,,,,,,,,,,,,,,,,,,,,,,,,1.63,1.96,6.5
Malachi Fields,CPT,NYG,Showdown Captain Mode,10/11/2026,Showdown Captain Mode 10/11 1:00PM (NYG @ WAS),9600,44420739,5,9.44,0.52,28.8,,,,,,,,4.65,,n/a,NYG @ WAS,Giants @ Commanders,Northwest Stadium,outdoor,FOX,10/11/2026,,,,,,,,,,,,,,,2.15,3.5,25.34,11.77,16.53,,0.16,,,,,
Keon Coleman,WR,BUF,Showdown Captain Mode,10/12/2026,Showdown Captain Mode 10/12 8:15PM (BUF @ LAR),5600,44446810,7.74,9.43,1.38,16.8,,,,,,,,6.25,,n/a,BUF @ LAR,Bills @ Rams,SoFi Stadium,outdoor,ABC/ESPN,10/12/2026,,,,,,,,,,,,,,,3.17,5,37.71,11.9,19.42,,0.26,,,,,
Keon Coleman,WR,BUF,Showdown 2nd Half,10/12/2026,Showdown 2nd Half 10/12 9:15PM 2H (BUF @ LAR),5600,44447685,7.74,9.43,1.38,16.8,,,,,,,,6.25,,n/a,BUF @ LAR,Bills @ Rams,SoFi Stadium,outdoor,ABC/ESPN,10/12/2026,,,,,,,,,,,,,,,3.17,5,37.71,11.9,19.42,,0.26,,,,,
Keon Coleman,WR,BUF,Showdown 4th Quarter,10/12/2026,Showdown 4th Quarter 10/12 9:45PM Q4 (BUF @ LAR),5600,44447783,7.74,9.43,1.38,16.8,,,,,,,,6.25,,n/a,BUF @ LAR,Bills @ Rams,SoFi Stadium,outdoor,ABC/ESPN,10/12/2026,,,,,,,,,,,,,,,3.17,5,37.71,11.9,19.42,,0.26,,,,,
Kendrick Bourne,CPT,ARI,Showdown Captain Mode,10/11/2026,Showdown Captain Mode 10/11 4:25PM (DET @ ARI),5100,44434836,7.96,9.43,1.56,15.3,,,,,,,,,,n/a,DET @ ARI,Lions @ Cardinals,State Farm Stadium,retractable_dome,FOX,10/11/2026,,,,,,,,,,,,,,,3.56,4,31.71,8.9,15.43,,0.2,,,,,
Tyler Allgeier,CPT,ARI,Showdown Captain Mode,10/11/2026,Showdown Captain Mode 10/11 4:25PM (DET @ ARI),7500,44434831,6.67,9.41,0.89,22.5,,,,,41.5,,,6.25,,n/a,DET @ ARI,Lions @ Cardinals,State Farm Stadium,retractable_dome,FOX,10/11/2026,,,,,,,,,,7.59,29.47,3.88,,,1.69,2.5,9.56,5.66,8.42,,0.3,,,,,
Tre Tucker,WR,LV,Classic,10/11/2026,"Classic 10/11 1:00PM, 11 Games",4800,44392224,8.3,9.36,1.73,14.4,,,39.5,,,,,6.65,,n/a,LV @ NE,Raiders @ Patriots,Gillette Stadium,outdoor,CBS,10/11/2026,,,,,,,,,,,,,,,3.49,5.5,41.75,11.97,19.57,,0.23,,,,,
Tre Tucker,WR,LV,Early,10/11/2026,"Early 10/11 1:00PM, 8 Games",4800,44418767,8.3,9.36,1.73,14.4,,,39.5,,,,,6.65,,n/a,LV @ NE,Raiders @ Patriots,Gillette Stadium,outdoor,CBS,10/11/2026,,,,,,,,,,,,,,,3.49,5.5,41.75,11.97,19.57,,0.23,,,,,
Courtland Sutton,WR,DEN,Classic,10/11/2026,"Classic 10/11 1:00PM, 11 Games",4600,44392230,8.27,9.3,1.8,13.8,,,,,,,,5.85,,12/30/1899,DEN @ LAC,Broncos @ Chargers,SoFi Stadium,outdoor,CBS,10/11/2026,,,,,,,,,,,,,,,3.4,5.5,37.42,10.99,18.89,,0.31,,,,,
Courtland Sutton,WR,DEN,Late,10/11/2026,"Late 10/11 4:05PM, 3 Games",4600,44433360,8.27,9.3,1.8,13.8,,,,,,,,5.85,,12/30/1899,DEN @ LAC,Broncos @ Chargers,SoFi Stadium,outdoor,CBS,10/11/2026,,,,,,,,,,,,,,,3.4,5.5,37.42,10.99,18.89,,0.31,,,,,
Daniel Carlson,CPT,NO,Showdown Captain Mode,10/11/2026,Showdown Captain Mode 10/11 1:00PM (MIN @ NO),6900,44422718,6.9,9.29,1,20.7,,,,,,,,7.5,,12/30/1899,n/a,n/a,n/a,n/a,n/a,10/11/2026,,,,,,,,,,,,,,,,,,,,,,,,1.65,1.86,6.5
Rashod Bateman,CPT,BAL,Showdown Captain Mode,10/11/2026,Showdown Captain Mode 10/11 8:20PM (BAL @ ATL),9300,44446752,4.59,9.25,0.49,27.9,,,,,,,,,,n/a,BAL @ ATL,Ravens @ Falcons,Mercedes-Benz Stadium,retractable_dome,NBC/Peacock,10/11/2026,,,,,,,,,,,,,,,1.85,3,17.57,9.49,12.49,,0.16,,,,,
Rashod Bateman,CPT,BAL,Showdown 2nd Half,10/11/2026,Showdown 2nd Half 10/11 9:20PM 2H (BAL @ ATL),9300,44447381,4.59,9.25,0.49,27.9,,,,,,,,,,n/a,BAL @ ATL,Ravens @ Falcons,Mercedes-Benz Stadium,retractable_dome,NBC/Peacock,10/11/2026,,,,,,,,,,,,,,,1.85,3,17.57,9.49,12.49,,0.16,,,,,
Rashod Bateman,CPT,BAL,Showdown 4th Quarter,10/11/2026,Showdown 4th Quarter 10/11 9:50PM Q4 (BAL @ ATL),9300,44447526,4.59,9.25,0.49,27.9,,,,,,,,,,n/a,BAL @ ATL,Ravens @ Falcons,Mercedes-Benz Stadium,retractable_dome,NBC/Peacock,10/11/2026,,,,,,,,,,,,,,,1.85,3,17.57,9.49,12.49,,0.16,,,,,
Ladd McConkey,CPT,LAC,Showdown Captain Mode,10/11/2026,Showdown Captain Mode 10/11 4:05PM (DEN @ LAC),12900,44434494,1.87,9.24,0.14,38.7,,,,,,,,,,,,,,,,10/11/2026,,,,,,,,,,,,,,,,,,,,,0.31,,,,,
Rome Odunze,WR,CHI,Classic,10/11/2026,"Classic 10/11 1:00PM, 11 Games",4700,44392226,8.22,9.24,1.75,14.1,,,39.5,,,,,7.25,,n/a,CHI @ GB,Bears @ Packers,Lambeau Field,outdoor,FOX,10/11/2026,,,,,,,,,,,,,,,3.12,5.5,40.56,13.01,19.39,,0.3,,,,,
Rome Odunze,WR,CHI,Early,10/11/2026,"Early 10/11 1:00PM, 8 Games",4700,44418769,8.22,9.24,1.75,14.1,,,39.5,,,,,7.25,,n/a,CHI @ GB,Bears @ Packers,Lambeau Field,outdoor,FOX,10/11/2026,,,,,,,,,,,,,,,3.12,5.5,40.56,13.01,19.39,,0.3,,,,,
Michael Pittman Jr.,WR,PIT,Classic,10/11/2026,"Classic 10/11 1:00PM, 11 Games",4400,44392238,8.39,9.22,1.91,13.2,,,26.5,,,,,,,12/30/1899,n/a,n/a,n/a,n/a,n/a,10/11/2026,,,,,,,,,,,,,,,2.52,3,33.05,13.11,15.44,,0.43,,,,,
Michael Pittman Jr.,WR,PIT,Early,10/11/2026,"Early 10/11 1:00PM, 8 Games",4400,44418777,8.39,9.22,1.91,13.2,,,26.5,,,,,,,12/30/1899,n/a,n/a,n/a,n/a,n/a,10/11/2026,,,,,,,,,,,,,,,2.52,3,33.05,13.11,15.44,,0.43,,,,,
Caleb Williams,CPT,CHI,Showdown Captain Mode,10/11/2026,Showdown Captain Mode 10/11 1:00PM (CHI @ GB),15300,44423849,0,9.18,0,45.9,,,,,,,,,,,,,,,,10/11/2026,,,,,,,,,,,,,,,,,,,,,,,,,,
Cooper Kupp,CPT,SEA,Showdown Captain Mode,10/11/2026,Showdown Captain Mode 10/11 4:25PM (SF @ SEA),7200,44434620,6.07,9.18,0.84,21.6,,,,,,,,,,n/a,SF @ SEA,49ers @ Seahawks,Lumen Field,outdoor,FOX,10/11/2026,,,,,,,,,,,,,,,2.47,3.5,23.91,9.68,13.59,,0.2,,,,,
Keenan Allen,WR,IND,Showdown Captain Mode,10/11/2026,Showdown Captain Mode 10/11 1:00PM (IND @ PIT),6200,44423161,6.98,9.15,1.13,18.6,,,,,,,,5.65,,n/a,IND @ PIT,Colts @ Steelers,Acrisure Stadium,outdoor,CBS,10/11/2026,,,,,,,,,,,,,,,3.57,5,29.97,8.39,14.74,,0.19,,,,,
Cam Little,K,JAX,Showdown Captain Mode,10/11/2026,Showdown Captain Mode 10/11 9:30AM (PHI @ JAX),5400,44420477,7.5,9.12,1.39,16.2,,,,,,,,8.5,,12/30/1899,n/a,n/a,n/a,n/a,n/a,10/11/2026,,,,,,,,,,,,,,,,,,,,,,,,1.68,2.69,7.5
Nick Folk,K,ATL,Showdown Captain Mode,10/11/2026,Showdown Captain Mode 10/11 8:20PM (BAL @ ATL),5400,44446707,7.5,9.12,1.39,16.2,,,,,,,,8.5,,12/30/1899,n/a,n/a,n/a,n/a,n/a,10/11/2026,,,,,,,,,,,,,,,,,,,,,,,,1.7,2.42,7.5
Jason Myers,K,SEA,Showdown Captain Mode,10/11/2026,Showdown Captain Mode 10/11 4:25PM (SF @ SEA),5400,44434558,7.5,9.12,1.39,16.2,,,,,,,,8.5,,12/30/1899,n/a,n/a,n/a,n/a,n/a,10/11/2026,,,,,,,,,,,,,,,,,,,,,,,,1.79,2.42,7.5
Nick Folk,K,ATL,Showdown 2nd Half,10/11/2026,Showdown 2nd Half 10/11 9:20PM 2H (BAL @ ATL),5400,44447440,7.5,9.12,1.39,16.2,,,,,,,,8.5,,12/30/1899,n/a,n/a,n/a,n/a,n/a,10/11/2026,,,,,,,,,,,,,,,,,,,,,,,,1.7,2.42,7.5
Nick Folk,K,ATL,Showdown 4th Quarter,10/11/2026,Showdown 4th Quarter 10/11 9:50PM Q4 (BAL @ ATL),5400,44447585,7.5,9.12,1.39,16.2,,,,,,,,8.5,,12/30/1899,n/a,n/a,n/a,n/a,n/a,10/11/2026,,,,,,,,,,,,,,,,,,,,,,,,1.7,2.42,7.5
Jake Bates,K,DET,Showdown Captain Mode,10/11/2026,Showdown Captain Mode 10/11 4:25PM (DET @ ARI),5200,44434777,7.75,9.11,1.49,15.6,,,,,,,,9.5,,12/30/1899,n/a,n/a,n/a,n/a,n/a,10/11/2026,,,,,,,,,,,,,,,,,,,,,,,,1.7,3.28,7.75
Hunter Henry,TE,NE,Classic,10/11/2026,"Classic 10/11 1:00PM, 11 Games",3700,44392618,8.63,9.09,2.33,11.1,,,,,,,,7.05,,n/a,LV @ NE,Raiders @ Patriots,Gillette Stadium,outdoor,CBS,10/11/2026,,,,,,,,,,,,,,,3.67,5,36.36,9.91,16.55,,0.33,,,,,
Hunter Henry,TE,NE,Early,10/11/2026,"Early 10/11 1:00PM, 8 Games",3700,44419053,8.63,9.09,2.33,11.1,,,,,,,,7.05,,n/a,LV @ NE,Raiders @ Patriots,Gillette Stadium,outdoor,CBS,10/11/2026,,,,,,,,,,,,,,,3.67,5,36.36,9.91,16.55,,0.33,,,,,
Ka'imi Fairbairn,K,HOU,Showdown Captain Mode,10/11/2026,Showdown Captain Mode 10/11 1:00PM (HOU @ TEN),5200,44420911,7.5,9.01,1.44,15.6,,,,,,,,9,,12/30/1899,n/a,n/a,n/a,n/a,n/a,10/11/2026,,,,,,,,,,,,,,,,,,,,,,,,1.85,2.35,7.5
Wil Lutz,K,DEN,Showdown Captain Mode,10/11/2026,Showdown Captain Mode 10/11 4:05PM (DEN @ LAC),5200,44434450,7.5,9.01,1.44,15.6,,,,,,,,8.5,,12/30/1899,n/a,n/a,n/a,n/a,n/a,10/11/2026,,,,,,,,,,,,,,,,,,,,,,,,1.68,2.21,7.5
Brenton Strange,TE,JAX,Showdown Captain Mode,10/11/2026,Showdown Captain Mode 10/11 9:30AM (PHI @ JAX),5600,44420476,7.21,9,1.29,16.8,,,,,,,,6.15,,n/a,PHI @ JAX,Eagles @ Jaguars,Tottenham Hotspur Stadium,outdoor,NFL Network,10/11/2026,,,,,,,,,,,,,,,3.33,4.5,32.5,9.76,15.49,,0.23,,,,,
Jake Elliott,CPT,PHI,Showdown Captain Mode,10/11/2026,Showdown Captain Mode 10/11 9:30AM (PHI @ JAX),7500,44420534,5.9,9,0.79,22.5,,,,,,,,6.5,,12/30/1899,n/a,n/a,n/a,n/a,n/a,10/11/2026,,,,,,,,,,,,,,,,,,,,,,,,1.41,1.63,5.5
Andre Szmyt,CPT,CLE,Showdown Captain Mode,10/11/2026,Showdown Captain Mode 10/11 1:00PM (CLE @ NYJ),7500,44422363,5.9,9,0.79,22.5,,,,,,,,6.5,,12/30/1899,n/a,n/a,n/a,n/a,n/a,10/11/2026,,,,,,,,,,,,,,,,,,,,,,,,1.51,1.79,5.5
Rashid Shaheed,CPT,SEA,Showdown Captain Mode,10/11/2026,Showdown Captain Mode 10/11 4:25PM (SF @ SEA),7500,44434619,5.51,8.91,0.73,22.5,,,,,,,,,,n/a,SF @ SEA,49ers @ Seahawks,Lumen Field,outdoor,FOX,10/11/2026,,,,,,,,,,,,,,,2.1,3.5,20.84,9.92,12.74,,0.22,,,,,
Cairo Santos,K,CHI,Showdown Captain Mode,10/11/2026,Showdown Captain Mode 10/11 1:00PM (CHI @ GB),5000,44423812,7.5,8.9,1.5,15,,,,,,,,8.5,,12/30/1899,n/a,n/a,n/a,n/a,n/a,10/11/2026,,,,,,,,,,,,,,,,,,,,,,,,1.69,2.41,7.5
Chris Boswell,K,PIT,Showdown Captain Mode,10/11/2026,Showdown Captain Mode 10/11 1:00PM (IND @ PIT),5000,44423175,7.5,8.9,1.5,15,,,,,,,,9,,12/30/1899,n/a,n/a,n/a,n/a,n/a,10/11/2026,,,,,,,,,,,,,,,,,,,,,,,,1.78,2.18,7.5
Drew Stevens,K,WAS,Showdown Captain Mode,10/11/2026,Showdown Captain Mode 10/11 1:00PM (NYG @ WAS),5000,44420689,7.5,8.9,1.5,15,,,,,,,,8.5,,12/30/1899,n/a,n/a,n/a,n/a,n/a,10/11/2026,,,,,,,,,,,,,,,,,,,,,,,,1.67,2.21,7.5
Rachaad White,RB,WAS,Showdown Captain Mode,10/11/2026,Showdown Captain Mode 10/11 1:00PM (NYG @ WAS),7000,44420681,6.34,8.88,0.91,21,,,,,36.5,,,5.15,,n/a,NYG @ WAS,Giants @ Commanders,Northwest Stadium,outdoor,FOX,10/11/2026,,,,,,,,,,,23.85,,,,1.94,2.5,9.27,4.77,7.52,,0.3,,,,,
Keon Coleman,WR,BUF,Classic,10/12/2026,"Classic 10/11 1:00PM, 13 Games",4600,44419706,7.74,8.87,1.68,13.8,,,,,,,,6.25,,n/a,BUF @ LAR,Bills @ Rams,SoFi Stadium,outdoor,ABC/ESPN,10/12/2026,,,,,,,,,,,,,,,3.17,5,37.71,11.9,19.42,,0.26,,,,,
Dalton Schultz,TE,HOU,Classic,10/11/2026,"Classic 10/11 1:00PM, 11 Games",4000,44392612,8.15,8.87,2.04,12,,,,,,,,6.15,,n/a,HOU @ TEN,Texans @ Titans,Nissan Stadium,outdoor,CBS,10/11/2026,,,,,,,,,,,,,,,4.14,5.5,33.88,8.19,14.3,,0.23,,,,,
Dalton Schultz,TE,HOU,Early,10/11/2026,"Early 10/11 1:00PM, 8 Games",4000,44419047,8.15,8.87,2.04,12,,,,,,,,6.15,,n/a,HOU @ TEN,Texans @ Titans,Nissan Stadium,outdoor,CBS,10/11/2026,,,,,,,,,,,,,,,4.14,5.5,33.88,8.19,14.3,,0.23,,,,,
Riley Patterson,CPT,MIA,Showdown Captain Mode,10/11/2026,Showdown Captain Mode 10/11 1:00PM (CIN @ MIA),7200,44420637,5.9,8.83,0.82,21.6,,,,,,,,6.5,,12/30/1899,n/a,n/a,n/a,n/a,n/a,10/11/2026,,,,,,,,,,,,,,,,,,,,,,,,1.5,1.7,5.5
Joey Slye,CPT,TEN,Showdown Captain Mode,10/11/2026,Showdown Captain Mode 10/11 1:00PM (HOU @ TEN),7200,44420965,5.9,8.83,0.82,21.6,,,,,,,,6.5,,12/30/1899,n/a,n/a,n/a,n/a,n/a,10/11/2026,,,,,,,,,,,,,,,,,,,,,,,,1.51,1.34,5.5
DeVonta Smith,CPT,PHI,Showdown Captain Mode,10/11/2026,Showdown Captain Mode 10/11 9:30AM (PHI @ JAX),14700,44420515,0,8.82,0,44.1,,,,,,,,,,,,,,,,10/11/2026,,,,,,,,,,,,,,,,,,,,,,,,,,
Breece Hall,CPT,NYJ,Showdown Captain Mode,10/11/2026,Showdown Captain Mode 10/11 1:00PM (CLE @ NYJ),14700,44422346,0,8.82,0,44.1,,,,,,,,,,,,,,,,10/11/2026,,,,,,,,,,,,,,,,,,,,,,,,,,
Oronde Gadsden II,TE,LAC,Showdown Captain Mode,10/11/2026,Showdown Captain Mode 10/11 4:05PM (DEN @ LAC),4600,44434452,7.77,8.82,1.69,13.8,,,,,,,,5.95,,12/30/1899,n/a,n/a,n/a,n/a,n/a,10/11/2026,,,,,,,,,,,,,,,3.67,4,33.5,9.13,15.5,,0.25,,,,,
Harrison Mevis,K,LAR,Showdown Captain Mode,10/12/2026,Showdown Captain Mode 10/12 8:15PM (BUF @ LAR),5000,44446811,7.5,8.8,1.5,15,,,,,,,,9,,12/30/1899,n/a,n/a,n/a,n/a,n/a,10/12/2026,,,,,,,,,,,,,,,,,,,,,,,,1.63,3.15,7.5
Harrison Mevis,K,LAR,Showdown 2nd Half,10/12/2026,Showdown 2nd Half 10/12 9:15PM 2H (BUF @ LAR),5000,44447686,7.5,8.8,1.5,15,,,,,,,,9,,12/30/1899,n/a,n/a,n/a,n/a,n/a,10/12/2026,,,,,,,,,,,,,,,,,,,,,,,,1.63,3.15,7.5
Harrison Mevis,K,LAR,Showdown 4th Quarter,10/12/2026,Showdown 4th Quarter 10/12 9:45PM Q4 (BUF @ LAR),5000,44447784,7.5,8.8,1.5,15,,,,,,,,9,,12/30/1899,n/a,n/a,n/a,n/a,n/a,10/12/2026,,,,,,,,,,,,,,,,,,,,,,,,1.63,3.15,7.5
Kalif Raymond,CPT,CHI,Showdown Captain Mode,10/11/2026,Showdown Captain Mode 10/11 1:00PM (CHI @ GB),6600,44423870,6.27,8.8,0.95,19.8,,,,,,,,5.15,,n/a,CHI @ GB,Bears @ Packers,Lambeau Field,outdoor,FOX,10/11/2026,,,,,,,,,,,,,,,3.16,4.5,27.35,8.65,14.31,,0.18,,,,,
Texans,DST,HOU,Showdown Captain Mode,10/11/2026,Showdown Captain Mode 10/11 1:00PM (HOU @ TEN),4400,44420914,7.7,8.8,1.75,13.2,,,,,,,,,,,,,,,,10/11/2026,,,,,,,,,,,,,,,,,,,,,,,,,,
J.K. Dobbins,RB,DEN,Classic,10/11/2026,"Classic 10/11 1:00PM, 11 Games",5000,44391948,7.74,8.8,1.55,15,,49.5,2.5,,57.5,,,8.25,,n/a,DEN @ LAC,Broncos @ Chargers,SoFi Stadium,outdoor,CBS,10/11/2026,,,,,,,,,,13.73,51.67,3.76,,,,,2.5,,3.5,,0.39,,,,,
J.K. Dobbins,RB,DEN,Late,10/11/2026,"Late 10/11 4:05PM, 3 Games",5000,44433280,7.74,8.8,1.55,15,,49.5,2.5,,57.5,,,8.25,,n/a,DEN @ LAC,Broncos @ Chargers,SoFi Stadium,outdoor,CBS,10/11/2026,,,,,,,,,,13.73,51.67,3.76,,,,,2.5,,3.5,,0.39,,,,,
Will Reichard,K,MIN,Showdown Captain Mode,10/11/2026,Showdown Captain Mode 10/11 1:00PM (MIN @ NO),4800,44422660,7.5,8.79,1.56,14.4,,,,,,,,9,,12/30/1899,n/a,n/a,n/a,n/a,n/a,10/11/2026,,,,,,,,,,,,,,,,,,,,,,,,1.74,2.09,7.5
Woody Marks,RB,HOU,Showdown Captain Mode,10/11/2026,Showdown Captain Mode 10/11 1:00PM (HOU @ TEN),5800,44420909,7.14,8.78,1.23,17.4,,,,,50.5,,,7.35,,n/a,HOU @ TEN,Texans @ Titans,Nissan Stadium,outdoor,CBS,10/11/2026,,,,,,,,,,9.14,34.78,3.81,,,1.68,2,8.61,5.14,7.73,,0.31,,,,,
Roman Wilson,WR,PIT,Classic,10/11/2026,"Classic 10/11 1:00PM, 11 Games",3700,44392270,8.25,8.78,2.23,11.1,,,,,,,,7.45,,n/a,IND @ PIT,Colts @ Steelers,Acrisure Stadium,outdoor,CBS,10/11/2026,,,,,,,,,,,,,,,3.34,5,41.71,12.48,19.79,,0.25,,,,,
Roman Wilson,WR,PIT,Early,10/11/2026,"Early 10/11 1:00PM, 8 Games",3700,44418801,8.25,8.78,2.23,11.1,,,,,,,,7.45,,n/a,IND @ PIT,Colts @ Steelers,Acrisure Stadium,outdoor,CBS,10/11/2026,,,,,,,,,,,,,,,3.34,5,41.71,12.48,19.79,,0.25,,,,,
Pat Freiermuth,TE,PIT,Showdown Captain Mode,10/11/2026,Showdown Captain Mode 10/11 1:00PM (IND @ PIT),5800,44423173,6.71,8.71,1.16,17.4,,,,,,,,4.95,,n/a,IND @ PIT,Colts @ Steelers,Acrisure Stadium,outdoor,CBS,10/11/2026,,,,,,,,,,,,,,,3.3,4.5,27.75,8.41,13.3,,0.23,,,,,
Saquon Barkley,CPT,PHI,Showdown Captain Mode,10/11/2026,Showdown Captain Mode 10/11 9:30AM (PHI @ JAX),14400,44420516,0,8.64,0,43.2,,,,,,,,,,,,,,,,10/11/2026,,,,,,,,,,,,,,,,,,,,,,,,,,
Tre' Harris,WR,LAC,Showdown Captain Mode,10/11/2026,Showdown Captain Mode 10/11 4:05PM (DEN @ LAC),6600,44434444,6.29,8.63,0.95,19.8,,,49.5,,,,,8.15,,n/a,DEN @ LAC,Broncos @ Chargers,SoFi Stadium,outdoor,CBS,10/11/2026,,,,,,,,,,,,,,,,,50.5,,,,,,,,,
Marvin Harrison Jr.,CPT,ARI,Showdown Captain Mode,10/11/2026,Showdown Captain Mode 10/11 4:25PM (DET @ ARI),8100,44434829,4.7,8.62,0.58,24.3,,,,,,,,,,,,,,,,10/11/2026,,,,0,,,,,,,0,,,0,,,44,,,0.32,0.05,,,,,
Mark Andrews,TE,BAL,Classic,10/11/2026,"Classic 10/11 1:00PM, 13 Games",4000,44420152,7.85,8.62,1.96,12,,,,,,,,5.85,,n/a,BAL @ ATL,Ravens @ Falcons,Mercedes-Benz Stadium,retractable_dome,NBC/Peacock,10/11/2026,,,,,,,,,,,,,,,3.88,5,30.54,7.87,14.41,,0.28,,,,,
Quentin Johnston,CPT,LAC,Showdown Captain Mode,10/11/2026,Showdown Captain Mode 10/11 4:05PM (DEN @ LAC),12300,44434496,1.53,8.6,0.12,36.9,,,,,,,,,,,,,,,,10/11/2026,,,,,,,,,,,,,,,,,,,,,0.26,,,,,
Brian Robinson Jr.,CPT,ATL,Showdown Captain Mode,10/11/2026,Showdown Captain Mode 10/11 8:20PM (BAL @ ATL),8700,44446758,5.27,8.6,0.61,26.1,,,,,38.5,,,5.15,,12/30/1899,n/a,n/a,n/a,n/a,n/a,10/11/2026,,,,0,,,,,,8.77,35.35,4.03,,0.38,0.69,1,2,2.9,,0,0.27,,,,,
Brian Robinson Jr.,CPT,ATL,Showdown 2nd Half,10/11/2026,Showdown 2nd Half 10/11 9:20PM 2H (BAL @ ATL),8700,44447387,5.27,8.6,0.61,26.1,,,,,38.5,,,5.15,,12/30/1899,n/a,n/a,n/a,n/a,n/a,10/11/2026,,,,0,,,,,,8.77,35.35,4.03,,0.38,0.69,1,2,2.9,,0,0.27,,,,,
Brian Robinson Jr.,CPT,ATL,Showdown 4th Quarter,10/11/2026,Showdown 4th Quarter 10/11 9:50PM Q4 (BAL @ ATL),8700,44447532,5.27,8.6,0.61,26.1,,,,,38.5,,,5.15,,12/30/1899,n/a,n/a,n/a,n/a,n/a,10/11/2026,,,,0,,,,,,8.77,35.35,4.03,,0.38,0.69,1,2,2.9,,0,0.27,,,,,
Wan'Dale Robinson,WR,TEN,Classic,10/11/2026,"Classic 10/11 1:00PM, 11 Games",4500,44392234,7.46,8.59,1.66,13.5,,,,,,,,5.95,,n/a,HOU @ TEN,Texans @ Titans,Nissan Stadium,outdoor,CBS,10/11/2026,,,,,,,,,,,,,,,3.95,5.5,31.91,8.07,13.62,,0.16,,,,,
Wan'Dale Robinson,WR,TEN,Early,10/11/2026,"Early 10/11 1:00PM, 8 Games",4500,44418773,7.46,8.59,1.66,13.5,,,,,,,,5.95,,n/a,HOU @ TEN,Texans @ Titans,Nissan Stadium,outdoor,CBS,10/11/2026,,,,,,,,,,,,,,,3.95,5.5,31.91,8.07,13.62,,0.16,,,,,
Mike Gesicki,TE,CIN,Classic,10/11/2026,"Classic 10/11 1:00PM, 11 Games",4100,44392610,7.74,8.59,1.89,12.3,,,,,,,,5.85,,n/a,CIN @ MIA,Bengals @ Dolphins,Hard Rock Stadium,outdoor,FOX,10/11/2026,,,,,,,,,,,,,,,3.5,4,32.5,9.29,16.5,,0.29,,,,,
Mike Gesicki,TE,CIN,Early,10/11/2026,"Early 10/11 1:00PM, 8 Games",4100,44419045,7.74,8.59,1.89,12.3,,,,,,,,5.85,,n/a,CIN @ MIA,Bengals @ Dolphins,Hard Rock Stadium,outdoor,FOX,10/11/2026,,,,,,,,,,,,,,,3.5,4,32.5,9.29,16.5,,0.29,,,,,
Stefon Diggs,CPT,WAS,Showdown Captain Mode,10/11/2026,Showdown Captain Mode 10/11 1:00PM (NYG @ WAS),12900,44420732,1.05,8.58,0.08,38.7,,,,,,,,,,,,,,,,10/11/2026,,,,,,,,,,,,,,,,,,,,,0.17,,,,,
Tyler Higbee,CPT,LAR,Showdown Captain Mode,10/12/2026,Showdown Captain Mode 10/12 8:15PM (BUF @ LAR),6600,44446862,5.93,8.52,0.9,19.8,,,,,,,,5.15,,n/a,BUF @ LAR,Bills @ Rams,SoFi Stadium,outdoor,ABC/ESPN,10/12/2026,,,,,,,,,,,,,,,2.69,4,24.2,9,12.55,,0.26,,,,,
Tyler Higbee,CPT,LAR,Showdown 2nd Half,10/12/2026,Showdown 2nd Half 10/12 9:15PM 2H (BUF @ LAR),6600,44447639,5.93,8.52,0.9,19.8,,,,,,,,5.15,,n/a,BUF @ LAR,Bills @ Rams,SoFi Stadium,outdoor,ABC/ESPN,10/12/2026,,,,,,,,,,,,,,,2.69,4,24.2,9,12.55,,0.26,,,,,
Tyler Higbee,CPT,LAR,Showdown 4th Quarter,10/12/2026,Showdown 4th Quarter 10/12 9:45PM Q4 (BUF @ LAR),6600,44447737,5.93,8.52,0.9,19.8,,,,,,,,5.15,,n/a,BUF @ LAR,Bills @ Rams,SoFi Stadium,outdoor,ABC/ESPN,10/12/2026,,,,,,,,,,,,,,,2.69,4,24.2,9,12.55,,0.26,,,,,
Michael Mayer,TE,LV,Showdown Captain Mode,10/11/2026,Showdown Captain Mode 10/11 1:00PM (LV @ NE),5000,44420798,7.05,8.43,1.41,15,,,,,,,,5.55,,12/30/1899,LV @ NE,Raiders @ Patriots,Gillette Stadium,outdoor,CBS,10/11/2026,,,,,,,,,,,,,,,3.66,5.5,29.06,7.93,13.29,,0.2,,,,,
Kendrick Bourne,WR,ARI,Showdown Captain Mode,10/11/2026,Showdown Captain Mode 10/11 4:25PM (DET @ ARI),3400,44434783,7.96,8.41,2.34,10.2,,,,,,,,,,n/a,DET @ ARI,Lions @ Cardinals,State Farm Stadium,retractable_dome,FOX,10/11/2026,,,,,,,,,,,,,,,3.56,4,31.71,8.9,15.43,,0.2,,,,,
Kendrick Bourne,WR,ARI,Classic,10/11/2026,"Classic 10/11 1:00PM, 11 Games",3400,44392300,7.96,8.41,2.34,10.2,,,,,,,,,,n/a,DET @ ARI,Lions @ Cardinals,State Farm Stadium,retractable_dome,FOX,10/11/2026,,,,,,,,,,,,,,,3.56,4,31.71,8.9,15.43,,0.2,,,,,
Kendrick Bourne,WR,ARI,Late,10/11/2026,"Late 10/11 4:05PM, 3 Games",3400,44433374,7.96,8.41,2.34,10.2,,,,,,,,,,n/a,DET @ ARI,Lions @ Cardinals,State Farm Stadium,retractable_dome,FOX,10/11/2026,,,,,,,,,,,,,,,3.56,4,31.71,8.9,15.43,,0.2,,,,,
Tyler Bass,K,BUF,Showdown Captain Mode,10/12/2026,Showdown Captain Mode 10/12 8:15PM (BUF @ LAR),4800,44446812,7,8.38,1.46,14.4,,,,,,,,8.5,,12/30/1899,n/a,n/a,n/a,n/a,n/a,10/12/2026,,,,,,,,,,,,,,,,,,,,,,,,1.64,2.52,7
Tyler Bass,K,BUF,Showdown 2nd Half,10/12/2026,Showdown 2nd Half 10/12 9:15PM 2H (BUF @ LAR),4800,44447687,7,8.38,1.46,14.4,,,,,,,,8.5,,12/30/1899,n/a,n/a,n/a,n/a,n/a,10/12/2026,,,,,,,,,,,,,,,,,,,,,,,,1.64,2.52,7
Tyler Bass,K,BUF,Showdown 4th Quarter,10/12/2026,Showdown 4th Quarter 10/12 9:45PM Q4 (BUF @ LAR),4800,44447785,7,8.38,1.46,14.4,,,,,,,,8.5,,12/30/1899,n/a,n/a,n/a,n/a,n/a,10/12/2026,,,,,,,,,,,,,,,,,,,,,,,,1.64,2.52,7
Mike Washington Jr.,CPT,LV,Showdown Captain Mode,10/11/2026,Showdown Captain Mode 10/11 1:00PM (LV @ NE),4800,44420863,6.99,8.37,1.46,14.4,,,,,,0.5,,,,n/a,LV @ NE,Raiders @ Patriots,Gillette Stadium,outdoor,CBS,10/11/2026,,,,0,,,,,,,32.64,,,0.46,,,10,,,0,0.45,,,,,
DJ Moore,CPT,BUF,Showdown Captain Mode,10/12/2026,Showdown Captain Mode 10/12 8:15PM (BUF @ LAR),11400,44446851,1.88,8.34,0.16,34.2,,,,,,,,,,,,,,,,10/12/2026,,,,,,,,,,,,,,,,,,,,,0.31,,,,,
DJ Moore,CPT,BUF,Showdown 2nd Half,10/12/2026,Showdown 2nd Half 10/12 9:15PM 2H (BUF @ LAR),11400,44447628,1.88,8.34,0.16,34.2,,,,,,,,,,,,,,,,10/12/2026,,,,,,,,,,,,,,,,,,,,,0.31,,,,,
DJ Moore,CPT,BUF,Showdown 4th Quarter,10/12/2026,Showdown 4th Quarter 10/12 9:45PM Q4 (BUF @ LAR),11400,44447726,1.88,8.34,0.16,34.2,,,,,,,,,,,,,,,,10/12/2026,,,,,,,,,,,,,,,,,,,,,0.31,,,,,
Omarion Hampton,RB,LAC,Classic,10/11/2026,"Classic 10/11 1:00PM, 11 Games",6000,44391916,6.5,8.34,1.08,18,,,5.5,,44.5,,,6.65,,n/a,DEN @ LAC,Broncos @ Chargers,SoFi Stadium,outdoor,CBS,10/11/2026,,,,,,,,,,10.7,38.51,3.6,,,,,5.5,,5.5,,0.35,,,,,
Omarion Hampton,RB,LAC,Late,10/11/2026,"Late 10/11 4:05PM, 3 Games",6000,44433270,6.5,8.34,1.08,18,,,5.5,,44.5,,,6.65,,n/a,DEN @ LAC,Broncos @ Chargers,SoFi Stadium,outdoor,CBS,10/11/2026,,,,,,,,,,10.7,38.51,3.6,,,,,5.5,,5.5,,0.35,,,,,
Kyle Pitts Sr.,CPT,ATL,Showdown Captain Mode,10/11/2026,Showdown Captain Mode 10/11 8:20PM (BAL @ ATL),7200,44446761,5.54,8.32,0.77,21.6,,,24.5,,,,,4.15,,12/30/1899,n/a,n/a,n/a,n/a,n/a,10/11/2026,,,,,,,,,,,,,,,2.51,3.5,24.83,9.89,14.49,,0.21,,,,,
Kyle Pitts Sr.,CPT,ATL,Showdown 2nd Half,10/11/2026,Showdown 2nd Half 10/11 9:20PM 2H (BAL @ ATL),7200,44447390,5.54,8.32,0.77,21.6,,,24.5,,,,,4.15,,12/30/1899,n/a,n/a,n/a,n/a,n/a,10/11/2026,,,,,,,,,,,,,,,2.51,3.5,24.83,9.89,14.49,,0.21,,,,,
Kyle Pitts Sr.,CPT,ATL,Showdown 4th Quarter,10/11/2026,Showdown 4th Quarter 10/11 9:50PM Q4 (BAL @ ATL),7200,44447535,5.54,8.32,0.77,21.6,,,24.5,,,,,4.15,,12/30/1899,n/a,n/a,n/a,n/a,n/a,10/11/2026,,,,,,,,,,,,,,,2.51,3.5,24.83,9.89,14.49,,0.21,,,,,
Cameron Dicker,K,LAC,Showdown Captain Mode,10/11/2026,Showdown Captain Mode 10/11 4:05PM (DEN @ LAC),5400,44434449,6.5,8.31,1.2,16.2,,,,,,,,8,,12/30/1899,n/a,n/a,n/a,n/a,n/a,10/11/2026,,,,,,,,,,,,,,,,,,,,,,,,1.65,1.8,6.5
Woody Marks,RB,HOU,Classic,10/11/2026,"Classic 10/11 1:00PM, 11 Games",4800,44391958,7.14,8.3,1.49,14.4,,,,,50.5,,,7.35,,n/a,HOU @ TEN,Texans @ Titans,Nissan Stadium,outdoor,CBS,10/11/2026,,,,,,,,,,9.14,34.78,3.81,,,1.68,2,8.61,5.14,7.73,,0.31,,,,,
Woody Marks,RB,HOU,Early,10/11/2026,"Early 10/11 1:00PM, 8 Games",4800,44418579,7.14,8.3,1.49,14.4,,,,,50.5,,,7.35,,n/a,HOU @ TEN,Texans @ Titans,Nissan Stadium,outdoor,CBS,10/11/2026,,,,,,,,,,9.14,34.78,3.81,,,1.68,2,8.61,5.14,7.73,,0.31,,,,,
Oronde Gadsden II,TE,LAC,Classic,10/11/2026,"Classic 10/11 1:00PM, 11 Games",3600,44392620,7.77,8.3,2.16,10.8,,,,,,,,5.95,,12/30/1899,n/a,n/a,n/a,n/a,n/a,10/11/2026,,,,,,,,,,,,,,,3.67,4,33.5,9.13,15.5,,0.25,,,,,
Oronde Gadsden II,TE,LAC,Late,10/11/2026,"Late 10/11 4:05PM, 3 Games",3600,44433470,7.77,8.3,2.16,10.8,,,,,,,,5.95,,12/30/1899,n/a,n/a,n/a,n/a,n/a,10/11/2026,,,,,,,,,,,,,,,3.67,4,33.5,9.13,15.5,,0.25,,,,,
Chris Bell,CPT,MIA,Showdown Captain Mode,10/11/2026,Showdown Captain Mode 10/11 1:00PM (CIN @ MIA),5400,44420642,6.46,8.28,1.2,16.2,,,,,,,,5.25,,n/a,CIN @ MIA,Bengals @ Dolphins,Hard Rock Stadium,outdoor,FOX,10/11/2026,,,,,,,,,,,,,,,2.65,4,34.67,13.09,19.52,,0.17,,,,,
Antonio Williams,CPT,WAS,Showdown Captain Mode,10/11/2026,Showdown Captain Mode 10/11 1:00PM (NYG @ WAS),7200,44420746,5.2,8.26,0.72,21.6,,,,,,,,5.95,,n/a,NYG @ WAS,Giants @ Commanders,Northwest Stadium,outdoor,FOX,10/11/2026,,,,,,,,,,,,,,,,,33.5,,16.5,,0.23,,,,,
Vikings,DST,MIN,Showdown Captain Mode,10/11/2026,Showdown Captain Mode 10/11 1:00PM (MIN @ NO),5200,44422658,6.4,8.24,1.23,15.6,,,,,,,,,,,,,,,,10/11/2026,,,,,,,,,,,,,,,,,,,,,,,,,,
Jaylen Wright,CPT,MIA,Showdown Captain Mode,10/11/2026,Showdown Captain Mode 10/11 1:00PM (CIN @ MIA),9600,44420629,3.89,8.21,0.41,28.8,,,2.5,,29.5,,,,,12/30/1899,CIN @ MIA,Bengals @ Dolphins,Hard Rock Stadium,outdoor,FOX,10/11/2026,,,,,,,,,,6.64,22.04,3.32,,,,,1.5,,1.5,,0.26,,,,,
Texans,DST,HOU,Classic,10/11/2026,"Classic 10/11 1:00PM, 11 Games",3400,44392853,7.7,8.2,2.26,10.2,,,,,,,,,,,,,,,,10/11/2026,,,,,,,,,,,,,,,,,,,,,,,,,,
Texans,DST,HOU,Early,10/11/2026,"Early 10/11 1:00PM, 8 Games",3400,44419222,7.7,8.2,2.26,10.2,,,,,,,,,,,,,,,,10/11/2026,,,,,,,,,,,,,,,,,,,,,,,,,,
Tyler Allgeier,RB,ARI,Classic,10/11/2026,"Classic 10/11 1:00PM, 11 Games",5100,44391946,6.67,8.17,1.31,15.3,,,,,41.5,,,6.25,,n/a,DET @ ARI,Lions @ Cardinals,State Farm Stadium,retractable_dome,FOX,10/11/2026,,,,,,,,,,7.59,29.47,3.88,,,1.69,2.5,9.56,5.66,8.42,,0.3,,,,,
Tyler Allgeier,RB,ARI,Late,10/11/2026,"Late 10/11 4:05PM, 3 Games",5100,44433278,6.67,8.17,1.31,15.3,,,,,41.5,,,6.25,,n/a,DET @ ARI,Lions @ Cardinals,State Farm Stadium,retractable_dome,FOX,10/11/2026,,,,,,,,,,7.59,29.47,3.88,,,1.69,2.5,9.56,5.66,8.42,,0.3,,,,,
George Holani,CPT,SEA,Showdown Captain Mode,10/11/2026,Showdown Captain Mode 10/11 4:25PM (SF @ SEA),6600,44434621,5.72,8.16,0.87,19.8,,,,,32.5,,,5.15,,n/a,SF @ SEA,49ers @ Seahawks,Lumen Field,outdoor,FOX,10/11/2026,,,,,,,,,,5.67,21.47,3.79,,,1.97,2.5,9.44,4.79,7.5,,0.23,,,,,
Kenyon Sadiq,TE,NYJ,Classic,10/11/2026,"Classic 10/11 1:00PM, 11 Games",3800,44392616,7.38,8.13,1.94,11.4,,,,,,,,5.85,,n/a,CLE @ NYJ,Browns @ Jets,MetLife Stadium,outdoor,CBS,10/11/2026,,,,,,,,,,,,,,,3.46,5.5,31.63,9.15,15.73,,0.25,,,,,
Kenyon Sadiq,TE,NYJ,Early,10/11/2026,"Early 10/11 1:00PM, 8 Games",3800,44419051,7.38,8.13,1.94,11.4,,,,,,,,5.85,,n/a,CLE @ NYJ,Browns @ Jets,MetLife Stadium,outdoor,CBS,10/11/2026,,,,,,,,,,,,,,,3.46,5.5,31.63,9.15,15.73,,0.25,,,,,
Dominic Zvada,K,NYG,Showdown Captain Mode,10/11/2026,Showdown Captain Mode 10/11 1:00PM (NYG @ WAS),5400,44420688,6.25,8.11,1.16,16.2,,,,,,,,7,,12/30/1899,n/a,n/a,n/a,n/a,n/a,10/11/2026,,,,,,,,,,,,,,,,,,,,,,,,1.51,1.71,6.25
Tyler Allgeier,RB,ARI,Showdown Captain Mode,10/11/2026,Showdown Captain Mode 10/11 4:25PM (DET @ ARI),5000,44434778,6.67,8.11,1.33,15,,,,,41.5,,,6.25,,n/a,DET @ ARI,Lions @ Cardinals,State Farm Stadium,retractable_dome,FOX,10/11/2026,,,,,,,,,,7.59,29.47,3.88,,,1.69,2.5,9.56,5.66,8.42,,0.3,,,,,
Tyler Loop,K,BAL,Showdown Captain Mode,10/11/2026,Showdown Captain Mode 10/11 8:20PM (BAL @ ATL),5000,44446708,6.5,8.09,1.3,15,,,,,,,,7.5,,12/30/1899,n/a,n/a,n/a,n/a,n/a,10/11/2026,,,,,,,,,,,,,,,,,,,,,,,,1.61,1.95,6.5
Tyler Loop,K,BAL,Showdown 2nd Half,10/11/2026,Showdown 2nd Half 10/11 9:20PM 2H (BAL @ ATL),5000,44447441,6.5,8.09,1.3,15,,,,,,,,7.5,,12/30/1899,n/a,n/a,n/a,n/a,n/a,10/11/2026,,,,,,,,,,,,,,,,,,,,,,,,1.61,1.95,6.5
Tyler Loop,K,BAL,Showdown 4th Quarter,10/11/2026,Showdown 4th Quarter 10/11 9:50PM Q4 (BAL @ ATL),5000,44447586,6.5,8.09,1.3,15,,,,,,,,7.5,,12/30/1899,n/a,n/a,n/a,n/a,n/a,10/11/2026,,,,,,,,,,,,,,,,,,,,,,,,1.61,1.95,6.5
Darius Cooper,CPT,PHI,Showdown Captain Mode,10/11/2026,Showdown Captain Mode 10/11 9:30AM (PHI @ JAX),6300,44420537,5.39,8.09,0.86,18.9,,,,,,,,,,n/a,PHI @ JAX,Eagles @ Jaguars,Tottenham Hotspur Stadium,outdoor,NFL Network,10/11/2026,,,,,,,,,,,,,,,2.38,4,21.39,8.97,13.38,,0.15,,,,,
Keenan Allen,WR,IND,Classic,10/11/2026,"Classic 10/11 1:00PM, 11 Games",4300,44392240,6.98,8.09,1.62,12.9,,,,,,,,5.65,,n/a,IND @ PIT,Colts @ Steelers,Acrisure Stadium,outdoor,CBS,10/11/2026,,,,,,,,,,,,,,,3.57,5,29.97,8.39,14.74,,0.19,,,,,
Keenan Allen,WR,IND,Early,10/11/2026,"Early 10/11 1:00PM, 8 Games",4300,44418781,6.98,8.09,1.62,12.9,,,,,,,,5.65,,n/a,IND @ PIT,Colts @ Steelers,Acrisure Stadium,outdoor,CBS,10/11/2026,,,,,,,,,,,,,,,3.57,5,29.97,8.39,14.74,,0.19,,,,,
Eddy Pineiro,K,SF,Showdown Captain Mode,10/11/2026,Showdown Captain Mode 10/11 4:25PM (SF @ SEA),5200,44434559,6.5,8.08,1.25,15.6,,,,,,,,7.5,,12/30/1899,n/a,n/a,n/a,n/a,n/a,10/11/2026,,,,,,,,,,,,,,,,,,,,,,,,1.66,2.09,6.5
Isaiah Williams,WR,NYJ,Showdown Captain Mode,10/11/2026,Showdown Captain Mode 10/11 1:00PM (CLE @ NYJ),5800,44422308,5.74,8.07,0.99,17.4,,,,,,,,,,12/30/1899,n/a,n/a,n/a,n/a,n/a,10/11/2026,,,,,,,,,,,,,,,2.51,3.5,22.4,8.92,13.42,,0.17,,,,,
Bengals,DST,CIN,Showdown Captain Mode,10/11/2026,Showdown Captain Mode 10/11 1:00PM (CIN @ MIA),5400,44420583,6,8.04,1.11,16.2,,,,,,,,,,,,,,,,10/11/2026,,,,,,,,,,,,,,,,,,,,,,,,,,
Mike Washington Jr.,RB,LV,Classic,10/11/2026,"Classic 10/11 1:00PM, 11 Games",4200,44391992,6.99,8.04,1.66,12.6,,,,,,0.5,,,,n/a,LV @ NE,Raiders @ Patriots,Gillette Stadium,outdoor,CBS,10/11/2026,,,,0,,,,,,,32.64,,,0.46,,,10,,,0,0.45,,,,,
Mike Washington Jr.,RB,LV,Early,10/11/2026,"Early 10/11 1:00PM, 8 Games",4200,44418605,6.99,8.04,1.66,12.6,,,,,,0.5,,,,n/a,LV @ NE,Raiders @ Patriots,Gillette Stadium,outdoor,CBS,10/11/2026,,,,0,,,,,,,32.64,,,0.46,,,10,,,0,0.45,,,,,
Isaac TeSlaa,CPT,DET,Showdown Captain Mode,10/11/2026,Showdown Captain Mode 10/11 4:25PM (DET @ ARI),6600,44434833,5.29,8,0.8,19.8,,,,,,,,4.95,,n/a,DET @ ARI,Lions @ Cardinals,State Farm Stadium,retractable_dome,FOX,10/11/2026,,,,,,,,,,,,,,,2.27,3.5,25.59,11.26,16.55,,0.2,,,,,
AJ Barner,CPT,SEA,Showdown Captain Mode,10/11/2026,Showdown Captain Mode 10/11 4:25PM (SF @ SEA),6300,44434622,5.5,8,0.87,18.9,,,,,,,,4.35,,n/a,SF @ SEA,49ers @ Seahawks,Lumen Field,outdoor,FOX,10/11/2026,,,,,,,,,,,,,,,2.66,3.5,22.4,8.43,12.5,,0.22,,,,,
Jets,DST,NYJ,Showdown Captain Mode,10/11/2026,Showdown Captain Mode 10/11 1:00PM (CLE @ NYJ),4000,44422314,7,8,1.75,12,,,,,,,,,,,,,,,,10/11/2026,,,,,,,,,,,,,,,,,,,,,,,,,,
Trey Smack,K,GB,Showdown Captain Mode,10/11/2026,Showdown Captain Mode 10/11 1:00PM (CHI @ GB),4800,44423813,6.5,7.97,1.35,14.4,,,,,,,,7.5,,12/30/1899,n/a,n/a,n/a,n/a,n/a,10/11/2026,,,,,,,,,,,,,,,,,,,,,,,,1.53,2.22,6.5
Chad Ryland,K,ARI,Showdown Captain Mode,10/11/2026,Showdown Captain Mode 10/11 4:25PM (DET @ ARI),4800,44434779,6.5,7.97,1.35,14.4,,,,,,,,7.5,,12/30/1899,n/a,n/a,n/a,n/a,n/a,10/11/2026,,,,,,,,,,,,,,,,,,,,,,,,1.62,2.37,6.5
Jason Sanders,K,NYJ,Showdown Captain Mode,10/11/2026,Showdown Captain Mode 10/11 1:00PM (CLE @ NYJ),4800,44422311,6.5,7.97,1.35,14.4,,,,,,,,7.5,,12/30/1899,n/a,n/a,n/a,n/a,n/a,10/11/2026,,,,,,,,,,,,,,,,,,,,,,,,1.64,1.96,6.5
Broncos,DST,DEN,Showdown Captain Mode,10/11/2026,Showdown Captain Mode 10/11 4:05PM (DEN @ LAC),4200,44434453,6.8,7.96,1.62,12.6,,,,,,,,,,,,,,,,10/11/2026,,,,,,,,,,,,,,,,,,,,,,,,,,
Jaguars,DST,JAX,Showdown Captain Mode,10/11/2026,Showdown Captain Mode 10/11 9:30AM (PHI @ JAX),5200,44420478,6,7.92,1.15,15.6,,,,,,,,,,,,,,,,10/11/2026,,,,,,,,,,,,,,,,,,,,,,,,,,
Rachaad White,RB,WAS,Classic,10/11/2026,"Classic 10/11 1:00PM, 11 Games",5100,44391944,6.34,7.89,1.24,15.3,,,,,36.5,,,5.15,,n/a,NYG @ WAS,Giants @ Commanders,Northwest Stadium,outdoor,FOX,10/11/2026,,,,,,,,,,,23.85,,,,1.94,2.5,9.27,4.77,7.52,,0.3,,,,,
Rachaad White,RB,WAS,Early,10/11/2026,"Early 10/11 1:00PM, 8 Games",5100,44418569,6.34,7.89,1.24,15.3,,,,,36.5,,,5.15,,n/a,NYG @ WAS,Giants @ Commanders,Northwest Stadium,outdoor,FOX,10/11/2026,,,,,,,,,,,23.85,,,,1.94,2.5,9.27,4.77,7.52,,0.3,,,,,
Spencer Shrader,K,IND,Showdown Captain Mode,10/11/2026,Showdown Captain Mode 10/11 1:00PM (IND @ PIT),4800,44423177,6.5,7.87,1.35,14.4,,,,,,,,7.5,,12/30/1899,n/a,n/a,n/a,n/a,n/a,10/11/2026,,,,,,,,,,,,,,,,,,,,,,,,1.63,1.96,6.5
Matt Gay,K,LV,Showdown Captain Mode,10/11/2026,Showdown Captain Mode 10/11 1:00PM (LV @ NE),4600,44420800,6.5,7.86,1.41,13.8,,,,,,,,8,,12/30/1899,n/a,n/a,n/a,n/a,n/a,10/11/2026,,,,,,,,,,,,,,,,,,,,,,,,1.65,1.99,6.5
Greg Dulcich,CPT,MIA,Showdown Captain Mode,10/11/2026,Showdown Captain Mode 10/11 1:00PM (CIN @ MIA),4800,44420644,6.22,7.86,1.3,14.4,,,,,,,,,,n/a,CIN @ MIA,Bengals @ Dolphins,Hard Rock Stadium,outdoor,FOX,10/11/2026,,,,,,,,,,,,,,,2.63,4,25.74,9.8,14.47,,0.17,,,,,
Brian Thomas Jr.,WR,JAX,Showdown Captain Mode,10/11/2026,Showdown Captain Mode 10/11 9:30AM (PHI @ JAX),6600,44420468,5.11,7.85,0.77,19.8,,,,,,,,3.95,,12/30/1899,n/a,n/a,n/a,n/a,n/a,10/11/2026,,,,0,,,,,,,1,,,0,2.03,3.5,24.54,12.09,14.4,0.34,0.21,,,,,
Keaton Mitchell,CPT,LAC,Showdown Captain Mode,10/11/2026,Showdown Captain Mode 10/11 4:05PM (DEN @ LAC),6000,44434509,5.9,7.84,0.98,18,,,13.5,,47.5,,,6.45,,n/a,DEN @ LAC,Broncos @ Chargers,SoFi Stadium,outdoor,CBS,10/11/2026,,,,,,,,,,7.74,31.41,4.06,,,,,14,,9.5,,0.23,,,,,
Daniel Carlson,K,NO,Showdown Captain Mode,10/11/2026,Showdown Captain Mode 10/11 1:00PM (MIN @ NO),4600,44422661,6.5,7.77,1.41,13.8,,,,,,,,7.5,,12/30/1899,n/a,n/a,n/a,n/a,n/a,10/11/2026,,,,,,,,,,,,,,,,,,,,,,,,1.65,1.86,6.5
DeMario Douglas,CPT,NE,Showdown Captain Mode,10/11/2026,Showdown Captain Mode 10/11 1:00PM (LV @ NE),5400,44420861,5.84,7.77,1.08,16.2,,,,,,,,4.65,,12/30/1899,LV @ NE,Raiders @ Patriots,Gillette Stadium,outdoor,CBS,10/11/2026,,,,,,,,,,,,,,,2.67,3.5,25.36,9.48,14.47,,0.23,,,,,
Rico Dowdle,RB,PIT,Showdown Captain Mode,10/11/2026,Showdown Captain Mode 10/11 1:00PM (IND @ PIT),6600,44423158,5,7.76,0.76,19.8,,28.5,,,,,,,,n/a,IND @ PIT,Colts @ Steelers,Acrisure Stadium,outdoor,CBS,10/11/2026,,,,,,,,,,,29,,,,,,,,,,0.35,,,,,
Cooper Kupp,WR,SEA,Showdown Captain Mode,10/11/2026,Showdown Captain Mode 10/11 4:25PM (SF @ SEA),4800,44434561,6.07,7.74,1.26,14.4,,,,,,,,,,n/a,SF @ SEA,49ers @ Seahawks,Lumen Field,outdoor,FOX,10/11/2026,,,,,,,,,,,,,,,2.47,3.5,23.91,9.68,13.59,,0.2,,,,,
Malachi Fields,WR,NYG,Showdown Captain Mode,10/11/2026,Showdown Captain Mode 10/11 1:00PM (NYG @ WAS),6400,44420683,5,7.65,0.78,19.2,,,,,,,,4.65,,n/a,NYG @ WAS,Giants @ Commanders,Northwest Stadium,outdoor,FOX,10/11/2026,,,,,,,,,,,,,,,2.15,3.5,25.34,11.77,16.53,,0.16,,,,,
Michael Mayer,TE,LV,Classic,10/11/2026,"Classic 10/11 1:00PM, 11 Games",3500,44392622,7.05,7.65,2.01,10.5,,,,,,,,5.55,,12/30/1899,LV @ NE,Raiders @ Patriots,Gillette Stadium,outdoor,CBS,10/11/2026,,,,,,,,,,,,,,,3.66,5.5,29.06,7.93,13.29,,0.2,,,,,
Michael Mayer,TE,LV,Early,10/11/2026,"Early 10/11 1:00PM, 8 Games",3500,44419055,7.05,7.65,2.01,10.5,,,,,,,,5.55,,12/30/1899,LV @ NE,Raiders @ Patriots,Gillette Stadium,outdoor,CBS,10/11/2026,,,,,,,,,,,,,,,3.66,5.5,29.06,7.93,13.29,,0.2,,,,,
Pat Freiermuth,TE,PIT,Classic,10/11/2026,"Classic 10/11 1:00PM, 11 Games",3900,44392614,6.71,7.64,1.72,11.7,,,,,,,,4.95,,n/a,IND @ PIT,Colts @ Steelers,Acrisure Stadium,outdoor,CBS,10/11/2026,,,,,,,,,,,,,,,3.3,4.5,27.75,8.41,13.3,,0.23,,,,,
Pat Freiermuth,TE,PIT,Early,10/11/2026,"Early 10/11 1:00PM, 8 Games",3900,44419049,6.71,7.64,1.72,11.7,,,,,,,,4.95,,n/a,IND @ PIT,Colts @ Steelers,Acrisure Stadium,outdoor,CBS,10/11/2026,,,,,,,,,,,,,,,3.3,4.5,27.75,8.41,13.3,,0.23,,,,,
Jerry Jeudy,CPT,CLE,Showdown Captain Mode,10/11/2026,Showdown Captain Mode 10/11 1:00PM (CLE @ NYJ),8100,44422362,3.81,7.63,0.47,24.3,,,14.5,,,,,,,n/a,CLE @ NYJ,Browns @ Jets,MetLife Stadium,outdoor,CBS,10/11/2026,,,,,,,,,,,,,,,1.65,2,14.02,8.5,11.5,,0.13,,,,,
Kaleb Johnson,CPT,GB,Showdown Captain Mode,10/11/2026,Showdown Captain Mode 10/11 1:00PM (CHI @ GB),6900,44423869,5.37,7.62,0.78,20.7,,,0.5,,39.5,,,4.95,,n/a,CHI @ GB,Bears @ Packers,Lambeau Field,outdoor,FOX,10/11/2026,,,,,,,,,,9.67,33.96,3.51,,,0.69,1,0.5,0.72,0.5,,0.32,,,,,
Josh Jacobs,CPT,GB,Showdown Captain Mode,10/11/2026,Showdown Captain Mode 10/11 1:00PM (CHI @ GB),12600,44423855,0,7.56,0,37.8,,,,,,,,,,,,,,,,10/11/2026,,,,,,,,,,,,,,,,,,,,,,,,,,
Jordyn Tyson,CPT,NO,Showdown Captain Mode,10/11/2026,Showdown Captain Mode 10/11 1:00PM (MIN @ NO),12600,44422706,0,7.56,0,37.8,,,,,,,,,,,,,,,,10/11/2026,,,,,,,,,,,,,,,,,,,,,,,,,,
Kalif Raymond,WR,CHI,Showdown Captain Mode,10/11/2026,Showdown Captain Mode 10/11 1:00PM (CHI @ GB),4400,44423816,6.27,7.56,1.42,13.2,,,,,,,,5.15,,n/a,CHI @ GB,Bears @ Packers,Lambeau Field,outdoor,FOX,10/11/2026,,,,,,,,,,,,,,,3.16,4.5,27.35,8.65,14.31,,0.18,,,,,
Evan Engram,CPT,DEN,Showdown Captain Mode,10/11/2026,Showdown Captain Mode 10/11 4:05PM (DEN @ LAC),5700,44434510,5.11,7.51,0.9,17.1,,,,,,,,,,12/30/1899,n/a,n/a,n/a,n/a,n/a,10/11/2026,,,,,,,,,,,,,,,2.39,3,17.62,7.38,10.84,,0.16,,,,,
Xavier Hutchinson,CPT,HOU,Showdown Captain Mode,10/11/2026,Showdown Captain Mode 10/11 1:00PM (HOU @ TEN),7500,44420964,3.74,7.49,0.5,22.5,,,,,,,,,,n/a,HOU @ TEN,Texans @ Titans,Nissan Stadium,outdoor,CBS,10/11/2026,,,,,,,,,,,,,,,1.44,2.5,14.68,10.22,11.74,,0.14,,,,,
Mike Washington Jr.,RB,LV,Showdown Captain Mode,10/11/2026,Showdown Captain Mode 10/11 1:00PM (LV @ NE),3200,44420806,6.99,7.48,2.18,9.6,,,,,,0.5,,,,n/a,LV @ NE,Raiders @ Patriots,Gillette Stadium,outdoor,CBS,10/11/2026,,,,0,,,,,,,32.64,,,0.46,,,10,,,0,0.45,,,,,
Rashid Shaheed,WR,SEA,Showdown Captain Mode,10/11/2026,Showdown Captain Mode 10/11 4:25PM (SF @ SEA),5000,44434560,5.51,7.41,1.1,15,,,,,,,,,,n/a,SF @ SEA,49ers @ Seahawks,Lumen Field,outdoor,FOX,10/11/2026,,,,,,,,,,,,,,,2.1,3.5,20.84,9.92,12.74,,0.22,,,,,
Germie Bernard,CPT,PIT,Showdown Captain Mode,10/11/2026,Showdown Captain Mode 10/11 1:00PM (IND @ PIT),5100,44423282,5.44,7.41,1.07,15.3,,,,,,,,,,12/30/1899,IND @ PIT,Colts @ Steelers,Acrisure Stadium,outdoor,CBS,10/11/2026,,,,,,,,,,,,,,,2.29,3.5,20.01,8.74,12.73,,0.19,,,,,
Rashod Bateman,WR,BAL,Showdown Captain Mode,10/11/2026,Showdown Captain Mode 10/11 8:20PM (BAL @ ATL),6200,44446700,4.59,7.39,0.74,18.6,,,,,,,,,,n/a,BAL @ ATL,Ravens @ Falcons,Mercedes-Benz Stadium,retractable_dome,NBC/Peacock,10/11/2026,,,,,,,,,,,,,,,1.85,3,17.57,9.49,12.49,,0.16,,,,,
Rashod Bateman,WR,BAL,Showdown 2nd Half,10/11/2026,Showdown 2nd Half 10/11 9:20PM 2H (BAL @ ATL),6200,44447433,4.59,7.39,0.74,18.6,,,,,,,,,,n/a,BAL @ ATL,Ravens @ Falcons,Mercedes-Benz Stadium,retractable_dome,NBC/Peacock,10/11/2026,,,,,,,,,,,,,,,1.85,3,17.57,9.49,12.49,,0.16,,,,,
Rashod Bateman,WR,BAL,Showdown 4th Quarter,10/11/2026,Showdown 4th Quarter 10/11 9:50PM Q4 (BAL @ ATL),6200,44447578,4.59,7.39,0.74,18.6,,,,,,,,,,n/a,BAL @ ATL,Ravens @ Falcons,Mercedes-Benz Stadium,retractable_dome,NBC/Peacock,10/11/2026,,,,,,,,,,,,,,,1.85,3,17.57,9.49,12.49,,0.16,,,,,
Kayshon Boutte,CPT,HOU,Showdown Captain Mode,10/11/2026,Showdown Captain Mode 10/11 1:00PM (HOU @ TEN),6000,44420967,4.95,7.39,0.83,18,,,,,,,,4.45,,12/30/1899,HOU @ TEN,Texans @ Titans,Nissan Stadium,outdoor,CBS,10/11/2026,,,,,,,,,,,,,,,2.17,3.5,24.99,11.53,15.44,,0.15,,,,,
Kyle Monangai,CPT,CHI,Showdown Captain Mode,10/11/2026,Showdown Captain Mode 10/11 1:00PM (CHI @ GB),12300,44423856,0,7.38,0,36.9,,,,,,,,,,,,,,,,10/11/2026,,,,,,,,,,,,,,,,,,,,,,,,,,
Broncos,DST,DEN,Classic,10/11/2026,"Classic 10/11 1:00PM, 11 Games",3200,44392855,6.8,7.36,2.13,9.6,,,,,,,,,,,,,,,,10/11/2026,,,,,,,,,,,,,,,,,,,,,,,,,,
Broncos,DST,DEN,Late,10/11/2026,"Late 10/11 4:05PM, 3 Games",3200,44433538,6.8,7.36,2.13,9.6,,,,,,,,,,,,,,,,10/11/2026,,,,,,,,,,,,,,,,,,,,,,,,,,
Tre' Harris,WR,LAC,Classic,10/11/2026,"Classic 10/11 1:00PM, 11 Games",4100,44392242,6.29,7.33,1.53,12.3,,,49.5,,,,,8.15,,n/a,DEN @ LAC,Broncos @ Chargers,SoFi Stadium,outdoor,CBS,10/11/2026,,,,,,,,,,,,,,,,,50.5,,,,,,,,,
Tre' Harris,WR,LAC,Late,10/11/2026,"Late 10/11 4:05PM, 3 Games",4100,44433364,6.29,7.33,1.53,12.3,,,49.5,,,,,8.15,,n/a,DEN @ LAC,Broncos @ Chargers,SoFi Stadium,outdoor,CBS,10/11/2026,,,,,,,,,,,,,,,,,50.5,,,,,,,,,
Tyler Higbee,TE,LAR,Showdown Captain Mode,10/12/2026,Showdown Captain Mode 10/12 8:15PM (BUF @ LAR),4400,44446813,5.93,7.29,1.35,13.2,,,,,,,,5.15,,n/a,BUF @ LAR,Bills @ Rams,SoFi Stadium,outdoor,ABC/ESPN,10/12/2026,,,,,,,,,,,,,,,2.69,4,24.2,9,12.55,,0.26,,,,,
Tyler Higbee,TE,LAR,Showdown 2nd Half,10/12/2026,Showdown 2nd Half 10/12 9:15PM 2H (BUF @ LAR),4400,44447688,5.93,7.29,1.35,13.2,,,,,,,,5.15,,n/a,BUF @ LAR,Bills @ Rams,SoFi Stadium,outdoor,ABC/ESPN,10/12/2026,,,,,,,,,,,,,,,2.69,4,24.2,9,12.55,,0.26,,,,,
Tyler Higbee,TE,LAR,Showdown 4th Quarter,10/12/2026,Showdown 4th Quarter 10/12 9:45PM Q4 (BUF @ LAR),4400,44447786,5.93,7.29,1.35,13.2,,,,,,,,5.15,,n/a,BUF @ LAR,Bills @ Rams,SoFi Stadium,outdoor,ABC/ESPN,10/12/2026,,,,,,,,,,,,,,,2.69,4,24.2,9,12.55,,0.26,,,,,
Kalif Raymond,WR,CHI,Classic,10/11/2026,"Classic 10/11 1:00PM, 11 Games",3900,44392262,6.27,7.28,1.61,11.7,,,,,,,,5.15,,n/a,CHI @ GB,Bears @ Packers,Lambeau Field,outdoor,FOX,10/11/2026,,,,,,,,,,,,,,,3.16,4.5,27.35,8.65,14.31,,0.18,,,,,
Kalif Raymond,WR,CHI,Early,10/11/2026,"Early 10/11 1:00PM, 8 Games",3900,44418791,6.27,7.28,1.61,11.7,,,,,,,,5.15,,n/a,CHI @ GB,Bears @ Packers,Lambeau Field,outdoor,FOX,10/11/2026,,,,,,,,,,,,,,,3.16,4.5,27.35,8.65,14.31,,0.18,,,,,
Jake Elliott,K,PHI,Showdown Captain Mode,10/11/2026,Showdown Captain Mode 10/11 9:30AM (PHI @ JAX),5000,44420479,5.5,7.27,1.1,15,,,,,,,,6.5,,12/30/1899,n/a,n/a,n/a,n/a,n/a,10/11/2026,,,,,,,,,,,,,,,,,,,,,,,,1.41,1.63,5.5
Andre Szmyt,K,CLE,Showdown Captain Mode,10/11/2026,Showdown Captain Mode 10/11 1:00PM (CLE @ NYJ),5000,44422310,5.5,7.27,1.1,15,,,,,,,,6.5,,12/30/1899,n/a,n/a,n/a,n/a,n/a,10/11/2026,,,,,,,,,,,,,,,,,,,,,,,,1.51,1.79,5.5
Chris Bell,WR,MIA,Showdown Captain Mode,10/11/2026,Showdown Captain Mode 10/11 1:00PM (CIN @ MIA),3600,44420590,6.46,7.27,1.79,10.8,,,,,,,,5.25,,n/a,CIN @ MIA,Bengals @ Dolphins,Hard Rock Stadium,outdoor,FOX,10/11/2026,,,,,,,,,,,,,,,2.65,4,34.67,13.09,19.52,,0.17,,,,,
Chris Bell,WR,MIA,Classic,10/11/2026,"Classic 10/11 1:00PM, 11 Games",3600,44392276,6.46,7.27,1.79,10.8,,,,,,,,5.25,,n/a,CIN @ MIA,Bengals @ Dolphins,Hard Rock Stadium,outdoor,FOX,10/11/2026,,,,,,,,,,,,,,,2.65,4,34.67,13.09,19.52,,0.17,,,,,
Chris Bell,WR,MIA,Early,10/11/2026,"Early 10/11 1:00PM, 8 Games",3600,44418811,6.46,7.27,1.79,10.8,,,,,,,,5.25,,n/a,CIN @ MIA,Bengals @ Dolphins,Hard Rock Stadium,outdoor,FOX,10/11/2026,,,,,,,,,,,,,,,2.65,4,34.67,13.09,19.52,,0.17,,,,,
Jets,DST,NYJ,Classic,10/11/2026,"Classic 10/11 1:00PM, 11 Games",2700,44392864,7,7.22,2.59,8.1,,,,,,,,,,,,,,,,10/11/2026,,,,,,,,,,,,,,,,,,,,,,,,,,
Jets,DST,NYJ,Early,10/11/2026,"Early 10/11 1:00PM, 8 Games",2700,44419230,7,7.22,2.59,8.1,,,,,,,,,,,,,,,,10/11/2026,,,,,,,,,,,,,,,,,,,,,,,,,,
Brian Robinson Jr.,RB,ATL,Showdown Captain Mode,10/11/2026,Showdown Captain Mode 10/11 8:20PM (BAL @ ATL),5800,44446706,5.27,7.21,0.91,17.4,,,,,38.5,,,5.15,,12/30/1899,n/a,n/a,n/a,n/a,n/a,10/11/2026,,,,0,,,,,,8.77,35.35,4.03,,0.38,0.69,1,2,2.9,,0,0.27,,,,,
Brian Robinson Jr.,RB,ATL,Showdown 2nd Half,10/11/2026,Showdown 2nd Half 10/11 9:20PM 2H (BAL @ ATL),5800,44447439,5.27,7.21,0.91,17.4,,,,,38.5,,,5.15,,12/30/1899,n/a,n/a,n/a,n/a,n/a,10/11/2026,,,,0,,,,,,8.77,35.35,4.03,,0.38,0.69,1,2,2.9,,0,0.27,,,,,
Brian Robinson Jr.,RB,ATL,Showdown 4th Quarter,10/11/2026,Showdown 4th Quarter 10/11 9:50PM Q4 (BAL @ ATL),5800,44447584,5.27,7.21,0.91,17.4,,,,,38.5,,,5.15,,12/30/1899,n/a,n/a,n/a,n/a,n/a,10/11/2026,,,,0,,,,,,8.77,35.35,4.03,,0.38,0.69,1,2,2.9,,0,0.27,,,,,
Joe Flacco,CPT,CIN,Showdown Captain Mode,10/11/2026,Showdown Captain Mode 10/11 1:00PM (CIN @ MIA),12000,44420626,0,7.2,0,36,,,,,,,,,,,,,,,,10/11/2026,,,,,,,,,,,,,,,,,,,,,,,,,,
Athan Kaliakmanis,CPT,WAS,Showdown Captain Mode,10/11/2026,Showdown Captain Mode 10/11 1:00PM (NYG @ WAS),12000,44420734,0,7.2,0,36,,,,,,,,,,,,,,,,10/11/2026,,,,,,,,,,,,,,,,,,,,,,,,,,
Darnell Washington,CPT,PIT,Showdown Captain Mode,10/11/2026,Showdown Captain Mode 10/11 1:00PM (IND @ PIT),5700,44423279,4.93,7.2,0.86,17.1,,,,,,,,3.95,,12/30/1899,IND @ PIT,Colts @ Steelers,Acrisure Stadium,outdoor,CBS,10/11/2026,,,,,,,,,,,,,,,2.34,3,21.54,9.21,13.64,,0.19,,,,,
Chig Okonkwo,CPT,WAS,Showdown Captain Mode,10/11/2026,Showdown Captain Mode 10/11 1:00PM (NYG @ WAS),6600,44420747,4.27,7.17,0.65,19.8,,,,,,,,4.65,,n/a,NYG @ WAS,Giants @ Commanders,Northwest Stadium,outdoor,FOX,10/11/2026,,,,,,,,,,,,,,,,,27.5,,13.5,,0.21,,,,,
Riley Patterson,K,MIA,Showdown Captain Mode,10/11/2026,Showdown Captain Mode 10/11 1:00PM (CIN @ MIA),4800,44420585,5.5,7.16,1.15,14.4,,,,,,,,6.5,,12/30/1899,n/a,n/a,n/a,n/a,n/a,10/11/2026,,,,,,,,,,,,,,,,,,,,,,,,1.5,1.7,5.5
Joey Slye,K,TEN,Showdown Captain Mode,10/11/2026,Showdown Captain Mode 10/11 1:00PM (HOU @ TEN),4800,44420913,5.5,7.16,1.15,14.4,,,,,,,,6.5,,12/30/1899,n/a,n/a,n/a,n/a,n/a,10/11/2026,,,,,,,,,,,,,,,,,,,,,,,,1.51,1.34,5.5
Cooper Kupp,WR,SEA,Classic,10/11/2026,"Classic 10/11 1:00PM, 11 Games",3800,44392264,6.07,7.14,1.6,11.4,,,,,,,,,,n/a,SF @ SEA,49ers @ Seahawks,Lumen Field,outdoor,FOX,10/11/2026,,,,,,,,,,,,,,,2.47,3.5,23.91,9.68,13.59,,0.2,,,,,
Cooper Kupp,WR,SEA,Late,10/11/2026,"Late 10/11 4:05PM, 3 Games",3800,44433370,6.07,7.14,1.6,11.4,,,,,,,,,,n/a,SF @ SEA,49ers @ Seahawks,Lumen Field,outdoor,FOX,10/11/2026,,,,,,,,,,,,,,,2.47,3.5,23.91,9.68,13.59,,0.2,,,,,
Keaton Mitchell,RB,LAC,Classic,10/11/2026,"Classic 10/11 1:00PM, 11 Games",4500,44391974,5.9,7.12,1.31,13.5,,,13.5,,47.5,,,6.45,,n/a,DEN @ LAC,Broncos @ Chargers,SoFi Stadium,outdoor,CBS,10/11/2026,,,,,,,,,,7.74,31.41,4.06,,,,,14,,9.5,,0.23,,,,,
Keaton Mitchell,RB,LAC,Late,10/11/2026,"Late 10/11 4:05PM, 3 Games",4500,44433288,5.9,7.12,1.31,13.5,,,13.5,,47.5,,,6.45,,n/a,DEN @ LAC,Broncos @ Chargers,SoFi Stadium,outdoor,CBS,10/11/2026,,,,,,,,,,7.74,31.41,4.06,,,,,14,,9.5,,0.23,,,,,
Kyle Pitts Sr.,TE,ATL,Showdown Captain Mode,10/11/2026,Showdown Captain Mode 10/11 8:20PM (BAL @ ATL),4800,44446709,5.54,7.08,1.15,14.4,,,24.5,,,,,4.15,,12/30/1899,n/a,n/a,n/a,n/a,n/a,10/11/2026,,,,,,,,,,,,,,,2.51,3.5,24.83,9.89,14.49,,0.21,,,,,
Kyle Pitts Sr.,TE,ATL,Showdown 2nd Half,10/11/2026,Showdown 2nd Half 10/11 9:20PM 2H (BAL @ ATL),4800,44447442,5.54,7.08,1.15,14.4,,,24.5,,,,,4.15,,12/30/1899,n/a,n/a,n/a,n/a,n/a,10/11/2026,,,,,,,,,,,,,,,2.51,3.5,24.83,9.89,14.49,,0.21,,,,,
Kyle Pitts Sr.,TE,ATL,Showdown 4th Quarter,10/11/2026,Showdown 4th Quarter 10/11 9:50PM Q4 (BAL @ ATL),4800,44447587,5.54,7.08,1.15,14.4,,,24.5,,,,,4.15,,12/30/1899,n/a,n/a,n/a,n/a,n/a,10/11/2026,,,,,,,,,,,,,,,2.51,3.5,24.83,9.89,14.49,,0.21,,,,,
Laquon Treadwell,CPT,IND,Showdown Captain Mode,10/11/2026,Showdown Captain Mode 10/11 1:00PM (IND @ PIT),6300,44423277,4.11,7.07,0.65,18.9,,,,,,,,,,12/30/1899,IND @ PIT,Colts @ Steelers,Acrisure Stadium,outdoor,CBS,10/11/2026,,,,,,,,,,,,,,,1.62,2.5,16.31,10.09,13.52,,0.14,,,,,
George Holani,RB,SEA,Classic,10/11/2026,"Classic 10/11 1:00PM, 11 Games",4500,44391976,5.72,7.07,1.27,13.5,,,,,32.5,,,5.15,,n/a,SF @ SEA,49ers @ Seahawks,Lumen Field,outdoor,FOX,10/11/2026,,,,,,,,,,5.67,21.47,3.79,,,1.97,2.5,9.44,4.79,7.5,,0.23,,,,,
George Holani,RB,SEA,Late,10/11/2026,"Late 10/11 4:05PM, 3 Games",4500,44433286,5.72,7.07,1.27,13.5,,,,,32.5,,,5.15,,n/a,SF @ SEA,49ers @ Seahawks,Lumen Field,outdoor,FOX,10/11/2026,,,,,,,,,,5.67,21.47,3.79,,,1.97,2.5,9.44,4.79,7.5,,0.23,,,,,
J.J. McCarthy,CPT,NYG,Showdown Captain Mode,10/11/2026,Showdown Captain Mode 10/11 1:00PM (NYG @ WAS),11700,44420735,0,7.02,0,35.1,,,,,,,,,,,,,,,,10/11/2026,,,,,,,,,,,,,,,,,,,,,,,,,,
George Holani,RB,SEA,Showdown Captain Mode,10/11/2026,Showdown Captain Mode 10/11 4:25PM (SF @ SEA),4400,44434562,5.72,7.02,1.3,13.2,,,,,32.5,,,5.15,,n/a,SF @ SEA,49ers @ Seahawks,Lumen Field,outdoor,FOX,10/11/2026,,,,,,,,,,5.67,21.47,3.79,,,1.97,2.5,9.44,4.79,7.5,,0.23,,,,,
Marvin Harrison Jr.,WR,ARI,Showdown Captain Mode,10/11/2026,Showdown Captain Mode 10/11 4:25PM (DET @ ARI),5400,44434776,4.7,7,0.87,16.2,,,,,,,,,,,,,,,,10/11/2026,,,,0,,,,,,,0,,,0,,,44,,,0.32,0.05,,,,,
Vikings,DST,MIN,Classic,10/11/2026,"Classic 10/11 1:00PM, 11 Games",3100,44392856,6.4,6.98,2.06,9.3,,,,,,,,,,,,,,,,10/11/2026,,,,,,,,,,,,,,,,,,,,,,,,,,
Vikings,DST,MIN,Early,10/11/2026,"Early 10/11 1:00PM, 8 Games",3100,44419224,6.4,6.98,2.06,9.3,,,,,,,,,,,,,,,,10/11/2026,,,,,,,,,,,,,,,,,,,,,,,,,,
Antonio Williams,WR,WAS,Showdown Captain Mode,10/11/2026,Showdown Captain Mode 10/11 1:00PM (NYG @ WAS),4800,44420690,5.2,6.92,1.08,14.4,,,,,,,,5.95,,n/a,NYG @ WAS,Giants @ Commanders,Northwest Stadium,outdoor,FOX,10/11/2026,,,,,,,,,,,,,,,,,33.5,,16.5,,0.23,,,,,
Greg Dulcich,TE,MIA,Showdown Captain Mode,10/11/2026,Showdown Captain Mode 10/11 1:00PM (CIN @ MIA),3200,44420592,6.22,6.9,1.94,9.6,,,,,,,,,,n/a,CIN @ MIA,Bengals @ Dolphins,Hard Rock Stadium,outdoor,FOX,10/11/2026,,,,,,,,,,,,,,,2.63,4,25.74,9.8,14.47,,0.17,,,,,
Bengals,DST,CIN,Classic,10/11/2026,"Classic 10/11 1:00PM, 11 Games",3500,44392852,6,6.9,1.71,10.5,,,,,,,,,,,,,,,,10/11/2026,,,,,,,,,,,,,,,,,,,,,,,,,,
Bengals,DST,CIN,Early,10/11/2026,"Early 10/11 1:00PM, 8 Games",3500,44419221,6,6.9,1.71,10.5,,,,,,,,,,,,,,,,10/11/2026,,,,,,,,,,,,,,,,,,,,,,,,,,
Keaton Mitchell,RB,LAC,Showdown Captain Mode,10/11/2026,Showdown Captain Mode 10/11 4:05PM (DEN @ LAC),4000,44434454,5.9,6.88,1.48,12,,,13.5,,47.5,,,6.45,,n/a,DEN @ LAC,Broncos @ Chargers,SoFi Stadium,outdoor,CBS,10/11/2026,,,,,,,,,,7.74,31.41,4.06,,,,,14,,9.5,,0.23,,,,,
Greg Dulcich,TE,MIA,Classic,10/11/2026,"Classic 10/11 1:00PM, 11 Games",3100,44392628,6.22,6.84,2.01,9.3,,,,,,,,,,n/a,CIN @ MIA,Bengals @ Dolphins,Hard Rock Stadium,outdoor,FOX,10/11/2026,,,,,,,,,,,,,,,2.63,4,25.74,9.8,14.47,,0.17,,,,,
Greg Dulcich,TE,MIA,Early,10/11/2026,"Early 10/11 1:00PM, 8 Games",3100,44419059,6.22,6.84,2.01,9.3,,,,,,,,,,n/a,CIN @ MIA,Bengals @ Dolphins,Hard Rock Stadium,outdoor,FOX,10/11/2026,,,,,,,,,,,,,,,2.63,4,25.74,9.8,14.47,,0.17,,,,,
Darius Cooper,WR,PHI,Showdown Captain Mode,10/11/2026,Showdown Captain Mode 10/11 9:30AM (PHI @ JAX),4200,44420482,5.39,6.83,1.28,12.6,,,,,,,,,,n/a,PHI @ JAX,Eagles @ Jaguars,Tottenham Hotspur Stadium,outdoor,NFL Network,10/11/2026,,,,,,,,,,,,,,,2.38,4,21.39,8.97,13.38,,0.15,,,,,
AJ Barner,TE,SEA,Showdown Captain Mode,10/11/2026,Showdown Captain Mode 10/11 4:25PM (SF @ SEA),4200,44434563,5.5,6.83,1.31,12.6,,,,,,,,4.35,,n/a,SF @ SEA,49ers @ Seahawks,Lumen Field,outdoor,FOX,10/11/2026,,,,,,,,,,,,,,,2.66,3.5,22.4,8.43,12.5,,0.22,,,,,
Rashid Shaheed,WR,SEA,Classic,10/11/2026,"Classic 10/11 1:00PM, 11 Games",4000,44392256,5.51,6.81,1.38,12,,,,,,,,,,n/a,SF @ SEA,49ers @ Seahawks,Lumen Field,outdoor,FOX,10/11/2026,,,,,,,,,,,,,,,2.1,3.5,20.84,9.92,12.74,,0.22,,,,,
Rashid Shaheed,WR,SEA,Late,10/11/2026,"Late 10/11 4:05PM, 3 Games",4000,44433366,5.51,6.81,1.38,12,,,,,,,,,,n/a,SF @ SEA,49ers @ Seahawks,Lumen Field,outdoor,FOX,10/11/2026,,,,,,,,,,,,,,,2.1,3.5,20.84,9.92,12.74,,0.22,,,,,
Isaiah Williams,WR,NYJ,Classic,10/11/2026,"Classic 10/11 1:00PM, 11 Games",3700,44392272,5.74,6.81,1.55,11.1,,,,,,,,,,12/30/1899,n/a,n/a,n/a,n/a,n/a,10/11/2026,,,,,,,,,,,,,,,2.51,3.5,22.4,8.92,13.42,,0.17,,,,,
Isaiah Williams,WR,NYJ,Early,10/11/2026,"Early 10/11 1:00PM, 8 Games",3700,44418803,5.74,6.81,1.55,11.1,,,,,,,,,,12/30/1899,n/a,n/a,n/a,n/a,n/a,10/11/2026,,,,,,,,,,,,,,,2.51,3.5,22.4,8.92,13.42,,0.17,,,,,
Browns,DST,CLE,Showdown Captain Mode,10/11/2026,Showdown Captain Mode 10/11 1:00PM (CLE @ NYJ),4400,44422313,5.2,6.8,1.18,13.2,,,,,,,,,,,,,,,,10/11/2026,,,,,,,,,,,,,,,,,,,,,,,,,,
Isaac TeSlaa,WR,DET,Showdown Captain Mode,10/11/2026,Showdown Captain Mode 10/11 4:25PM (DET @ ARI),4400,44434780,5.29,6.77,1.2,13.2,,,,,,,,4.95,,n/a,DET @ ARI,Lions @ Cardinals,State Farm Stadium,retractable_dome,FOX,10/11/2026,,,,,,,,,,,,,,,2.27,3.5,25.59,11.26,16.55,,0.2,,,,,
DeMario Douglas,WR,NE,Showdown Captain Mode,10/11/2026,Showdown Captain Mode 10/11 1:00PM (LV @ NE),3600,44420804,5.84,6.77,1.62,10.8,,,,,,,,4.65,,12/30/1899,LV @ NE,Raiders @ Patriots,Gillette Stadium,outdoor,CBS,10/11/2026,,,,,,,,,,,,,,,2.67,3.5,25.36,9.48,14.47,,0.23,,,,,
Tyjae Spears,CPT,TEN,Showdown Captain Mode,10/11/2026,Showdown Captain Mode 10/11 1:00PM (HOU @ TEN),5400,44420968,4.74,6.73,0.88,16.2,,14.5,,,,,,4.15,,12/30/1899,HOU @ TEN,Texans @ Titans,Nissan Stadium,outdoor,CBS,10/11/2026,,,,,,,,,,3.67,14.52,3.96,,,2,2.5,10.03,5.01,7.51,,0.15,,,,,
Darnell Mooney,CPT,NYG,Showdown Captain Mode,10/11/2026,Showdown Captain Mode 10/11 1:00PM (NYG @ WAS),5700,44420749,4.33,6.71,0.76,17.1,,,,,,,,,,n/a,NYG @ WAS,Giants @ Commanders,Northwest Stadium,outdoor,FOX,10/11/2026,,,,,,,,,,,,,,,1.67,3,18.33,10.97,14.51,,0.14,,,,,
DeMario Douglas,WR,NE,Classic,10/11/2026,"Classic 10/11 1:00PM, 11 Games",3500,44392290,5.84,6.71,1.67,10.5,,,,,,,,4.65,,12/30/1899,LV @ NE,Raiders @ Patriots,Gillette Stadium,outdoor,CBS,10/11/2026,,,,,,,,,,,,,,,2.67,3.5,25.36,9.48,14.47,,0.23,,,,,
DeMario Douglas,WR,NE,Early,10/11/2026,"Early 10/11 1:00PM, 8 Games",3500,44418817,5.84,6.71,1.67,10.5,,,,,,,,4.65,,12/30/1899,LV @ NE,Raiders @ Patriots,Gillette Stadium,outdoor,CBS,10/11/2026,,,,,,,,,,,,,,,2.67,3.5,25.36,9.48,14.47,,0.23,,,,,
Rico Dowdle,RB,PIT,Classic,10/11/2026,"Classic 10/11 1:00PM, 11 Games",4700,44391962,5,6.7,1.06,14.1,,28.5,,,,,,,,n/a,IND @ PIT,Colts @ Steelers,Acrisure Stadium,outdoor,CBS,10/11/2026,,,,,,,,,,,29,,,,,,,,,,0.35,,,,,
Rico Dowdle,RB,PIT,Early,10/11/2026,"Early 10/11 1:00PM, 8 Games",4700,44418583,5,6.7,1.06,14.1,,28.5,,,,,,,,n/a,IND @ PIT,Colts @ Steelers,Acrisure Stadium,outdoor,CBS,10/11/2026,,,,,,,,,,,29,,,,,,,,,,0.35,,,,,
Brian Robinson Jr.,RB,ATL,Classic,10/11/2026,"Classic 10/11 1:00PM, 13 Games",4700,44419400,5.27,6.68,1.12,14.1,,,,,38.5,,,5.15,,12/30/1899,n/a,n/a,n/a,n/a,n/a,10/11/2026,,,,0,,,,,,8.77,35.35,4.03,,0.38,0.69,1,2,2.9,,0,0.27,,,,,
Tyler Higbee,TE,LAR,Classic,10/12/2026,"Classic 10/11 1:00PM, 13 Games",3300,44420168,5.93,6.67,1.8,9.9,,,,,,,,5.15,,n/a,BUF @ LAR,Bills @ Rams,SoFi Stadium,outdoor,ABC/ESPN,10/12/2026,,,,,,,,,,,,,,,2.69,4,24.2,9,12.55,,0.26,,,,,
Ladd McConkey,WR,LAC,Showdown Captain Mode,10/11/2026,Showdown Captain Mode 10/11 4:05PM (DEN @ LAC),8600,44434439,1.87,6.66,0.22,25.8,,,,,,,,,,,,,,,,10/11/2026,,,,,,,,,,,,,,,,,,,,,0.31,,,,,
Blake Corum,CPT,LAR,Showdown Captain Mode,10/12/2026,Showdown Captain Mode 10/12 8:15PM (BUF @ LAR),5700,44446864,4.65,6.64,0.82,17.1,,,2.5,,39.5,,,5.95,,n/a,BUF @ LAR,Bills @ Rams,SoFi Stadium,outdoor,ABC/ESPN,10/12/2026,,,,,,,,,,,29.03,,,,,,3.5,,3.5,,0.23,,,,,
Blake Corum,CPT,LAR,Showdown 2nd Half,10/12/2026,Showdown 2nd Half 10/12 9:15PM 2H (BUF @ LAR),5700,44447641,4.65,6.64,0.82,17.1,,,2.5,,39.5,,,5.95,,n/a,BUF @ LAR,Bills @ Rams,SoFi Stadium,outdoor,ABC/ESPN,10/12/2026,,,,,,,,,,,29.03,,,,,,3.5,,3.5,,0.23,,,,,
Blake Corum,CPT,LAR,Showdown 4th Quarter,10/12/2026,Showdown 4th Quarter 10/12 9:45PM Q4 (BUF @ LAR),5700,44447739,4.65,6.64,0.82,17.1,,,2.5,,39.5,,,5.95,,n/a,BUF @ LAR,Bills @ Rams,SoFi Stadium,outdoor,ABC/ESPN,10/12/2026,,,,,,,,,,,29.03,,,,,,3.5,,3.5,,0.23,,,,,
Kaleb Johnson,RB,GB,Showdown Captain Mode,10/11/2026,Showdown Captain Mode 10/11 1:00PM (CHI @ GB),4600,44423815,5.37,6.61,1.17,13.8,,,0.5,,39.5,,,4.95,,n/a,CHI @ GB,Bears @ Packers,Lambeau Field,outdoor,FOX,10/11/2026,,,,,,,,,,9.67,33.96,3.51,,,0.69,1,0.5,0.72,0.5,,0.32,,,,,
Kaleb Johnson,RB,GB,Classic,10/11/2026,"Classic 10/11 1:00PM, 11 Games",4600,44391968,5.37,6.61,1.17,13.8,,,0.5,,39.5,,,4.95,,n/a,CHI @ GB,Bears @ Packers,Lambeau Field,outdoor,FOX,10/11/2026,,,,,,,,,,9.67,33.96,3.51,,,0.69,1,0.5,0.72,0.5,,0.32,,,,,
Kaleb Johnson,RB,GB,Early,10/11/2026,"Early 10/11 1:00PM, 8 Games",4600,44418587,5.37,6.61,1.17,13.8,,,0.5,,39.5,,,4.95,,n/a,CHI @ GB,Bears @ Packers,Lambeau Field,outdoor,FOX,10/11/2026,,,,,,,,,,9.67,33.96,3.51,,,0.69,1,0.5,0.72,0.5,,0.32,,,,,
Chris Rodriguez Jr.,CPT,JAX,Showdown Captain Mode,10/11/2026,Showdown Captain Mode 10/11 9:30AM (PHI @ JAX),7200,44420535,3.14,6.59,0.44,21.6,,,,,,,,3.85,,12/30/1899,n/a,n/a,n/a,n/a,n/a,10/11/2026,,,,0,,,,,,6.68,26.08,3.91,,0.36,,,0,,,0,0.21,,,,,
Steelers,DST,PIT,Showdown Captain Mode,10/11/2026,Showdown Captain Mode 10/11 1:00PM (IND @ PIT),4400,44423179,4.9,6.56,1.11,13.2,,,,,,,,,,,,,,,,10/11/2026,,,,,,,,,,,,,,,,,,,,,,,,,,
Commanders,DST,WAS,Showdown Captain Mode,10/11/2026,Showdown Captain Mode 10/11 1:00PM (NYG @ WAS),4000,44420692,5.2,6.56,1.3,12,,,,,,,,,,,,,,,,10/11/2026,,,,,,,,,,,,,,,,,,,,,,,,,,
Joshua Palmer,CPT,BUF,Showdown Captain Mode,10/12/2026,Showdown Captain Mode 10/12 8:15PM (BUF @ LAR),4500,44446867,4.83,6.56,1.07,13.5,,,,,,,,,,n/a,BUF @ LAR,Bills @ Rams,SoFi Stadium,outdoor,ABC/ESPN,10/12/2026,,,,,,,,,,,,,,,1.8,2.5,20.71,11.51,14.5,,0.16,,,,,
Joshua Palmer,CPT,BUF,Showdown 2nd Half,10/12/2026,Showdown 2nd Half 10/12 9:15PM 2H (BUF @ LAR),4500,44447644,4.83,6.56,1.07,13.5,,,,,,,,,,n/a,BUF @ LAR,Bills @ Rams,SoFi Stadium,outdoor,ABC/ESPN,10/12/2026,,,,,,,,,,,,,,,1.8,2.5,20.71,11.51,14.5,,0.16,,,,,
Joshua Palmer,CPT,BUF,Showdown 4th Quarter,10/12/2026,Showdown 4th Quarter 10/12 9:45PM Q4 (BUF @ LAR),4500,44447742,4.83,6.56,1.07,13.5,,,,,,,,,,n/a,BUF @ LAR,Bills @ Rams,SoFi Stadium,outdoor,ABC/ESPN,10/12/2026,,,,,,,,,,,,,,,1.8,2.5,20.71,11.51,14.5,,0.16,,,,,
Raheim Sanders,CPT,CLE,Showdown Captain Mode,10/11/2026,Showdown Captain Mode 10/11 1:00PM (CLE @ NYJ),5400,44422368,4.53,6.55,0.84,16.2,,4.5,,,18.5,,,,,n/a,CLE @ NYJ,Browns @ Jets,MetLife Stadium,outdoor,CBS,10/11/2026,,,,,,,,,,,4.5,,,,2.03,2.5,13,6.42,8.58,,0.13,,,,,
Jaylen Wright,RB,MIA,Showdown Captain Mode,10/11/2026,Showdown Captain Mode 10/11 1:00PM (CIN @ MIA),6400,44420577,3.89,6.54,0.61,19.2,,,2.5,,29.5,,,,,12/30/1899,CIN @ MIA,Bengals @ Dolphins,Hard Rock Stadium,outdoor,FOX,10/11/2026,,,,,,,,,,6.64,22.04,3.32,,,,,1.5,,1.5,,0.26,,,,,
Kyle Pitts Sr.,TE,ATL,Classic,10/11/2026,"Classic 10/11 1:00PM, 13 Games",3700,44420160,5.54,6.5,1.5,11.1,,,24.5,,,,,4.15,,12/30/1899,n/a,n/a,n/a,n/a,n/a,10/11/2026,,,,,,,,,,,,,,,2.51,3.5,24.83,9.89,14.49,,0.21,,,,,
Lamar Jackson,QB,BAL,Showdown Captain Mode,10/11/2026,Showdown Captain Mode 10/11 8:20PM (BAL @ ATL),10800,44446694,0,6.48,0,32.4,,,,,,,,,,,,,,,,10/11/2026,,,,,,,,,,,,,,,,,,,,,,,,,,
Lamar Jackson,QB,BAL,Showdown 2nd Half,10/11/2026,Showdown 2nd Half 10/11 9:20PM 2H (BAL @ ATL),10800,44447427,0,6.48,0,32.4,,,,,,,,,,,,,,,,10/11/2026,,,,,,,,,,,,,,,,,,,,,,,,,,
Lamar Jackson,QB,BAL,Showdown 4th Quarter,10/11/2026,Showdown 4th Quarter 10/11 9:50PM Q4 (BAL @ ATL),10800,44447572,0,6.48,0,32.4,,,,,,,,,,,,,,,,10/11/2026,,,,,,,,,,,,,,,,,,,,,,,,,,
Malachi Fields,WR,NYG,Classic,10/11/2026,"Classic 10/11 1:00PM, 11 Games",4300,44392250,5,6.47,1.16,12.9,,,,,,,,4.65,,n/a,NYG @ WAS,Giants @ Commanders,Northwest Stadium,outdoor,FOX,10/11/2026,,,,,,,,,,,,,,,2.15,3.5,25.34,11.77,16.53,,0.16,,,,,
Malachi Fields,WR,NYG,Early,10/11/2026,"Early 10/11 1:00PM, 8 Games",4300,44418779,5,6.47,1.16,12.9,,,,,,,,4.65,,n/a,NYG @ WAS,Giants @ Commanders,Northwest Stadium,outdoor,FOX,10/11/2026,,,,,,,,,,,,,,,2.15,3.5,25.34,11.77,16.53,,0.16,,,,,
Gunnar Helm,CPT,TEN,Showdown Captain Mode,10/11/2026,Showdown Captain Mode 10/11 1:00PM (HOU @ TEN),4200,44420971,4.91,6.45,1.17,12.6,,,,,,,,,,n/a,HOU @ TEN,Texans @ Titans,Nissan Stadium,outdoor,CBS,10/11/2026,,,,,,,,,,,,,,,2.46,3.5,16.06,6.53,9.48,,0.14,,,,,
Jahan Dotson,CPT,ATL,Showdown Captain Mode,10/11/2026,Showdown Captain Mode 10/11 8:20PM (BAL @ ATL),5400,44446764,4.18,6.42,0.77,16.2,,,,,,,,3.45,,n/a,BAL @ ATL,Ravens @ Falcons,Mercedes-Benz Stadium,retractable_dome,NBC/Peacock,10/11/2026,,,,,,,,,,,,,,,1.9,3,19.82,10.45,14.46,,0.16,,,,,
Jahan Dotson,CPT,ATL,Showdown 2nd Half,10/11/2026,Showdown 2nd Half 10/11 9:20PM 2H (BAL @ ATL),5400,44447393,4.18,6.42,0.77,16.2,,,,,,,,3.45,,n/a,BAL @ ATL,Ravens @ Falcons,Mercedes-Benz Stadium,retractable_dome,NBC/Peacock,10/11/2026,,,,,,,,,,,,,,,1.9,3,19.82,10.45,14.46,,0.16,,,,,
Jahan Dotson,CPT,ATL,Showdown 4th Quarter,10/11/2026,Showdown 4th Quarter 10/11 9:50PM Q4 (BAL @ ATL),5400,44447538,4.18,6.42,0.77,16.2,,,,,,,,3.45,,n/a,BAL @ ATL,Ravens @ Falcons,Mercedes-Benz Stadium,retractable_dome,NBC/Peacock,10/11/2026,,,,,,,,,,,,,,,1.9,3,19.82,10.45,14.46,,0.16,,,,,
Marvin Harrison Jr.,WR,ARI,Classic,10/11/2026,"Classic 10/11 1:00PM, 11 Games",4400,44392236,4.7,6.4,1.07,13.2,,,,,,,,,,,,,,,,10/11/2026,,,,0,,,,,,,0,,,0,,,44,,,0.32,0.05,,,,,
Marvin Harrison Jr.,WR,ARI,Late,10/11/2026,"Late 10/11 4:05PM, 3 Games",4400,44433362,4.7,6.4,1.07,13.2,,,,,,,,,,,,,,,,10/11/2026,,,,0,,,,,,,0,,,0,,,44,,,0.32,0.05,,,,,
Germie Bernard,WR,PIT,Showdown Captain Mode,10/11/2026,Showdown Captain Mode 10/11 1:00PM (IND @ PIT),3400,44423187,5.44,6.39,1.6,10.2,,,,,,,,,,12/30/1899,IND @ PIT,Colts @ Steelers,Acrisure Stadium,outdoor,CBS,10/11/2026,,,,,,,,,,,,,,,2.29,3.5,20.01,8.74,12.73,,0.19,,,,,
Germie Bernard,WR,PIT,Classic,10/11/2026,"Classic 10/11 1:00PM, 11 Games",3400,44392298,5.44,6.39,1.6,10.2,,,,,,,,,,12/30/1899,IND @ PIT,Colts @ Steelers,Acrisure Stadium,outdoor,CBS,10/11/2026,,,,,,,,,,,,,,,2.29,3.5,20.01,8.74,12.73,,0.19,,,,,
Germie Bernard,WR,PIT,Early,10/11/2026,"Early 10/11 1:00PM, 8 Games",3400,44418823,5.44,6.39,1.6,10.2,,,,,,,,,,12/30/1899,IND @ PIT,Colts @ Steelers,Acrisure Stadium,outdoor,CBS,10/11/2026,,,,,,,,,,,,,,,2.29,3.5,20.01,8.74,12.73,,0.19,,,,,
Evan Engram,TE,DEN,Showdown Captain Mode,10/11/2026,Showdown Captain Mode 10/11 4:05PM (DEN @ LAC),3800,44434455,5.11,6.37,1.34,11.4,,,,,,,,,,12/30/1899,n/a,n/a,n/a,n/a,n/a,10/11/2026,,,,,,,,,,,,,,,2.39,3,17.62,7.38,10.84,,0.16,,,,,
Antonio Williams,WR,WAS,Classic,10/11/2026,"Classic 10/11 1:00PM, 11 Games",3800,44392268,5.2,6.36,1.37,11.4,,,,,,,,5.95,,n/a,NYG @ WAS,Giants @ Commanders,Northwest Stadium,outdoor,FOX,10/11/2026,,,,,,,,,,,,,,,,,33.5,,16.5,,0.23,,,,,
Antonio Williams,WR,WAS,Early,10/11/2026,"Early 10/11 1:00PM, 8 Games",3800,44418797,5.2,6.36,1.37,11.4,,,,,,,,5.95,,n/a,NYG @ WAS,Giants @ Commanders,Northwest Stadium,outdoor,FOX,10/11/2026,,,,,,,,,,,,,,,,,33.5,,16.5,,0.23,,,,,
Colby Parkinson,CPT,LAR,Showdown Captain Mode,10/12/2026,Showdown Captain Mode 10/12 8:15PM (BUF @ LAR),3600,44446869,5.21,6.33,1.45,10.8,,,,,,,,,,n/a,BUF @ LAR,Bills @ Rams,SoFi Stadium,outdoor,ABC/ESPN,10/12/2026,,,,,,,,,,,,,,,1.99,2.5,16.02,8.04,11.5,,0.27,,,,,
Colby Parkinson,CPT,LAR,Showdown 2nd Half,10/12/2026,Showdown 2nd Half 10/12 9:15PM 2H (BUF @ LAR),3600,44447646,5.21,6.33,1.45,10.8,,,,,,,,,,n/a,BUF @ LAR,Bills @ Rams,SoFi Stadium,outdoor,ABC/ESPN,10/12/2026,,,,,,,,,,,,,,,1.99,2.5,16.02,8.04,11.5,,0.27,,,,,
Colby Parkinson,CPT,LAR,Showdown 4th Quarter,10/12/2026,Showdown 4th Quarter 10/12 9:45PM Q4 (BUF @ LAR),3600,44447744,5.21,6.33,1.45,10.8,,,,,,,,,,n/a,BUF @ LAR,Bills @ Rams,SoFi Stadium,outdoor,ABC/ESPN,10/12/2026,,,,,,,,,,,,,,,1.99,2.5,16.02,8.04,11.5,,0.27,,,,,
Tyjae Spears,RB,TEN,Classic,10/11/2026,"Classic 10/11 1:00PM, 11 Games",4600,44391970,4.74,6.31,1.03,13.8,,14.5,,,,,,4.15,,12/30/1899,HOU @ TEN,Texans @ Titans,Nissan Stadium,outdoor,CBS,10/11/2026,,,,,,,,,,3.67,14.52,3.96,,,2,2.5,10.03,5.01,7.51,,0.15,,,,,
Tyjae Spears,RB,TEN,Early,10/11/2026,"Early 10/11 1:00PM, 8 Games",4600,44418589,4.74,6.31,1.03,13.8,,14.5,,,,,,4.15,,12/30/1899,HOU @ TEN,Texans @ Titans,Nissan Stadium,outdoor,CBS,10/11/2026,,,,,,,,,,3.67,14.52,3.96,,,2,2.5,10.03,5.01,7.51,,0.15,,,,,
Zach Charbonnet,CPT,SEA,Showdown Captain Mode,10/11/2026,Showdown Captain Mode 10/11 4:25PM (SF @ SEA),10500,44434612,0,6.3,0,31.5,,,,,,,,,,,,,,,,10/11/2026,,,,,,,,,,,,,,,,,,,,,,,,,,
Adonai Mitchell,CPT,NYJ,Showdown Captain Mode,10/11/2026,Showdown Captain Mode 10/11 1:00PM (CLE @ NYJ),10500,44422354,0,6.3,0,31.5,,,,,,,,,,,,,,,,10/11/2026,,,,,,,,,,,,,,,,,,,,,,,,,,
Efton Chism III,CPT,NE,Showdown Captain Mode,10/11/2026,Showdown Captain Mode 10/11 1:00PM (LV @ NE),4500,44420864,4.77,6.28,1.06,13.5,,,24.5,,,,,4.05,,12/30/1899,n/a,n/a,n/a,n/a,n/a,10/11/2026,,,,,,,,,,,,,,,2.02,2.5,24.48,12.12,17.5,,0.16,,,,,
Kayshon Boutte,WR,HOU,Showdown Captain Mode,10/11/2026,Showdown Captain Mode 10/11 1:00PM (HOU @ TEN),4000,44420915,4.95,6.27,1.24,12,,,,,,,,4.45,,12/30/1899,HOU @ TEN,Texans @ Titans,Nissan Stadium,outdoor,CBS,10/11/2026,,,,,,,,,,,,,,,2.17,3.5,24.99,11.53,15.44,,0.15,,,,,
AJ Barner,TE,SEA,Classic,10/11/2026,"Classic 10/11 1:00PM, 11 Games",3200,44392626,5.5,6.27,1.72,9.6,,,,,,,,4.35,,n/a,SF @ SEA,49ers @ Seahawks,Lumen Field,outdoor,FOX,10/11/2026,,,,,,,,,,,,,,,2.66,3.5,22.4,8.43,12.5,,0.22,,,,,
AJ Barner,TE,SEA,Late,10/11/2026,"Late 10/11 4:05PM, 3 Games",3200,44433472,5.5,6.27,1.72,9.6,,,,,,,,4.35,,n/a,SF @ SEA,49ers @ Seahawks,Lumen Field,outdoor,FOX,10/11/2026,,,,,,,,,,,,,,,2.66,3.5,22.4,8.43,12.5,,0.22,,,,,
Blake Corum,RB,LAR,Classic,10/12/2026,"Classic 10/11 1:00PM, 13 Games",4900,44419388,4.65,6.26,0.95,14.7,,,2.5,,39.5,,,5.95,,n/a,BUF @ LAR,Bills @ Rams,SoFi Stadium,outdoor,ABC/ESPN,10/12/2026,,,,,,,,,,,29.03,,,,,,3.5,,3.5,,0.23,,,,,
Justice Hill,CPT,BAL,Showdown Captain Mode,10/11/2026,Showdown Captain Mode 10/11 8:20PM (BAL @ ATL),4800,44446765,4.39,6.26,0.91,14.4,,,,,23.5,,,,,12/30/1899,BAL @ ATL,Ravens @ Falcons,Mercedes-Benz Stadium,retractable_dome,NBC/Peacock,10/11/2026,,,,,,,,,,,11.16,,,,1.66,2,8.49,5.12,6.5,,0.13,,,,,
Justice Hill,CPT,BAL,Showdown 2nd Half,10/11/2026,Showdown 2nd Half 10/11 9:20PM 2H (BAL @ ATL),4800,44447394,4.39,6.26,0.91,14.4,,,,,23.5,,,,,12/30/1899,BAL @ ATL,Ravens @ Falcons,Mercedes-Benz Stadium,retractable_dome,NBC/Peacock,10/11/2026,,,,,,,,,,,11.16,,,,1.66,2,8.49,5.12,6.5,,0.13,,,,,
Justice Hill,CPT,BAL,Showdown 4th Quarter,10/11/2026,Showdown 4th Quarter 10/11 9:50PM Q4 (BAL @ ATL),4800,44447539,4.39,6.26,0.91,14.4,,,,,23.5,,,,,12/30/1899,BAL @ ATL,Ravens @ Falcons,Mercedes-Benz Stadium,retractable_dome,NBC/Peacock,10/11/2026,,,,,,,,,,,11.16,,,,1.66,2,8.49,5.12,6.5,,0.13,,,,,
Najee Harris,RB,NYG,Classic,10/11/2026,"Classic 10/11 1:00PM, 11 Games",4500,44391978,4.72,6.24,1.05,13.5,,,2.5,,31.5,,,,,n/a,NYG @ WAS,Giants @ Commanders,Northwest Stadium,outdoor,FOX,10/11/2026,,,,,,,,,,,28.03,,,,0.59,1,2.5,4.24,2.5,,0.18,,,,,
Najee Harris,RB,NYG,Early,10/11/2026,"Early 10/11 1:00PM, 8 Games",4500,44418591,4.72,6.24,1.05,13.5,,,2.5,,31.5,,,,,n/a,NYG @ WAS,Giants @ Commanders,Northwest Stadium,outdoor,FOX,10/11/2026,,,,,,,,,,,28.03,,,,0.59,1,2.5,4.24,2.5,,0.18,,,,,
Najee Harris,CPT,NYG,Showdown Captain Mode,10/11/2026,Showdown Captain Mode 10/11 1:00PM (NYG @ WAS),4500,44420753,4.72,6.24,1.05,13.5,,,2.5,,31.5,,,,,n/a,NYG @ WAS,Giants @ Commanders,Northwest Stadium,outdoor,FOX,10/11/2026,,,,,,,,,,,28.03,,,,0.59,1,2.5,4.24,2.5,,0.18,,,,,
Kayshon Boutte,WR,HOU,Classic,10/11/2026,"Classic 10/11 1:00PM, 11 Games",3900,44392258,4.95,6.21,1.27,11.7,,,,,,,,4.45,,12/30/1899,HOU @ TEN,Texans @ Titans,Nissan Stadium,outdoor,CBS,10/11/2026,,,,,,,,,,,,,,,2.17,3.5,24.99,11.53,15.44,,0.15,,,,,
Kayshon Boutte,WR,HOU,Early,10/11/2026,"Early 10/11 1:00PM, 8 Games",3900,44418793,4.95,6.21,1.27,11.7,,,,,,,,4.45,,12/30/1899,HOU @ TEN,Texans @ Titans,Nissan Stadium,outdoor,CBS,10/11/2026,,,,,,,,,,,,,,,2.17,3.5,24.99,11.53,15.44,,0.15,,,,,
Isaac TeSlaa,WR,DET,Classic,10/11/2026,"Classic 10/11 1:00PM, 11 Games",3400,44392294,5.29,6.21,1.56,10.2,,,,,,,,4.95,,n/a,DET @ ARI,Lions @ Cardinals,State Farm Stadium,retractable_dome,FOX,10/11/2026,,,,,,,,,,,,,,,2.27,3.5,25.59,11.26,16.55,,0.2,,,,,
Isaac TeSlaa,WR,DET,Late,10/11/2026,"Late 10/11 4:05PM, 3 Games",3400,44433376,5.29,6.21,1.56,10.2,,,,,,,,4.95,,n/a,DET @ ARI,Lions @ Cardinals,State Farm Stadium,retractable_dome,FOX,10/11/2026,,,,,,,,,,,,,,,2.27,3.5,25.59,11.26,16.55,,0.2,,,,,
Raheim Sanders,RB,CLE,Classic,10/11/2026,"Classic 10/11 1:00PM, 11 Games",4700,44391964,4.53,6.19,0.96,14.1,,4.5,,,18.5,,,,,n/a,CLE @ NYJ,Browns @ Jets,MetLife Stadium,outdoor,CBS,10/11/2026,,,,,,,,,,,4.5,,,,2.03,2.5,13,6.42,8.58,,0.13,,,,,
Raheim Sanders,RB,CLE,Early,10/11/2026,"Early 10/11 1:00PM, 8 Games",4700,44418585,4.53,6.19,0.96,14.1,,4.5,,,18.5,,,,,n/a,CLE @ NYJ,Browns @ Jets,MetLife Stadium,outdoor,CBS,10/11/2026,,,,,,,,,,,4.5,,,,2.03,2.5,13,6.42,8.58,,0.13,,,,,
Jaylin Noel,CPT,HOU,Showdown Captain Mode,10/11/2026,Showdown Captain Mode 10/11 1:00PM (HOU @ TEN),3900,44420972,4.78,6.16,1.23,11.7,,,,,,,,,,12/30/1899,n/a,n/a,n/a,n/a,n/a,10/11/2026,,,,,,,,,,,,,,,1.89,2.5,19.61,10.36,13.44,,0.15,,,,,
Quentin Johnston,WR,LAC,Showdown Captain Mode,10/11/2026,Showdown Captain Mode 10/11 4:05PM (DEN @ LAC),8200,44434441,1.53,6.14,0.19,24.6,,,,,,,,,,,,,,,,10/11/2026,,,,,,,,,,,,,,,,,,,,,0.26,,,,,
Darnell Washington,TE,PIT,Showdown Captain Mode,10/11/2026,Showdown Captain Mode 10/11 1:00PM (IND @ PIT),3800,44423183,4.93,6.14,1.3,11.4,,,,,,,,3.95,,12/30/1899,IND @ PIT,Colts @ Steelers,Acrisure Stadium,outdoor,CBS,10/11/2026,,,,,,,,,,,,,,,2.34,3,21.54,9.21,13.64,,0.19,,,,,
Rashod Bateman,WR,BAL,Classic,10/11/2026,"Classic 10/11 1:00PM, 13 Games",4100,44419728,4.59,6.13,1.12,12.3,,,,,,,,,,n/a,BAL @ ATL,Ravens @ Falcons,Mercedes-Benz Stadium,retractable_dome,NBC/Peacock,10/11/2026,,,,,,,,,,,,,,,1.85,3,17.57,9.49,12.49,,0.16,,,,,
Caleb Williams,QB,CHI,Showdown Captain Mode,10/11/2026,Showdown Captain Mode 10/11 1:00PM (CHI @ GB),10200,44423795,0,6.12,0,30.6,,,,,,,,,,,,,,,,10/11/2026,,,,,,,,,,,,,,,,,,,,,,,,,,
Jerry Jeudy,WR,CLE,Showdown Captain Mode,10/11/2026,Showdown Captain Mode 10/11 1:00PM (CLE @ NYJ),5400,44422309,3.81,6.12,0.71,16.2,,,14.5,,,,,,,n/a,CLE @ NYJ,Browns @ Jets,MetLife Stadium,outdoor,CBS,10/11/2026,,,,,,,,,,,,,,,1.65,2,14.02,8.5,11.5,,0.13,,,,,
Ty Johnson,CPT,BUF,Showdown Captain Mode,10/12/2026,Showdown Captain Mode 10/12 8:15PM (BUF @ LAR),4800,44446866,4.03,6.1,0.84,14.4,,,,,,,,,,n/a,BUF @ LAR,Bills @ Rams,SoFi Stadium,outdoor,ABC/ESPN,10/12/2026,,,,,,,,,,,,,,,2.1,2.5,11,5.24,8.5,,0.14,,,,,
Ty Johnson,CPT,BUF,Showdown 2nd Half,10/12/2026,Showdown 2nd Half 10/12 9:15PM 2H (BUF @ LAR),4800,44447643,4.03,6.1,0.84,14.4,,,,,,,,,,n/a,BUF @ LAR,Bills @ Rams,SoFi Stadium,outdoor,ABC/ESPN,10/12/2026,,,,,,,,,,,,,,,2.1,2.5,11,5.24,8.5,,0.14,,,,,
Ty Johnson,CPT,BUF,Showdown 4th Quarter,10/12/2026,Showdown 4th Quarter 10/12 9:45PM Q4 (BUF @ LAR),4800,44447741,4.03,6.1,0.84,14.4,,,,,,,,,,n/a,BUF @ LAR,Bills @ Rams,SoFi Stadium,outdoor,ABC/ESPN,10/12/2026,,,,,,,,,,,,,,,2.1,2.5,11,5.24,8.5,,0.14,,,,,
Kendre Miller,CPT,NO,Showdown Captain Mode,10/11/2026,Showdown Captain Mode 10/11 1:00PM (MIN @ NO),6000,44422720,3.8,6.07,0.63,18,,,4.5,,29.5,,,4.05,,12/30/1899,MIN @ NO,Vikings @ Saints,Caesars Superdome,dome,FOX,10/11/2026,,,,,,,,,,6.76,22.4,3.31,,,,,4.5,,4.5,,0.19,,,,,
DJ Moore,WR,BUF,Showdown Captain Mode,10/12/2026,Showdown Captain Mode 10/12 8:15PM (BUF @ LAR),7600,44446802,1.88,6.06,0.25,22.8,,,,,,,,,,,,,,,,10/12/2026,,,,,,,,,,,,,,,,,,,,,0.31,,,,,
DJ Moore,WR,BUF,Showdown 2nd Half,10/12/2026,Showdown 2nd Half 10/12 9:15PM 2H (BUF @ LAR),7600,44447677,1.88,6.06,0.25,22.8,,,,,,,,,,,,,,,,10/12/2026,,,,,,,,,,,,,,,,,,,,,0.31,,,,,
DJ Moore,WR,BUF,Showdown 4th Quarter,10/12/2026,Showdown 4th Quarter 10/12 9:45PM Q4 (BUF @ LAR),7600,44447775,1.88,6.06,0.25,22.8,,,,,,,,,,,,,,,,10/12/2026,,,,,,,,,,,,,,,,,,,,,0.31,,,,,
Stefon Diggs,WR,WAS,Showdown Captain Mode,10/11/2026,Showdown Captain Mode 10/11 1:00PM (NYG @ WAS),8600,44420676,1.05,6,0.12,25.8,,,,,,,,,,,,,,,,10/11/2026,,,,,,,,,,,,,,,,,,,,,0.17,,,,,
Xavier Hutchinson,WR,HOU,Showdown Captain Mode,10/11/2026,Showdown Captain Mode 10/11 1:00PM (HOU @ TEN),5000,44420912,3.74,5.99,0.75,15,,,,,,,,,,n/a,HOU @ TEN,Texans @ Titans,Nissan Stadium,outdoor,CBS,10/11/2026,,,,,,,,,,,,,,,1.44,2.5,14.68,10.22,11.74,,0.14,,,,,
Joshua Palmer,WR,BUF,Classic,10/12/2026,"Classic 10/11 1:00PM, 13 Games",3500,44419766,4.83,5.96,1.38,10.5,,,,,,,,,,n/a,BUF @ LAR,Bills @ Rams,SoFi Stadium,outdoor,ABC/ESPN,10/12/2026,,,,,,,,,,,,,,,1.8,2.5,20.71,11.51,14.5,,0.16,,,,,
Chig Okonkwo,TE,WAS,Showdown Captain Mode,10/11/2026,Showdown Captain Mode 10/11 1:00PM (NYG @ WAS),4400,44420691,4.27,5.94,0.97,13.2,,,,,,,,4.65,,n/a,NYG @ WAS,Giants @ Commanders,Northwest Stadium,outdoor,FOX,10/11/2026,,,,,,,,,,,,,,,,,27.5,,13.5,,0.21,,,,,
Justice Hill,RB,BAL,Classic,10/11/2026,"Classic 10/11 1:00PM, 13 Games",4200,44419432,4.39,5.92,1.05,12.6,,,,,23.5,,,,,12/30/1899,BAL @ ATL,Ravens @ Falcons,Mercedes-Benz Stadium,retractable_dome,NBC/Peacock,10/11/2026,,,,,,,,,,,11.16,,,,1.66,2,8.49,5.12,6.5,,0.13,,,,,
Colby Parkinson,TE,LAR,Classic,10/12/2026,"Classic 10/11 1:00PM, 13 Games",2900,44420178,5.21,5.91,1.8,8.7,,,,,,,,,,n/a,BUF @ LAR,Bills @ Rams,SoFi Stadium,outdoor,ABC/ESPN,10/12/2026,,,,,,,,,,,,,,,1.99,2.5,16.02,8.04,11.5,,0.27,,,,,
Steelers,DST,PIT,Classic,10/11/2026,"Classic 10/11 1:00PM, 11 Games",3300,44392854,4.9,5.9,1.48,9.9,,,,,,,,,,,,,,,,10/11/2026,,,,,,,,,,,,,,,,,,,,,,,,,,
Steelers,DST,PIT,Early,10/11/2026,"Early 10/11 1:00PM, 8 Games",3300,44419223,4.9,5.9,1.48,9.9,,,,,,,,,,,,,,,,10/11/2026,,,,,,,,,,,,,,,,,,,,,,,,,,
Commanders,DST,WAS,Classic,10/11/2026,"Classic 10/11 1:00PM, 11 Games",2900,44392860,5.2,5.9,1.79,8.7,,,,,,,,,,,,,,,,10/11/2026,,,,,,,,,,,,,,,,,,,,,,,,,,
Commanders,DST,WAS,Early,10/11/2026,"Early 10/11 1:00PM, 8 Games",2900,44419227,5.2,5.9,1.79,8.7,,,,,,,,,,,,,,,,10/11/2026,,,,,,,,,,,,,,,,,,,,,,,,,,
Skyy Moore,CPT,GB,Showdown Captain Mode,10/11/2026,Showdown Captain Mode 10/11 1:00PM (CHI @ GB),4800,44423874,3.76,5.89,0.78,14.4,,,,,,,,,,n/a,CHI @ GB,Bears @ Packers,Lambeau Field,outdoor,FOX,10/11/2026,,,,,,,,,,,,,,,1.51,2.5,12.6,8.33,9.45,,0.16,,,,,
Cody White,CPT,LV,Showdown Captain Mode,10/11/2026,Showdown Captain Mode 10/11 1:00PM (LV @ NE),4200,44420865,4.35,5.89,1.04,12.6,,,,,,,,3.55,,n/a,LV @ NE,Raiders @ Patriots,Gillette Stadium,outdoor,CBS,10/11/2026,,,,,,,,,,,,,,,1.93,2.5,21.26,11,13.73,,0.16,,,,,
Mason Taylor,CPT,NYJ,Showdown Captain Mode,10/11/2026,Showdown Captain Mode 10/11 1:00PM (CLE @ NYJ),4200,44422370,4.35,5.89,1.04,12.6,,,14.5,,,,,,,n/a,CLE @ NYJ,Browns @ Jets,MetLife Stadium,outdoor,CBS,10/11/2026,,,,,,,,,,,,,,,1.91,2.5,14.21,7.46,9.65,,0.17,,,,,
DeVonta Smith,WR,PHI,Showdown Captain Mode,10/11/2026,Showdown Captain Mode 10/11 9:30AM (PHI @ JAX),9800,44420460,0,5.88,0,29.4,,,,,,,,,,,,,,,,10/11/2026,,,,,,,,,,,,,,,,,,,,,,,,,,
Breece Hall,RB,NYJ,Showdown Captain Mode,10/11/2026,Showdown Captain Mode 10/11 1:00PM (CLE @ NYJ),9800,44422293,0,5.88,0,29.4,,,,,,,,,,,,,,,,10/11/2026,,,,,,,,,,,,,,,,,,,,,,,,,,
Noah Fant,CPT,NO,Showdown Captain Mode,10/11/2026,Showdown Captain Mode 10/11 1:00PM (MIN @ NO),5100,44422722,3.69,5.86,0.72,15.3,,,,,,,,4,,12/30/1899,n/a,n/a,n/a,n/a,n/a,10/11/2026,,,,,,,,,,,,,,,1.66,2,13.35,8.04,9.41,,0.12,,,,,
Troy Franklin,CPT,DEN,Showdown Captain Mode,10/11/2026,Showdown Captain Mode 10/11 4:05PM (DEN @ LAC),3900,44434514,4.52,5.86,1.16,11.7,,,,,,,,,,n/a,DEN @ LAC,Broncos @ Chargers,SoFi Stadium,outdoor,CBS,10/11/2026,,,,,,,,,,,,,,,1.69,2.5,20.66,12.25,14.51,,0.13,,,,,
Browns,DST,CLE,Classic,10/11/2026,"Classic 10/11 1:00PM, 11 Games",2800,44392861,5.2,5.84,1.86,8.4,,,,,,,,,,,,,,,,10/11/2026,,,,,,,,,,,,,,,,,,,,,,,,,,
Browns,DST,CLE,Early,10/11/2026,"Early 10/11 1:00PM, 8 Games",2800,44419228,5.2,5.84,1.86,8.4,,,,,,,,,,,,,,,,10/11/2026,,,,,,,,,,,,,,,,,,,,,,,,,,
Laquon Treadwell,WR,IND,Showdown Captain Mode,10/11/2026,Showdown Captain Mode 10/11 1:00PM (IND @ PIT),4200,44423181,4.11,5.81,0.98,12.6,,,,,,,,,,12/30/1899,IND @ PIT,Colts @ Steelers,Acrisure Stadium,outdoor,CBS,10/11/2026,,,,,,,,,,,,,,,1.62,2.5,16.31,10.09,13.52,,0.14,,,,,
Tyjae Spears,RB,TEN,Showdown Captain Mode,10/11/2026,Showdown Captain Mode 10/11 1:00PM (HOU @ TEN),3600,44420916,4.74,5.79,1.32,10.8,,14.5,,,,,,4.15,,12/30/1899,HOU @ TEN,Texans @ Titans,Nissan Stadium,outdoor,CBS,10/11/2026,,,,,,,,,,3.67,14.52,3.96,,,2,2.5,10.03,5.01,7.51,,0.15,,,,,
Evan Engram,TE,DEN,Classic,10/11/2026,"Classic 10/11 1:00PM, 11 Games",2800,44392636,5.11,5.77,1.83,8.4,,,,,,,,,,12/30/1899,n/a,n/a,n/a,n/a,n/a,10/11/2026,,,,,,,,,,,,,,,2.39,3,17.62,7.38,10.84,,0.16,,,,,
Evan Engram,TE,DEN,Late,10/11/2026,"Late 10/11 4:05PM, 3 Games",2800,44433474,5.11,5.77,1.83,8.4,,,,,,,,,,12/30/1899,n/a,n/a,n/a,n/a,n/a,10/11/2026,,,,,,,,,,,,,,,2.39,3,17.62,7.38,10.84,,0.16,,,,,
Saquon Barkley,RB,PHI,Showdown Captain Mode,10/11/2026,Showdown Captain Mode 10/11 9:30AM (PHI @ JAX),9600,44420461,0,5.76,0,28.8,,,,,,,,,,,,,,,,10/11/2026,,,,,,,,,,,,,,,,,,,,,,,,,,
Jaylin Noel,WR,HOU,Classic,10/11/2026,"Classic 10/11 1:00PM, 11 Games",3200,44392314,4.78,5.74,1.49,9.6,,,,,,,,,,12/30/1899,n/a,n/a,n/a,n/a,n/a,10/11/2026,,,,,,,,,,,,,,,1.89,2.5,19.61,10.36,13.44,,0.15,,,,,
Jaylin Noel,WR,HOU,Early,10/11/2026,"Early 10/11 1:00PM, 8 Games",3200,44418835,4.78,5.74,1.49,9.6,,,,,,,,,,12/30/1899,n/a,n/a,n/a,n/a,n/a,10/11/2026,,,,,,,,,,,,,,,1.89,2.5,19.61,10.36,13.44,,0.15,,,,,
Blake Corum,RB,LAR,Showdown Captain Mode,10/12/2026,Showdown Captain Mode 10/12 8:15PM (BUF @ LAR),3800,44446815,4.65,5.73,1.22,11.4,,,2.5,,39.5,,,5.95,,n/a,BUF @ LAR,Bills @ Rams,SoFi Stadium,outdoor,ABC/ESPN,10/12/2026,,,,,,,,,,,29.03,,,,,,3.5,,3.5,,0.23,,,,,
Blake Corum,RB,LAR,Showdown 2nd Half,10/12/2026,Showdown 2nd Half 10/12 9:15PM 2H (BUF @ LAR),3800,44447690,4.65,5.73,1.22,11.4,,,2.5,,39.5,,,5.95,,n/a,BUF @ LAR,Bills @ Rams,SoFi Stadium,outdoor,ABC/ESPN,10/12/2026,,,,,,,,,,,29.03,,,,,,3.5,,3.5,,0.23,,,,,
Blake Corum,RB,LAR,Showdown 4th Quarter,10/12/2026,Showdown 4th Quarter 10/12 9:45PM Q4 (BUF @ LAR),3800,44447788,4.65,5.73,1.22,11.4,,,2.5,,39.5,,,5.95,,n/a,BUF @ LAR,Bills @ Rams,SoFi Stadium,outdoor,ABC/ESPN,10/12/2026,,,,,,,,,,,29.03,,,,,,3.5,,3.5,,0.23,,,,,
Jaylen Wright,RB,MIA,Classic,10/11/2026,"Classic 10/11 1:00PM, 11 Games",4800,44391960,3.89,5.71,0.81,14.4,,,2.5,,29.5,,,,,12/30/1899,CIN @ MIA,Bengals @ Dolphins,Hard Rock Stadium,outdoor,FOX,10/11/2026,,,,,,,,,,6.64,22.04,3.32,,,,,1.5,,1.5,,0.26,,,,,
Jaylen Wright,RB,MIA,Early,10/11/2026,"Early 10/11 1:00PM, 8 Games",4800,44418581,3.89,5.71,0.81,14.4,,,2.5,,29.5,,,,,12/30/1899,CIN @ MIA,Bengals @ Dolphins,Hard Rock Stadium,outdoor,FOX,10/11/2026,,,,,,,,,,6.64,22.04,3.32,,,,,1.5,,1.5,,0.26,,,,,
Ty Johnson,RB,BUF,Classic,10/12/2026,"Classic 10/11 1:00PM, 13 Games",4100,44419442,4.03,5.68,0.98,12.3,,,,,,,,,,n/a,BUF @ LAR,Bills @ Rams,SoFi Stadium,outdoor,ABC/ESPN,10/12/2026,,,,,,,,,,,,,,,2.1,2.5,11,5.24,8.5,,0.14,,,,,
Joshua Palmer,WR,BUF,Showdown Captain Mode,10/12/2026,Showdown Captain Mode 10/12 8:15PM (BUF @ LAR),3000,44446818,4.83,5.66,1.61,9,,,,,,,,,,n/a,BUF @ LAR,Bills @ Rams,SoFi Stadium,outdoor,ABC/ESPN,10/12/2026,,,,,,,,,,,,,,,1.8,2.5,20.71,11.51,14.5,,0.16,,,,,
Joshua Palmer,WR,BUF,Showdown 2nd Half,10/12/2026,Showdown 2nd Half 10/12 9:15PM 2H (BUF @ LAR),3000,44447693,4.83,5.66,1.61,9,,,,,,,,,,n/a,BUF @ LAR,Bills @ Rams,SoFi Stadium,outdoor,ABC/ESPN,10/12/2026,,,,,,,,,,,,,,,1.8,2.5,20.71,11.51,14.5,,0.16,,,,,
Joshua Palmer,WR,BUF,Showdown 4th Quarter,10/12/2026,Showdown 4th Quarter 10/12 9:45PM Q4 (BUF @ LAR),3000,44447791,4.83,5.66,1.61,9,,,,,,,,,,n/a,BUF @ LAR,Bills @ Rams,SoFi Stadium,outdoor,ABC/ESPN,10/12/2026,,,,,,,,,,,,,,,1.8,2.5,20.71,11.51,14.5,,0.16,,,,,
Darnell Mooney,WR,NYG,Showdown Captain Mode,10/11/2026,Showdown Captain Mode 10/11 1:00PM (NYG @ WAS),3800,44420693,4.33,5.65,1.14,11.4,,,,,,,,,,n/a,NYG @ WAS,Giants @ Commanders,Northwest Stadium,outdoor,FOX,10/11/2026,,,,,,,,,,,,,,,1.67,3,18.33,10.97,14.51,,0.14,,,,,
Darnell Mooney,WR,NYG,Classic,10/11/2026,"Classic 10/11 1:00PM, 11 Games",3800,44392266,4.33,5.65,1.14,11.4,,,,,,,,,,n/a,NYG @ WAS,Giants @ Commanders,Northwest Stadium,outdoor,FOX,10/11/2026,,,,,,,,,,,,,,,1.67,3,18.33,10.97,14.51,,0.14,,,,,
Darnell Mooney,WR,NYG,Early,10/11/2026,"Early 10/11 1:00PM, 8 Games",3800,44418799,4.33,5.65,1.14,11.4,,,,,,,,,,n/a,NYG @ WAS,Giants @ Commanders,Northwest Stadium,outdoor,FOX,10/11/2026,,,,,,,,,,,,,,,1.67,3,18.33,10.97,14.51,,0.14,,,,,
Darnell Washington,TE,PIT,Classic,10/11/2026,"Classic 10/11 1:00PM, 11 Games",2900,44392632,4.93,5.63,1.7,8.7,,,,,,,,3.95,,12/30/1899,IND @ PIT,Colts @ Steelers,Acrisure Stadium,outdoor,CBS,10/11/2026,,,,,,,,,,,,,,,2.34,3,21.54,9.21,13.64,,0.19,,,,,
Darnell Washington,TE,PIT,Early,10/11/2026,"Early 10/11 1:00PM, 8 Games",2900,44419063,4.93,5.63,1.7,8.7,,,,,,,,3.95,,12/30/1899,IND @ PIT,Colts @ Steelers,Acrisure Stadium,outdoor,CBS,10/11/2026,,,,,,,,,,,,,,,2.34,3,21.54,9.21,13.64,,0.19,,,,,
Raheim Sanders,RB,CLE,Showdown Captain Mode,10/11/2026,Showdown Captain Mode 10/11 1:00PM (CLE @ NYJ),3600,44422315,4.53,5.62,1.26,10.8,,4.5,,,18.5,,,,,n/a,CLE @ NYJ,Browns @ Jets,MetLife Stadium,outdoor,CBS,10/11/2026,,,,,,,,,,,4.5,,,,2.03,2.5,13,6.42,8.58,,0.13,,,,,
Gunnar Helm,TE,TEN,Showdown Captain Mode,10/11/2026,Showdown Captain Mode 10/11 1:00PM (HOU @ TEN),2800,44420919,4.91,5.61,1.75,8.4,,,,,,,,,,n/a,HOU @ TEN,Texans @ Titans,Nissan Stadium,outdoor,CBS,10/11/2026,,,,,,,,,,,,,,,2.46,3.5,16.06,6.53,9.48,,0.14,,,,,
Colby Parkinson,TE,LAR,Showdown Captain Mode,10/12/2026,Showdown Captain Mode 10/12 8:15PM (BUF @ LAR),2400,44446820,5.21,5.61,2.17,7.2,,,,,,,,,,n/a,BUF @ LAR,Bills @ Rams,SoFi Stadium,outdoor,ABC/ESPN,10/12/2026,,,,,,,,,,,,,,,1.99,2.5,16.02,8.04,11.5,,0.27,,,,,
Colby Parkinson,TE,LAR,Showdown 2nd Half,10/12/2026,Showdown 2nd Half 10/12 9:15PM 2H (BUF @ LAR),2400,44447695,5.21,5.61,2.17,7.2,,,,,,,,,,n/a,BUF @ LAR,Bills @ Rams,SoFi Stadium,outdoor,ABC/ESPN,10/12/2026,,,,,,,,,,,,,,,1.99,2.5,16.02,8.04,11.5,,0.27,,,,,
Colby Parkinson,TE,LAR,Showdown 4th Quarter,10/12/2026,Showdown 4th Quarter 10/12 9:45PM Q4 (BUF @ LAR),2400,44447793,5.21,5.61,2.17,7.2,,,,,,,,,,n/a,BUF @ LAR,Bills @ Rams,SoFi Stadium,outdoor,ABC/ESPN,10/12/2026,,,,,,,,,,,,,,,1.99,2.5,16.02,8.04,11.5,,0.27,,,,,
Efton Chism III,WR,NE,Classic,10/11/2026,"Classic 10/11 1:00PM, 11 Games",3200,44392312,4.77,5.61,1.49,9.6,,,24.5,,,,,4.05,,12/30/1899,n/a,n/a,n/a,n/a,n/a,10/11/2026,,,,,,,,,,,,,,,2.02,2.5,24.48,12.12,17.5,,0.16,,,,,
Efton Chism III,WR,NE,Early,10/11/2026,"Early 10/11 1:00PM, 8 Games",3200,44418837,4.77,5.61,1.49,9.6,,,24.5,,,,,4.05,,12/30/1899,n/a,n/a,n/a,n/a,n/a,10/11/2026,,,,,,,,,,,,,,,2.02,2.5,24.48,12.12,17.5,,0.16,,,,,
Gunnar Helm,TE,TEN,Classic,10/11/2026,"Classic 10/11 1:00PM, 11 Games",2800,44392634,4.91,5.61,1.75,8.4,,,,,,,,,,n/a,HOU @ TEN,Texans @ Titans,Nissan Stadium,outdoor,CBS,10/11/2026,,,,,,,,,,,,,,,2.46,3.5,16.06,6.53,9.48,,0.14,,,,,
Gunnar Helm,TE,TEN,Early,10/11/2026,"Early 10/11 1:00PM, 8 Games",2800,44419065,4.91,5.61,1.75,8.4,,,,,,,,,,n/a,HOU @ TEN,Texans @ Titans,Nissan Stadium,outdoor,CBS,10/11/2026,,,,,,,,,,,,,,,2.46,3.5,16.06,6.53,9.48,,0.14,,,,,
Mack Hollins,CPT,NE,Showdown Captain Mode,10/11/2026,Showdown Captain Mode 10/11 1:00PM (LV @ NE),9300,44420849,0,5.58,0,27.9,,,,,,,,,,,,,,,,10/11/2026,,,,,,,,,,,,,,,,,,,,,,,,,,
Kendre Miller,RB,NO,Classic,10/11/2026,"Classic 10/11 1:00PM, 11 Games",4900,44391952,3.8,5.54,0.78,14.7,,,4.5,,29.5,,,4.05,,12/30/1899,MIN @ NO,Vikings @ Saints,Caesars Superdome,dome,FOX,10/11/2026,,,,,,,,,,6.76,22.4,3.31,,,,,4.5,,4.5,,0.19,,,,,
Kendre Miller,RB,NO,Early,10/11/2026,"Early 10/11 1:00PM, 8 Games",4900,44418575,3.8,5.54,0.78,14.7,,,4.5,,29.5,,,4.05,,12/30/1899,MIN @ NO,Vikings @ Saints,Caesars Superdome,dome,FOX,10/11/2026,,,,,,,,,,6.76,22.4,3.31,,,,,4.5,,4.5,,0.19,,,,,
Efton Chism III,WR,NE,Showdown Captain Mode,10/11/2026,Showdown Captain Mode 10/11 1:00PM (LV @ NE),3000,44420807,4.77,5.5,1.59,9,,,24.5,,,,,4.05,,12/30/1899,n/a,n/a,n/a,n/a,n/a,10/11/2026,,,,,,,,,,,,,,,2.02,2.5,24.48,12.12,17.5,,0.16,,,,,
Troy Franklin,WR,DEN,Classic,10/11/2026,"Classic 10/11 1:00PM, 11 Games",3200,44392316,4.52,5.47,1.41,9.6,,,,,,,,,,n/a,DEN @ LAC,Broncos @ Chargers,SoFi Stadium,outdoor,CBS,10/11/2026,,,,,,,,,,,,,,,1.69,2.5,20.66,12.25,14.51,,0.13,,,,,
Troy Franklin,WR,DEN,Late,10/11/2026,"Late 10/11 4:05PM, 3 Games",3200,44433384,4.52,5.47,1.41,9.6,,,,,,,,,,n/a,DEN @ LAC,Broncos @ Chargers,SoFi Stadium,outdoor,CBS,10/11/2026,,,,,,,,,,,,,,,1.69,2.5,20.66,12.25,14.51,,0.13,,,,,
Najee Harris,RB,NYG,Showdown Captain Mode,10/11/2026,Showdown Captain Mode 10/11 1:00PM (NYG @ WAS),3000,44420697,4.72,5.46,1.57,9,,,2.5,,31.5,,,,,n/a,NYG @ WAS,Giants @ Commanders,Northwest Stadium,outdoor,FOX,10/11/2026,,,,,,,,,,,28.03,,,,0.59,1,2.5,4.24,2.5,,0.18,,,,,
Laquon Treadwell,WR,IND,Classic,10/11/2026,"Classic 10/11 1:00PM, 11 Games",3600,44392278,4.11,5.45,1.14,10.8,,,,,,,,,,12/30/1899,IND @ PIT,Colts @ Steelers,Acrisure Stadium,outdoor,CBS,10/11/2026,,,,,,,,,,,,,,,1.62,2.5,16.31,10.09,13.52,,0.14,,,,,
Laquon Treadwell,WR,IND,Early,10/11/2026,"Early 10/11 1:00PM, 8 Games",3600,44418807,4.11,5.45,1.14,10.8,,,,,,,,,,12/30/1899,IND @ PIT,Colts @ Steelers,Acrisure Stadium,outdoor,CBS,10/11/2026,,,,,,,,,,,,,,,1.62,2.5,16.31,10.09,13.52,,0.14,,,,,
Jahan Dotson,WR,ATL,Showdown Captain Mode,10/11/2026,Showdown Captain Mode 10/11 8:20PM (BAL @ ATL),3600,44446712,4.18,5.42,1.16,10.8,,,,,,,,3.45,,n/a,BAL @ ATL,Ravens @ Falcons,Mercedes-Benz Stadium,retractable_dome,NBC/Peacock,10/11/2026,,,,,,,,,,,,,,,1.9,3,19.82,10.45,14.46,,0.16,,,,,
Jahan Dotson,WR,ATL,Showdown 2nd Half,10/11/2026,Showdown 2nd Half 10/11 9:20PM 2H (BAL @ ATL),3600,44447445,4.18,5.42,1.16,10.8,,,,,,,,3.45,,n/a,BAL @ ATL,Ravens @ Falcons,Mercedes-Benz Stadium,retractable_dome,NBC/Peacock,10/11/2026,,,,,,,,,,,,,,,1.9,3,19.82,10.45,14.46,,0.16,,,,,
Jahan Dotson,WR,ATL,Showdown 4th Quarter,10/11/2026,Showdown 4th Quarter 10/11 9:50PM Q4 (BAL @ ATL),3600,44447590,4.18,5.42,1.16,10.8,,,,,,,,3.45,,n/a,BAL @ ATL,Ravens @ Falcons,Mercedes-Benz Stadium,retractable_dome,NBC/Peacock,10/11/2026,,,,,,,,,,,,,,,1.9,3,19.82,10.45,14.46,,0.16,,,,,
Chris Brooks,CPT,GB,Showdown Captain Mode,10/11/2026,Showdown Captain Mode 10/11 1:00PM (CHI @ GB),6300,44423871,2.04,5.41,0.32,18.9,,,,,,,,,,,,,,,,10/11/2026,,,,,,,,,,,,,,,,,,,,,0.34,,,,,
Marvin Mims Jr.,CPT,DEN,Showdown Captain Mode,10/11/2026,Showdown Captain Mode 10/11 4:05PM (DEN @ LAC),4200,44434513,3.61,5.41,0.86,12.6,,,,,,,,,,n/a,DEN @ LAC,Broncos @ Chargers,SoFi Stadium,outdoor,CBS,10/11/2026,,,,,,,,,,,,,,,1.55,2,13.31,8.57,10.44,,0.12,,,,,
Joey Aguilar,CPT,JAX,Showdown Captain Mode,10/11/2026,Showdown Captain Mode 10/11 9:30AM (PHI @ JAX),9000,44420525,0,5.4,0,27,,,,,,,,,,,,,,,,10/11/2026,,,,,,,,,,,,,,,,,,,,,,,,,,
Cole Payton,CPT,PHI,Showdown Captain Mode,10/11/2026,Showdown Captain Mode 10/11 9:30AM (PHI @ JAX),9000,44420526,0,5.4,0,27,,,,,,,,,,,,,,,,10/11/2026,,,,,,,,,,,,,,,,,,,,,,,,,,
Tanner McKee,CPT,PHI,Showdown Captain Mode,10/11/2026,Showdown Captain Mode 10/11 9:30AM (PHI @ JAX),9000,44420527,0,5.4,0,27,,,,,,,,,,,,,,,,10/11/2026,,,,,,,,,,,,,,,,,,,,,,,,,,
Quinn Ewers,CPT,JAX,Showdown Captain Mode,10/11/2026,Showdown Captain Mode 10/11 9:30AM (PHI @ JAX),9000,44420528,0,5.4,0,27,,,,,,,,,,,,,,,,10/11/2026,,,,,,,,,,,,,,,,,,,,,,,,,,
Nick Mullens,CPT,JAX,Showdown Captain Mode,10/11/2026,Showdown Captain Mode 10/11 9:30AM (PHI @ JAX),9000,44420529,0,5.4,0,27,,,,,,,,,,,,,,,,10/11/2026,,,,,,,,,,,,,,,,,,,,,,,,,,
Andy Dalton,CPT,PHI,Showdown Captain Mode,10/11/2026,Showdown Captain Mode 10/11 9:30AM (PHI @ JAX),9000,44420530,0,5.4,0,27,,,,,,,,,,,,,,,,10/11/2026,,,,,,,,,,,,,,,,,,,,,,,,,,
Case Keenum,CPT,CHI,Showdown Captain Mode,10/11/2026,Showdown Captain Mode 10/11 1:00PM (CHI @ GB),9000,44423861,0,5.4,0,27,,,,,,,,,,,,,,,,10/11/2026,,,,,,,,,,,,,,,,,,,,,,,,,,
Miller Moss,CPT,CHI,Showdown Captain Mode,10/11/2026,Showdown Captain Mode 10/11 1:00PM (CHI @ GB),9000,44423862,0,5.4,0,27,,,,,,,,,,,,,,,,10/11/2026,,,,,,,,,,,,,,,,,,,,,,,,,,
Kedon Slovis,CPT,GB,Showdown Captain Mode,10/11/2026,Showdown Captain Mode 10/11 1:00PM (CHI @ GB),9000,44423863,0,5.4,0,27,,,,,,,,,,,,,,,,10/11/2026,,,,,,,,,,,,,,,,,,,,,,,,,,
Tyrod Taylor,CPT,GB,Showdown Captain Mode,10/11/2026,Showdown Captain Mode 10/11 1:00PM (CHI @ GB),9000,44423864,0,5.4,0,27,,,,,,,,,,,,,,,,10/11/2026,,,,,,,,,,,,,,,,,,,,,,,,,,
Cooper Rush,CPT,ATL,Showdown Captain Mode,10/11/2026,Showdown Captain Mode 10/11 8:20PM (BAL @ ATL),9000,44446753,0,5.4,0,27,,,,,,,,,,,,,,,,10/11/2026,,,,,,,,,,,,,,,,,,,,,,,,,,
Jack Strand,CPT,ATL,Showdown Captain Mode,10/11/2026,Showdown Captain Mode 10/11 8:20PM (BAL @ ATL),9000,44446754,0,5.4,0,27,,,,,,,,,,,,,,,,10/11/2026,,,,,,,,,,,,,,,,,,,,,,,,,,
Skylar Thompson,CPT,BAL,Showdown Captain Mode,10/11/2026,Showdown Captain Mode 10/11 8:20PM (BAL @ ATL),9000,44446755,0,5.4,0,27,,,,,,,,,,,,,,,,10/11/2026,,,,,,,,,,,,,,,,,,,,,,,,,,
Tua Tagovailoa,CPT,ATL,Showdown Captain Mode,10/11/2026,Showdown Captain Mode 10/11 8:20PM (BAL @ ATL),9000,44446756,0,5.4,0,27,,,,,,,,,,,,,,,,10/11/2026,,,,,,,,,,,,,,,,,,,,,,,,,,
Joe Fagnano,CPT,BAL,Showdown Captain Mode,10/11/2026,Showdown Captain Mode 10/11 8:20PM (BAL @ ATL),9000,44446757,0,5.4,0,27,,,,,,,,,,,,,,,,10/11/2026,,,,,,,,,,,,,,,,,,,,,,,,,,
Matthew Caldwell,CPT,LAR,Showdown Captain Mode,10/12/2026,Showdown Captain Mode 10/12 8:15PM (BUF @ LAR),9000,44446854,0,5.4,0,27,,,,,,,,,,,,,,,,10/12/2026,,,,,,,,,,,,,,,,,,,,,,,,,,
Kyle Allen,CPT,BUF,Showdown Captain Mode,10/12/2026,Showdown Captain Mode 10/12 8:15PM (BUF @ LAR),9000,44446855,0,5.4,0,27,,,,,,,,,,,,,,,,10/12/2026,,,,,,,,,,,,,,,,,,,,,,,,,,
Ty Simpson,CPT,LAR,Showdown Captain Mode,10/12/2026,Showdown Captain Mode 10/12 8:15PM (BUF @ LAR),9000,44446856,0,5.4,0,27,,,,,,,,,,,,,,,,10/12/2026,,,,,,,,,,,,,,,,,,,,,,,,,,
Stetson Bennett IV,CPT,LAR,Showdown Captain Mode,10/12/2026,Showdown Captain Mode 10/12 8:15PM (BUF @ LAR),9000,44446857,0,5.4,0,27,,,,,,,,,,,,,,,,10/12/2026,,,,,,,,,,,,,,,,,,,,,,,,,,
Shane Buechele,CPT,BUF,Showdown Captain Mode,10/12/2026,Showdown Captain Mode 10/12 8:15PM (BUF @ LAR),9000,44446858,0,5.4,0,27,,,,,,,,,,,,,,,,10/12/2026,,,,,,,,,,,,,,,,,,,,,,,,,,
Mac Jones,CPT,SF,Showdown Captain Mode,10/11/2026,Showdown Captain Mode 10/11 4:25PM (SF @ SEA),9000,44434613,0,5.4,0,27,,,,,,,,,,,,,,,,10/11/2026,,,,,,,,,,,,,,,,,,,,,,,,,,
Drew Lock,CPT,SEA,Showdown Captain Mode,10/11/2026,Showdown Captain Mode 10/11 4:25PM (SF @ SEA),9000,44434614,0,5.4,0,27,,,,,,,,,,,,,,,,10/11/2026,,,,,,,,,,,,,,,,,,,,,,,,,,
Kurtis Rourke,CPT,SF,Showdown Captain Mode,10/11/2026,Showdown Captain Mode 10/11 4:25PM (SF @ SEA),9000,44434615,0,5.4,0,27,,,,,,,,,,,,,,,,10/11/2026,,,,,,,,,,,,,,,,,,,,,,,,,,
Jalen Milroe,CPT,SEA,Showdown Captain Mode,10/11/2026,Showdown Captain Mode 10/11 4:25PM (SF @ SEA),9000,44434616,0,5.4,0,27,,,,,,,,,,,,,,,,10/11/2026,,,,,,,,,,,,,,,,,,,,,,,,,,
Luke Altmyer,CPT,DET,Showdown Captain Mode,10/11/2026,Showdown Captain Mode 10/11 4:25PM (DET @ ARI),9000,44434825,0,5.4,0,27,,,,,,,,,,,,,,,,10/11/2026,,,,,,,,,,,,,,,,,,,,,,,,,,
Carson Beck,CPT,ARI,Showdown Captain Mode,10/11/2026,Showdown Captain Mode 10/11 4:25PM (DET @ ARI),9000,44434826,0,5.4,0,27,,,,,,,,,,,,,,,,10/11/2026,,,,,,,,,,,,,,,,,,,,,,,,,,
Joshua Dobbs,CPT,DET,Showdown Captain Mode,10/11/2026,Showdown Captain Mode 10/11 4:25PM (DET @ ARI),9000,44434827,0,5.4,0,27,,,,,,,,,,,,,,,,10/11/2026,,,,,,,,,,,,,,,,,,,,,,,,,,
Gardner Minshew II,CPT,ARI,Showdown Captain Mode,10/11/2026,Showdown Captain Mode 10/11 4:25PM (DET @ ARI),9000,44434828,0,5.4,0,27,,,,,,,,,,,,,,,,10/11/2026,,,,,,,,,,,,,,,,,,,,,,,,,,
Tommy DeVito,CPT,NE,Showdown Captain Mode,10/11/2026,Showdown Captain Mode 10/11 1:00PM (LV @ NE),9000,44420850,0,5.4,0,27,,,,,,,,,,,,,,,,10/11/2026,,,,,,,,,,,,,,,,,,,,,,,,,,
Behren Morton,CPT,NE,Showdown Captain Mode,10/11/2026,Showdown Captain Mode 10/11 1:00PM (LV @ NE),9000,44420851,0,5.4,0,27,,,,,,,,,,,,,,,,10/11/2026,,,,,,,,,,,,,,,,,,,,,,,,,,
Aidan O'Connell,CPT,LV,Showdown Captain Mode,10/11/2026,Showdown Captain Mode 10/11 1:00PM (LV @ NE),9000,44420852,0,5.4,0,27,,,,,,,,,,,,,,,,10/11/2026,,,,,,,,,,,,,,,,,,,,,,,,,,
Fernando Mendoza,CPT,LV,Showdown Captain Mode,10/11/2026,Showdown Captain Mode 10/11 1:00PM (LV @ NE),9000,44420853,0,5.4,0,27,,,,,,,,,,,,,,,,10/11/2026,,,,,,,,,,,,,,,,,,,,,,,,,,
Carson Wentz,CPT,MIN,Showdown Captain Mode,10/11/2026,Showdown Captain Mode 10/11 1:00PM (MIN @ NO),9000,44422711,0,5.4,0,27,,,,,,,,,,,,,,,,10/11/2026,,,,,,,,,,,,,,,,,,,,,,,,,,
Max Brosmer,CPT,MIN,Showdown Captain Mode,10/11/2026,Showdown Captain Mode 10/11 1:00PM (MIN @ NO),9000,44422712,0,5.4,0,27,,,,,,,,,,,,,,,,10/11/2026,,,,,,,,,,,,,,,,,,,,,,,,,,
Zach Wilson,CPT,NO,Showdown Captain Mode,10/11/2026,Showdown Captain Mode 10/11 1:00PM (MIN @ NO),9000,44422713,0,5.4,0,27,,,,,,,,,,,,,,,,10/11/2026,,,,,,,,,,,,,,,,,,,,,,,,,,
Spencer Rattler,CPT,NO,Showdown Captain Mode,10/11/2026,Showdown Captain Mode 10/11 1:00PM (MIN @ NO),9000,44422714,0,5.4,0,27,,,,,,,,,,,,,,,,10/11/2026,,,,,,,,,,,,,,,,,,,,,,,,,,
Mason Rudolph,CPT,PIT,Showdown Captain Mode,10/11/2026,Showdown Captain Mode 10/11 1:00PM (IND @ PIT),9000,44423258,0,5.4,0,27,,,,,,,,,,,,,,,,10/11/2026,,,,,,,,,,,,,,,,,,,,,,,,,,
Drew Allar,CPT,PIT,Showdown Captain Mode,10/11/2026,Showdown Captain Mode 10/11 1:00PM (IND @ PIT),9000,44423259,0,5.4,0,27,,,,,,,,,,,,,,,,10/11/2026,,,,,,,,,,,,,,,,,,,,,,,,,,
Will Howard,CPT,PIT,Showdown Captain Mode,10/11/2026,Showdown Captain Mode 10/11 1:00PM (IND @ PIT),9000,44423261,0,5.4,0,27,,,,,,,,,,,,,,,,10/11/2026,,,,,,,,,,,,,,,,,,,,,,,,,,
Riley Leonard,CPT,IND,Showdown Captain Mode,10/11/2026,Showdown Captain Mode 10/11 1:00PM (IND @ PIT),9000,44423263,0,5.4,0,27,,,,,,,,,,,,,,,,10/11/2026,,,,,,,,,,,,,,,,,,,,,,,,,,
Anthony Richardson Sr.,CPT,IND,Showdown Captain Mode,10/11/2026,Showdown Captain Mode 10/11 1:00PM (IND @ PIT),9000,44423265,0,5.4,0,27,,,,,,,,,,,,,,,,10/11/2026,,,,,,,,,,,,,,,,,,,,,,,,,,
Sean Clifford,CPT,CIN,Showdown Captain Mode,10/11/2026,Showdown Captain Mode 10/11 1:00PM (CIN @ MIA),9000,44420630,0,5.4,0,27,,,,,,,,,,,,,,,,10/11/2026,,,,,,,,,,,,,,,,,,,,,,,,,,
Josh Johnson,CPT,CIN,Showdown Captain Mode,10/11/2026,Showdown Captain Mode 10/11 1:00PM (CIN @ MIA),9000,44420631,0,5.4,0,27,,,,,,,,,,,,,,,,10/11/2026,,,,,,,,,,,,,,,,,,,,,,,,,,
Brady Cook,CPT,MIA,Showdown Captain Mode,10/11/2026,Showdown Captain Mode 10/11 1:00PM (CIN @ MIA),9000,44420632,0,5.4,0,27,,,,,,,,,,,,,,,,10/11/2026,,,,,,,,,,,,,,,,,,,,,,,,,,
Kyle McCord,CPT,MIA,Showdown Captain Mode,10/11/2026,Showdown Captain Mode 10/11 1:00PM (CIN @ MIA),9000,44420633,0,5.4,0,27,,,,,,,,,,,,,,,,10/11/2026,,,,,,,,,,,,,,,,,,,,,,,,,,
Marcus Mariota,CPT,WAS,Showdown Captain Mode,10/11/2026,Showdown Captain Mode 10/11 1:00PM (NYG @ WAS),9000,44420740,0,5.4,0,27,,,,,,,,,,,,,,,,10/11/2026,,,,,,,,,,,,,,,,,,,,,,,,,,
Jaxson Dart,CPT,NYG,Showdown Captain Mode,10/11/2026,Showdown Captain Mode 10/11 1:00PM (NYG @ WAS),9000,44420741,0,5.4,0,27,,,,,,,,,,,,,,,,10/11/2026,,,,,,,,,,,,,,,,,,,,,,,,,,
Jake Haener,CPT,NYG,Showdown Captain Mode,10/11/2026,Showdown Captain Mode 10/11 1:00PM (NYG @ WAS),9000,44420742,0,5.4,0,27,,,,,,,,,,,,,,,,10/11/2026,,,,,,,,,,,,,,,,,,,,,,,,,,
Sam Hartman,CPT,WAS,Showdown Captain Mode,10/11/2026,Showdown Captain Mode 10/11 1:00PM (NYG @ WAS),9000,44420743,0,5.4,0,27,,,,,,,,,,,,,,,,10/11/2026,,,,,,,,,,,,,,,,,,,,,,,,,,
Mitchell Trubisky,CPT,TEN,Showdown Captain Mode,10/11/2026,Showdown Captain Mode 10/11 1:00PM (HOU @ TEN),9000,44420957,0,5.4,0,27,,,,,,,,,,,,,,,,10/11/2026,,,,,,,,,,,,,,,,,,,,,,,,,,
Hendon Hooker,CPT,TEN,Showdown Captain Mode,10/11/2026,Showdown Captain Mode 10/11 1:00PM (HOU @ TEN),9000,44420958,0,5.4,0,27,,,,,,,,,,,,,,,,10/11/2026,,,,,,,,,,,,,,,,,,,,,,,,,,
Graham Mertz,CPT,HOU,Showdown Captain Mode,10/11/2026,Showdown Captain Mode 10/11 1:00PM (HOU @ TEN),9000,44420959,0,5.4,0,27,,,,,,,,,,,,,,,,10/11/2026,,,,,,,,,,,,,,,,,,,,,,,,,,
Davis Mills,CPT,HOU,Showdown Captain Mode,10/11/2026,Showdown Captain Mode 10/11 1:00PM (HOU @ TEN),9000,44420960,0,5.4,0,27,,,,,,,,,,,,,,,,10/11/2026,,,,,,,,,,,,,,,,,,,,,,,,,,
Mark Gronowski,CPT,HOU,Showdown Captain Mode,10/11/2026,Showdown Captain Mode 10/11 1:00PM (HOU @ TEN),9000,44448323,0,5.4,0,27,,,,,,,,,,,,,,,,10/11/2026,,,,,,,,,,,,,,,,,,,,,,,,,,
Will Levis,CPT,NYJ,Showdown Captain Mode,10/11/2026,Showdown Captain Mode 10/11 1:00PM (CLE @ NYJ),9000,44422356,0,5.4,0,27,,,,,,,,,,,,,,,,10/11/2026,,,,,,,,,,,,,,,,,,,,,,,,,,
Dillon Gabriel,CPT,CLE,Showdown Captain Mode,10/11/2026,Showdown Captain Mode 10/11 1:00PM (CLE @ NYJ),9000,44422357,0,5.4,0,27,,,,,,,,,,,,,,,,10/11/2026,,,,,,,,,,,,,,,,,,,,,,,,,,
Taylen Green,CPT,CLE,Showdown Captain Mode,10/11/2026,Showdown Captain Mode 10/11 1:00PM (CLE @ NYJ),9000,44422358,0,5.4,0,27,,,,,,,,,,,,,,,,10/11/2026,,,,,,,,,,,,,,,,,,,,,,,,,,
Shedeur Sanders,CPT,CLE,Showdown Captain Mode,10/11/2026,Showdown Captain Mode 10/11 1:00PM (CLE @ NYJ),9000,44422359,0,5.4,0,27,,,,,,,,,,,,,,,,10/11/2026,,,,,,,,,,,,,,,,,,,,,,,,,,
Cade Klubnik,CPT,NYJ,Showdown Captain Mode,10/11/2026,Showdown Captain Mode 10/11 1:00PM (CLE @ NYJ),9000,44422360,0,5.4,0,27,,,,,,,,,,,,,,,,10/11/2026,,,,,,,,,,,,,,,,,,,,,,,,,,
Jarrett Stidham,CPT,DEN,Showdown Captain Mode,10/11/2026,Showdown Captain Mode 10/11 4:05PM (DEN @ LAC),9000,44434500,0,5.4,0,27,,,,,,,,,,,,,,,,10/11/2026,,,,,,,,,,,,,,,,,,,,,,,,,,
DJ Uiagalelei,CPT,LAC,Showdown Captain Mode,10/11/2026,Showdown Captain Mode 10/11 4:05PM (DEN @ LAC),9000,44434501,0,5.4,0,27,,,,,,,,,,,,,,,,10/11/2026,,,,,,,,,,,,,,,,,,,,,,,,,,
Sam Ehlinger,CPT,DEN,Showdown Captain Mode,10/11/2026,Showdown Captain Mode 10/11 4:05PM (DEN @ LAC),9000,44434502,0,5.4,0,27,,,,,,,,,,,,,,,,10/11/2026,,,,,,,,,,,,,,,,,,,,,,,,,,
Trey Lance,CPT,LAC,Showdown Captain Mode,10/11/2026,Showdown Captain Mode 10/11 4:05PM (DEN @ LAC),9000,44434503,0,5.4,0,27,,,,,,,,,,,,,,,,10/11/2026,,,,,,,,,,,,,,,,,,,,,,,,,,
Jack Strand,CPT,ATL,Showdown 2nd Half,10/11/2026,Showdown 2nd Half 10/11 9:20PM 2H (BAL @ ATL),9000,44447382,0,5.4,0,27,,,,,,,,,,,,,,,,10/11/2026,,,,,,,,,,,,,,,,,,,,,,,,,,
Skylar Thompson,CPT,BAL,Showdown 2nd Half,10/11/2026,Showdown 2nd Half 10/11 9:20PM 2H (BAL @ ATL),9000,44447383,0,5.4,0,27,,,,,,,,,,,,,,,,10/11/2026,,,,,,,,,,,,,,,,,,,,,,,,,,
Cooper Rush,CPT,ATL,Showdown 2nd Half,10/11/2026,Showdown 2nd Half 10/11 9:20PM 2H (BAL @ ATL),9000,44447384,0,5.4,0,27,,,,,,,,,,,,,,,,10/11/2026,,,,,,,,,,,,,,,,,,,,,,,,,,
Joe Fagnano,CPT,BAL,Showdown 2nd Half,10/11/2026,Showdown 2nd Half 10/11 9:20PM 2H (BAL @ ATL),9000,44447385,0,5.4,0,27,,,,,,,,,,,,,,,,10/11/2026,,,,,,,,,,,,,,,,,,,,,,,,,,
Tua Tagovailoa,CPT,ATL,Showdown 2nd Half,10/11/2026,Showdown 2nd Half 10/11 9:20PM 2H (BAL @ ATL),9000,44447386,0,5.4,0,27,,,,,,,,,,,,,,,,10/11/2026,,,,,,,,,,,,,,,,,,,,,,,,,,
Cooper Rush,CPT,ATL,Showdown 4th Quarter,10/11/2026,Showdown 4th Quarter 10/11 9:50PM Q4 (BAL @ ATL),9000,44447527,0,5.4,0,27,,,,,,,,,,,,,,,,10/11/2026,,,,,,,,,,,,,,,,,,,,,,,,,,
Skylar Thompson,CPT,BAL,Showdown 4th Quarter,10/11/2026,Showdown 4th Quarter 10/11 9:50PM Q4 (BAL @ ATL),9000,44447528,0,5.4,0,27,,,,,,,,,,,,,,,,10/11/2026,,,,,,,,,,,,,,,,,,,,,,,,,,
Jack Strand,CPT,ATL,Showdown 4th Quarter,10/11/2026,Showdown 4th Quarter 10/11 9:50PM Q4 (BAL @ ATL),9000,44447529,0,5.4,0,27,,,,,,,,,,,,,,,,10/11/2026,,,,,,,,,,,,,,,,,,,,,,,,,,
Joe Fagnano,CPT,BAL,Showdown 4th Quarter,10/11/2026,Showdown 4th Quarter 10/11 9:50PM Q4 (BAL @ ATL),9000,44447530,0,5.4,0,27,,,,,,,,,,,,,,,,10/11/2026,,,,,,,,,,,,,,,,,,,,,,,,,,
Tua Tagovailoa,CPT,ATL,Showdown 4th Quarter,10/11/2026,Showdown 4th Quarter 10/11 9:50PM Q4 (BAL @ ATL),9000,44447531,0,5.4,0,27,,,,,,,,,,,,,,,,10/11/2026,,,,,,,,,,,,,,,,,,,,,,,,,,
Ty Simpson,CPT,LAR,Showdown 2nd Half,10/12/2026,Showdown 2nd Half 10/12 9:15PM 2H (BUF @ LAR),9000,44447631,0,5.4,0,27,,,,,,,,,,,,,,,,10/12/2026,,,,,,,,,,,,,,,,,,,,,,,,,,
Matthew Caldwell,CPT,LAR,Showdown 2nd Half,10/12/2026,Showdown 2nd Half 10/12 9:15PM 2H (BUF @ LAR),9000,44447632,0,5.4,0,27,,,,,,,,,,,,,,,,10/12/2026,,,,,,,,,,,,,,,,,,,,,,,,,,
Kyle Allen,CPT,BUF,Showdown 2nd Half,10/12/2026,Showdown 2nd Half 10/12 9:15PM 2H (BUF @ LAR),9000,44447633,0,5.4,0,27,,,,,,,,,,,,,,,,10/12/2026,,,,,,,,,,,,,,,,,,,,,,,,,,
Stetson Bennett IV,CPT,LAR,Showdown 2nd Half,10/12/2026,Showdown 2nd Half 10/12 9:15PM 2H (BUF @ LAR),9000,44447634,0,5.4,0,27,,,,,,,,,,,,,,,,10/12/2026,,,,,,,,,,,,,,,,,,,,,,,,,,
Shane Buechele,CPT,BUF,Showdown 2nd Half,10/12/2026,Showdown 2nd Half 10/12 9:15PM 2H (BUF @ LAR),9000,44447635,0,5.4,0,27,,,,,,,,,,,,,,,,10/12/2026,,,,,,,,,,,,,,,,,,,,,,,,,,
Ty Simpson,CPT,LAR,Showdown 4th Quarter,10/12/2026,Showdown 4th Quarter 10/12 9:45PM Q4 (BUF @ LAR),9000,44447729,0,5.4,0,27,,,,,,,,,,,,,,,,10/12/2026,,,,,,,,,,,,,,,,,,,,,,,,,,
Stetson Bennett IV,CPT,LAR,Showdown 4th Quarter,10/12/2026,Showdown 4th Quarter 10/12 9:45PM Q4 (BUF @ LAR),9000,44447730,0,5.4,0,27,,,,,,,,,,,,,,,,10/12/2026,,,,,,,,,,,,,,,,,,,,,,,,,,
Kyle Allen,CPT,BUF,Showdown 4th Quarter,10/12/2026,Showdown 4th Quarter 10/12 9:45PM Q4 (BUF @ LAR),9000,44447731,0,5.4,0,27,,,,,,,,,,,,,,,,10/12/2026,,,,,,,,,,,,,,,,,,,,,,,,,,
Shane Buechele,CPT,BUF,Showdown 4th Quarter,10/12/2026,Showdown 4th Quarter 10/12 9:45PM Q4 (BUF @ LAR),9000,44447732,0,5.4,0,27,,,,,,,,,,,,,,,,10/12/2026,,,,,,,,,,,,,,,,,,,,,,,,,,
Matthew Caldwell,CPT,LAR,Showdown 4th Quarter,10/12/2026,Showdown 4th Quarter 10/12 9:45PM Q4 (BUF @ LAR),9000,44447733,0,5.4,0,27,,,,,,,,,,,,,,,,10/12/2026,,,,,,,,,,,,,,,,,,,,,,,,,,
Xavier Hutchinson,WR,HOU,Classic,10/11/2026,"Classic 10/11 1:00PM, 11 Games",4000,44392254,3.74,5.39,0.94,12,,,,,,,,,,n/a,HOU @ TEN,Texans @ Titans,Nissan Stadium,outdoor,CBS,10/11/2026,,,,,,,,,,,,,,,1.44,2.5,14.68,10.22,11.74,,0.14,,,,,
Xavier Hutchinson,WR,HOU,Early,10/11/2026,"Early 10/11 1:00PM, 8 Games",4000,44418789,3.74,5.39,0.94,12,,,,,,,,,,n/a,HOU @ TEN,Texans @ Titans,Nissan Stadium,outdoor,CBS,10/11/2026,,,,,,,,,,,,,,,1.44,2.5,14.68,10.22,11.74,,0.14,,,,,
Cody White,WR,LV,Classic,10/11/2026,"Classic 10/11 1:00PM, 11 Games",3300,44392302,4.35,5.39,1.32,9.9,,,,,,,,3.55,,n/a,LV @ NE,Raiders @ Patriots,Gillette Stadium,outdoor,CBS,10/11/2026,,,,,,,,,,,,,,,1.93,2.5,21.26,11,13.73,,0.16,,,,,
Cody White,WR,LV,Early,10/11/2026,"Early 10/11 1:00PM, 8 Games",3300,44418827,4.35,5.39,1.32,9.9,,,,,,,,3.55,,n/a,LV @ NE,Raiders @ Patriots,Gillette Stadium,outdoor,CBS,10/11/2026,,,,,,,,,,,,,,,1.93,2.5,21.26,11,13.73,,0.16,,,,,
Jaylin Noel,WR,HOU,Showdown Captain Mode,10/11/2026,Showdown Captain Mode 10/11 1:00PM (HOU @ TEN),2600,44420920,4.78,5.38,1.84,7.8,,,,,,,,,,12/30/1899,n/a,n/a,n/a,n/a,n/a,10/11/2026,,,,,,,,,,,,,,,1.89,2.5,19.61,10.36,13.44,,0.15,,,,,
Kevin Coleman Jr.,WR,MIA,Classic,10/11/2026,"Classic 10/11 1:00PM, 11 Games",3000,44392566,4.47,5.38,1.49,9,,,,,,,,,,n/a,CIN @ MIA,Bengals @ Dolphins,Hard Rock Stadium,outdoor,FOX,10/11/2026,,,,,,,,,,,,,,,1.94,2,18.49,9.55,13.45,,0.11,,,,,
Kevin Coleman Jr.,WR,MIA,Early,10/11/2026,"Early 10/11 1:00PM, 8 Games",3000,44419009,4.47,5.38,1.49,9,,,,,,,,,,n/a,CIN @ MIA,Bengals @ Dolphins,Hard Rock Stadium,outdoor,FOX,10/11/2026,,,,,,,,,,,,,,,1.94,2,18.49,9.55,13.45,,0.11,,,,,
Kevin Coleman Jr.,CPT,MIA,Showdown Captain Mode,10/11/2026,Showdown Captain Mode 10/11 1:00PM (CIN @ MIA),3000,44420647,4.47,5.38,1.49,9,,,,,,,,,,n/a,CIN @ MIA,Bengals @ Dolphins,Hard Rock Stadium,outdoor,FOX,10/11/2026,,,,,,,,,,,,,,,1.94,2,18.49,9.55,13.45,,0.11,,,,,
Samaje Perine,CPT,CIN,Showdown Captain Mode,10/11/2026,Showdown Captain Mode 10/11 1:00PM (CIN @ MIA),5100,44420643,3.28,5.36,0.64,15.3,,14.5,7.5,,,,,,,n/a,CIN @ MIA,Bengals @ Dolphins,Hard Rock Stadium,outdoor,FOX,10/11/2026,,,,,,,,,,4.62,14.35,3.11,,,,,7.5,,6.5,,0.18,,,,,
Justice Hill,RB,BAL,Showdown Captain Mode,10/11/2026,Showdown Captain Mode 10/11 8:20PM (BAL @ ATL),3200,44446713,4.39,5.36,1.37,9.6,,,,,23.5,,,,,12/30/1899,BAL @ ATL,Ravens @ Falcons,Mercedes-Benz Stadium,retractable_dome,NBC/Peacock,10/11/2026,,,,,,,,,,,11.16,,,,1.66,2,8.49,5.12,6.5,,0.13,,,,,
Justice Hill,RB,BAL,Showdown 2nd Half,10/11/2026,Showdown 2nd Half 10/11 9:20PM 2H (BAL @ ATL),3200,44447446,4.39,5.36,1.37,9.6,,,,,23.5,,,,,12/30/1899,BAL @ ATL,Ravens @ Falcons,Mercedes-Benz Stadium,retractable_dome,NBC/Peacock,10/11/2026,,,,,,,,,,,11.16,,,,1.66,2,8.49,5.12,6.5,,0.13,,,,,
Justice Hill,RB,BAL,Showdown 4th Quarter,10/11/2026,Showdown 4th Quarter 10/11 9:50PM Q4 (BAL @ ATL),3200,44447591,4.39,5.36,1.37,9.6,,,,,23.5,,,,,12/30/1899,BAL @ ATL,Ravens @ Falcons,Mercedes-Benz Stadium,retractable_dome,NBC/Peacock,10/11/2026,,,,,,,,,,,11.16,,,,1.66,2,8.49,5.12,6.5,,0.13,,,,,
Tory Horton,CPT,SEA,Showdown Captain Mode,10/11/2026,Showdown Captain Mode 10/11 4:25PM (SF @ SEA),4500,44434626,3.27,5.32,0.73,13.5,,,,,,,,,,12/30/1899,n/a,n/a,n/a,n/a,n/a,10/11/2026,,,,,,,,,,,,,,,1.27,2,11.33,8.89,9.51,,0.14,,,,,
Chig Okonkwo,TE,WAS,Classic,10/11/2026,"Classic 10/11 1:00PM, 11 Games",3300,44392624,4.27,5.32,1.29,9.9,,,,,,,,4.65,,n/a,NYG @ WAS,Giants @ Commanders,Northwest Stadium,outdoor,FOX,10/11/2026,,,,,,,,,,,,,,,,,27.5,,13.5,,0.21,,,,,
Chig Okonkwo,TE,WAS,Early,10/11/2026,"Early 10/11 1:00PM, 8 Games",3300,44419057,4.27,5.32,1.29,9.9,,,,,,,,4.65,,n/a,NYG @ WAS,Giants @ Commanders,Northwest Stadium,outdoor,FOX,10/11/2026,,,,,,,,,,,,,,,,,27.5,,13.5,,0.21,,,,,
Dohnte Meyers,CPT,CIN,Showdown Captain Mode,10/11/2026,Showdown Captain Mode 10/11 1:00PM (CIN @ MIA),6600,44420640,1.69,5.31,0.26,19.8,,,,,,,,,,,,,,,,10/11/2026,,,,,,,,,,,,,,,,,,,,,0.28,,,,,
Josh Cameron,CPT,JAX,Showdown Captain Mode,10/11/2026,Showdown Captain Mode 10/11 9:30AM (PHI @ JAX),4500,44420540,3.24,5.29,0.72,13.5,,,,,,,,,,n/a,PHI @ JAX,Eagles @ Jaguars,Tottenham Hotspur Stadium,outdoor,NFL Network,10/11/2026,,,,,,,,,,,,,,,1.35,2,11.38,8.43,10.38,,0.12,,,,,
Chris Rodriguez Jr.,RB,JAX,Showdown Captain Mode,10/11/2026,Showdown Captain Mode 10/11 9:30AM (PHI @ JAX),4800,44420480,3.14,5.24,0.65,14.4,,,,,,,,3.85,,12/30/1899,n/a,n/a,n/a,n/a,n/a,10/11/2026,,,,0,,,,,,6.68,26.08,3.91,,0.36,,,0,,,0,0.21,,,,,
Dawson Knox,CPT,BUF,Showdown Captain Mode,10/12/2026,Showdown Captain Mode 10/12 8:15PM (BUF @ LAR),3900,44446868,3.62,5.24,0.93,11.7,,,,,,,,,,12/30/1899,BUF @ LAR,Bills @ Rams,SoFi Stadium,outdoor,ABC/ESPN,10/12/2026,,,,,,,,,,,,,,,1.68,2,10.71,6.37,9.4,,0.14,,,,,
Dawson Knox,CPT,BUF,Showdown 2nd Half,10/12/2026,Showdown 2nd Half 10/12 9:15PM 2H (BUF @ LAR),3900,44447645,3.62,5.24,0.93,11.7,,,,,,,,,,12/30/1899,BUF @ LAR,Bills @ Rams,SoFi Stadium,outdoor,ABC/ESPN,10/12/2026,,,,,,,,,,,,,,,1.68,2,10.71,6.37,9.4,,0.14,,,,,
Dawson Knox,CPT,BUF,Showdown 4th Quarter,10/12/2026,Showdown 4th Quarter 10/12 9:45PM Q4 (BUF @ LAR),3900,44447743,3.62,5.24,0.93,11.7,,,,,,,,,,12/30/1899,BUF @ LAR,Bills @ Rams,SoFi Stadium,outdoor,ABC/ESPN,10/12/2026,,,,,,,,,,,,,,,1.68,2,10.71,6.37,9.4,,0.14,,,,,
Caleb Douglas,CPT,MIA,Showdown Captain Mode,10/11/2026,Showdown Captain Mode 10/11 1:00PM (CIN @ MIA),8700,44420634,0,5.22,0,26.1,,,,,,,,,,,,,,,,10/11/2026,,,,,,,,,,,,,,,,,,,,,,,,,,
Jahan Dotson,WR,ATL,Classic,10/11/2026,"Classic 10/11 1:00PM, 13 Games",3200,44419796,4.18,5.19,1.31,9.6,,,,,,,,3.45,,n/a,BAL @ ATL,Ravens @ Falcons,Mercedes-Benz Stadium,retractable_dome,NBC/Peacock,10/11/2026,,,,,,,,,,,,,,,1.9,3,19.82,10.45,14.46,,0.16,,,,,
Jerry Jeudy,WR,CLE,Classic,10/11/2026,"Classic 10/11 1:00PM, 11 Games",3700,44392274,3.81,5.17,1.03,11.1,,,14.5,,,,,,,n/a,CLE @ NYJ,Browns @ Jets,MetLife Stadium,outdoor,CBS,10/11/2026,,,,,,,,,,,,,,,1.65,2,14.02,8.5,11.5,,0.13,,,,,
Jerry Jeudy,WR,CLE,Early,10/11/2026,"Early 10/11 1:00PM, 8 Games",3700,44418805,3.81,5.17,1.03,11.1,,,14.5,,,,,,,n/a,CLE @ NYJ,Browns @ Jets,MetLife Stadium,outdoor,CBS,10/11/2026,,,,,,,,,,,,,,,1.65,2,14.02,8.5,11.5,,0.13,,,,,
Ty Johnson,RB,BUF,Showdown Captain Mode,10/12/2026,Showdown Captain Mode 10/12 8:15PM (BUF @ LAR),3200,44446817,4.03,5.14,1.26,9.6,,,,,,,,,,n/a,BUF @ LAR,Bills @ Rams,SoFi Stadium,outdoor,ABC/ESPN,10/12/2026,,,,,,,,,,,,,,,2.1,2.5,11,5.24,8.5,,0.14,,,,,
Ty Johnson,RB,BUF,Showdown 2nd Half,10/12/2026,Showdown 2nd Half 10/12 9:15PM 2H (BUF @ LAR),3200,44447692,4.03,5.14,1.26,9.6,,,,,,,,,,n/a,BUF @ LAR,Bills @ Rams,SoFi Stadium,outdoor,ABC/ESPN,10/12/2026,,,,,,,,,,,,,,,2.1,2.5,11,5.24,8.5,,0.14,,,,,
Ty Johnson,RB,BUF,Showdown 4th Quarter,10/12/2026,Showdown 4th Quarter 10/12 9:45PM Q4 (BUF @ LAR),3200,44447790,4.03,5.14,1.26,9.6,,,,,,,,,,n/a,BUF @ LAR,Bills @ Rams,SoFi Stadium,outdoor,ABC/ESPN,10/12/2026,,,,,,,,,,,,,,,2.1,2.5,11,5.24,8.5,,0.14,,,,,
Troy Franklin,WR,DEN,Showdown Captain Mode,10/11/2026,Showdown Captain Mode 10/11 4:05PM (DEN @ LAC),2600,44434459,4.52,5.13,1.74,7.8,,,,,,,,,,n/a,DEN @ LAC,Broncos @ Chargers,SoFi Stadium,outdoor,CBS,10/11/2026,,,,,,,,,,,,,,,1.69,2.5,20.66,12.25,14.51,,0.13,,,,,
Jauan Jennings,CPT,MIN,Showdown Captain Mode,10/11/2026,Showdown Captain Mode 10/11 1:00PM (MIN @ NO),7500,44422716,0.78,5.12,0.1,22.5,,,,,,,,,,,,,,,,10/11/2026,,,,,,,,,,,,,,,,,,,,,0.13,,,,,
Kendre Miller,RB,NO,Showdown Captain Mode,10/11/2026,Showdown Captain Mode 10/11 1:00PM (MIN @ NO),4000,44422663,3.8,5.11,0.95,12,,,4.5,,29.5,,,4.05,,12/30/1899,MIN @ NO,Vikings @ Saints,Caesars Superdome,dome,FOX,10/11/2026,,,,,,,,,,6.76,22.4,3.31,,,,,4.5,,4.5,,0.19,,,,,
Cody White,WR,LV,Showdown Captain Mode,10/11/2026,Showdown Captain Mode 10/11 1:00PM (LV @ NE),2800,44420808,4.35,5.11,1.55,8.4,,,,,,,,3.55,,n/a,LV @ NE,Raiders @ Patriots,Gillette Stadium,outdoor,CBS,10/11/2026,,,,,,,,,,,,,,,1.93,2.5,21.26,11,13.73,,0.16,,,,,
Mason Taylor,TE,NYJ,Showdown Captain Mode,10/11/2026,Showdown Captain Mode 10/11 1:00PM (CLE @ NYJ),2800,44422317,4.35,5.11,1.55,8.4,,,14.5,,,,,,,n/a,CLE @ NYJ,Browns @ Jets,MetLife Stadium,outdoor,CBS,10/11/2026,,,,,,,,,,,,,,,1.91,2.5,14.21,7.46,9.65,,0.17,,,,,
Isaiah Davis,CPT,NYJ,Showdown Captain Mode,10/11/2026,Showdown Captain Mode 10/11 1:00PM (CLE @ NYJ),4800,44422369,2.96,5.1,0.62,14.4,,,,,14.5,,,,,12/30/1899,CLE @ NYJ,Browns @ Jets,MetLife Stadium,outdoor,CBS,10/11/2026,,,,,,,,,,,13.08,,,,0.69,1,,,,,0.16,,,,,
Josh Jacobs,RB,GB,Showdown Captain Mode,10/11/2026,Showdown Captain Mode 10/11 1:00PM (CHI @ GB),8400,44423801,0,5.04,0,25.2,,,,,,,,,,,,,,,,10/11/2026,,,,,,,,,,,,,,,,,,,,,,,,,,
Jordyn Tyson,WR,NO,Showdown Captain Mode,10/11/2026,Showdown Captain Mode 10/11 1:00PM (MIN @ NO),8400,44422649,0,5.04,0,25.2,,,,,,,,,,,,,,,,10/11/2026,,,,,,,,,,,,,,,,,,,,,,,,,,
Dameon Pierce,CPT,PHI,Showdown Captain Mode,10/11/2026,Showdown Captain Mode 10/11 9:30AM (PHI @ JAX),3900,44420541,3.74,5.01,0.96,11.7,,24.5,,,26.5,,,,,n/a,PHI @ JAX,Eagles @ Jaguars,Tottenham Hotspur Stadium,outdoor,NFL Network,10/11/2026,,,,,,,,,,7.67,22.68,2.96,,,0.5,1,,,,,0.16,,,,,
Samaje Perine,RB,CIN,Classic,10/11/2026,"Classic 10/11 1:00PM, 11 Games",4400,44391984,3.28,5,0.75,13.2,,14.5,7.5,,,,,,,n/a,CIN @ MIA,Bengals @ Dolphins,Hard Rock Stadium,outdoor,FOX,10/11/2026,,,,,,,,,,4.62,14.35,3.11,,,,,7.5,,6.5,,0.18,,,,,
Samaje Perine,RB,CIN,Early,10/11/2026,"Early 10/11 1:00PM, 8 Games",4400,44418597,3.28,5,0.75,13.2,,14.5,7.5,,,,,,,n/a,CIN @ MIA,Bengals @ Dolphins,Hard Rock Stadium,outdoor,FOX,10/11/2026,,,,,,,,,,4.62,14.35,3.11,,,,,7.5,,6.5,,0.18,,,,,
Elic Ayomanor,WR,TEN,Classic,10/11/2026,"Classic 10/11 1:00PM, 11 Games",3000,44392448,4.05,4.97,1.35,9,,,,,,,,,,n/a,HOU @ TEN,Texans @ Titans,Nissan Stadium,outdoor,CBS,10/11/2026,,,,,,,,,,,,,,,1.66,2.5,16.56,9.98,12.55,,0.12,,,,,
Elic Ayomanor,WR,TEN,Early,10/11/2026,"Early 10/11 1:00PM, 8 Games",3000,44418891,4.05,4.97,1.35,9,,,,,,,,,,n/a,HOU @ TEN,Texans @ Titans,Nissan Stadium,outdoor,CBS,10/11/2026,,,,,,,,,,,,,,,1.66,2.5,16.56,9.98,12.55,,0.12,,,,,
Elic Ayomanor,CPT,TEN,Showdown Captain Mode,10/11/2026,Showdown Captain Mode 10/11 1:00PM (HOU @ TEN),3000,44420974,4.05,4.97,1.35,9,,,,,,,,,,n/a,HOU @ TEN,Texans @ Titans,Nissan Stadium,outdoor,CBS,10/11/2026,,,,,,,,,,,,,,,1.66,2.5,16.56,9.98,12.55,,0.12,,,,,
Mason Taylor,TE,NYJ,Classic,10/11/2026,"Classic 10/11 1:00PM, 11 Games",2500,44392780,4.35,4.94,1.74,7.5,,,14.5,,,,,,,n/a,CLE @ NYJ,Browns @ Jets,MetLife Stadium,outdoor,CBS,10/11/2026,,,,,,,,,,,,,,,1.91,2.5,14.21,7.46,9.65,,0.17,,,,,
Mason Taylor,TE,NYJ,Early,10/11/2026,"Early 10/11 1:00PM, 8 Games",2500,44419149,4.35,4.94,1.74,7.5,,,14.5,,,,,,,n/a,CLE @ NYJ,Browns @ Jets,MetLife Stadium,outdoor,CBS,10/11/2026,,,,,,,,,,,,,,,1.91,2.5,14.21,7.46,9.65,,0.17,,,,,
Skyy Moore,WR,GB,Showdown Captain Mode,10/11/2026,Showdown Captain Mode 10/11 1:00PM (CHI @ GB),3200,44423820,3.76,4.93,1.17,9.6,,,,,,,,,,n/a,CHI @ GB,Bears @ Packers,Lambeau Field,outdoor,FOX,10/11/2026,,,,,,,,,,,,,,,1.51,2.5,12.6,8.33,9.45,,0.16,,,,,
Marvin Mims Jr.,WR,DEN,Classic,10/11/2026,"Classic 10/11 1:00PM, 11 Games",3400,44392296,3.61,4.93,1.06,10.2,,,,,,,,,,n/a,DEN @ LAC,Broncos @ Chargers,SoFi Stadium,outdoor,CBS,10/11/2026,,,,,,,,,,,,,,,1.55,2,13.31,8.57,10.44,,0.12,,,,,
Marvin Mims Jr.,WR,DEN,Late,10/11/2026,"Late 10/11 4:05PM, 3 Games",3400,44433378,3.61,4.93,1.06,10.2,,,,,,,,,,n/a,DEN @ LAC,Broncos @ Chargers,SoFi Stadium,outdoor,CBS,10/11/2026,,,,,,,,,,,,,,,1.55,2,13.31,8.57,10.44,,0.12,,,,,
Skyy Moore,WR,GB,Classic,10/11/2026,"Classic 10/11 1:00PM, 11 Games",3200,44392320,3.76,4.93,1.17,9.6,,,,,,,,,,n/a,CHI @ GB,Bears @ Packers,Lambeau Field,outdoor,FOX,10/11/2026,,,,,,,,,,,,,,,1.51,2.5,12.6,8.33,9.45,,0.16,,,,,
Skyy Moore,WR,GB,Early,10/11/2026,"Early 10/11 1:00PM, 8 Games",3200,44418831,3.76,4.93,1.17,9.6,,,,,,,,,,n/a,CHI @ GB,Bears @ Packers,Lambeau Field,outdoor,FOX,10/11/2026,,,,,,,,,,,,,,,1.51,2.5,12.6,8.33,9.45,,0.16,,,,,
Kyle Monangai,RB,CHI,Showdown Captain Mode,10/11/2026,Showdown Captain Mode 10/11 1:00PM (CHI @ GB),8200,44423802,0,4.92,0,24.6,,,,,,,,,,,,,,,,10/11/2026,,,,,,,,,,,,,,,,,,,,,,,,,,
Noah Fant,TE,NO,Showdown Captain Mode,10/11/2026,Showdown Captain Mode 10/11 1:00PM (MIN @ NO),3400,44422665,3.69,4.91,1.09,10.2,,,,,,,,4,,12/30/1899,n/a,n/a,n/a,n/a,n/a,10/11/2026,,,,,,,,,,,,,,,1.66,2,13.35,8.04,9.41,,0.12,,,,,
Colbie Young,CPT,CIN,Showdown Captain Mode,10/11/2026,Showdown Captain Mode 10/11 1:00PM (CIN @ MIA),6900,44420639,0.94,4.89,0.14,20.7,,,,,,,,,,,,,,,,10/11/2026,,,,,,,,,,,,,,,,,,,,,0.16,,,,,
Bengals,CPT,CIN,Showdown Captain Mode,10/11/2026,Showdown Captain Mode 10/11 1:00PM (CIN @ MIA),8100,44420635,0,4.86,0,24.3,,,,,,,,,,,,,,,,10/11/2026,,,,,,,,,,,,,,,,,,,,,,,,,,
Ladd McConkey,WR,LAC,Classic,10/11/2026,"Classic 10/11 1:00PM, 11 Games",5600,44392200,1.87,4.86,0.33,16.8,,,,,,,,,,,,,,,,10/11/2026,,,,,,,,,,,,,,,,,,,,,0.31,,,,,
Ladd McConkey,WR,LAC,Late,10/11/2026,"Late 10/11 4:05PM, 3 Games",5600,44433354,1.87,4.86,0.33,16.8,,,,,,,,,,,,,,,,10/11/2026,,,,,,,,,,,,,,,,,,,,,0.31,,,,,
DJ Moore,WR,BUF,Classic,10/12/2026,"Classic 10/11 1:00PM, 13 Games",5600,44419674,1.88,4.86,0.34,16.8,,,,,,,,,,,,,,,,10/12/2026,,,,,,,,,,,,,,,,,,,,,0.31,,,,,
Cole Kmet,CPT,CHI,Showdown Captain Mode,10/11/2026,Showdown Captain Mode 10/11 1:00PM (CHI @ GB),3900,44423876,3.15,4.86,0.81,11.7,,,,,,,,,,n/a,CHI @ GB,Bears @ Packers,Lambeau Field,outdoor,FOX,10/11/2026,,,,,,,,,,,,,,,1.38,2,9.31,6.75,8.5,,0.14,,,,,
Joe Flacco,QB,CIN,Showdown Captain Mode,10/11/2026,Showdown Captain Mode 10/11 1:00PM (CIN @ MIA),8000,44420574,0,4.8,0,24,,,,,,,,,,,,,,,,10/11/2026,,,,,,,,,,,,,,,,,,,,,,,,,,
Athan Kaliakmanis,QB,WAS,Showdown Captain Mode,10/11/2026,Showdown Captain Mode 10/11 1:00PM (NYG @ WAS),8000,44420678,0,4.8,0,24,,,,,,,,,,,,,,,,10/11/2026,,,,,,,,,,,,,,,,,,,,,,,,,,
Jonnu Smith,CPT,GB,Showdown Captain Mode,10/11/2026,Showdown Captain Mode 10/11 1:00PM (CHI @ GB),4500,44423875,2.62,4.8,0.58,13.5,,,,,,,,,,12/30/1899,n/a,n/a,n/a,n/a,n/a,10/11/2026,,,,,,,,,,,,,,,1.22,1.5,7.43,6.08,7.5,,0.11,,,,,
Eli Raridon,CPT,NE,Showdown Captain Mode,10/11/2026,Showdown Captain Mode 10/11 1:00PM (LV @ NE),3600,44420866,3.3,4.8,0.92,10.8,,,,,,,,,,n/a,LV @ NE,Raiders @ Patriots,Gillette Stadium,outdoor,CBS,10/11/2026,,,,,,,,,,,,,,,1.35,1.5,10.1,7.48,8.54,,0.16,,,,,
Kevin Coleman Jr.,WR,MIA,Showdown Captain Mode,10/11/2026,Showdown Captain Mode 10/11 1:00PM (CIN @ MIA),2000,44420595,4.47,4.78,2.23,6,,,,,,,,,,n/a,CIN @ MIA,Bengals @ Dolphins,Hard Rock Stadium,outdoor,FOX,10/11/2026,,,,,,,,,,,,,,,1.94,2,18.49,9.55,13.45,,0.11,,,,,
Isaiah Davis,RB,NYJ,Classic,10/11/2026,"Classic 10/11 1:00PM, 11 Games",4200,44391996,2.96,4.76,0.7,12.6,,,,,14.5,,,,,12/30/1899,CLE @ NYJ,Browns @ Jets,MetLife Stadium,outdoor,CBS,10/11/2026,,,,,,,,,,,13.08,,,,0.69,1,,,,,0.16,,,,,
Isaiah Davis,RB,NYJ,Early,10/11/2026,"Early 10/11 1:00PM, 8 Games",4200,44418603,2.96,4.76,0.7,12.6,,,,,14.5,,,,,12/30/1899,CLE @ NYJ,Browns @ Jets,MetLife Stadium,outdoor,CBS,10/11/2026,,,,,,,,,,,13.08,,,,0.69,1,,,,,0.16,,,,,
Kaelon Black,CPT,SF,Showdown Captain Mode,10/11/2026,Showdown Captain Mode 10/11 4:25PM (SF @ SEA),4800,44434625,2.32,4.74,0.48,14.4,,,,,,,,,,12/30/1899,n/a,n/a,n/a,n/a,n/a,10/11/2026,,,,,,,,,,,16.26,,,,,,,,,,0.12,,,,,
Devontez Walker,CPT,BAL,Showdown Captain Mode,10/11/2026,Showdown Captain Mode 10/11 8:20PM (BAL @ ATL),4500,44446766,2.54,4.73,0.56,13.5,,,,,,,,,,12/30/1899,BAL @ ATL,Ravens @ Falcons,Mercedes-Benz Stadium,retractable_dome,NBC/Peacock,10/11/2026,,,,,,,,,,,,,,,1.02,2,9.52,9.34,7.5,,0.1,,,,,
Devontez Walker,CPT,BAL,Showdown 2nd Half,10/11/2026,Showdown 2nd Half 10/11 9:20PM 2H (BAL @ ATL),4500,44447395,2.54,4.73,0.56,13.5,,,,,,,,,,12/30/1899,BAL @ ATL,Ravens @ Falcons,Mercedes-Benz Stadium,retractable_dome,NBC/Peacock,10/11/2026,,,,,,,,,,,,,,,1.02,2,9.52,9.34,7.5,,0.1,,,,,
Devontez Walker,CPT,BAL,Showdown 4th Quarter,10/11/2026,Showdown 4th Quarter 10/11 9:50PM Q4 (BAL @ ATL),4500,44447540,2.54,4.73,0.56,13.5,,,,,,,,,,12/30/1899,BAL @ ATL,Ravens @ Falcons,Mercedes-Benz Stadium,retractable_dome,NBC/Peacock,10/11/2026,,,,,,,,,,,,,,,1.02,2,9.52,9.34,7.5,,0.1,,,,,
J.J. McCarthy,QB,NYG,Showdown Captain Mode,10/11/2026,Showdown Captain Mode 10/11 1:00PM (NYG @ WAS),7800,44420679,0,4.68,0,23.4,,,,,,,,,,,,,,,,10/11/2026,,,,,,,,,,,,,,,,,,,,,,,,,,
Jaguars,CPT,JAX,Showdown Captain Mode,10/11/2026,Showdown Captain Mode 10/11 9:30AM (PHI @ JAX),7800,44420533,0,4.68,0,23.4,,,,,,,,,,,,,,,,10/11/2026,,,,,,,,,,,,,,,,,,,,,,,,,,
Vikings,CPT,MIN,Showdown Captain Mode,10/11/2026,Showdown Captain Mode 10/11 1:00PM (MIN @ NO),7800,44422715,0,4.68,0,23.4,,,,,,,,,,,,,,,,10/11/2026,,,,,,,,,,,,,,,,,,,,,,,,,,
Kaelon Black,RB,SF,Classic,10/11/2026,"Classic 10/11 1:00PM, 11 Games",4700,44391966,2.32,4.68,0.49,14.1,,,,,,,,,,12/30/1899,n/a,n/a,n/a,n/a,n/a,10/11/2026,,,,,,,,,,,16.26,,,,,,,,,,0.12,,,,,
Kaelon Black,RB,SF,Late,10/11/2026,"Late 10/11 4:05PM, 3 Games",4700,44433282,2.32,4.68,0.49,14.1,,,,,,,,,,12/30/1899,n/a,n/a,n/a,n/a,n/a,10/11/2026,,,,,,,,,,,16.26,,,,,,,,,,0.12,,,,,
Noah Fant,TE,NO,Classic,10/11/2026,"Classic 10/11 1:00PM, 11 Games",3000,44392630,3.69,4.68,1.23,9,,,,,,,,4,,12/30/1899,n/a,n/a,n/a,n/a,n/a,10/11/2026,,,,,,,,,,,,,,,1.66,2,13.35,8.04,9.41,,0.12,,,,,
Noah Fant,TE,NO,Early,10/11/2026,"Early 10/11 1:00PM, 8 Games",3000,44419061,3.69,4.68,1.23,9,,,,,,,,4,,12/30/1899,n/a,n/a,n/a,n/a,n/a,10/11/2026,,,,,,,,,,,,,,,1.66,2,13.35,8.04,9.41,,0.12,,,,,
Marvin Mims Jr.,WR,DEN,Showdown Captain Mode,10/11/2026,Showdown Captain Mode 10/11 4:05PM (DEN @ LAC),2800,44434458,3.61,4.57,1.29,8.4,,,,,,,,,,n/a,DEN @ LAC,Broncos @ Chargers,SoFi Stadium,outdoor,CBS,10/11/2026,,,,,,,,,,,,,,,1.55,2,13.31,8.57,10.44,,0.12,,,,,
Pat Bryant,CPT,DEN,Showdown Captain Mode,10/11/2026,Showdown Captain Mode 10/11 4:05PM (DEN @ LAC),7500,44434506,0,4.5,0,22.5,,,,,,,,,,,,,,,,10/11/2026,,,,,,,,,,,,,,,,,,,,,,,,,,
Samaje Perine,RB,CIN,Showdown Captain Mode,10/11/2026,Showdown Captain Mode 10/11 1:00PM (CIN @ MIA),3400,44420591,3.28,4.48,0.96,10.2,,14.5,7.5,,,,,,,n/a,CIN @ MIA,Bengals @ Dolphins,Hard Rock Stadium,outdoor,FOX,10/11/2026,,,,,,,,,,4.62,14.35,3.11,,,,,7.5,,6.5,,0.18,,,,,
Dawson Knox,TE,BUF,Showdown Captain Mode,10/12/2026,Showdown Captain Mode 10/12 8:15PM (BUF @ LAR),2600,44446819,3.62,4.46,1.39,7.8,,,,,,,,,,12/30/1899,BUF @ LAR,Bills @ Rams,SoFi Stadium,outdoor,ABC/ESPN,10/12/2026,,,,,,,,,,,,,,,1.68,2,10.71,6.37,9.4,,0.14,,,,,
Dawson Knox,TE,BUF,Showdown 2nd Half,10/12/2026,Showdown 2nd Half 10/12 9:15PM 2H (BUF @ LAR),2600,44447694,3.62,4.46,1.39,7.8,,,,,,,,,,12/30/1899,BUF @ LAR,Bills @ Rams,SoFi Stadium,outdoor,ABC/ESPN,10/12/2026,,,,,,,,,,,,,,,1.68,2,10.71,6.37,9.4,,0.14,,,,,
Dawson Knox,TE,BUF,Showdown 4th Quarter,10/12/2026,Showdown 4th Quarter 10/12 9:45PM Q4 (BUF @ LAR),2600,44447792,3.62,4.46,1.39,7.8,,,,,,,,,,12/30/1899,BUF @ LAR,Bills @ Rams,SoFi Stadium,outdoor,ABC/ESPN,10/12/2026,,,,,,,,,,,,,,,1.68,2,10.71,6.37,9.4,,0.14,,,,,
Dawson Knox,TE,BUF,Classic,10/12/2026,"Classic 10/11 1:00PM, 13 Games",2600,44420192,3.62,4.46,1.39,7.8,,,,,,,,,,12/30/1899,BUF @ LAR,Bills @ Rams,SoFi Stadium,outdoor,ABC/ESPN,10/12/2026,,,,,,,,,,,,,,,1.68,2,10.71,6.37,9.4,,0.14,,,,,
Tory Horton,WR,SEA,Showdown Captain Mode,10/11/2026,Showdown Captain Mode 10/11 4:25PM (SF @ SEA),3000,44434567,3.27,4.42,1.09,9,,,,,,,,,,12/30/1899,n/a,n/a,n/a,n/a,n/a,10/11/2026,,,,,,,,,,,,,,,1.27,2,11.33,8.89,9.51,,0.14,,,,,
Tory Horton,WR,SEA,Classic,10/11/2026,"Classic 10/11 1:00PM, 11 Games",3000,44392340,3.27,4.42,1.09,9,,,,,,,,,,12/30/1899,n/a,n/a,n/a,n/a,n/a,10/11/2026,,,,,,,,,,,,,,,1.27,2,11.33,8.89,9.51,,0.14,,,,,
Tory Horton,WR,SEA,Late,10/11/2026,"Late 10/11 4:05PM, 3 Games",3000,44433388,3.27,4.42,1.09,9,,,,,,,,,,12/30/1899,n/a,n/a,n/a,n/a,n/a,10/11/2026,,,,,,,,,,,,,,,1.27,2,11.33,8.89,9.51,,0.14,,,,,
Elic Ayomanor,WR,TEN,Showdown Captain Mode,10/11/2026,Showdown Captain Mode 10/11 1:00PM (HOU @ TEN),2000,44420922,4.05,4.41,2.02,6,,,,,,,,,,n/a,HOU @ TEN,Texans @ Titans,Nissan Stadium,outdoor,CBS,10/11/2026,,,,,,,,,,,,,,,1.66,2.5,16.56,9.98,12.55,,0.12,,,,,
Kaytron Allen,RB,WAS,Classic,10/11/2026,"Classic 10/11 1:00PM, 11 Games",4100,44392002,2.43,4.4,0.59,12.3,,,,,,,,,,,,,,,,10/11/2026,,,,,,,,,,,,,,,,,,,,,0.41,,,,,
Kaytron Allen,RB,WAS,Early,10/11/2026,"Early 10/11 1:00PM, 8 Games",4100,44418609,2.43,4.4,0.59,12.3,,,,,,,,,,,,,,,,10/11/2026,,,,,,,,,,,,,,,,,,,,,0.41,,,,,
Josh Cameron,WR,JAX,Showdown Captain Mode,10/11/2026,Showdown Captain Mode 10/11 9:30AM (PHI @ JAX),3000,44420485,3.24,4.39,1.08,9,,,,,,,,,,n/a,PHI @ JAX,Eagles @ Jaguars,Tottenham Hotspur Stadium,outdoor,NFL Network,10/11/2026,,,,,,,,,,,,,,,1.35,2,11.38,8.43,10.38,,0.12,,,,,
Dameon Pierce,RB,PHI,Showdown Captain Mode,10/11/2026,Showdown Captain Mode 10/11 9:30AM (PHI @ JAX),2600,44420486,3.74,4.39,1.44,7.8,,24.5,,,26.5,,,,,n/a,PHI @ JAX,Eagles @ Jaguars,Tottenham Hotspur Stadium,outdoor,NFL Network,10/11/2026,,,,,,,,,,7.67,22.68,2.96,,,0.5,1,,,,,0.16,,,,,
Lenny Krieg,CPT,GB,Showdown Captain Mode,10/11/2026,Showdown Captain Mode 10/11 1:00PM (CHI @ GB),7200,44423868,0,4.32,0,21.6,,,,,,,,,,,,,,,,10/11/2026,,,,,,,,,,,,,,,,,,,,,,,,,,
Zane Gonzalez,CPT,MIA,Showdown Captain Mode,10/11/2026,Showdown Captain Mode 10/11 1:00PM (CIN @ MIA),7200,44420638,0,4.32,0,21.6,,,,,,,,,,,,,,,,10/11/2026,,,,,,,,,,,,,,,,,,,,,,,,,,
Blake Grupe,CPT,NYJ,Showdown Captain Mode,10/11/2026,Showdown Captain Mode 10/11 1:00PM (CLE @ NYJ),7200,44422365,0,4.32,0,21.6,,,,,,,,,,,,,,,,10/11/2026,,,,,,,,,,,,,,,,,,,,,,,,,,
Quentin Johnston,WR,LAC,Classic,10/11/2026,"Classic 10/11 1:00PM, 11 Games",5100,44392218,1.53,4.28,0.3,15.3,,,,,,,,,,,,,,,,10/11/2026,,,,,,,,,,,,,,,,,,,,,0.26,,,,,
Quentin Johnston,WR,LAC,Late,10/11/2026,"Late 10/11 4:05PM, 3 Games",5100,44433358,1.53,4.28,0.3,15.3,,,,,,,,,,,,,,,,10/11/2026,,,,,,,,,,,,,,,,,,,,,0.26,,,,,
Eli Raridon,TE,NE,Classic,10/11/2026,"Classic 10/11 1:00PM, 11 Games",2700,44392638,3.3,4.26,1.22,8.1,,,,,,,,,,n/a,LV @ NE,Raiders @ Patriots,Gillette Stadium,outdoor,CBS,10/11/2026,,,,,,,,,,,,,,,1.35,1.5,10.1,7.48,8.54,,0.16,,,,,
Eli Raridon,TE,NE,Early,10/11/2026,"Early 10/11 1:00PM, 8 Games",2700,44419069,3.3,4.26,1.22,8.1,,,,,,,,,,n/a,LV @ NE,Raiders @ Patriots,Gillette Stadium,outdoor,CBS,10/11/2026,,,,,,,,,,,,,,,1.35,1.5,10.1,7.48,8.54,,0.16,,,,,
Zach Charbonnet,RB,SEA,Showdown Captain Mode,10/11/2026,Showdown Captain Mode 10/11 4:25PM (SF @ SEA),7000,44434553,0,4.2,0,21,,,,,,,,,,,,,,,,10/11/2026,,,,,,,,,,,,,,,,,,,,,,,,,,
Adonai Mitchell,WR,NYJ,Showdown Captain Mode,10/11/2026,Showdown Captain Mode 10/11 1:00PM (CLE @ NYJ),7000,44422301,0,4.2,0,21,,,,,,,,,,,,,,,,10/11/2026,,,,,,,,,,,,,,,,,,,,,,,,,,
Isaiah Davis,RB,NYJ,Showdown Captain Mode,10/11/2026,Showdown Captain Mode 10/11 1:00PM (CLE @ NYJ),3200,44422316,2.96,4.2,0.92,9.6,,,,,14.5,,,,,12/30/1899,CLE @ NYJ,Browns @ Jets,MetLife Stadium,outdoor,CBS,10/11/2026,,,,,,,,,,,13.08,,,,0.69,1,,,,,0.16,,,,,
Brenen Thompson,WR,LAC,Classic,10/11/2026,"Classic 10/11 1:00PM, 11 Games",3000,44392410,3,4.2,1,9,,,,,,,,,,,,,,,,10/11/2026,,,,,,,,,,,,,,,,,,,,,0.5,,,,,
Brenen Thompson,WR,LAC,Late,10/11/2026,"Late 10/11 4:05PM, 3 Games",3000,44433446,3,4.2,1,9,,,,,,,,,,,,,,,,10/11/2026,,,,,,,,,,,,,,,,,,,,,0.5,,,,,
Chris Brooks,RB,GB,Showdown Captain Mode,10/11/2026,Showdown Captain Mode 10/11 1:00PM (CHI @ GB),4200,44423817,2.04,4.15,0.49,12.6,,,,,,,,,,,,,,,,10/11/2026,,,,,,,,,,,,,,,,,,,,,0.34,,,,,
Hollywood Brown,CPT,PHI,Showdown Captain Mode,10/11/2026,Showdown Captain Mode 10/11 9:30AM (PHI @ JAX),6900,44420536,0,4.14,0,20.7,,,,,,,,,,,,,,,,10/11/2026,,,,,,,,,,,,,,,,,,,,,,,,,,
Kansei Matsuzawa,CPT,LV,Showdown Captain Mode,10/11/2026,Showdown Captain Mode 10/11 1:00PM (LV @ NE),6900,44420858,0,4.14,0,20.7,,,,,,,,,,,,,,,,10/11/2026,,,,,,,,,,,,,,,,,,,,,,,,,,
Charlie Smyth,CPT,NO,Showdown Captain Mode,10/11/2026,Showdown Captain Mode 10/11 1:00PM (MIN @ NO),6900,44422719,0,4.14,0,20.7,,,,,,,,,,,,,,,,10/11/2026,,,,,,,,,,,,,,,,,,,,,,,,,,
Stefon Diggs,WR,WAS,Classic,10/11/2026,"Classic 10/11 1:00PM, 11 Games",5500,44392204,1.05,4.14,0.19,16.5,,,,,,,,,,,,,,,,10/11/2026,,,,,,,,,,,,,,,,,,,,,0.17,,,,,
Stefon Diggs,WR,WAS,Early,10/11/2026,"Early 10/11 1:00PM, 8 Games",5500,44418749,1.05,4.14,0.19,16.5,,,,,,,,,,,,,,,,10/11/2026,,,,,,,,,,,,,,,,,,,,,0.17,,,,,
Chris Brooks,RB,GB,Classic,10/11/2026,"Classic 10/11 1:00PM, 11 Games",4100,44392004,2.04,4.09,0.5,12.3,,,,,,,,,,,,,,,,10/11/2026,,,,,,,,,,,,,,,,,,,,,0.34,,,,,
Chris Brooks,RB,GB,Early,10/11/2026,"Early 10/11 1:00PM, 8 Games",4100,44418607,2.04,4.09,0.5,12.3,,,,,,,,,,,,,,,,10/11/2026,,,,,,,,,,,,,,,,,,,,,0.34,,,,,
Olamide Zaccheaus,CPT,ATL,Showdown Captain Mode,10/11/2026,Showdown Captain Mode 10/11 8:20PM (BAL @ ATL),3600,44446768,2.41,4.09,0.67,10.8,,,,,,,,,,12/30/1899,BAL @ ATL,Ravens @ Falcons,Mercedes-Benz Stadium,retractable_dome,NBC/Peacock,10/11/2026,,,,,,,,,,,,,,,1.04,1.5,7.42,7.13,7.5,,0.1,,,,,
Olamide Zaccheaus,CPT,ATL,Showdown 2nd Half,10/11/2026,Showdown 2nd Half 10/11 9:20PM 2H (BAL @ ATL),3600,44447397,2.41,4.09,0.67,10.8,,,,,,,,,,12/30/1899,BAL @ ATL,Ravens @ Falcons,Mercedes-Benz Stadium,retractable_dome,NBC/Peacock,10/11/2026,,,,,,,,,,,,,,,1.04,1.5,7.42,7.13,7.5,,0.1,,,,,
Olamide Zaccheaus,CPT,ATL,Showdown 4th Quarter,10/11/2026,Showdown 4th Quarter 10/11 9:50PM Q4 (BAL @ ATL),3600,44447542,2.41,4.09,0.67,10.8,,,,,,,,,,12/30/1899,BAL @ ATL,Ravens @ Falcons,Mercedes-Benz Stadium,retractable_dome,NBC/Peacock,10/11/2026,,,,,,,,,,,,,,,1.04,1.5,7.42,7.13,7.5,,0.1,,,,,
Lamar Jackson,QB,BAL,Classic,10/11/2026,"Classic 10/11 1:00PM, 13 Games",6800,44419239,0,4.08,0,20.4,,,,,,,,,,,,,,,,10/11/2026,,,,,,,,,,,,,,,,,,,,,,,,,,
Cole Kmet,TE,CHI,Showdown Captain Mode,10/11/2026,Showdown Captain Mode 10/11 1:00PM (CHI @ GB),2600,44423822,3.15,4.08,1.21,7.8,,,,,,,,,,n/a,CHI @ GB,Bears @ Packers,Lambeau Field,outdoor,FOX,10/11/2026,,,,,,,,,,,,,,,1.38,2,9.31,6.75,8.5,,0.14,,,,,
Eli Raridon,TE,NE,Showdown Captain Mode,10/11/2026,Showdown Captain Mode 10/11 1:00PM (LV @ NE),2400,44420809,3.3,4.08,1.38,7.2,,,,,,,,,,n/a,LV @ NE,Raiders @ Patriots,Gillette Stadium,outdoor,CBS,10/11/2026,,,,,,,,,,,,,,,1.35,1.5,10.1,7.48,8.54,,0.16,,,,,
Cole Kmet,TE,CHI,Classic,10/11/2026,"Classic 10/11 1:00PM, 11 Games",2600,44392644,3.15,4.08,1.21,7.8,,,,,,,,,,n/a,CHI @ GB,Bears @ Packers,Lambeau Field,outdoor,FOX,10/11/2026,,,,,,,,,,,,,,,1.38,2,9.31,6.75,8.5,,0.14,,,,,
Cole Kmet,TE,CHI,Early,10/11/2026,"Early 10/11 1:00PM, 8 Games",2600,44419071,3.15,4.08,1.21,7.8,,,,,,,,,,n/a,CHI @ GB,Bears @ Packers,Lambeau Field,outdoor,FOX,10/11/2026,,,,,,,,,,,,,,,1.38,2,9.31,6.75,8.5,,0.14,,,,,
Calvin Ridley,CPT,TEN,Showdown Captain Mode,10/11/2026,Showdown Captain Mode 10/11 1:00PM (HOU @ TEN),4500,44420970,1.9,4.07,0.42,13.5,,,,,,,,2,,12/30/1899,n/a,n/a,n/a,n/a,n/a,10/11/2026,,,,,,,,,,,,,,,0.94,1.5,8.73,9.24,8.46,,0.08,,,,,
Dohnte Meyers,WR,CIN,Showdown Captain Mode,10/11/2026,Showdown Captain Mode 10/11 1:00PM (CIN @ MIA),4400,44420588,1.69,3.99,0.38,13.2,,,,,,,,,,,,,,,,10/11/2026,,,,,,,,,,,,,,,,,,,,,0.28,,,,,
Ravens,CPT,BAL,Showdown Captain Mode,10/11/2026,Showdown Captain Mode 10/11 8:20PM (BAL @ ATL),6600,44446762,0,3.96,0,19.8,,,,,,,,,,,,,,,,10/11/2026,,,,,,,,,,,,,,,,,,,,,,,,,,
Steelers,CPT,PIT,Showdown Captain Mode,10/11/2026,Showdown Captain Mode 10/11 1:00PM (IND @ PIT),6600,44423275,0,3.96,0,19.8,,,,,,,,,,,,,,,,10/11/2026,,,,,,,,,,,,,,,,,,,,,,,,,,
Texans,CPT,HOU,Showdown Captain Mode,10/11/2026,Showdown Captain Mode 10/11 1:00PM (HOU @ TEN),6600,44420966,0,3.96,0,19.8,,,,,,,,,,,,,,,,10/11/2026,,,,,,,,,,,,,,,,,,,,,,,,,,
Browns,CPT,CLE,Showdown Captain Mode,10/11/2026,Showdown Captain Mode 10/11 1:00PM (CLE @ NYJ),6600,44422366,0,3.96,0,19.8,,,,,,,,,,,,,,,,10/11/2026,,,,,,,,,,,,,,,,,,,,,,,,,,
Ravens,CPT,BAL,Showdown 2nd Half,10/11/2026,Showdown 2nd Half 10/11 9:20PM 2H (BAL @ ATL),6600,44447391,0,3.96,0,19.8,,,,,,,,,,,,,,,,10/11/2026,,,,,,,,,,,,,,,,,,,,,,,,,,
Ravens,CPT,BAL,Showdown 4th Quarter,10/11/2026,Showdown 4th Quarter 10/11 9:50PM Q4 (BAL @ ATL),6600,44447536,0,3.96,0,19.8,,,,,,,,,,,,,,,,10/11/2026,,,,,,,,,,,,,,,,,,,,,,,,,,
Jonnu Smith,TE,GB,Showdown Captain Mode,10/11/2026,Showdown Captain Mode 10/11 1:00PM (CHI @ GB),3000,44423821,2.62,3.9,0.87,9,,,,,,,,,,12/30/1899,n/a,n/a,n/a,n/a,n/a,10/11/2026,,,,,,,,,,,,,,,1.22,1.5,7.43,6.08,7.5,,0.11,,,,,
Durham Smythe,TE,BAL,Classic,10/11/2026,"Classic 10/11 1:00PM, 13 Games",2500,44420212,3,3.9,1.2,7.5,,,,,,,,,,,,,,,,10/11/2026,,,,,,,,,,,,,,,,,,,,,0.5,,,,,
Treylon Burks,CPT,WAS,Showdown Captain Mode,10/11/2026,Showdown Captain Mode 10/11 1:00PM (NYG @ WAS),4800,44420752,1.22,3.86,0.25,14.4,,,,,,,,,,,,,,,,10/11/2026,,,,,,,,,,,,,,,,,,,,,0.2,,,,,
Konata Mumpfield,CPT,LAR,Showdown Captain Mode,10/12/2026,Showdown Captain Mode 10/12 8:15PM (BUF @ LAR),3300,44446870,2.35,3.86,0.71,9.9,,,,,,,,,,12/30/1899,BUF @ LAR,Bills @ Rams,SoFi Stadium,outdoor,ABC/ESPN,10/12/2026,,,,,,,,,,,,,,,0.88,1.5,7.36,8.36,7.43,,0.12,,,,,
Konata Mumpfield,CPT,LAR,Showdown 2nd Half,10/12/2026,Showdown 2nd Half 10/12 9:15PM 2H (BUF @ LAR),3300,44447647,2.35,3.86,0.71,9.9,,,,,,,,,,12/30/1899,BUF @ LAR,Bills @ Rams,SoFi Stadium,outdoor,ABC/ESPN,10/12/2026,,,,,,,,,,,,,,,0.88,1.5,7.36,8.36,7.43,,0.12,,,,,
Konata Mumpfield,CPT,LAR,Showdown 4th Quarter,10/12/2026,Showdown 4th Quarter 10/12 9:45PM Q4 (BUF @ LAR),3300,44447745,2.35,3.86,0.71,9.9,,,,,,,,,,12/30/1899,BUF @ LAR,Bills @ Rams,SoFi Stadium,outdoor,ABC/ESPN,10/12/2026,,,,,,,,,,,,,,,0.88,1.5,7.36,8.36,7.43,,0.12,,,,,
Sione Vaki,RB,DET,Classic,10/11/2026,"Classic 10/11 1:00PM, 11 Games",4300,44391986,1.59,3.85,0.37,12.9,,,,,,,,,,12/30/1899,DET @ ARI,Lions @ Cardinals,State Farm Stadium,retractable_dome,FOX,10/11/2026,,,,,,,,,,,8.51,,,,,,,,2.5,,0.12,,,,,
Sione Vaki,RB,DET,Late,10/11/2026,"Late 10/11 4:05PM, 3 Games",4300,44433290,1.59,3.85,0.37,12.9,,,,,,,,,,12/30/1899,DET @ ARI,Lions @ Cardinals,State Farm Stadium,retractable_dome,FOX,10/11/2026,,,,,,,,,,,8.51,,,,,,,,2.5,,0.12,,,,,
Devontez Walker,WR,BAL,Showdown Captain Mode,10/11/2026,Showdown Captain Mode 10/11 8:20PM (BAL @ ATL),3000,44446714,2.54,3.83,0.85,9,,,,,,,,,,12/30/1899,BAL @ ATL,Ravens @ Falcons,Mercedes-Benz Stadium,retractable_dome,NBC/Peacock,10/11/2026,,,,,,,,,,,,,,,1.02,2,9.52,9.34,7.5,,0.1,,,,,
Devontez Walker,WR,BAL,Showdown 2nd Half,10/11/2026,Showdown 2nd Half 10/11 9:20PM 2H (BAL @ ATL),3000,44447447,2.54,3.83,0.85,9,,,,,,,,,,12/30/1899,BAL @ ATL,Ravens @ Falcons,Mercedes-Benz Stadium,retractable_dome,NBC/Peacock,10/11/2026,,,,,,,,,,,,,,,1.02,2,9.52,9.34,7.5,,0.1,,,,,
Devontez Walker,WR,BAL,Showdown 4th Quarter,10/11/2026,Showdown 4th Quarter 10/11 9:50PM Q4 (BAL @ ATL),3000,44447592,2.54,3.83,0.85,9,,,,,,,,,,12/30/1899,BAL @ ATL,Ravens @ Falcons,Mercedes-Benz Stadium,retractable_dome,NBC/Peacock,10/11/2026,,,,,,,,,,,,,,,1.02,2,9.52,9.34,7.5,,0.1,,,,,
Devontez Walker,WR,BAL,Classic,10/11/2026,"Classic 10/11 1:00PM, 13 Games",3000,44419842,2.54,3.83,0.85,9,,,,,,,,,,12/30/1899,BAL @ ATL,Ravens @ Falcons,Mercedes-Benz Stadium,retractable_dome,NBC/Peacock,10/11/2026,,,,,,,,,,,,,,,1.02,2,9.52,9.34,7.5,,0.1,,,,,
Austin Ekeler,CPT,WAS,Showdown Captain Mode,10/11/2026,Showdown Captain Mode 10/11 1:00PM (NYG @ WAS),5100,44420751,0.92,3.8,0.18,15.3,,,,,,,,,,,,,,,,10/11/2026,,,,,,,,,,,,,,,,,,,,,0.15,,,,,
Sione Vaki,CPT,DET,Showdown Captain Mode,10/11/2026,Showdown Captain Mode 10/11 4:25PM (DET @ ARI),4200,44434838,1.59,3.79,0.38,12.6,,,,,,,,,,12/30/1899,DET @ ARI,Lions @ Cardinals,State Farm Stadium,retractable_dome,FOX,10/11/2026,,,,,,,,,,,8.51,,,,,,,,2.5,,0.12,,,,,
Josh Jacobs,RB,GB,Classic,10/11/2026,"Classic 10/11 1:00PM, 11 Games",6300,44391910,0,3.78,0,18.9,,,,,,,,,,,,,,,,10/11/2026,,,,,,,,,,,,,,,,,,,,,,,,,,
Josh Jacobs,RB,GB,Early,10/11/2026,"Early 10/11 1:00PM, 8 Games",6300,44418545,0,3.78,0,18.9,,,,,,,,,,,,,,,,10/11/2026,,,,,,,,,,,,,,,,,,,,,,,,,,
Rams,CPT,LAR,Showdown Captain Mode,10/12/2026,Showdown Captain Mode 10/12 8:15PM (BUF @ LAR),6300,44446863,0,3.78,0,18.9,,,,,,,,,,,,,,,,10/12/2026,,,,,,,,,,,,,,,,,,,,,,,,,,
James Conner,CPT,ARI,Showdown Captain Mode,10/11/2026,Showdown Captain Mode 10/11 4:25PM (DET @ ARI),6300,44434834,0,3.78,0,18.9,,,,,,,,,,,,,,,,10/11/2026,,,,,,,,,,,,,,,,,,,,,,,,,,
Jalen Nailor,CPT,LV,Showdown Captain Mode,10/11/2026,Showdown Captain Mode 10/11 1:00PM (LV @ NE),6300,44420859,0,3.78,0,18.9,,,,,,,,,,,,,,,,10/11/2026,,,,,,,,,,,,,,,,,,,,,,,,,,
Broncos,CPT,DEN,Showdown Captain Mode,10/11/2026,Showdown Captain Mode 10/11 4:05PM (DEN @ LAC),6300,44434508,0,3.78,0,18.9,,,,,,,,,,,,,,,,10/11/2026,,,,,,,,,,,,,,,,,,,,,,,,,,
Rams,CPT,LAR,Showdown 2nd Half,10/12/2026,Showdown 2nd Half 10/12 9:15PM 2H (BUF @ LAR),6300,44447640,0,3.78,0,18.9,,,,,,,,,,,,,,,,10/12/2026,,,,,,,,,,,,,,,,,,,,,,,,,,
Rams,CPT,LAR,Showdown 4th Quarter,10/12/2026,Showdown 4th Quarter 10/12 9:45PM Q4 (BUF @ LAR),6300,44447738,0,3.78,0,18.9,,,,,,,,,,,,,,,,10/12/2026,,,,,,,,,,,,,,,,,,,,,,,,,,
Kaelon Black,RB,SF,Showdown Captain Mode,10/11/2026,Showdown Captain Mode 10/11 4:25PM (SF @ SEA),3200,44434566,2.32,3.78,0.72,9.6,,,,,,,,,,12/30/1899,n/a,n/a,n/a,n/a,n/a,10/11/2026,,,,,,,,,,,16.26,,,,,,,,,,0.12,,,,,
Konata Mumpfield,WR,LAR,Classic,10/12/2026,"Classic 10/11 1:00PM, 13 Games",3100,44419808,2.35,3.74,0.76,9.3,,,,,,,,,,12/30/1899,BUF @ LAR,Bills @ Rams,SoFi Stadium,outdoor,ABC/ESPN,10/12/2026,,,,,,,,,,,,,,,0.88,1.5,7.36,8.36,7.43,,0.12,,,,,
Kaytron Allen,CPT,WAS,Showdown Captain Mode,10/11/2026,Showdown Captain Mode 10/11 1:00PM (NYG @ WAS),3000,44420756,2.43,3.74,0.81,9,,,,,,,,,,,,,,,,10/11/2026,,,,,,,,,,,,,,,,,,,,,0.41,,,,,
Olamide Zaccheaus,WR,ATL,Classic,10/11/2026,"Classic 10/11 1:00PM, 13 Games",3000,44419856,2.41,3.73,0.8,9,,,,,,,,,,12/30/1899,BAL @ ATL,Ravens @ Falcons,Mercedes-Benz Stadium,retractable_dome,NBC/Peacock,10/11/2026,,,,,,,,,,,,,,,1.04,1.5,7.42,7.13,7.5,,0.1,,,,,
Mack Hollins,WR,NE,Showdown Captain Mode,10/11/2026,Showdown Captain Mode 10/11 1:00PM (LV @ NE),6200,44420792,0,3.72,0,18.6,,,,,,,,,,,,,,,,10/11/2026,,,,,,,,,,,,,,,,,,,,,,,,,,
Caleb Williams,QB,CHI,Classic,10/11/2026,"Classic 10/11 1:00PM, 11 Games",6200,44391828,0,3.72,0,18.6,,,,,,,,,,,,,,,,10/11/2026,,,,,,,,,,,,,,,,,,,,,,,,,,
Caleb Williams,QB,CHI,Early,10/11/2026,"Early 10/11 1:00PM, 8 Games",6200,44418483,0,3.72,0,18.6,,,,,,,,,,,,,,,,10/11/2026,,,,,,,,,,,,,,,,,,,,,,,,,,
Jonnu Smith,TE,GB,Classic,10/11/2026,"Classic 10/11 1:00PM, 11 Games",2700,44392640,2.62,3.72,0.97,8.1,,,,,,,,,,12/30/1899,n/a,n/a,n/a,n/a,n/a,10/11/2026,,,,,,,,,,,,,,,1.22,1.5,7.43,6.08,7.5,,0.11,,,,,
Jonnu Smith,TE,GB,Early,10/11/2026,"Early 10/11 1:00PM, 8 Games",2700,44419067,2.62,3.72,0.97,8.1,,,,,,,,,,12/30/1899,n/a,n/a,n/a,n/a,n/a,10/11/2026,,,,,,,,,,,,,,,1.22,1.5,7.43,6.08,7.5,,0.11,,,,,
Jauan Jennings,WR,MIN,Showdown Captain Mode,10/11/2026,Showdown Captain Mode 10/11 1:00PM (MIN @ NO),5000,44422659,0.78,3.62,0.16,15,,,,,,,,,,,,,,,,10/11/2026,,,,,,,,,,,,,,,,,,,,,0.13,,,,,
Joey Aguilar,QB,JAX,Showdown Captain Mode,10/11/2026,Showdown Captain Mode 10/11 9:30AM (PHI @ JAX),6000,44420470,0,3.6,0,18,,,,,,,,,,,,,,,,10/11/2026,,,,,,,,,,,,,,,,,,,,,,,,,,
Cole Payton,QB,PHI,Showdown Captain Mode,10/11/2026,Showdown Captain Mode 10/11 9:30AM (PHI @ JAX),6000,44420471,0,3.6,0,18,,,,,,,,,,,,,,,,10/11/2026,,,,,,,,,,,,,,,,,,,,,,,,,,
Tanner McKee,QB,PHI,Showdown Captain Mode,10/11/2026,Showdown Captain Mode 10/11 9:30AM (PHI @ JAX),6000,44420472,0,3.6,0,18,,,,,,,,,,,,,,,,10/11/2026,,,,,,,,,,,,,,,,,,,,,,,,,,
Quinn Ewers,QB,JAX,Showdown Captain Mode,10/11/2026,Showdown Captain Mode 10/11 9:30AM (PHI @ JAX),6000,44420473,0,3.6,0,18,,,,,,,,,,,,,,,,10/11/2026,,,,,,,,,,,,,,,,,,,,,,,,,,
Nick Mullens,QB,JAX,Showdown Captain Mode,10/11/2026,Showdown Captain Mode 10/11 9:30AM (PHI @ JAX),6000,44420474,0,3.6,0,18,,,,,,,,,,,,,,,,10/11/2026,,,,,,,,,,,,,,,,,,,,,,,,,,
Andy Dalton,QB,PHI,Showdown Captain Mode,10/11/2026,Showdown Captain Mode 10/11 9:30AM (PHI @ JAX),6000,44420475,0,3.6,0,18,,,,,,,,,,,,,,,,10/11/2026,,,,,,,,,,,,,,,,,,,,,,,,,,
Case Keenum,QB,CHI,Showdown Captain Mode,10/11/2026,Showdown Captain Mode 10/11 1:00PM (CHI @ GB),6000,44423807,0,3.6,0,18,,,,,,,,,,,,,,,,10/11/2026,,,,,,,,,,,,,,,,,,,,,,,,,,
Miller Moss,QB,CHI,Showdown Captain Mode,10/11/2026,Showdown Captain Mode 10/11 1:00PM (CHI @ GB),6000,44423808,0,3.6,0,18,,,,,,,,,,,,,,,,10/11/2026,,,,,,,,,,,,,,,,,,,,,,,,,,
Kedon Slovis,QB,GB,Showdown Captain Mode,10/11/2026,Showdown Captain Mode 10/11 1:00PM (CHI @ GB),6000,44423809,0,3.6,0,18,,,,,,,,,,,,,,,,10/11/2026,,,,,,,,,,,,,,,,,,,,,,,,,,
Tyrod Taylor,QB,GB,Showdown Captain Mode,10/11/2026,Showdown Captain Mode 10/11 1:00PM (CHI @ GB),6000,44423810,0,3.6,0,18,,,,,,,,,,,,,,,,10/11/2026,,,,,,,,,,,,,,,,,,,,,,,,,,
Cooper Rush,QB,ATL,Showdown Captain Mode,10/11/2026,Showdown Captain Mode 10/11 8:20PM (BAL @ ATL),6000,44446701,0,3.6,0,18,,,,,,,,,,,,,,,,10/11/2026,,,,,,,,,,,,,,,,,,,,,,,,,,
Jack Strand,QB,ATL,Showdown Captain Mode,10/11/2026,Showdown Captain Mode 10/11 8:20PM (BAL @ ATL),6000,44446702,0,3.6,0,18,,,,,,,,,,,,,,,,10/11/2026,,,,,,,,,,,,,,,,,,,,,,,,,,
Skylar Thompson,QB,BAL,Showdown Captain Mode,10/11/2026,Showdown Captain Mode 10/11 8:20PM (BAL @ ATL),6000,44446703,0,3.6,0,18,,,,,,,,,,,,,,,,10/11/2026,,,,,,,,,,,,,,,,,,,,,,,,,,
Tua Tagovailoa,QB,ATL,Showdown Captain Mode,10/11/2026,Showdown Captain Mode 10/11 8:20PM (BAL @ ATL),6000,44446704,0,3.6,0,18,,,,,,,,,,,,,,,,10/11/2026,,,,,,,,,,,,,,,,,,,,,,,,,,
Joe Fagnano,QB,BAL,Showdown Captain Mode,10/11/2026,Showdown Captain Mode 10/11 8:20PM (BAL @ ATL),6000,44446705,0,3.6,0,18,,,,,,,,,,,,,,,,10/11/2026,,,,,,,,,,,,,,,,,,,,,,,,,,
Matthew Caldwell,QB,LAR,Showdown Captain Mode,10/12/2026,Showdown Captain Mode 10/12 8:15PM (BUF @ LAR),6000,44446805,0,3.6,0,18,,,,,,,,,,,,,,,,10/12/2026,,,,,,,,,,,,,,,,,,,,,,,,,,
Kyle Allen,QB,BUF,Showdown Captain Mode,10/12/2026,Showdown Captain Mode 10/12 8:15PM (BUF @ LAR),6000,44446806,0,3.6,0,18,,,,,,,,,,,,,,,,10/12/2026,,,,,,,,,,,,,,,,,,,,,,,,,,
Ty Simpson,QB,LAR,Showdown Captain Mode,10/12/2026,Showdown Captain Mode 10/12 8:15PM (BUF @ LAR),6000,44446807,0,3.6,0,18,,,,,,,,,,,,,,,,10/12/2026,,,,,,,,,,,,,,,,,,,,,,,,,,
Stetson Bennett IV,QB,LAR,Showdown Captain Mode,10/12/2026,Showdown Captain Mode 10/12 8:15PM (BUF @ LAR),6000,44446808,0,3.6,0,18,,,,,,,,,,,,,,,,10/12/2026,,,,,,,,,,,,,,,,,,,,,,,,,,
Shane Buechele,QB,BUF,Showdown Captain Mode,10/12/2026,Showdown Captain Mode 10/12 8:15PM (BUF @ LAR),6000,44446809,0,3.6,0,18,,,,,,,,,,,,,,,,10/12/2026,,,,,,,,,,,,,,,,,,,,,,,,,,
Mac Jones,QB,SF,Showdown Captain Mode,10/11/2026,Showdown Captain Mode 10/11 4:25PM (SF @ SEA),6000,44434554,0,3.6,0,18,,,,,,,,,,,,,,,,10/11/2026,,,,,,,,,,,,,,,,,,,,,,,,,,
Drew Lock,QB,SEA,Showdown Captain Mode,10/11/2026,Showdown Captain Mode 10/11 4:25PM (SF @ SEA),6000,44434555,0,3.6,0,18,,,,,,,,,,,,,,,,10/11/2026,,,,,,,,,,,,,,,,,,,,,,,,,,
Kurtis Rourke,QB,SF,Showdown Captain Mode,10/11/2026,Showdown Captain Mode 10/11 4:25PM (SF @ SEA),6000,44434556,0,3.6,0,18,,,,,,,,,,,,,,,,10/11/2026,,,,,,,,,,,,,,,,,,,,,,,,,,
Jalen Milroe,QB,SEA,Showdown Captain Mode,10/11/2026,Showdown Captain Mode 10/11 4:25PM (SF @ SEA),6000,44434557,0,3.6,0,18,,,,,,,,,,,,,,,,10/11/2026,,,,,,,,,,,,,,,,,,,,,,,,,,
Luke Altmyer,QB,DET,Showdown Captain Mode,10/11/2026,Showdown Captain Mode 10/11 4:25PM (DET @ ARI),6000,44434772,0,3.6,0,18,,,,,,,,,,,,,,,,10/11/2026,,,,,,,,,,,,,,,,,,,,,,,,,,
Carson Beck,QB,ARI,Showdown Captain Mode,10/11/2026,Showdown Captain Mode 10/11 4:25PM (DET @ ARI),6000,44434773,0,3.6,0,18,,,,,,,,,,,,,,,,10/11/2026,,,,,,,,,,,,,,,,,,,,,,,,,,
Joshua Dobbs,QB,DET,Showdown Captain Mode,10/11/2026,Showdown Captain Mode 10/11 4:25PM (DET @ ARI),6000,44434774,0,3.6,0,18,,,,,,,,,,,,,,,,10/11/2026,,,,,,,,,,,,,,,,,,,,,,,,,,
Gardner Minshew II,QB,ARI,Showdown Captain Mode,10/11/2026,Showdown Captain Mode 10/11 4:25PM (DET @ ARI),6000,44434775,0,3.6,0,18,,,,,,,,,,,,,,,,10/11/2026,,,,,,,,,,,,,,,,,,,,,,,,,,
Tommy DeVito,QB,NE,Showdown Captain Mode,10/11/2026,Showdown Captain Mode 10/11 1:00PM (LV @ NE),6000,44420793,0,3.6,0,18,,,,,,,,,,,,,,,,10/11/2026,,,,,,,,,,,,,,,,,,,,,,,,,,
Behren Morton,QB,NE,Showdown Captain Mode,10/11/2026,Showdown Captain Mode 10/11 1:00PM (LV @ NE),6000,44420794,0,3.6,0,18,,,,,,,,,,,,,,,,10/11/2026,,,,,,,,,,,,,,,,,,,,,,,,,,
Aidan O'Connell,QB,LV,Showdown Captain Mode,10/11/2026,Showdown Captain Mode 10/11 1:00PM (LV @ NE),6000,44420795,0,3.6,0,18,,,,,,,,,,,,,,,,10/11/2026,,,,,,,,,,,,,,,,,,,,,,,,,,
Fernando Mendoza,QB,LV,Showdown Captain Mode,10/11/2026,Showdown Captain Mode 10/11 1:00PM (LV @ NE),6000,44420796,0,3.6,0,18,,,,,,,,,,,,,,,,10/11/2026,,,,,,,,,,,,,,,,,,,,,,,,,,
Carson Wentz,QB,MIN,Showdown Captain Mode,10/11/2026,Showdown Captain Mode 10/11 1:00PM (MIN @ NO),6000,44422654,0,3.6,0,18,,,,,,,,,,,,,,,,10/11/2026,,,,,,,,,,,,,,,,,,,,,,,,,,
Max Brosmer,QB,MIN,Showdown Captain Mode,10/11/2026,Showdown Captain Mode 10/11 1:00PM (MIN @ NO),6000,44422655,0,3.6,0,18,,,,,,,,,,,,,,,,10/11/2026,,,,,,,,,,,,,,,,,,,,,,,,,,
Zach Wilson,QB,NO,Showdown Captain Mode,10/11/2026,Showdown Captain Mode 10/11 1:00PM (MIN @ NO),6000,44422656,0,3.6,0,18,,,,,,,,,,,,,,,,10/11/2026,,,,,,,,,,,,,,,,,,,,,,,,,,
Spencer Rattler,QB,NO,Showdown Captain Mode,10/11/2026,Showdown Captain Mode 10/11 1:00PM (MIN @ NO),6000,44422657,0,3.6,0,18,,,,,,,,,,,,,,,,10/11/2026,,,,,,,,,,,,,,,,,,,,,,,,,,
Mason Rudolph,QB,PIT,Showdown Captain Mode,10/11/2026,Showdown Captain Mode 10/11 1:00PM (IND @ PIT),6000,44423163,0,3.6,0,18,,,,,,,,,,,,,,,,10/11/2026,,,,,,,,,,,,,,,,,,,,,,,,,,
Drew Allar,QB,PIT,Showdown Captain Mode,10/11/2026,Showdown Captain Mode 10/11 1:00PM (IND @ PIT),6000,44423165,0,3.6,0,18,,,,,,,,,,,,,,,,10/11/2026,,,,,,,,,,,,,,,,,,,,,,,,,,
Will Howard,QB,PIT,Showdown Captain Mode,10/11/2026,Showdown Captain Mode 10/11 1:00PM (IND @ PIT),6000,44423167,0,3.6,0,18,,,,,,,,,,,,,,,,10/11/2026,,,,,,,,,,,,,,,,,,,,,,,,,,
Riley Leonard,QB,IND,Showdown Captain Mode,10/11/2026,Showdown Captain Mode 10/11 1:00PM (IND @ PIT),6000,44423169,0,3.6,0,18,,,,,,,,,,,,,,,,10/11/2026,,,,,,,,,,,,,,,,,,,,,,,,,,
Anthony Richardson Sr.,QB,IND,Showdown Captain Mode,10/11/2026,Showdown Captain Mode 10/11 1:00PM (IND @ PIT),6000,44423171,0,3.6,0,18,,,,,,,,,,,,,,,,10/11/2026,,,,,,,,,,,,,,,,,,,,,,,,,,
Sean Clifford,QB,CIN,Showdown Captain Mode,10/11/2026,Showdown Captain Mode 10/11 1:00PM (CIN @ MIA),6000,44420578,0,3.6,0,18,,,,,,,,,,,,,,,,10/11/2026,,,,,,,,,,,,,,,,,,,,,,,,,,
Josh Johnson,QB,CIN,Showdown Captain Mode,10/11/2026,Showdown Captain Mode 10/11 1:00PM (CIN @ MIA),6000,44420579,0,3.6,0,18,,,,,,,,,,,,,,,,10/11/2026,,,,,,,,,,,,,,,,,,,,,,,,,,
Brady Cook,QB,MIA,Showdown Captain Mode,10/11/2026,Showdown Captain Mode 10/11 1:00PM (CIN @ MIA),6000,44420580,0,3.6,0,18,,,,,,,,,,,,,,,,10/11/2026,,,,,,,,,,,,,,,,,,,,,,,,,,
Kyle McCord,QB,MIA,Showdown Captain Mode,10/11/2026,Showdown Captain Mode 10/11 1:00PM (CIN @ MIA),6000,44420581,0,3.6,0,18,,,,,,,,,,,,,,,,10/11/2026,,,,,,,,,,,,,,,,,,,,,,,,,,
Marcus Mariota,QB,WAS,Showdown Captain Mode,10/11/2026,Showdown Captain Mode 10/11 1:00PM (NYG @ WAS),6000,44420684,0,3.6,0,18,,,,,,,,,,,,,,,,10/11/2026,,,,,,,,,,,,,,,,,,,,,,,,,,
Jaxson Dart,QB,NYG,Showdown Captain Mode,10/11/2026,Showdown Captain Mode 10/11 1:00PM (NYG @ WAS),6000,44420685,0,3.6,0,18,,,,,,,,,,,,,,,,10/11/2026,,,,,,,,,,,,,,,,,,,,,,,,,,
Jake Haener,QB,NYG,Showdown Captain Mode,10/11/2026,Showdown Captain Mode 10/11 1:00PM (NYG @ WAS),6000,44420686,0,3.6,0,18,,,,,,,,,,,,,,,,10/11/2026,,,,,,,,,,,,,,,,,,,,,,,,,,
Sam Hartman,QB,WAS,Showdown Captain Mode,10/11/2026,Showdown Captain Mode 10/11 1:00PM (NYG @ WAS),6000,44420687,0,3.6,0,18,,,,,,,,,,,,,,,,10/11/2026,,,,,,,,,,,,,,,,,,,,,,,,,,
Mitchell Trubisky,QB,TEN,Showdown Captain Mode,10/11/2026,Showdown Captain Mode 10/11 1:00PM (HOU @ TEN),6000,44420905,0,3.6,0,18,,,,,,,,,,,,,,,,10/11/2026,,,,,,,,,,,,,,,,,,,,,,,,,,
Hendon Hooker,QB,TEN,Showdown Captain Mode,10/11/2026,Showdown Captain Mode 10/11 1:00PM (HOU @ TEN),6000,44420906,0,3.6,0,18,,,,,,,,,,,,,,,,10/11/2026,,,,,,,,,,,,,,,,,,,,,,,,,,
Graham Mertz,QB,HOU,Showdown Captain Mode,10/11/2026,Showdown Captain Mode 10/11 1:00PM (HOU @ TEN),6000,44420907,0,3.6,0,18,,,,,,,,,,,,,,,,10/11/2026,,,,,,,,,,,,,,,,,,,,,,,,,,
Davis Mills,QB,HOU,Showdown Captain Mode,10/11/2026,Showdown Captain Mode 10/11 1:00PM (HOU @ TEN),6000,44420908,0,3.6,0,18,,,,,,,,,,,,,,,,10/11/2026,,,,,,,,,,,,,,,,,,,,,,,,,,
Mark Gronowski,QB,HOU,Showdown Captain Mode,10/11/2026,Showdown Captain Mode 10/11 1:00PM (HOU @ TEN),6000,44448321,0,3.6,0,18,,,,,,,,,,,,,,,,10/11/2026,,,,,,,,,,,,,,,,,,,,,,,,,,
Will Levis,QB,NYJ,Showdown Captain Mode,10/11/2026,Showdown Captain Mode 10/11 1:00PM (CLE @ NYJ),6000,44422303,0,3.6,0,18,,,,,,,,,,,,,,,,10/11/2026,,,,,,,,,,,,,,,,,,,,,,,,,,
Dillon Gabriel,QB,CLE,Showdown Captain Mode,10/11/2026,Showdown Captain Mode 10/11 1:00PM (CLE @ NYJ),6000,44422304,0,3.6,0,18,,,,,,,,,,,,,,,,10/11/2026,,,,,,,,,,,,,,,,,,,,,,,,,,
Taylen Green,QB,CLE,Showdown Captain Mode,10/11/2026,Showdown Captain Mode 10/11 1:00PM (CLE @ NYJ),6000,44422305,0,3.6,0,18,,,,,,,,,,,,,,,,10/11/2026,,,,,,,,,,,,,,,,,,,,,,,,,,
Shedeur Sanders,QB,CLE,Showdown Captain Mode,10/11/2026,Showdown Captain Mode 10/11 1:00PM (CLE @ NYJ),6000,44422306,0,3.6,0,18,,,,,,,,,,,,,,,,10/11/2026,,,,,,,,,,,,,,,,,,,,,,,,,,
Cade Klubnik,QB,NYJ,Showdown Captain Mode,10/11/2026,Showdown Captain Mode 10/11 1:00PM (CLE @ NYJ),6000,44422307,0,3.6,0,18,,,,,,,,,,,,,,,,10/11/2026,,,,,,,,,,,,,,,,,,,,,,,,,,
Jarrett Stidham,QB,DEN,Showdown Captain Mode,10/11/2026,Showdown Captain Mode 10/11 4:05PM (DEN @ LAC),6000,44434445,0,3.6,0,18,,,,,,,,,,,,,,,,10/11/2026,,,,,,,,,,,,,,,,,,,,,,,,,,
DJ Uiagalelei,QB,LAC,Showdown Captain Mode,10/11/2026,Showdown Captain Mode 10/11 4:05PM (DEN @ LAC),6000,44434446,0,3.6,0,18,,,,,,,,,,,,,,,,10/11/2026,,,,,,,,,,,,,,,,,,,,,,,,,,
Sam Ehlinger,QB,DEN,Showdown Captain Mode,10/11/2026,Showdown Captain Mode 10/11 4:05PM (DEN @ LAC),6000,44434447,0,3.6,0,18,,,,,,,,,,,,,,,,10/11/2026,,,,,,,,,,,,,,,,,,,,,,,,,,
Trey Lance,QB,LAC,Showdown Captain Mode,10/11/2026,Showdown Captain Mode 10/11 4:05PM (DEN @ LAC),6000,44434448,0,3.6,0,18,,,,,,,,,,,,,,,,10/11/2026,,,,,,,,,,,,,,,,,,,,,,,,,,
Jack Strand,QB,ATL,Showdown 2nd Half,10/11/2026,Showdown 2nd Half 10/11 9:20PM 2H (BAL @ ATL),6000,44447436,0,3.6,0,18,,,,,,,,,,,,,,,,10/11/2026,,,,,,,,,,,,,,,,,,,,,,,,,,
Skylar Thompson,QB,BAL,Showdown 2nd Half,10/11/2026,Showdown 2nd Half 10/11 9:20PM 2H (BAL @ ATL),6000,44447438,0,3.6,0,18,,,,,,,,,,,,,,,,10/11/2026,,,,,,,,,,,,,,,,,,,,,,,,,,
Cooper Rush,QB,ATL,Showdown 2nd Half,10/11/2026,Showdown 2nd Half 10/11 9:20PM 2H (BAL @ ATL),6000,44447435,0,3.6,0,18,,,,,,,,,,,,,,,,10/11/2026,,,,,,,,,,,,,,,,,,,,,,,,,,
Joe Fagnano,QB,BAL,Showdown 2nd Half,10/11/2026,Showdown 2nd Half 10/11 9:20PM 2H (BAL @ ATL),6000,44447437,0,3.6,0,18,,,,,,,,,,,,,,,,10/11/2026,,,,,,,,,,,,,,,,,,,,,,,,,,
Tua Tagovailoa,QB,ATL,Showdown 2nd Half,10/11/2026,Showdown 2nd Half 10/11 9:20PM 2H (BAL @ ATL),6000,44447434,0,3.6,0,18,,,,,,,,,,,,,,,,10/11/2026,,,,,,,,,,,,,,,,,,,,,,,,,,
Cooper Rush,QB,ATL,Showdown 4th Quarter,10/11/2026,Showdown 4th Quarter 10/11 9:50PM Q4 (BAL @ ATL),6000,44447580,0,3.6,0,18,,,,,,,,,,,,,,,,10/11/2026,,,,,,,,,,,,,,,,,,,,,,,,,,
Skylar Thompson,QB,BAL,Showdown 4th Quarter,10/11/2026,Showdown 4th Quarter 10/11 9:50PM Q4 (BAL @ ATL),6000,44447581,0,3.6,0,18,,,,,,,,,,,,,,,,10/11/2026,,,,,,,,,,,,,,,,,,,,,,,,,,
Jack Strand,QB,ATL,Showdown 4th Quarter,10/11/2026,Showdown 4th Quarter 10/11 9:50PM Q4 (BAL @ ATL),6000,44447579,0,3.6,0,18,,,,,,,,,,,,,,,,10/11/2026,,,,,,,,,,,,,,,,,,,,,,,,,,
Joe Fagnano,QB,BAL,Showdown 4th Quarter,10/11/2026,Showdown 4th Quarter 10/11 9:50PM Q4 (BAL @ ATL),6000,44447582,0,3.6,0,18,,,,,,,,,,,,,,,,10/11/2026,,,,,,,,,,,,,,,,,,,,,,,,,,
Tua Tagovailoa,QB,ATL,Showdown 4th Quarter,10/11/2026,Showdown 4th Quarter 10/11 9:50PM Q4 (BAL @ ATL),6000,44447583,0,3.6,0,18,,,,,,,,,,,,,,,,10/11/2026,,,,,,,,,,,,,,,,,,,,,,,,,,
Ty Simpson,QB,LAR,Showdown 2nd Half,10/12/2026,Showdown 2nd Half 10/12 9:15PM 2H (BUF @ LAR),6000,44447682,0,3.6,0,18,,,,,,,,,,,,,,,,10/12/2026,,,,,,,,,,,,,,,,,,,,,,,,,,
Matthew Caldwell,QB,LAR,Showdown 2nd Half,10/12/2026,Showdown 2nd Half 10/12 9:15PM 2H (BUF @ LAR),6000,44447680,0,3.6,0,18,,,,,,,,,,,,,,,,10/12/2026,,,,,,,,,,,,,,,,,,,,,,,,,,
Kyle Allen,QB,BUF,Showdown 2nd Half,10/12/2026,Showdown 2nd Half 10/12 9:15PM 2H (BUF @ LAR),6000,44447681,0,3.6,0,18,,,,,,,,,,,,,,,,10/12/2026,,,,,,,,,,,,,,,,,,,,,,,,,,
Stetson Bennett IV,QB,LAR,Showdown 2nd Half,10/12/2026,Showdown 2nd Half 10/12 9:15PM 2H (BUF @ LAR),6000,44447683,0,3.6,0,18,,,,,,,,,,,,,,,,10/12/2026,,,,,,,,,,,,,,,,,,,,,,,,,,
Shane Buechele,QB,BUF,Showdown 2nd Half,10/12/2026,Showdown 2nd Half 10/12 9:15PM 2H (BUF @ LAR),6000,44447684,0,3.6,0,18,,,,,,,,,,,,,,,,10/12/2026,,,,,,,,,,,,,,,,,,,,,,,,,,
Ty Simpson,QB,LAR,Showdown 4th Quarter,10/12/2026,Showdown 4th Quarter 10/12 9:45PM Q4 (BUF @ LAR),6000,44447782,0,3.6,0,18,,,,,,,,,,,,,,,,10/12/2026,,,,,,,,,,,,,,,,,,,,,,,,,,
Stetson Bennett IV,QB,LAR,Showdown 4th Quarter,10/12/2026,Showdown 4th Quarter 10/12 9:45PM Q4 (BUF @ LAR),6000,44447778,0,3.6,0,18,,,,,,,,,,,,,,,,10/12/2026,,,,,,,,,,,,,,,,,,,,,,,,,,
Kyle Allen,QB,BUF,Showdown 4th Quarter,10/12/2026,Showdown 4th Quarter 10/12 9:45PM Q4 (BUF @ LAR),6000,44447779,0,3.6,0,18,,,,,,,,,,,,,,,,10/12/2026,,,,,,,,,,,,,,,,,,,,,,,,,,
Shane Buechele,QB,BUF,Showdown 4th Quarter,10/12/2026,Showdown 4th Quarter 10/12 9:45PM Q4 (BUF @ LAR),6000,44447781,0,3.6,0,18,,,,,,,,,,,,,,,,10/12/2026,,,,,,,,,,,,,,,,,,,,,,,,,,
Matthew Caldwell,QB,LAR,Showdown 4th Quarter,10/12/2026,Showdown 4th Quarter 10/12 9:45PM Q4 (BUF @ LAR),6000,44447780,0,3.6,0,18,,,,,,,,,,,,,,,,10/12/2026,,,,,,,,,,,,,,,,,,,,,,,,,,
Bears,CPT,CHI,Showdown Captain Mode,10/11/2026,Showdown Captain Mode 10/11 1:00PM (CHI @ GB),6000,44423872,0,3.6,0,18,,,,,,,,,,,,,,,,10/11/2026,,,,,,,,,,,,,,,,,,,,,,,,,,
Falcons,CPT,ATL,Showdown Captain Mode,10/11/2026,Showdown Captain Mode 10/11 8:20PM (BAL @ ATL),6000,44446763,0,3.6,0,18,,,,,,,,,,,,,,,,10/11/2026,,,,,,,,,,,,,,,,,,,,,,,,,,
Lions,CPT,DET,Showdown Captain Mode,10/11/2026,Showdown Captain Mode 10/11 4:25PM (DET @ ARI),6000,44434835,0,3.6,0,18,,,,,,,,,,,,,,,,10/11/2026,,,,,,,,,,,,,,,,,,,,,,,,,,
Patriots,CPT,NE,Showdown Captain Mode,10/11/2026,Showdown Captain Mode 10/11 1:00PM (LV @ NE),6000,44420860,0,3.6,0,18,,,,,,,,,,,,,,,,10/11/2026,,,,,,,,,,,,,,,,,,,,,,,,,,
Mitch Tinsley,CPT,CIN,Showdown Captain Mode,10/11/2026,Showdown Captain Mode 10/11 1:00PM (CIN @ MIA),6000,44420641,0,3.6,0,18,,,,,,,,,,,,,,,,10/11/2026,,,,,,,,,,,,,,,,,,,,,,,,,,
Commanders,CPT,WAS,Showdown Captain Mode,10/11/2026,Showdown Captain Mode 10/11 1:00PM (NYG @ WAS),6000,44420748,0,3.6,0,18,,,,,,,,,,,,,,,,10/11/2026,,,,,,,,,,,,,,,,,,,,,,,,,,
Jets,CPT,NYJ,Showdown Captain Mode,10/11/2026,Showdown Captain Mode 10/11 1:00PM (CLE @ NYJ),6000,44422367,0,3.6,0,18,,,,,,,,,,,,,,,,10/11/2026,,,,,,,,,,,,,,,,,,,,,,,,,,
Falcons,CPT,ATL,Showdown 2nd Half,10/11/2026,Showdown 2nd Half 10/11 9:20PM 2H (BAL @ ATL),6000,44447392,0,3.6,0,18,,,,,,,,,,,,,,,,10/11/2026,,,,,,,,,,,,,,,,,,,,,,,,,,
Falcons,CPT,ATL,Showdown 4th Quarter,10/11/2026,Showdown 4th Quarter 10/11 9:50PM Q4 (BAL @ ATL),6000,44447537,0,3.6,0,18,,,,,,,,,,,,,,,,10/11/2026,,,,,,,,,,,,,,,,,,,,,,,,,,
Darius Slayton,CPT,IND,Showdown Captain Mode,10/11/2026,Showdown Captain Mode 10/11 1:00PM (IND @ PIT),4800,44423283,0.87,3.58,0.18,14.4,,,,,,,,,,,,,,,,10/11/2026,,,,,,,,,,,,,,,,,,,,,0.14,,,,,
Breece Hall,RB,NYJ,Classic,10/11/2026,"Classic 10/11 1:00PM, 11 Games",5900,44391920,0,3.54,0,17.7,,,,,,,,,,,,,,,,10/11/2026,,,,,,,,,,,,,,,,,,,,,,,,,,
Breece Hall,RB,NYJ,Early,10/11/2026,"Early 10/11 1:00PM, 8 Games",5900,44418551,0,3.54,0,17.7,,,,,,,,,,,,,,,,10/11/2026,,,,,,,,,,,,,,,,,,,,,,,,,,
Colbie Young,WR,CIN,Showdown Captain Mode,10/11/2026,Showdown Captain Mode 10/11 1:00PM (CIN @ MIA),4600,44420587,0.94,3.51,0.2,13.8,,,,,,,,,,,,,,,,10/11/2026,,,,,,,,,,,,,,,,,,,,,0.16,,,,,
Calvin Ridley,WR,TEN,Classic,10/11/2026,"Classic 10/11 1:00PM, 11 Games",3500,44392286,1.9,3.51,0.54,10.5,,,,,,,,2,,12/30/1899,n/a,n/a,n/a,n/a,n/a,10/11/2026,,,,,,,,,,,,,,,0.94,1.5,8.73,9.24,8.46,,0.08,,,,,
Calvin Ridley,WR,TEN,Early,10/11/2026,"Early 10/11 1:00PM, 8 Games",3500,44418815,1.9,3.51,0.54,10.5,,,,,,,,2,,12/30/1899,n/a,n/a,n/a,n/a,n/a,10/11/2026,,,,,,,,,,,,,,,0.94,1.5,8.73,9.24,8.46,,0.08,,,,,
Caleb Douglas,WR,MIA,Showdown Captain Mode,10/11/2026,Showdown Captain Mode 10/11 1:00PM (CIN @ MIA),5800,44420582,0,3.48,0,17.4,,,,,,,,,,,,,,,,10/11/2026,,,,,,,,,,,,,,,,,,,,,,,,,,
Dohnte Meyers,WR,CIN,Classic,10/11/2026,"Classic 10/11 1:00PM, 11 Games",3500,44392288,1.69,3.45,0.48,10.5,,,,,,,,,,,,,,,,10/11/2026,,,,,,,,,,,,,,,,,,,,,0.28,,,,,
Dohnte Meyers,WR,CIN,Early,10/11/2026,"Early 10/11 1:00PM, 8 Games",3500,44418819,1.69,3.45,0.48,10.5,,,,,,,,,,,,,,,,10/11/2026,,,,,,,,,,,,,,,,,,,,,0.28,,,,,
Seahawks,CPT,SEA,Showdown Captain Mode,10/11/2026,Showdown Captain Mode 10/11 4:25PM (SF @ SEA),5700,44434623,0,3.42,0,17.1,,,,,,,,,,,,,,,,10/11/2026,,,,,,,,,,,,,,,,,,,,,,,,,,
Zach Ertz,CPT,PHI,Showdown Captain Mode,10/11/2026,Showdown Captain Mode 10/11 9:30AM (PHI @ JAX),4800,44420539,0.67,3.42,0.14,14.4,,,,,,,,,,,,,,,,10/11/2026,,,,,,,,,,,,,,,,,,,,,0.11,,,,,
Jordan Whittington,CPT,LAR,Showdown Captain Mode,10/12/2026,Showdown Captain Mode 10/12 8:15PM (BUF @ LAR),3000,44446871,2.03,3.42,0.68,9,,,,,,,,,,12/30/1899,BUF @ LAR,Bills @ Rams,SoFi Stadium,outdoor,ABC/ESPN,10/12/2026,,,,,,,,,,,,,,,0.88,1.5,5.73,6.5,3.5,,0.1,,,,,
Jordan Whittington,WR,LAR,Classic,10/12/2026,"Classic 10/11 1:00PM, 13 Games",3000,44419820,2.03,3.42,0.68,9,,,,,,,,,,12/30/1899,BUF @ LAR,Bills @ Rams,SoFi Stadium,outdoor,ABC/ESPN,10/12/2026,,,,,,,,,,,,,,,0.88,1.5,5.73,6.5,3.5,,0.1,,,,,
Jordan Whittington,CPT,LAR,Showdown 2nd Half,10/12/2026,Showdown 2nd Half 10/12 9:15PM 2H (BUF @ LAR),3000,44447648,2.03,3.42,0.68,9,,,,,,,,,,12/30/1899,BUF @ LAR,Bills @ Rams,SoFi Stadium,outdoor,ABC/ESPN,10/12/2026,,,,,,,,,,,,,,,0.88,1.5,5.73,6.5,3.5,,0.1,,,,,
Jordan Whittington,CPT,LAR,Showdown 4th Quarter,10/12/2026,Showdown 4th Quarter 10/12 9:45PM Q4 (BUF @ LAR),3000,44447746,2.03,3.42,0.68,9,,,,,,,,,,12/30/1899,BUF @ LAR,Bills @ Rams,SoFi Stadium,outdoor,ABC/ESPN,10/12/2026,,,,,,,,,,,,,,,0.88,1.5,5.73,6.5,3.5,,0.1,,,,,
Austin Ekeler,RB,WAS,Classic,10/11/2026,"Classic 10/11 1:00PM, 11 Games",4400,44391982,0.92,3.38,0.21,13.2,,,,,,,,,,,,,,,,10/11/2026,,,,,,,,,,,,,,,,,,,,,0.15,,,,,
Austin Ekeler,RB,WAS,Early,10/11/2026,"Early 10/11 1:00PM, 8 Games",4400,44418593,0.92,3.38,0.21,13.2,,,,,,,,,,,,,,,,10/11/2026,,,,,,,,,,,,,,,,,,,,,0.15,,,,,
Kimani Vidal,CPT,LAC,Showdown Captain Mode,10/11/2026,Showdown Captain Mode 10/11 4:05PM (DEN @ LAC),4500,44434512,0.84,3.37,0.19,13.5,,,,,,,,,,,,,,,,10/11/2026,,,,,,,,,,,,,,,,,,,,,0.14,,,,,
Olamide Zaccheaus,WR,ATL,Showdown Captain Mode,10/11/2026,Showdown Captain Mode 10/11 8:20PM (BAL @ ATL),2400,44446716,2.41,3.37,1,7.2,,,,,,,,,,12/30/1899,BAL @ ATL,Ravens @ Falcons,Mercedes-Benz Stadium,retractable_dome,NBC/Peacock,10/11/2026,,,,,,,,,,,,,,,1.04,1.5,7.42,7.13,7.5,,0.1,,,,,
Olamide Zaccheaus,WR,ATL,Showdown 2nd Half,10/11/2026,Showdown 2nd Half 10/11 9:20PM 2H (BAL @ ATL),2400,44447449,2.41,3.37,1,7.2,,,,,,,,,,12/30/1899,BAL @ ATL,Ravens @ Falcons,Mercedes-Benz Stadium,retractable_dome,NBC/Peacock,10/11/2026,,,,,,,,,,,,,,,1.04,1.5,7.42,7.13,7.5,,0.1,,,,,
Olamide Zaccheaus,WR,ATL,Showdown 4th Quarter,10/11/2026,Showdown 4th Quarter 10/11 9:50PM Q4 (BAL @ ATL),2400,44447594,2.41,3.37,1,7.2,,,,,,,,,,12/30/1899,BAL @ ATL,Ravens @ Falcons,Mercedes-Benz Stadium,retractable_dome,NBC/Peacock,10/11/2026,,,,,,,,,,,,,,,1.04,1.5,7.42,7.13,7.5,,0.1,,,,,
Kyle Williams,WR,NE,Classic,10/11/2026,"Classic 10/11 1:00PM, 11 Games",3100,44392328,1.95,3.32,0.63,9.3,,,11.5,,,,,,,12/30/1899,n/a,n/a,n/a,n/a,n/a,10/11/2026,,,,,,,,,,,,,,,,,11.5,,10.5,,0.13,,,,,
Kyle Williams,WR,NE,Early,10/11/2026,"Early 10/11 1:00PM, 8 Games",3100,44418843,1.95,3.32,0.63,9.3,,,11.5,,,,,,,12/30/1899,n/a,n/a,n/a,n/a,n/a,10/11/2026,,,,,,,,,,,,,,,,,11.5,,10.5,,0.13,,,,,
Zach Charbonnet,RB,SEA,Classic,10/11/2026,"Classic 10/11 1:00PM, 11 Games",5500,44391928,0,3.3,0,16.5,,,,,,,,,,,,,,,,10/11/2026,,,,,,,,,,,,,,,,,,,,,,,,,,
Zach Charbonnet,RB,SEA,Late,10/11/2026,"Late 10/11 4:05PM, 3 Games",5500,44433272,0,3.3,0,16.5,,,,,,,,,,,,,,,,10/11/2026,,,,,,,,,,,,,,,,,,,,,,,,,,
Dyami Brown,CPT,WAS,Showdown Captain Mode,10/11/2026,Showdown Captain Mode 10/11 1:00PM (NYG @ WAS),3900,44420754,1.2,3.3,0.31,11.7,,,,,,,,,,,,,,,,10/11/2026,,,,,,,,,,,,,,,,,,,,,0.2,,,,,
Will Kacmarek,TE,MIA,Classic,10/11/2026,"Classic 10/11 1:00PM, 11 Games",2500,44392834,2.33,3.3,0.93,7.5,,,4.5,,,,,,,12/30/1899,CIN @ MIA,Bengals @ Dolphins,Hard Rock Stadium,outdoor,FOX,10/11/2026,,,,,,,,,,,,,,,1.24,2,6.12,4.95,4.5,,0.08,,,,,
Will Kacmarek,TE,MIA,Early,10/11/2026,"Early 10/11 1:00PM, 8 Games",2500,44419203,2.33,3.3,0.93,7.5,,,4.5,,,,,,,12/30/1899,CIN @ MIA,Bengals @ Dolphins,Hard Rock Stadium,outdoor,FOX,10/11/2026,,,,,,,,,,,,,,,1.24,2,6.12,4.95,4.5,,0.08,,,,,
Kyle Williams,CPT,NE,Showdown Captain Mode,10/11/2026,Showdown Captain Mode 10/11 1:00PM (LV @ NE),3000,44420868,1.95,3.27,0.65,9,,,11.5,,,,,,,12/30/1899,n/a,n/a,n/a,n/a,n/a,10/11/2026,,,,,,,,,,,,,,,,,11.5,,10.5,,0.13,,,,,
Roschon Johnson,RB,CHI,Classic,10/11/2026,"Classic 10/11 1:00PM, 11 Games",4200,44391998,0.92,3.26,0.22,12.6,,,,,,,,,,,,,,,,10/11/2026,,,,,,,,,,,,,,,,,,,,,0.15,,,,,
Roschon Johnson,RB,CHI,Early,10/11/2026,"Early 10/11 1:00PM, 8 Games",4200,44418601,0.92,3.26,0.22,12.6,,,,,,,,,,,,,,,,10/11/2026,,,,,,,,,,,,,,,,,,,,,0.15,,,,,
Bryce Lance,CPT,NO,Showdown Captain Mode,10/11/2026,Showdown Captain Mode 10/11 1:00PM (MIN @ NO),4500,44422723,0.69,3.25,0.15,13.5,,,,,,,,,,,,,,,,10/11/2026,,,,,,,,,,,,,,,,,,,,,0.11,,,,,
Kimani Vidal,RB,LAC,Classic,10/11/2026,"Classic 10/11 1:00PM, 11 Games",4300,44391990,0.84,3.25,0.2,12.9,,,,,,,,,,,,,,,,10/11/2026,,,,,,,,,,,,,,,,,,,,,0.14,,,,,
Kimani Vidal,RB,LAC,Late,10/11/2026,"Late 10/11 4:05PM, 3 Games",4300,44433292,0.84,3.25,0.2,12.9,,,,,,,,,,,,,,,,10/11/2026,,,,,,,,,,,,,,,,,,,,,0.14,,,,,
Jordyn Tyson,WR,NO,Classic,10/11/2026,"Classic 10/11 1:00PM, 11 Games",5400,44392206,0,3.24,0,16.2,,,,,,,,,,,,,,,,10/11/2026,,,,,,,,,,,,,,,,,,,,,,,,,,
Eagles,CPT,PHI,Showdown Captain Mode,10/11/2026,Showdown Captain Mode 10/11 9:30AM (PHI @ JAX),5400,44420538,0,3.24,0,16.2,,,,,,,,,,,,,,,,10/11/2026,,,,,,,,,,,,,,,,,,,,,,,,,,
Jordyn Tyson,WR,NO,Early,10/11/2026,"Early 10/11 1:00PM, 8 Games",5400,44418753,0,3.24,0,16.2,,,,,,,,,,,,,,,,10/11/2026,,,,,,,,,,,,,,,,,,,,,,,,,,
Packers,CPT,GB,Showdown Captain Mode,10/11/2026,Showdown Captain Mode 10/11 1:00PM (CHI @ GB),5400,44423873,0,3.24,0,16.2,,,,,,,,,,,,,,,,10/11/2026,,,,,,,,,,,,,,,,,,,,,,,,,,
Saints,CPT,NO,Showdown Captain Mode,10/11/2026,Showdown Captain Mode 10/11 1:00PM (MIN @ NO),5400,44422721,0,3.24,0,16.2,,,,,,,,,,,,,,,,10/11/2026,,,,,,,,,,,,,,,,,,,,,,,,,,
Colts,CPT,IND,Showdown Captain Mode,10/11/2026,Showdown Captain Mode 10/11 1:00PM (IND @ PIT),5400,44423281,0,3.24,0,16.2,,,,,,,,,,,,,,,,10/11/2026,,,,,,,,,,,,,,,,,,,,,,,,,,
Giants,CPT,NYG,Showdown Captain Mode,10/11/2026,Showdown Captain Mode 10/11 1:00PM (NYG @ WAS),5400,44420750,0,3.24,0,16.2,,,,,,,,,,,,,,,,10/11/2026,,,,,,,,,,,,,,,,,,,,,,,,,,
Calvin Ridley,WR,TEN,Showdown Captain Mode,10/11/2026,Showdown Captain Mode 10/11 1:00PM (HOU @ TEN),3000,44420918,1.9,3.23,0.63,9,,,,,,,,2,,12/30/1899,n/a,n/a,n/a,n/a,n/a,10/11/2026,,,,,,,,,,,,,,,0.94,1.5,8.73,9.24,8.46,,0.08,,,,,
Konata Mumpfield,WR,LAR,Showdown Captain Mode,10/12/2026,Showdown Captain Mode 10/12 8:15PM (BUF @ LAR),2200,44446821,2.35,3.2,1.07,6.6,,,,,,,,,,12/30/1899,BUF @ LAR,Bills @ Rams,SoFi Stadium,outdoor,ABC/ESPN,10/12/2026,,,,,,,,,,,,,,,0.88,1.5,7.36,8.36,7.43,,0.12,,,,,
Konata Mumpfield,WR,LAR,Showdown 2nd Half,10/12/2026,Showdown 2nd Half 10/12 9:15PM 2H (BUF @ LAR),2200,44447696,2.35,3.2,1.07,6.6,,,,,,,,,,12/30/1899,BUF @ LAR,Bills @ Rams,SoFi Stadium,outdoor,ABC/ESPN,10/12/2026,,,,,,,,,,,,,,,0.88,1.5,7.36,8.36,7.43,,0.12,,,,,
Konata Mumpfield,WR,LAR,Showdown 4th Quarter,10/12/2026,Showdown 4th Quarter 10/12 9:45PM Q4 (BUF @ LAR),2200,44447794,2.35,3.2,1.07,6.6,,,,,,,,,,12/30/1899,BUF @ LAR,Bills @ Rams,SoFi Stadium,outdoor,ABC/ESPN,10/12/2026,,,,,,,,,,,,,,,0.88,1.5,7.36,8.36,7.43,,0.12,,,,,
Ashton Dulin,WR,IND,Classic,10/11/2026,"Classic 10/11 1:00PM, 11 Games",3000,44392482,1.74,3.19,0.58,9,,,,,,,,,,,,,,,,10/11/2026,,,,,,,,,,,,,,,,,,,,,0.29,,,,,
Ashton Dulin,WR,IND,Early,10/11/2026,"Early 10/11 1:00PM, 8 Games",3000,44418925,1.74,3.19,0.58,9,,,,,,,,,,,,,,,,10/11/2026,,,,,,,,,,,,,,,,,,,,,0.29,,,,,
Ashton Dulin,CPT,IND,Showdown Captain Mode,10/11/2026,Showdown Captain Mode 10/11 1:00PM (IND @ PIT),3000,44423289,1.74,3.19,0.58,9,,,,,,,,,,,,,,,,10/11/2026,,,,,,,,,,,,,,,,,,,,,0.29,,,,,
Theo Johnson,CPT,NYG,Showdown Captain Mode,10/11/2026,Showdown Captain Mode 10/11 1:00PM (NYG @ WAS),3600,44420755,1.38,3.14,0.38,10.8,,,1.5,,,,,,,12/30/1899,NYG @ WAS,Giants @ Commanders,Northwest Stadium,outdoor,FOX,10/11/2026,,,,,,,,,,,,,,,0.5,1,1.5,3,1.5,,0.12,,,,,
Kaytron Allen,RB,WAS,Showdown Captain Mode,10/11/2026,Showdown Captain Mode 10/11 1:00PM (NYG @ WAS),2000,44420700,2.43,3.14,1.22,6,,,,,,,,,,,,,,,,10/11/2026,,,,,,,,,,,,,,,,,,,,,0.41,,,,,
Brandin Cooks,CPT,SF,Showdown Captain Mode,10/11/2026,Showdown Captain Mode 10/11 4:25PM (SF @ SEA),4200,44434627,0.76,3.13,0.18,12.6,,,,,,,,,,,,,,,,10/11/2026,,,,,,,,,,,,,,,,,,,,,0.13,,,,,
Kyle Monangai,RB,CHI,Classic,10/11/2026,"Classic 10/11 1:00PM, 11 Games",5200,44391940,0,3.12,0,15.6,,,,,,,,,,,,,,,,10/11/2026,,,,,,,,,,,,,,,,,,,,,,,,,,
Kyle Monangai,RB,CHI,Early,10/11/2026,"Early 10/11 1:00PM, 8 Games",5200,44418567,0,3.12,0,15.6,,,,,,,,,,,,,,,,10/11/2026,,,,,,,,,,,,,,,,,,,,,,,,,,
Drew Sample,CPT,CIN,Showdown Captain Mode,10/11/2026,Showdown Captain Mode 10/11 1:00PM (CIN @ MIA),3900,44420646,1.15,3.12,0.29,11.7,,,5.5,,,,,,,12/30/1899,n/a,n/a,n/a,n/a,n/a,10/11/2026,,,,,,,,,,,,,,,,,5.5,,5.5,,0.1,,,,,
CJ Donaldson,RB,NO,Classic,10/11/2026,"Classic 10/11 1:00PM, 11 Games",4400,44391980,0.58,3.1,0.13,13.2,,,,,,,,,,,,,,,,10/11/2026,,,,,,,,,,,,,,,,,,,,,0.1,,,,,
CJ Donaldson,RB,NO,Early,10/11/2026,"Early 10/11 1:00PM, 8 Games",4400,44418595,0.58,3.1,0.13,13.2,,,,,,,,,,,,,,,,10/11/2026,,,,,,,,,,,,,,,,,,,,,0.1,,,,,
Tyler Badie,RB,DEN,Classic,10/11/2026,"Classic 10/11 1:00PM, 11 Games",4200,44391994,0.73,3.1,0.17,12.6,,,,,,,,,,,,,,,,10/11/2026,,,,,,,,,,,,,,,,,,,,,0.12,,,,,
Tyler Badie,RB,DEN,Late,10/11/2026,"Late 10/11 4:05PM, 3 Games",4200,44433294,0.73,3.1,0.17,12.6,,,,,,,,,,,,,,,,10/11/2026,,,,,,,,,,,,,,,,,,,,,0.12,,,,,
Jauan Jennings,WR,MIN,Classic,10/11/2026,"Classic 10/11 1:00PM, 11 Games",4100,44392248,0.78,3.08,0.19,12.3,,,,,,,,,,,,,,,,10/11/2026,,,,,,,,,,,,,,,,,,,,,0.13,,,,,
Jauan Jennings,WR,MIN,Early,10/11/2026,"Early 10/11 1:00PM, 8 Games",4100,44418787,0.78,3.08,0.19,12.3,,,,,,,,,,,,,,,,10/11/2026,,,,,,,,,,,,,,,,,,,,,0.13,,,,,
Bills,CPT,BUF,Showdown Captain Mode,10/12/2026,Showdown Captain Mode 10/12 8:15PM (BUF @ LAR),5100,44446865,0,3.06,0,15.3,,,,,,,,,,,,,,,,10/12/2026,,,,,,,,,,,,,,,,,,,,,,,,,,
49ers,CPT,SF,Showdown Captain Mode,10/11/2026,Showdown Captain Mode 10/11 4:25PM (SF @ SEA),5100,44434624,0,3.06,0,15.3,,,,,,,,,,,,,,,,10/11/2026,,,,,,,,,,,,,,,,,,,,,,,,,,
Raiders,CPT,LV,Showdown Captain Mode,10/11/2026,Showdown Captain Mode 10/11 1:00PM (LV @ NE),5100,44420862,0,3.06,0,15.3,,,,,,,,,,,,,,,,10/11/2026,,,,,,,,,,,,,,,,,,,,,,,,,,
Chargers,CPT,LAC,Showdown Captain Mode,10/11/2026,Showdown Captain Mode 10/11 4:05PM (DEN @ LAC),5100,44434511,0,3.06,0,15.3,,,,,,,,,,,,,,,,10/11/2026,,,,,,,,,,,,,,,,,,,,,,,,,,
Bills,CPT,BUF,Showdown 2nd Half,10/12/2026,Showdown 2nd Half 10/12 9:15PM 2H (BUF @ LAR),5100,44447642,0,3.06,0,15.3,,,,,,,,,,,,,,,,10/12/2026,,,,,,,,,,,,,,,,,,,,,,,,,,
Bills,CPT,BUF,Showdown 4th Quarter,10/12/2026,Showdown 4th Quarter 10/12 9:45PM Q4 (BUF @ LAR),5100,44447740,0,3.06,0,15.3,,,,,,,,,,,,,,,,10/12/2026,,,,,,,,,,,,,,,,,,,,,,,,,,
Seth McGowan,RB,IND,Classic,10/11/2026,"Classic 10/11 1:00PM, 11 Games",4300,44391988,0.59,3.05,0.14,12.9,,,,,,,,,,,,,,,,10/11/2026,,,,,,,,,,,,,,,,,,,,,0.1,,,,,
Seth McGowan,RB,IND,Early,10/11/2026,"Early 10/11 1:00PM, 8 Games",4300,44418599,0.59,3.05,0.14,12.9,,,,,,,,,,,,,,,,10/11/2026,,,,,,,,,,,,,,,,,,,,,0.1,,,,,
Dylan Laube,RB,LV,Classic,10/11/2026,"Classic 10/11 1:00PM, 11 Games",4000,44392140,0.76,3.01,0.19,12,,,,,,,,,,,,,,,,10/11/2026,,,,,,,,,,,,,,,,,,,,,0.13,,,,,
Dylan Laube,RB,LV,Early,10/11/2026,"Early 10/11 1:00PM, 8 Games",4000,44418705,0.76,3.01,0.19,12,,,,,,,,,,,,,,,,10/11/2026,,,,,,,,,,,,,,,,,,,,,0.13,,,,,
Pat Bryant,WR,DEN,Showdown Captain Mode,10/11/2026,Showdown Captain Mode 10/11 4:05PM (DEN @ LAC),5000,44434451,0,3,0,15,,,,,,,,,,,,,,,,10/11/2026,,,,,,,,,,,,,,,,,,,,,,,,,,
Seth McGowan,CPT,IND,Showdown Captain Mode,10/11/2026,Showdown Captain Mode 10/11 1:00PM (IND @ PIT),4200,44423285,0.59,2.99,0.14,12.6,,,,,,,,,,,,,,,,10/11/2026,,,,,,,,,,,,,,,,,,,,,0.1,,,,,
Sione Vaki,RB,DET,Showdown Captain Mode,10/11/2026,Showdown Captain Mode 10/11 4:25PM (DET @ ARI),2800,44434785,1.59,2.95,0.57,8.4,,,,,,,,,,12/30/1899,DET @ ARI,Lions @ Cardinals,State Farm Stadium,retractable_dome,FOX,10/11/2026,,,,,,,,,,,8.51,,,,,,,,2.5,,0.12,,,,,
Colbie Young,WR,CIN,Classic,10/11/2026,"Classic 10/11 1:00PM, 11 Games",3600,44392282,0.94,2.91,0.26,10.8,,,,,,,,,,,,,,,,10/11/2026,,,,,,,,,,,,,,,,,,,,,0.16,,,,,
Colbie Young,WR,CIN,Early,10/11/2026,"Early 10/11 1:00PM, 8 Games",3600,44418813,0.94,2.91,0.26,10.8,,,,,,,,,,,,,,,,10/11/2026,,,,,,,,,,,,,,,,,,,,,0.16,,,,,
Treylon Burks,WR,WAS,Showdown Captain Mode,10/11/2026,Showdown Captain Mode 10/11 1:00PM (NYG @ WAS),3200,44420696,1.22,2.9,0.38,9.6,,,,,,,,,,,,,,,,10/11/2026,,,,,,,,,,,,,,,,,,,,,0.2,,,,,
Tyrone Tracy Jr.,RB,NYG,Classic,10/11/2026,"Classic 10/11 1:00PM, 11 Games",4000,44392162,0.63,2.9,0.16,12,,,,,,,,,,,,,,,,10/11/2026,,,,,,,,,,,,,,,,,,,,,0.11,,,,,
Tyrone Tracy Jr.,RB,NYG,Early,10/11/2026,"Early 10/11 1:00PM, 8 Games",4000,44418627,0.63,2.9,0.16,12,,,,,,,,,,,,,,,,10/11/2026,,,,,,,,,,,,,,,,,,,,,0.11,,,,,
Treylon Burks,WR,WAS,Classic,10/11/2026,"Classic 10/11 1:00PM, 11 Games",3200,44392318,1.22,2.9,0.38,9.6,,,,,,,,,,,,,,,,10/11/2026,,,,,,,,,,,,,,,,,,,,,0.2,,,,,
Treylon Burks,WR,WAS,Early,10/11/2026,"Early 10/11 1:00PM, 8 Games",3200,44418833,1.22,2.9,0.38,9.6,,,,,,,,,,,,,,,,10/11/2026,,,,,,,,,,,,,,,,,,,,,0.2,,,,,
Will Kacmarek,CPT,MIA,Showdown Captain Mode,10/11/2026,Showdown Captain Mode 10/11 1:00PM (CIN @ MIA),1800,44420650,2.33,2.9,1.29,5.4,,,4.5,,,,,,,12/30/1899,CIN @ MIA,Bengals @ Dolphins,Hard Rock Stadium,outdoor,FOX,10/11/2026,,,,,,,,,,,,,,,1.24,2,6.12,4.95,4.5,,0.08,,,,,
Lenny Krieg,K,GB,Showdown Captain Mode,10/11/2026,Showdown Captain Mode 10/11 1:00PM (CHI @ GB),4800,44423814,0,2.88,0,14.4,,,,,,,,,,,,,,,,10/11/2026,,,,,,,,,,,,,,,,,,,,,,,,,,
Zane Gonzalez,K,MIA,Showdown Captain Mode,10/11/2026,Showdown Captain Mode 10/11 1:00PM (CIN @ MIA),4800,44420586,0,2.88,0,14.4,,,,,,,,,,,,,,,,10/11/2026,,,,,,,,,,,,,,,,,,,,,,,,,,
Blake Grupe,K,NYJ,Showdown Captain Mode,10/11/2026,Showdown Captain Mode 10/11 1:00PM (CLE @ NYJ),4800,44422312,0,2.88,0,14.4,,,,,,,,,,,,,,,,10/11/2026,,,,,,,,,,,,,,,,,,,,,,,,,,
Cardinals,CPT,ARI,Showdown Captain Mode,10/11/2026,Showdown Captain Mode 10/11 4:25PM (DET @ ARI),4800,44434837,0,2.88,0,14.4,,,,,,,,,,,,,,,,10/11/2026,,,,,,,,,,,,,,,,,,,,,,,,,,
Titans,CPT,TEN,Showdown Captain Mode,10/11/2026,Showdown Captain Mode 10/11 1:00PM (HOU @ TEN),4800,44420969,0,2.88,0,14.4,,,,,,,,,,,,,,,,10/11/2026,,,,,,,,,,,,,,,,,,,,,,,,,,
Devin Singletary,RB,NYG,Classic,10/11/2026,"Classic 10/11 1:00PM, 11 Games",4000,44392070,0.6,2.88,0.15,12,,,,,,,,,,,,,,,,10/11/2026,,,,,,,,,,,,,,,,,,,,,0.1,,,,,
Devin Singletary,RB,NYG,Early,10/11/2026,"Early 10/11 1:00PM, 8 Games",4000,44418629,0.6,2.88,0.15,12,,,,,,,,,,,,,,,,10/11/2026,,,,,,,,,,,,,,,,,,,,,0.1,,,,,
Travis Homer,RB,PIT,Classic,10/11/2026,"Classic 10/11 1:00PM, 11 Games",4000,44392092,0.52,2.82,0.13,12,,,,,,,,,,,,,,,,10/11/2026,,,,,,,,,,,,,,,,,,,,,0.09,,,,,
Connor Heyward,RB,LV,Classic,10/11/2026,"Classic 10/11 1:00PM, 11 Games",4000,44392144,0.53,2.82,0.13,12,,,,,,,,,,12/30/1899,n/a,n/a,n/a,n/a,n/a,10/11/2026,,,,,,,,,,,,,,,,,,,,,0.09,,,,,
Travis Homer,RB,PIT,Early,10/11/2026,"Early 10/11 1:00PM, 8 Games",4000,44418651,0.52,2.82,0.13,12,,,,,,,,,,,,,,,,10/11/2026,,,,,,,,,,,,,,,,,,,,,0.09,,,,,
Connor Heyward,RB,LV,Early,10/11/2026,"Early 10/11 1:00PM, 8 Games",4000,44418709,0.53,2.82,0.13,12,,,,,,,,,,12/30/1899,n/a,n/a,n/a,n/a,n/a,10/11/2026,,,,,,,,,,,,,,,,,,,,,0.09,,,,,
Dyami Brown,WR,WAS,Classic,10/11/2026,"Classic 10/11 1:00PM, 11 Games",3100,44392330,1.2,2.82,0.39,9.3,,,,,,,,,,,,,,,,10/11/2026,,,,,,,,,,,,,,,,,,,,,0.2,,,,,
Dyami Brown,WR,WAS,Early,10/11/2026,"Early 10/11 1:00PM, 8 Games",3100,44418839,1.2,2.82,0.39,9.3,,,,,,,,,,,,,,,,10/11/2026,,,,,,,,,,,,,,,,,,,,,0.2,,,,,
Jordan Whittington,WR,LAR,Showdown Captain Mode,10/12/2026,Showdown Captain Mode 10/12 8:15PM (BUF @ LAR),2000,44446822,2.03,2.82,1.01,6,,,,,,,,,,12/30/1899,BUF @ LAR,Bills @ Rams,SoFi Stadium,outdoor,ABC/ESPN,10/12/2026,,,,,,,,,,,,,,,0.88,1.5,5.73,6.5,3.5,,0.1,,,,,
Jordan Whittington,WR,LAR,Showdown 2nd Half,10/12/2026,Showdown 2nd Half 10/12 9:15PM 2H (BUF @ LAR),2000,44447697,2.03,2.82,1.01,6,,,,,,,,,,12/30/1899,BUF @ LAR,Bills @ Rams,SoFi Stadium,outdoor,ABC/ESPN,10/12/2026,,,,,,,,,,,,,,,0.88,1.5,5.73,6.5,3.5,,0.1,,,,,
Jordan Whittington,WR,LAR,Showdown 4th Quarter,10/12/2026,Showdown 4th Quarter 10/12 9:45PM Q4 (BUF @ LAR),2000,44447795,2.03,2.82,1.01,6,,,,,,,,,,12/30/1899,BUF @ LAR,Bills @ Rams,SoFi Stadium,outdoor,ABC/ESPN,10/12/2026,,,,,,,,,,,,,,,0.88,1.5,5.73,6.5,3.5,,0.1,,,,,
DeeJay Dallas,RB,MIN,Classic,10/11/2026,"Classic 10/11 1:00PM, 11 Games",4000,44392164,0.5,2.8,0.13,12,,,,,,,,,,,,,,,,10/11/2026,,,,,,,,,,,,,,,,,,,,,0.08,,,,,
DeeJay Dallas,RB,MIN,Early,10/11/2026,"Early 10/11 1:00PM, 8 Games",4000,44418685,0.5,2.8,0.13,12,,,,,,,,,,,,,,,,10/11/2026,,,,,,,,,,,,,,,,,,,,,0.08,,,,,
Chris Moore,CPT,BAL,Showdown Captain Mode,10/11/2026,Showdown Captain Mode 10/11 8:20PM (BAL @ ATL),4200,44446767,0.34,2.79,0.08,12.6,,,,,,,,,,,,,,,,10/11/2026,,,,,,,,,,,,,,,,,,,,,0.06,,,,,
Chris Moore,CPT,BAL,Showdown 2nd Half,10/11/2026,Showdown 2nd Half 10/11 9:20PM 2H (BAL @ ATL),4200,44447396,0.34,2.79,0.08,12.6,,,,,,,,,,,,,,,,10/11/2026,,,,,,,,,,,,,,,,,,,,,0.06,,,,,
Chris Moore,CPT,BAL,Showdown 4th Quarter,10/11/2026,Showdown 4th Quarter 10/11 9:50PM Q4 (BAL @ ATL),4200,44447541,0.34,2.79,0.08,12.6,,,,,,,,,,,,,,,,10/11/2026,,,,,,,,,,,,,,,,,,,,,0.06,,,,,
Demond Claiborne,RB,MIN,Classic,10/11/2026,"Classic 10/11 1:00PM, 11 Games",4000,44392122,0.49,2.79,0.12,12,,,,,,,,,,,,,,,,10/11/2026,,,,,,,,,,,,,,,,,,,,,0.08,,,,,
Demond Claiborne,RB,MIN,Early,10/11/2026,"Early 10/11 1:00PM, 8 Games",4000,44418687,0.49,2.79,0.12,12,,,,,,,,,,,,,,,,10/11/2026,,,,,,,,,,,,,,,,,,,,,0.08,,,,,
Austin Ekeler,RB,WAS,Showdown Captain Mode,10/11/2026,Showdown Captain Mode 10/11 1:00PM (NYG @ WAS),3400,44420695,0.92,2.78,0.27,10.2,,,,,,,,,,,,,,,,10/11/2026,,,,,,,,,,,,,,,,,,,,,0.15,,,,,
Kyle Juszczyk,RB,SF,Classic,10/11/2026,"Classic 10/11 1:00PM, 11 Games",4000,44392028,0.48,2.78,0.12,12,,,,,,,,,,,,,,,,10/11/2026,,,,,,,,,,,,,,,,,,,,,0.08,,,,,
Pierre Strong Jr.,RB,GB,Classic,10/11/2026,"Classic 10/11 1:00PM, 11 Games",4000,44392030,0.48,2.78,0.12,12,,,,,,,,,,,,,,,,10/11/2026,,,,,,,,,,,,,,,,,,,,,0.08,,,,,
Reggie Gilliam,RB,NE,Classic,10/11/2026,"Classic 10/11 1:00PM, 11 Games",4000,44392136,0.48,2.78,0.12,12,,,,,,,,,,,,,,,,10/11/2026,,,,,,,,,,,,,,,,,,,,,0.08,,,,,
Pierre Strong Jr.,RB,GB,Early,10/11/2026,"Early 10/11 1:00PM, 8 Games",4000,44418613,0.48,2.78,0.12,12,,,,,,,,,,,,,,,,10/11/2026,,,,,,,,,,,,,,,,,,,,,0.08,,,,,
Reggie Gilliam,RB,NE,Early,10/11/2026,"Early 10/11 1:00PM, 8 Games",4000,44418703,0.48,2.78,0.12,12,,,,,,,,,,,,,,,,10/11/2026,,,,,,,,,,,,,,,,,,,,,0.08,,,,,
Kyle Juszczyk,RB,SF,Late,10/11/2026,"Late 10/11 4:05PM, 3 Games",4000,44433314,0.48,2.78,0.12,12,,,,,,,,,,,,,,,,10/11/2026,,,,,,,,,,,,,,,,,,,,,0.08,,,,,
Hollywood Brown,WR,PHI,Showdown Captain Mode,10/11/2026,Showdown Captain Mode 10/11 9:30AM (PHI @ JAX),4600,44420481,0,2.76,0,13.8,,,,,,,,,,,,,,,,10/11/2026,,,,,,,,,,,,,,,,,,,,,,,,,,
Kansei Matsuzawa,K,LV,Showdown Captain Mode,10/11/2026,Showdown Captain Mode 10/11 1:00PM (LV @ NE),4600,44420801,0,2.76,0,13.8,,,,,,,,,,,,,,,,10/11/2026,,,,,,,,,,,,,,,,,,,,,,,,,,
Charlie Smyth,K,NO,Showdown Captain Mode,10/11/2026,Showdown Captain Mode 10/11 1:00PM (MIN @ NO),4600,44422662,0,2.76,0,13.8,,,,,,,,,,,,,,,,10/11/2026,,,,,,,,,,,,,,,,,,,,,,,,,,
James Conner,RB,ARI,Classic,10/11/2026,"Classic 10/11 1:00PM, 11 Games",4600,44391972,0,2.76,0,13.8,,,,,,,,,,,,,,,,10/11/2026,,,,,,,,,,,,,,,,,,,,,,,,,,
James Conner,RB,ARI,Late,10/11/2026,"Late 10/11 4:05PM, 3 Games",4600,44433284,0,2.76,0,13.8,,,,,,,,,,,,,,,,10/11/2026,,,,,,,,,,,,,,,,,,,,,,,,,,
Marquez Valdes-Scantling,WR,LAC,Classic,10/11/2026,"Classic 10/11 1:00PM, 11 Games",3300,44392308,0.98,2.76,0.3,9.9,,,,,,,,,,,,,,,,10/11/2026,,,,,,,,,,,,,,,,,,,,,0.16,,,,,
Marquez Valdes-Scantling,WR,LAC,Late,10/11/2026,"Late 10/11 4:05PM, 3 Games",3300,44433382,0.98,2.76,0.3,9.9,,,,,,,,,,,,,,,,10/11/2026,,,,,,,,,,,,,,,,,,,,,0.16,,,,,
Corey Kiner,RB,NE,Classic,10/11/2026,"Classic 10/11 1:00PM, 11 Games",4000,44392132,0.44,2.75,0.11,12,,,,,,,,,,,,,,,,10/11/2026,,,,,,,,,,,,,,,,,,,,,0.07,,,,,
Corey Kiner,RB,NE,Early,10/11/2026,"Early 10/11 1:00PM, 8 Games",4000,44418697,0.44,2.75,0.11,12,,,,,,,,,,,,,,,,10/11/2026,,,,,,,,,,,,,,,,,,,,,0.07,,,,,
Jaleel McLaughlin,RB,CLE,Classic,10/11/2026,"Classic 10/11 1:00PM, 11 Games",4100,44392000,0.35,2.74,0.09,12.3,,,,,,,,,,,,,,,,10/11/2026,,,,,,,,,,,,,,,,,,,,,0.06,,,,,
Jaleel McLaughlin,RB,CLE,Early,10/11/2026,"Early 10/11 1:00PM, 8 Games",4100,44418611,0.35,2.74,0.09,12.3,,,,,,,,,,,,,,,,10/11/2026,,,,,,,,,,,,,,,,,,,,,0.06,,,,,
Salvon Ahmed,RB,CHI,Classic,10/11/2026,"Classic 10/11 1:00PM, 11 Games",4000,44392036,0.42,2.74,0.1,12,,,,,,,,,,,,,,,,10/11/2026,,,,,,,,,,,,,,,,,,,,,0.07,,,,,
Bam Knight,RB,ARI,Classic,10/11/2026,"Classic 10/11 1:00PM, 11 Games",4000,44392038,0.42,2.74,0.1,12,,,,,,,,,,,,,,,,10/11/2026,,,,,,,,,,,,,,,,,,,,,0.07,,,,,
Salvon Ahmed,RB,CHI,Early,10/11/2026,"Early 10/11 1:00PM, 8 Games",4000,44418617,0.42,2.74,0.1,12,,,,,,,,,,,,,,,,10/11/2026,,,,,,,,,,,,,,,,,,,,,0.07,,,,,
Bam Knight,RB,ARI,Late,10/11/2026,"Late 10/11 4:05PM, 3 Games",4000,44433316,0.42,2.74,0.1,12,,,,,,,,,,,,,,,,10/11/2026,,,,,,,,,,,,,,,,,,,,,0.07,,,,,
Tyler Badie,CPT,DEN,Showdown Captain Mode,10/11/2026,Showdown Captain Mode 10/11 4:05PM (DEN @ LAC),3600,44434515,0.73,2.74,0.2,10.8,,,,,,,,,,,,,,,,10/11/2026,,,,,,,,,,,,,,,,,,,,,0.12,,,,,
DJ Herman,RB,MIA,Classic,10/11/2026,"Classic 10/11 1:00PM, 11 Games",4000,44392154,0.41,2.73,0.1,12,,,,,,,,,,,,,,,,10/11/2026,,,,,,,,,,,,,,,,,,,,,0.07,,,,,
DJ Herman,RB,MIA,Early,10/11/2026,"Early 10/11 1:00PM, 8 Games",4000,44418717,0.41,2.73,0.1,12,,,,,,,,,,,,,,,,10/11/2026,,,,,,,,,,,,,,,,,,,,,0.07,,,,,
Roschon Johnson,CPT,CHI,Showdown Captain Mode,10/11/2026,Showdown Captain Mode 10/11 1:00PM (CHI @ GB),3300,44423877,0.92,2.72,0.28,9.9,,,,,,,,,,,,,,,,10/11/2026,,,,,,,,,,,,,,,,,,,,,0.15,,,,,
Brandin Cooks,WR,SF,Classic,10/11/2026,"Classic 10/11 1:00PM, 11 Games",3500,44392284,0.76,2.71,0.22,10.5,,,,,,,,,,,,,,,,10/11/2026,,,,,,,,,,,,,,,,,,,,,0.13,,,,,
Brandin Cooks,WR,SF,Late,10/11/2026,"Late 10/11 4:05PM, 3 Games",3500,44433372,0.76,2.71,0.22,10.5,,,,,,,,,,,,,,,,10/11/2026,,,,,,,,,,,,,,,,,,,,,0.13,,,,,
Kyle Williams,WR,NE,Showdown Captain Mode,10/11/2026,Showdown Captain Mode 10/11 1:00PM (LV @ NE),2000,44420811,1.95,2.71,0.97,6,,,11.5,,,,,,,12/30/1899,n/a,n/a,n/a,n/a,n/a,10/11/2026,,,,,,,,,,,,,,,,,11.5,,10.5,,0.13,,,,,
Marcus Mariota,QB,WAS,Classic,10/11/2026,"Classic 10/11 1:00PM, 11 Games",4500,44391847,0,2.7,0,13.5,,,,,,,,,,,,,,,,10/11/2026,,,,,,,,,,,,,,,,,,,,,,,,,,
Athan Kaliakmanis,QB,WAS,Classic,10/11/2026,"Classic 10/11 1:00PM, 11 Games",4500,44391848,0,2.7,0,13.5,,,,,,,,,,,,,,,,10/11/2026,,,,,,,,,,,,,,,,,,,,,,,,,,
Adonai Mitchell,WR,NYJ,Classic,10/11/2026,"Classic 10/11 1:00PM, 11 Games",4500,44392232,0,2.7,0,13.5,,,,,,,,,,,,,,,,10/11/2026,,,,,,,,,,,,,,,,,,,,,,,,,,
Marcus Mariota,QB,WAS,Early,10/11/2026,"Early 10/11 1:00PM, 8 Games",4500,44418498,0,2.7,0,13.5,,,,,,,,,,,,,,,,10/11/2026,,,,,,,,,,,,,,,,,,,,,,,,,,
Athan Kaliakmanis,QB,WAS,Early,10/11/2026,"Early 10/11 1:00PM, 8 Games",4500,44418499,0,2.7,0,13.5,,,,,,,,,,,,,,,,10/11/2026,,,,,,,,,,,,,,,,,,,,,,,,,,
Adonai Mitchell,WR,NYJ,Early,10/11/2026,"Early 10/11 1:00PM, 8 Games",4500,44418775,0,2.7,0,13.5,,,,,,,,,,,,,,,,10/11/2026,,,,,,,,,,,,,,,,,,,,,,,,,,
Dolphins,CPT,MIA,Showdown Captain Mode,10/11/2026,Showdown Captain Mode 10/11 1:00PM (CIN @ MIA),4500,44420645,0,2.7,0,13.5,,,,,,,,,,,,,,,,10/11/2026,,,,,,,,,,,,,,,,,,,,,,,,,,
Alec Ingold,RB,LAC,Classic,10/11/2026,"Classic 10/11 1:00PM, 11 Games",4000,44392052,0.37,2.7,0.09,12,,,,,,,,,,,,,,,,10/11/2026,,,,,,,,,,,,,,,,,,,,,0.06,,,,,
Alec Ingold,RB,LAC,Late,10/11/2026,"Late 10/11 4:05PM, 3 Games",4000,44433328,0.37,2.7,0.09,12,,,,,,,,,,,,,,,,10/11/2026,,,,,,,,,,,,,,,,,,,,,0.06,,,,,
Michael Carter,RB,TEN,Classic,10/11/2026,"Classic 10/11 1:00PM, 11 Games",4000,44392082,0.36,2.69,0.09,12,,,,,,,,,,,,,,,,10/11/2026,,,,,,,,,,,,,,,,,,,,,0.06,,,,,
Michael Carter,RB,TEN,Early,10/11/2026,"Early 10/11 1:00PM, 8 Games",4000,44418641,0.36,2.69,0.09,12,,,,,,,,,,,,,,,,10/11/2026,,,,,,,,,,,,,,,,,,,,,0.06,,,,,
Eli Heidenreich,RB,PIT,Classic,10/11/2026,"Classic 10/11 1:00PM, 11 Games",4000,44392006,0.35,2.68,0.09,12,,,,,,,,,,,,,,,,10/11/2026,,,,,,,,,,,,,,,,,,,,,0.06,,,,,
Eli Heidenreich,RB,PIT,Early,10/11/2026,"Early 10/11 1:00PM, 8 Games",4000,44418653,0.35,2.68,0.09,12,,,,,,,,,,,,,,,,10/11/2026,,,,,,,,,,,,,,,,,,,,,0.06,,,,,
Darius Slayton,WR,IND,Classic,10/11/2026,"Classic 10/11 1:00PM, 11 Games",3300,44392304,0.87,2.68,0.26,9.9,,,,,,,,,,,,,,,,10/11/2026,,,,,,,,,,,,,,,,,,,,,0.14,,,,,
Darius Slayton,WR,IND,Early,10/11/2026,"Early 10/11 1:00PM, 8 Games",3300,44418825,0.87,2.68,0.26,9.9,,,,,,,,,,,,,,,,10/11/2026,,,,,,,,,,,,,,,,,,,,,0.14,,,,,
Elijah Higgins,CPT,ARI,Showdown Captain Mode,10/11/2026,Showdown Captain Mode 10/11 4:25PM (DET @ ARI),3600,44434839,0.64,2.67,0.18,10.8,,,,,,,,,,,,,,,,10/11/2026,,,,,,,,,,,,,,,,,,,8.5,,0.11,,,,,
Velus Jones Jr.,RB,SEA,Classic,10/11/2026,"Classic 10/11 1:00PM, 11 Games",4000,44392014,0.32,2.66,0.08,12,,,,,,,,,,,,,,,,10/11/2026,,,,,,,,,,,,,,,,,,,,,0.05,,,,,
Adam Prentice,RB,DEN,Classic,10/11/2026,"Classic 10/11 1:00PM, 11 Games",4000,44392062,0.32,2.66,0.08,12,,,,,,,,,,,,,,,,10/11/2026,,,,,,,,,,,,,,,,,,,,,0.05,,,,,
Tahj Brooks,RB,CIN,Classic,10/11/2026,"Classic 10/11 1:00PM, 11 Games",4000,44392156,0.32,2.66,0.08,12,,,,,,,,,,,,,,,,10/11/2026,,,,,,,,,,,,,,,,,,,,,0.05,,,,,
Tahj Brooks,RB,CIN,Early,10/11/2026,"Early 10/11 1:00PM, 8 Games",4000,44418721,0.32,2.66,0.08,12,,,,,,,,,,,,,,,,10/11/2026,,,,,,,,,,,,,,,,,,,,,0.05,,,,,
Velus Jones Jr.,RB,SEA,Late,10/11/2026,"Late 10/11 4:05PM, 3 Games",4000,44433296,0.32,2.66,0.08,12,,,,,,,,,,,,,,,,10/11/2026,,,,,,,,,,,,,,,,,,,,,0.05,,,,,
Adam Prentice,RB,DEN,Late,10/11/2026,"Late 10/11 4:05PM, 3 Games",4000,44433340,0.32,2.66,0.08,12,,,,,,,,,,,,,,,,10/11/2026,,,,,,,,,,,,,,,,,,,,,0.05,,,,,
Ray Davis,RB,BUF,Classic,10/12/2026,"Classic 10/11 1:00PM, 13 Games",4000,44419456,0.33,2.66,0.08,12,,,,,,,,,,,,,,,,10/12/2026,,,,,,,,,,,,,,,,,,,,,0.05,,,,,
Dare Ogunbowale,RB,HOU,Classic,10/11/2026,"Classic 10/11 1:00PM, 11 Games",4000,44392086,0.31,2.65,0.08,12,,,,,,,,,,,,,,,,10/11/2026,,,,,,,,,,,,,,,,,,,,,0.05,,,,,
Dare Ogunbowale,RB,HOU,Early,10/11/2026,"Early 10/11 1:00PM, 8 Games",4000,44418645,0.31,2.65,0.08,12,,,,,,,,,,,,,,,,10/11/2026,,,,,,,,,,,,,,,,,,,,,0.05,,,,,
Ravens,DST,BAL,Showdown Captain Mode,10/11/2026,Showdown Captain Mode 10/11 8:20PM (BAL @ ATL),4400,44446710,0,2.64,0,13.2,,,,,,,,,,,,,,,,10/11/2026,,,,,,,,,,,,,,,,,,,,,,,,,,
Ravens,DST,BAL,Showdown 2nd Half,10/11/2026,Showdown 2nd Half 10/11 9:20PM 2H (BAL @ ATL),4400,44447443,0,2.64,0,13.2,,,,,,,,,,,,,,,,10/11/2026,,,,,,,,,,,,,,,,,,,,,,,,,,
Ravens,DST,BAL,Showdown 4th Quarter,10/11/2026,Showdown 4th Quarter 10/11 9:50PM Q4 (BAL @ ATL),4400,44447588,0,2.64,0,13.2,,,,,,,,,,,,,,,,10/11/2026,,,,,,,,,,,,,,,,,,,,,,,,,,
Joe Flacco,QB,CIN,Classic,10/11/2026,"Classic 10/11 1:00PM, 11 Games",4400,44391849,0,2.64,0,13.2,,,,,,,,,,,,,,,,10/11/2026,,,,,,,,,,,,,,,,,,,,,,,,,,
Joe Flacco,QB,CIN,Early,10/11/2026,"Early 10/11 1:00PM, 8 Games",4400,44418500,0,2.64,0,13.2,,,,,,,,,,,,,,,,10/11/2026,,,,,,,,,,,,,,,,,,,,,,,,,,
Brady Russell,RB,SEA,Classic,10/11/2026,"Classic 10/11 1:00PM, 11 Games",4000,44392016,0.3,2.64,0.07,12,,,,,,,,,,,,,,,,10/11/2026,,,,,,,,,,,,,,,,,,,,,0.05,,,,,
Robert Henry Jr.,RB,SEA,Classic,10/11/2026,"Classic 10/11 1:00PM, 11 Games",4000,44392068,0.3,2.64,0.07,12,,,,,,,,,,,,,,,,10/11/2026,,,,,,,,,,,,,,,,,,,,,0.05,,,,,
Max Bredeson,RB,MIN,Classic,10/11/2026,"Classic 10/11 1:00PM, 11 Games",4000,44392130,0.3,2.64,0.07,12,,,,,,,,,,,,,,,,10/11/2026,,,,,,,,,,,,,,,,,,,,,0.05,,,,,
Robert Henry Jr.,RB,WAS,Early,10/11/2026,"Early 10/11 1:00PM, 8 Games",4000,44418623,0.3,2.64,0.07,12,,,,,,,,,,,,,,,,10/11/2026,,,,,,,,,,,,,,,,,,,,,0.05,,,,,
Max Bredeson,RB,MIN,Early,10/11/2026,"Early 10/11 1:00PM, 8 Games",4000,44418695,0.3,2.64,0.07,12,,,,,,,,,,,,,,,,10/11/2026,,,,,,,,,,,,,,,,,,,,,0.05,,,,,
Robert Henry Jr.,RB,SEA,Late,10/11/2026,"Late 10/11 4:05PM, 3 Games",4000,44433298,0.3,2.64,0.07,12,,,,,,,,,,,,,,,,10/11/2026,,,,,,,,,,,,,,,,,,,,,0.05,,,,,
Brady Russell,RB,SEA,Late,10/11/2026,"Late 10/11 4:05PM, 3 Games",4000,44433302,0.3,2.64,0.07,12,,,,,,,,,,,,,,,,10/11/2026,,,,,,,,,,,,,,,,,,,,,0.05,,,,,
Patrick Ricard,RB,NYG,Classic,10/11/2026,"Classic 10/11 1:00PM, 11 Games",4000,44392072,0.29,2.63,0.07,12,,,,,,,,,,,,,,,,10/11/2026,,,,,,,,,,,,,,,,,,,,,0.05,,,,,
Riley Nowakowski,RB,PIT,Classic,10/11/2026,"Classic 10/11 1:00PM, 11 Games",4000,44392094,0.29,2.63,0.07,12,,,,,,,,,,,,,,,,10/11/2026,,,,,,,,,,,,,,,,,,,,,0.05,,,,,
DJ Giddens,RB,IND,Classic,10/11/2026,"Classic 10/11 1:00PM, 11 Games",4000,44392098,0.29,2.63,0.07,12,,,,,,,,,,,,,,,,10/11/2026,,,,,,,,,,,,,,,,,,,,,0.05,,,,,
Kene Nwangwu,RB,NYJ,Classic,10/11/2026,"Classic 10/11 1:00PM, 11 Games",4000,44392102,0.29,2.63,0.07,12,,,,,,,,,,,,,,,,10/11/2026,,,,,,,,,,,,,,,,,,,,,0.05,,,,,
Michael Burton,RB,CLE,Classic,10/11/2026,"Classic 10/11 1:00PM, 11 Games",4000,44392112,0.29,2.63,0.07,12,,,,,,,,,,,,,,,,10/11/2026,,,,,,,,,,,,,,,,,,,,,0.05,,,,,
Patrick Ricard,RB,NYG,Early,10/11/2026,"Early 10/11 1:00PM, 8 Games",4000,44418633,0.29,2.63,0.07,12,,,,,,,,,,,,,,,,10/11/2026,,,,,,,,,,,,,,,,,,,,,0.05,,,,,
Riley Nowakowski,RB,PIT,Early,10/11/2026,"Early 10/11 1:00PM, 8 Games",4000,44418655,0.29,2.63,0.07,12,,,,,,,,,,,,,,,,10/11/2026,,,,,,,,,,,,,,,,,,,,,0.05,,,,,
DJ Giddens,RB,IND,Early,10/11/2026,"Early 10/11 1:00PM, 8 Games",4000,44418659,0.29,2.63,0.07,12,,,,,,,,,,,,,,,,10/11/2026,,,,,,,,,,,,,,,,,,,,,0.05,,,,,
Kene Nwangwu,RB,NYJ,Early,10/11/2026,"Early 10/11 1:00PM, 8 Games",4000,44418663,0.29,2.63,0.07,12,,,,,,,,,,,,,,,,10/11/2026,,,,,,,,,,,,,,,,,,,,,0.05,,,,,
Michael Burton,RB,CLE,Early,10/11/2026,"Early 10/11 1:00PM, 8 Games",4000,44418675,0.29,2.63,0.07,12,,,,,,,,,,,,,,,,10/11/2026,,,,,,,,,,,,,,,,,,,,,0.05,,,,,
Darius Slayton,WR,IND,Showdown Captain Mode,10/11/2026,Showdown Captain Mode 10/11 1:00PM (IND @ PIT),3200,44423189,0.87,2.62,0.27,9.6,,,,,,,,,,,,,,,,10/11/2026,,,,,,,,,,,,,,,,,,,,,0.14,,,,,
Andrew Beck,RB,NYJ,Classic,10/11/2026,"Classic 10/11 1:00PM, 11 Games",4000,44392106,0.27,2.62,0.07,12,,,,,,,,,,,,,,,,10/11/2026,,,,,,,,,,,,,,,,,,,,,0.05,,,,,
Andrew Beck,RB,NYJ,Early,10/11/2026,"Early 10/11 1:00PM, 8 Games",4000,44418667,0.27,2.62,0.07,12,,,,,,,,,,,,,,,,10/11/2026,,,,,,,,,,,,,,,,,,,,,0.05,,,,,
Dean Connors,RB,LAR,Classic,10/12/2026,"Classic 10/11 1:00PM, 13 Games",4000,44419450,0.25,2.6,0.06,12,,,,,,,,,,,,,,,,10/12/2026,,,,,,,,,,,,,,,,,,,,,0.04,,,,,
Rasheen Ali,RB,BAL,Classic,10/11/2026,"Classic 10/11 1:00PM, 13 Games",4000,44419462,0.24,2.59,0.06,12,,,,,,,,,,,,,,,,10/11/2026,,,,,,,,,,,,,,,,,,,,,0.04,,,,,
Ashton Dulin,WR,IND,Showdown Captain Mode,10/11/2026,Showdown Captain Mode 10/11 1:00PM (IND @ PIT),2000,44423194,1.74,2.59,0.87,6,,,,,,,,,,,,,,,,10/11/2026,,,,,,,,,,,,,,,,,,,,,0.29,,,,,
J.J. McCarthy,QB,NYG,Classic,10/11/2026,"Classic 10/11 1:00PM, 11 Games",4300,44391850,0,2.58,0,12.9,,,,,,,,,,,,,,,,10/11/2026,,,,,,,,,,,,,,,,,,,,,,,,,,
J.J. McCarthy,QB,NYG,Early,10/11/2026,"Early 10/11 1:00PM, 8 Games",4300,44418501,0,2.58,0,12.9,,,,,,,,,,,,,,,,10/11/2026,,,,,,,,,,,,,,,,,,,,,,,,,,
Jacob Saylors,RB,DET,Classic,10/11/2026,"Classic 10/11 1:00PM, 11 Games",4000,44392044,0.23,2.58,0.06,12,,,,,,,,,,,,,,,,10/11/2026,,,,,,,,,,,,,,,,,,,,,0.04,,,,,
Jacob Saylors,RB,DET,Late,10/11/2026,"Late 10/11 4:05PM, 3 Games",4000,44433322,0.23,2.58,0.06,12,,,,,,,,,,,,,,,,10/11/2026,,,,,,,,,,,,,,,,,,,,,0.04,,,,,
Travis Homer,CPT,PIT,Showdown Captain Mode,10/11/2026,Showdown Captain Mode 10/11 1:00PM (IND @ PIT),3600,44423287,0.52,2.58,0.14,10.8,,,,,,,,,,,,,,,,10/11/2026,,,,,,,,,,,,,,,,,,,,,0.09,,,,,
Marquez Valdes-Scantling,CPT,LAC,Showdown Captain Mode,10/11/2026,Showdown Captain Mode 10/11 4:05PM (DEN @ LAC),3000,44434516,0.98,2.58,0.33,9,,,,,,,,,,,,,,,,10/11/2026,,,,,,,,,,,,,,,,,,,,,0.16,,,,,
Theo Johnson,TE,NYG,Classic,10/11/2026,"Classic 10/11 1:00PM, 11 Games",2600,44392646,1.38,2.58,0.53,7.8,,,1.5,,,,,,,12/30/1899,NYG @ WAS,Giants @ Commanders,Northwest Stadium,outdoor,FOX,10/11/2026,,,,,,,,,,,,,,,0.5,1,1.5,3,1.5,,0.12,,,,,
Theo Johnson,TE,NYG,Early,10/11/2026,"Early 10/11 1:00PM, 8 Games",2600,44419073,1.38,2.58,0.53,7.8,,,1.5,,,,,,,12/30/1899,NYG @ WAS,Giants @ Commanders,Northwest Stadium,outdoor,FOX,10/11/2026,,,,,,,,,,,,,,,0.5,1,1.5,3,1.5,,0.12,,,,,
Durham Smythe,CPT,BAL,Showdown Captain Mode,10/11/2026,Showdown Captain Mode 10/11 8:20PM (BAL @ ATL),300,44446790,3,2.58,10,0.9,,,,,,,,,,,,,,,,10/11/2026,,,,,,,,,,,,,,,,,,,,,0.5,,,,,
Brenen Thompson,CPT,LAC,Showdown Captain Mode,10/11/2026,Showdown Captain Mode 10/11 4:05PM (DEN @ LAC),300,44434528,3,2.58,10,0.9,,,,,,,,,,,,,,,,10/11/2026,,,,,,,,,,,,,,,,,,,,,0.5,,,,,
Durham Smythe,CPT,BAL,Showdown 2nd Half,10/11/2026,Showdown 2nd Half 10/11 9:20PM 2H (BAL @ ATL),300,44447414,3,2.58,10,0.9,,,,,,,,,,,,,,,,10/11/2026,,,,,,,,,,,,,,,,,,,,,0.5,,,,,
Durham Smythe,CPT,BAL,Showdown 4th Quarter,10/11/2026,Showdown 4th Quarter 10/11 9:50PM Q4 (BAL @ ATL),300,44447564,3,2.58,10,0.9,,,,,,,,,,,,,,,,10/11/2026,,,,,,,,,,,,,,,,,,,,,0.5,,,,,
Julius Chestnut,RB,TEN,Classic,10/11/2026,"Classic 10/11 1:00PM, 11 Games",4000,44392080,0.21,2.57,0.05,12,,,,,,,,,,,,,,,,10/11/2026,,,,,,,,,,,,,,,,,,,,,0.04,,,,,
Julius Chestnut,RB,TEN,Early,10/11/2026,"Early 10/11 1:00PM, 8 Games",4000,44418639,0.21,2.57,0.05,12,,,,,,,,,,,,,,,,10/11/2026,,,,,,,,,,,,,,,,,,,,,0.04,,,,,
Will Kacmarek,TE,MIA,Showdown Captain Mode,10/11/2026,Showdown Captain Mode 10/11 1:00PM (CIN @ MIA),1200,44420598,2.33,2.57,1.94,3.6,,,4.5,,,,,,,12/30/1899,CIN @ MIA,Bengals @ Dolphins,Hard Rock Stadium,outdoor,FOX,10/11/2026,,,,,,,,,,,,,,,1.24,2,6.12,4.95,4.5,,0.08,,,,,
DeeJay Dallas,CPT,MIN,Showdown Captain Mode,10/11/2026,Showdown Captain Mode 10/11 1:00PM (MIN @ NO),3600,44422724,0.5,2.56,0.14,10.8,,,,,,,,,,,,,,,,10/11/2026,,,,,,,,,,,,,,,,,,,,,0.08,,,,,
Davis Allen,TE,LAR,Classic,10/12/2026,"Classic 10/11 1:00PM, 13 Games",2500,44420200,1.41,2.55,0.56,7.5,,,6.5,,,,,,,12/30/1899,BUF @ LAR,Bills @ Rams,SoFi Stadium,outdoor,ABC/ESPN,10/12/2026,,,,,,,,,,,,,,,,,7.5,,6.5,,0.11,,,,,
Rams,DST,LAR,Showdown Captain Mode,10/12/2026,Showdown Captain Mode 10/12 8:15PM (BUF @ LAR),4200,44446814,0,2.52,0,12.6,,,,,,,,,,,,,,,,10/12/2026,,,,,,,,,,,,,,,,,,,,,,,,,,
James Conner,RB,ARI,Showdown Captain Mode,10/11/2026,Showdown Captain Mode 10/11 4:25PM (DET @ ARI),4200,44434781,0,2.52,0,12.6,,,,,,,,,,,,,,,,10/11/2026,,,,,,,,,,,,,,,,,,,,,,,,,,
Jalen Nailor,WR,LV,Showdown Captain Mode,10/11/2026,Showdown Captain Mode 10/11 1:00PM (LV @ NE),4200,44420802,0,2.52,0,12.6,,,,,,,,,,,,,,,,10/11/2026,,,,,,,,,,,,,,,,,,,,,,,,,,
Rams,DST,LAR,Showdown 2nd Half,10/12/2026,Showdown 2nd Half 10/12 9:15PM 2H (BUF @ LAR),4200,44447689,0,2.52,0,12.6,,,,,,,,,,,,,,,,10/12/2026,,,,,,,,,,,,,,,,,,,,,,,,,,
Rams,DST,LAR,Showdown 4th Quarter,10/12/2026,Showdown 4th Quarter 10/12 9:45PM Q4 (BUF @ LAR),4200,44447787,0,2.52,0,12.6,,,,,,,,,,,,,,,,10/12/2026,,,,,,,,,,,,,,,,,,,,,,,,,,
Case Keenum,QB,CHI,Classic,10/11/2026,"Classic 10/11 1:00PM, 11 Games",4200,44391851,0,2.52,0,12.6,,,,,,,,,,,,,,,,10/11/2026,,,,,,,,,,,,,,,,,,,,,,,,,,
Mack Hollins,WR,NE,Classic,10/11/2026,"Classic 10/11 1:00PM, 11 Games",4200,44392246,0,2.52,0,12.6,,,,,,,,,,,,,,,,10/11/2026,,,,,,,,,,,,,,,,,,,,,,,,,,
Case Keenum,QB,CHI,Early,10/11/2026,"Early 10/11 1:00PM, 8 Games",4200,44418502,0,2.52,0,12.6,,,,,,,,,,,,,,,,10/11/2026,,,,,,,,,,,,,,,,,,,,,,,,,,
Mack Hollins,WR,NE,Early,10/11/2026,"Early 10/11 1:00PM, 8 Games",4200,44418785,0,2.52,0,12.6,,,,,,,,,,,,,,,,10/11/2026,,,,,,,,,,,,,,,,,,,,,,,,,,
Dyami Brown,WR,WAS,Showdown Captain Mode,10/11/2026,Showdown Captain Mode 10/11 1:00PM (NYG @ WAS),2600,44420698,1.2,2.52,0.46,7.8,,,,,,,,,,,,,,,,10/11/2026,,,,,,,,,,,,,,,,,,,,,0.2,,,,,
Skyler Bell,WR,BUF,Classic,10/12/2026,"Classic 10/11 1:00PM, 13 Games",3000,44419832,0.9,2.52,0.3,9,,,,,,,,,,,,,,,,10/12/2026,,,,,,,,,,,,,,,0.55,1,,,,,0.06,,,,,
Durham Smythe,TE,BAL,Showdown Captain Mode,10/11/2026,Showdown Captain Mode 10/11 8:20PM (BAL @ ATL),200,44446738,3,2.52,15,0.6,,,,,,,,,,,,,,,,10/11/2026,,,,,,,,,,,,,,,,,,,,,0.5,,,,,
Brenen Thompson,WR,LAC,Showdown Captain Mode,10/11/2026,Showdown Captain Mode 10/11 4:05PM (DEN @ LAC),200,44434473,3,2.52,15,0.6,,,,,,,,,,,,,,,,10/11/2026,,,,,,,,,,,,,,,,,,,,,0.5,,,,,
Durham Smythe,TE,BAL,Showdown 2nd Half,10/11/2026,Showdown 2nd Half 10/11 9:20PM 2H (BAL @ ATL),200,44447473,3,2.52,15,0.6,,,,,,,,,,,,,,,,10/11/2026,,,,,,,,,,,,,,,,,,,,,0.5,,,,,
Durham Smythe,TE,BAL,Showdown 4th Quarter,10/11/2026,Showdown 4th Quarter 10/11 9:50PM Q4 (BAL @ ATL),200,44447614,3,2.52,15,0.6,,,,,,,,,,,,,,,,10/11/2026,,,,,,,,,,,,,,,,,,,,,0.5,,,,,
Bo Melton,WR,GB,Classic,10/11/2026,"Classic 10/11 1:00PM, 11 Games",3000,44392370,1.14,2.5,0.38,9,,,0.5,,,,,,,12/30/1899,n/a,n/a,n/a,n/a,n/a,10/11/2026,,,,,,,,,,,,,,,0.69,1,0.5,0.72,0.5,,0.07,,,,,
Bo Melton,WR,GB,Early,10/11/2026,"Early 10/11 1:00PM, 8 Games",3000,44418847,1.14,2.5,0.38,9,,,0.5,,,,,,,12/30/1899,n/a,n/a,n/a,n/a,n/a,10/11/2026,,,,,,,,,,,,,,,0.69,1,0.5,0.72,0.5,,0.07,,,,,
Tanner Hudson,TE,CIN,Classic,10/11/2026,"Classic 10/11 1:00PM, 11 Games",2500,44392846,1.44,2.49,0.58,7.5,,,2.5,,,,,,,12/30/1899,CIN @ MIA,Bengals @ Dolphins,Hard Rock Stadium,outdoor,FOX,10/11/2026,,,,,,,,,,,,,,,0.69,1,1.5,2.17,1.5,,0.1,,,,,
Tanner Hudson,TE,CIN,Early,10/11/2026,"Early 10/11 1:00PM, 8 Games",2500,44419215,1.44,2.49,0.58,7.5,,,2.5,,,,,,,12/30/1899,CIN @ MIA,Bengals @ Dolphins,Hard Rock Stadium,outdoor,FOX,10/11/2026,,,,,,,,,,,,,,,0.69,1,1.5,2.17,1.5,,0.1,,,,,
Davis Allen,CPT,LAR,Showdown Captain Mode,10/12/2026,Showdown Captain Mode 10/12 8:15PM (BUF @ LAR),2400,44446872,1.41,2.49,0.59,7.2,,,6.5,,,,,,,12/30/1899,BUF @ LAR,Bills @ Rams,SoFi Stadium,outdoor,ABC/ESPN,10/12/2026,,,,,,,,,,,,,,,,,7.5,,6.5,,0.11,,,,,
Davis Allen,CPT,LAR,Showdown 2nd Half,10/12/2026,Showdown 2nd Half 10/12 9:15PM 2H (BUF @ LAR),2400,44447649,1.41,2.49,0.59,7.2,,,6.5,,,,,,,12/30/1899,BUF @ LAR,Bills @ Rams,SoFi Stadium,outdoor,ABC/ESPN,10/12/2026,,,,,,,,,,,,,,,,,7.5,,6.5,,0.11,,,,,
Davis Allen,CPT,LAR,Showdown 4th Quarter,10/12/2026,Showdown 4th Quarter 10/12 9:45PM Q4 (BUF @ LAR),2400,44447747,1.41,2.49,0.59,7.2,,,6.5,,,,,,,12/30/1899,BUF @ LAR,Bills @ Rams,SoFi Stadium,outdoor,ABC/ESPN,10/12/2026,,,,,,,,,,,,,,,,,7.5,,6.5,,0.11,,,,,
Kimani Vidal,RB,LAC,Showdown Captain Mode,10/11/2026,Showdown Captain Mode 10/11 4:05PM (DEN @ LAC),3000,44434457,0.84,2.47,0.28,9,,,,,,,,,,,,,,,,10/11/2026,,,,,,,,,,,,,,,,,,,,,0.14,,,,,
Theo Johnson,TE,NYG,Showdown Captain Mode,10/11/2026,Showdown Captain Mode 10/11 1:00PM (NYG @ WAS),2400,44420699,1.38,2.47,0.57,7.2,,,1.5,,,,,,,12/30/1899,NYG @ WAS,Giants @ Commanders,Northwest Stadium,outdoor,FOX,10/11/2026,,,,,,,,,,,,,,,0.5,1,1.5,3,1.5,,0.12,,,,,
Zach Ertz,TE,PHI,Showdown Captain Mode,10/11/2026,Showdown Captain Mode 10/11 9:30AM (PHI @ JAX),3200,44420484,0.67,2.46,0.21,9.6,,,,,,,,,,,,,,,,10/11/2026,,,,,,,,,,,,,,,,,,,,,0.11,,,,,
Derius Davis,WR,LAC,Classic,10/11/2026,"Classic 10/11 1:00PM, 11 Games",3100,44392324,0.75,2.46,0.24,9.3,,,,,,,,,,,,,,,,10/11/2026,,,,,,,,,,,,,,,,,,,,,0.13,,,,,
Derius Davis,WR,LAC,Late,10/11/2026,"Late 10/11 4:05PM, 3 Games",3100,44433386,0.75,2.46,0.24,9.3,,,,,,,,,,,,,,,,10/11/2026,,,,,,,,,,,,,,,,,,,,,0.13,,,,,
Jaleel McLaughlin,CPT,CLE,Showdown Captain Mode,10/11/2026,Showdown Captain Mode 10/11 1:00PM (CLE @ NYJ),3600,44422371,0.35,2.44,0.1,10.8,,,,,,,,,,,,,,,,10/11/2026,,,,,,,,,,,,,,,,,,,,,0.06,,,,,
Tanner Hudson,CPT,CIN,Showdown Captain Mode,10/11/2026,Showdown Captain Mode 10/11 1:00PM (CIN @ MIA),2400,44420648,1.44,2.44,0.6,7.2,,,2.5,,,,,,,12/30/1899,CIN @ MIA,Bengals @ Dolphins,Hard Rock Stadium,outdoor,FOX,10/11/2026,,,,,,,,,,,,,,,0.69,1,1.5,2.17,1.5,,0.1,,,,,
Bears,DST,CHI,Showdown Captain Mode,10/11/2026,Showdown Captain Mode 10/11 1:00PM (CHI @ GB),4000,44423818,0,2.4,0,12,,,,,,,,,,,,,,,,10/11/2026,,,,,,,,,,,,,,,,,,,,,,,,,,
Falcons,DST,ATL,Showdown Captain Mode,10/11/2026,Showdown Captain Mode 10/11 8:20PM (BAL @ ATL),4000,44446711,0,2.4,0,12,,,,,,,,,,,,,,,,10/11/2026,,,,,,,,,,,,,,,,,,,,,,,,,,
Lions,DST,DET,Showdown Captain Mode,10/11/2026,Showdown Captain Mode 10/11 4:25PM (DET @ ARI),4000,44434782,0,2.4,0,12,,,,,,,,,,,,,,,,10/11/2026,,,,,,,,,,,,,,,,,,,,,,,,,,
Patriots,DST,NE,Showdown Captain Mode,10/11/2026,Showdown Captain Mode 10/11 1:00PM (LV @ NE),4000,44420803,0,2.4,0,12,,,,,,,,,,,,,,,,10/11/2026,,,,,,,,,,,,,,,,,,,,,,,,,,
Mitch Tinsley,WR,CIN,Showdown Captain Mode,10/11/2026,Showdown Captain Mode 10/11 1:00PM (CIN @ MIA),4000,44420589,0,2.4,0,12,,,,,,,,,,,,,,,,10/11/2026,,,,,,,,,,,,,,,,,,,,,,,,,,
Falcons,DST,ATL,Showdown 2nd Half,10/11/2026,Showdown 2nd Half 10/11 9:20PM 2H (BAL @ ATL),4000,44447444,0,2.4,0,12,,,,,,,,,,,,,,,,10/11/2026,,,,,,,,,,,,,,,,,,,,,,,,,,
Falcons,DST,ATL,Showdown 4th Quarter,10/11/2026,Showdown 4th Quarter 10/11 9:50PM Q4 (BAL @ ATL),4000,44447589,0,2.4,0,12,,,,,,,,,,,,,,,,10/11/2026,,,,,,,,,,,,,,,,,,,,,,,,,,
Mason Rudolph,QB,PIT,Classic,10/11/2026,"Classic 10/11 1:00PM, 11 Games",4000,44391852,0,2.4,0,12,,,,,,,,,,,,,,,,10/11/2026,,,,,,,,,,,,,,,,,,,,,,,,,,
Fernando Mendoza,QB,LV,Classic,10/11/2026,"Classic 10/11 1:00PM, 11 Games",4000,44391853,0,2.4,0,12,,,,,,,,,,,,,,,,10/11/2026,,,,,,,,,,,,,,,,,,,,,,,,,,
Drew Lock,QB,SEA,Classic,10/11/2026,"Classic 10/11 1:00PM, 11 Games",4000,44391854,0,2.4,0,12,,,,,,,,,,,,,,,,10/11/2026,,,,,,,,,,,,,,,,,,,,,,,,,,
Jalen Milroe,QB,SEA,Classic,10/11/2026,"Classic 10/11 1:00PM, 11 Games",4000,44391855,0,2.4,0,12,,,,,,,,,,,,,,,,10/11/2026,,,,,,,,,,,,,,,,,,,,,,,,,,
Mac Jones,QB,SF,Classic,10/11/2026,"Classic 10/11 1:00PM, 11 Games",4000,44391856,0,2.4,0,12,,,,,,,,,,,,,,,,10/11/2026,,,,,,,,,,,,,,,,,,,,,,,,,,
Kurtis Rourke,QB,SF,Classic,10/11/2026,"Classic 10/11 1:00PM, 11 Games",4000,44391857,0,2.4,0,12,,,,,,,,,,,,,,,,10/11/2026,,,,,,,,,,,,,,,,,,,,,,,,,,
Tyrod Taylor,QB,GB,Classic,10/11/2026,"Classic 10/11 1:00PM, 11 Games",4000,44391858,0,2.4,0,12,,,,,,,,,,,,,,,,10/11/2026,,,,,,,,,,,,,,,,,,,,,,,,,,
Kedon Slovis,QB,GB,Classic,10/11/2026,"Classic 10/11 1:00PM, 11 Games",4000,44391859,0,2.4,0,12,,,,,,,,,,,,,,,,10/11/2026,,,,,,,,,,,,,,,,,,,,,,,,,,
Miller Moss,QB,CHI,Classic,10/11/2026,"Classic 10/11 1:00PM, 11 Games",4000,44391860,0,2.4,0,12,,,,,,,,,,,,,,,,10/11/2026,,,,,,,,,,,,,,,,,,,,,,,,,,
Gardner Minshew II,QB,ARI,Classic,10/11/2026,"Classic 10/11 1:00PM, 11 Games",4000,44391861,0,2.4,0,12,,,,,,,,,,,,,,,,10/11/2026,,,,,,,,,,,,,,,,,,,,,,,,,,
Carson Beck,QB,ARI,Classic,10/11/2026,"Classic 10/11 1:00PM, 11 Games",4000,44391862,0,2.4,0,12,,,,,,,,,,,,,,,,10/11/2026,,,,,,,,,,,,,,,,,,,,,,,,,,
Joshua Dobbs,QB,DET,Classic,10/11/2026,"Classic 10/11 1:00PM, 11 Games",4000,44391863,0,2.4,0,12,,,,,,,,,,,,,,,,10/11/2026,,,,,,,,,,,,,,,,,,,,,,,,,,
Luke Altmyer,QB,DET,Classic,10/11/2026,"Classic 10/11 1:00PM, 11 Games",4000,44391864,0,2.4,0,12,,,,,,,,,,,,,,,,10/11/2026,,,,,,,,,,,,,,,,,,,,,,,,,,
Trey Lance,QB,LAC,Classic,10/11/2026,"Classic 10/11 1:00PM, 11 Games",4000,44391865,0,2.4,0,12,,,,,,,,,,,,,,,,10/11/2026,,,,,,,,,,,,,,,,,,,,,,,,,,
DJ Uiagalelei,QB,LAC,Classic,10/11/2026,"Classic 10/11 1:00PM, 11 Games",4000,44391866,0,2.4,0,12,,,,,,,,,,,,,,,,10/11/2026,,,,,,,,,,,,,,,,,,,,,,,,,,
Jarrett Stidham,QB,DEN,Classic,10/11/2026,"Classic 10/11 1:00PM, 11 Games",4000,44391867,0,2.4,0,12,,,,,,,,,,,,,,,,10/11/2026,,,,,,,,,,,,,,,,,,,,,,,,,,
Sam Ehlinger,QB,DEN,Classic,10/11/2026,"Classic 10/11 1:00PM, 11 Games",4000,44391868,0,2.4,0,12,,,,,,,,,,,,,,,,10/11/2026,,,,,,,,,,,,,,,,,,,,,,,,,,
Sam Hartman,QB,WAS,Classic,10/11/2026,"Classic 10/11 1:00PM, 11 Games",4000,44391869,0,2.4,0,12,,,,,,,,,,,,,,,,10/11/2026,,,,,,,,,,,,,,,,,,,,,,,,,,
Jake Haener,QB,NYG,Classic,10/11/2026,"Classic 10/11 1:00PM, 11 Games",4000,44391870,0,2.4,0,12,,,,,,,,,,,,,,,,10/11/2026,,,,,,,,,,,,,,,,,,,,,,,,,,
Jaxson Dart,QB,NYG,Classic,10/11/2026,"Classic 10/11 1:00PM, 11 Games",4000,44391871,0,2.4,0,12,,,,,,,,,,,,,,,,10/11/2026,,,,,,,,,,,,,,,,,,,,,,,,,,
Mitchell Trubisky,QB,TEN,Classic,10/11/2026,"Classic 10/11 1:00PM, 11 Games",4000,44391872,0,2.4,0,12,,,,,,,,,,,,,,,,10/11/2026,,,,,,,,,,,,,,,,,,,,,,,,,,
Hendon Hooker,QB,TEN,Classic,10/11/2026,"Classic 10/11 1:00PM, 11 Games",4000,44391873,0,2.4,0,12,,,,,,,,,,,,,,,,10/11/2026,,,,,,,,,,,,,,,,,,,,,,,,,,
Davis Mills,QB,HOU,Classic,10/11/2026,"Classic 10/11 1:00PM, 11 Games",4000,44391874,0,2.4,0,12,,,,,,,,,,,,,,,,10/11/2026,,,,,,,,,,,,,,,,,,,,,,,,,,
Graham Mertz,QB,HOU,Classic,10/11/2026,"Classic 10/11 1:00PM, 11 Games",4000,44391875,0,2.4,0,12,,,,,,,,,,,,,,,,10/11/2026,,,,,,,,,,,,,,,,,,,,,,,,,,
Will Howard,QB,PIT,Classic,10/11/2026,"Classic 10/11 1:00PM, 11 Games",4000,44391876,0,2.4,0,12,,,,,,,,,,,,,,,,10/11/2026,,,,,,,,,,,,,,,,,,,,,,,,,,
Drew Allar,QB,PIT,Classic,10/11/2026,"Classic 10/11 1:00PM, 11 Games",4000,44391877,0,2.4,0,12,,,,,,,,,,,,,,,,10/11/2026,,,,,,,,,,,,,,,,,,,,,,,,,,
Anthony Richardson Sr.,QB,IND,Classic,10/11/2026,"Classic 10/11 1:00PM, 11 Games",4000,44391878,0,2.4,0,12,,,,,,,,,,,,,,,,10/11/2026,,,,,,,,,,,,,,,,,,,,,,,,,,
Riley Leonard,QB,IND,Classic,10/11/2026,"Classic 10/11 1:00PM, 11 Games",4000,44391879,0,2.4,0,12,,,,,,,,,,,,,,,,10/11/2026,,,,,,,,,,,,,,,,,,,,,,,,,,
Cade Klubnik,QB,NYJ,Classic,10/11/2026,"Classic 10/11 1:00PM, 11 Games",4000,44391880,0,2.4,0,12,,,,,,,,,,,,,,,,10/11/2026,,,,,,,,,,,,,,,,,,,,,,,,,,
Will Levis,QB,NYJ,Classic,10/11/2026,"Classic 10/11 1:00PM, 11 Games",4000,44391881,0,2.4,0,12,,,,,,,,,,,,,,,,10/11/2026,,,,,,,,,,,,,,,,,,,,,,,,,,
Shedeur Sanders,QB,CLE,Classic,10/11/2026,"Classic 10/11 1:00PM, 11 Games",4000,44391882,0,2.4,0,12,,,,,,,,,,,,,,,,10/11/2026,,,,,,,,,,,,,,,,,,,,,,,,,,
Taylen Green,QB,CLE,Classic,10/11/2026,"Classic 10/11 1:00PM, 11 Games",4000,44391883,0,2.4,0,12,,,,,,,,,,,,,,,,10/11/2026,,,,,,,,,,,,,,,,,,,,,,,,,,
Dillon Gabriel,QB,CLE,Classic,10/11/2026,"Classic 10/11 1:00PM, 11 Games",4000,44391884,0,2.4,0,12,,,,,,,,,,,,,,,,10/11/2026,,,,,,,,,,,,,,,,,,,,,,,,,,
Spencer Rattler,QB,NO,Classic,10/11/2026,"Classic 10/11 1:00PM, 11 Games",4000,44391885,0,2.4,0,12,,,,,,,,,,,,,,,,10/11/2026,,,,,,,,,,,,,,,,,,,,,,,,,,
Zach Wilson,QB,NO,Classic,10/11/2026,"Classic 10/11 1:00PM, 11 Games",4000,44391886,0,2.4,0,12,,,,,,,,,,,,,,,,10/11/2026,,,,,,,,,,,,,,,,,,,,,,,,,,
Carson Wentz,QB,MIN,Classic,10/11/2026,"Classic 10/11 1:00PM, 11 Games",4000,44391887,0,2.4,0,12,,,,,,,,,,,,,,,,10/11/2026,,,,,,,,,,,,,,,,,,,,,,,,,,
Max Brosmer,QB,MIN,Classic,10/11/2026,"Classic 10/11 1:00PM, 11 Games",4000,44391888,0,2.4,0,12,,,,,,,,,,,,,,,,10/11/2026,,,,,,,,,,,,,,,,,,,,,,,,,,
Tommy DeVito,QB,NE,Classic,10/11/2026,"Classic 10/11 1:00PM, 11 Games",4000,44391889,0,2.4,0,12,,,,,,,,,,,,,,,,10/11/2026,,,,,,,,,,,,,,,,,,,,,,,,,,
Behren Morton,QB,NE,Classic,10/11/2026,"Classic 10/11 1:00PM, 11 Games",4000,44391890,0,2.4,0,12,,,,,,,,,,,,,,,,10/11/2026,,,,,,,,,,,,,,,,,,,,,,,,,,
Aidan O'Connell,QB,LV,Classic,10/11/2026,"Classic 10/11 1:00PM, 11 Games",4000,44391891,0,2.4,0,12,,,,,,,,,,,,,,,,10/11/2026,,,,,,,,,,,,,,,,,,,,,,,,,,
Kyle McCord,QB,MIA,Classic,10/11/2026,"Classic 10/11 1:00PM, 11 Games",4000,44391892,0,2.4,0,12,,,,,,,,,,,,,,,,10/11/2026,,,,,,,,,,,,,,,,,,,,,,,,,,
Brady Cook,QB,MIA,Classic,10/11/2026,"Classic 10/11 1:00PM, 11 Games",4000,44391893,0,2.4,0,12,,,,,,,,,,,,,,,,10/11/2026,,,,,,,,,,,,,,,,,,,,,,,,,,
Sean Clifford,QB,CIN,Classic,10/11/2026,"Classic 10/11 1:00PM, 11 Games",4000,44391894,0,2.4,0,12,,,,,,,,,,,,,,,,10/11/2026,,,,,,,,,,,,,,,,,,,,,,,,,,
Josh Johnson,QB,CIN,Classic,10/11/2026,"Classic 10/11 1:00PM, 11 Games",4000,44391895,0,2.4,0,12,,,,,,,,,,,,,,,,10/11/2026,,,,,,,,,,,,,,,,,,,,,,,,,,
Jadarian Price,RB,SEA,Classic,10/11/2026,"Classic 10/11 1:00PM, 11 Games",4000,44392008,0,2.4,0,12,,,,,,,,,,,,,,,,10/11/2026,,,,,,,,,,,,,,,,,,,,,,,,,,
Travis Etienne Jr.,RB,NO,Classic,10/11/2026,"Classic 10/11 1:00PM, 11 Games",4000,44392010,0,2.4,0,12,,,,,,,,,,,,,,,,10/11/2026,,,,,,,,,,,,,,,,,,,,,,,,,,
De'Von Achane,RB,MIA,Classic,10/11/2026,"Classic 10/11 1:00PM, 11 Games",4000,44392012,0,2.4,0,12,,,,,,,,,,,,,,,,10/11/2026,,,,,,,,,,,,,,,,,,,,,,,,,,
Jacardia Wright,RB,SEA,Classic,10/11/2026,"Classic 10/11 1:00PM, 11 Games",4000,44392018,0,2.4,0,12,,,,,,,,,,,,,,,,10/11/2026,,,,,,,,,,,,,,,,,,,,,,,,,,
Robbie Ouzts,RB,SEA,Classic,10/11/2026,"Classic 10/11 1:00PM, 11 Games",4000,44392020,0,2.4,0,12,,,,,,,,,,,,,,,,10/11/2026,,,,,,,,,,,,,,,,,,,,,,,,,,
Jordan James,RB,SF,Classic,10/11/2026,"Classic 10/11 1:00PM, 11 Games",4000,44392022,0,2.4,0,12,,,,,,,,,,,,,,,,10/11/2026,,,,,,,,,,,,,,,,,,,,,,,,,,
Isaac Guerendo,RB,SF,Classic,10/11/2026,"Classic 10/11 1:00PM, 11 Games",4000,44392024,0,2.4,0,12,,,,,,,,,,,,,,,,10/11/2026,,,,,,,,,,,,,,,,,,,,,,,,,,
Sincere McCormick,RB,SF,Classic,10/11/2026,"Classic 10/11 1:00PM, 11 Games",4000,44392026,0,2.4,0,12,,,,,,,,,,,,,,,,10/11/2026,,,,,,,,,,,,,,,,,,,,,,,,,,
Brittain Brown,RB,CHI,Classic,10/11/2026,"Classic 10/11 1:00PM, 11 Games",4000,44392032,0,2.4,0,12,,,,,,,,,,,,,,,,10/11/2026,,,,,,,,,,,,,,,,,,,,,,,,,,
Zavier Scott,RB,CHI,Classic,10/11/2026,"Classic 10/11 1:00PM, 11 Games",4000,44392034,0,2.4,0,12,,,,,,,,,,,,,,,,10/11/2026,,,,,,,,,,,,,,,,,,,,,,,,,,
Trey Benson,RB,ARI,Classic,10/11/2026,"Classic 10/11 1:00PM, 11 Games",4000,44392040,0,2.4,0,12,,,,,,,,,,,,,,,,10/11/2026,,,,,,,,,,,,,,,,,,,,,,,,,,
Evan Hull,RB,ARI,Classic,10/11/2026,"Classic 10/11 1:00PM, 11 Games",4000,44392042,0,2.4,0,12,,,,,,,,,,,,,,,,10/11/2026,,,,,,,,,,,,,,,,,,,,,,,,,,
Isiah Pacheco,RB,DET,Classic,10/11/2026,"Classic 10/11 1:00PM, 11 Games",4000,44392046,0,2.4,0,12,,,,,,,,,,,,,,,,10/11/2026,,,,,,,,,,,,,,,,,,,,,,,,,,
Jabari Small,RB,DET,Classic,10/11/2026,"Classic 10/11 1:00PM, 11 Games",4000,44392048,0,2.4,0,12,,,,,,,,,,,,,,,,10/11/2026,,,,,,,,,,,,,,,,,,,,,,,,,,
Gregory Desrosiers,RB,LAC,Classic,10/11/2026,"Classic 10/11 1:00PM, 11 Games",4000,44392050,0,2.4,0,12,,,,,,,,,,,,,,,,10/11/2026,,,,,,,,,,,,,,,,,,,,,,,,,,
Amar Johnson,RB,LAC,Classic,10/11/2026,"Classic 10/11 1:00PM, 11 Games",4000,44392054,0,2.4,0,12,,,,,,,,,,,,,,,,10/11/2026,,,,,,,,,,,,,,,,,,,,,,,,,,
Scott Matlock,RB,LAC,Classic,10/11/2026,"Classic 10/11 1:00PM, 11 Games",4000,44392056,0,2.4,0,12,,,,,,,,,,,,,,,,10/11/2026,,,,,,,,,,,,,,,,,,,,,,,,,,
Jonah Coleman,RB,DEN,Classic,10/11/2026,"Classic 10/11 1:00PM, 11 Games",4000,44392058,0,2.4,0,12,,,,,,,,,,,,,,,,10/11/2026,,,,,,,,,,,,,,,,,,,,,,,,,,
Cody Schrader,RB,DEN,Classic,10/11/2026,"Classic 10/11 1:00PM, 11 Games",4000,44392060,0,2.4,0,12,,,,,,,,,,,,,,,,10/11/2026,,,,,,,,,,,,,,,,,,,,,,,,,,
Craig Reynolds,RB,WAS,Classic,10/11/2026,"Classic 10/11 1:00PM, 11 Games",4000,44392064,0,2.4,0,12,,,,,,,,,,,,,,,,10/11/2026,,,,,,,,,,,,,,,,,,,,,,,,,,
Jeremy McNichols,RB,WAS,Classic,10/11/2026,"Classic 10/11 1:00PM, 11 Games",4000,44392066,0,2.4,0,12,,,,,,,,,,,,,,,,10/11/2026,,,,,,,,,,,,,,,,,,,,,,,,,,
Phil Mafah,RB,NYG,Classic,10/11/2026,"Classic 10/11 1:00PM, 11 Games",4000,44392074,0,2.4,0,12,,,,,,,,,,,,,,,,10/11/2026,,,,,,,,,,,,,,,,,,,,,,,,,,
Grant Finley,RB,NYG,Classic,10/11/2026,"Classic 10/11 1:00PM, 11 Games",4000,44392076,0,2.4,0,12,,,,,,,,,,,,,,,,10/11/2026,,,,,,,,,,,,,,,,,,,,,,,,,,
Nick Singleton,RB,TEN,Classic,10/11/2026,"Classic 10/11 1:00PM, 11 Games",4000,44392078,0,2.4,0,12,,,,,,,,,,,,,,,,10/11/2026,,,,,,,,,,,,,,,,,,,,,,,,,,
Kalel Mullings,RB,TEN,Classic,10/11/2026,"Classic 10/11 1:00PM, 11 Games",4000,44392084,0,2.4,0,12,,,,,,,,,,,,,,,,10/11/2026,,,,,,,,,,,,,,,,,,,,,,,,,,
British Brooks,RB,HOU,Classic,10/11/2026,"Classic 10/11 1:00PM, 11 Games",4000,44392088,0,2.4,0,12,,,,,,,,,,,,,,,,10/11/2026,,,,,,,,,,,,,,,,,,,,,,,,,,
Jawhar Jordan,RB,HOU,Classic,10/11/2026,"Classic 10/11 1:00PM, 11 Games",4000,44392090,0,2.4,0,12,,,,,,,,,,,,,,,,10/11/2026,,,,,,,,,,,,,,,,,,,,,,,,,,
Lew Nichols,RB,PIT,Classic,10/11/2026,"Classic 10/11 1:00PM, 11 Games",4000,44392096,0,2.4,0,12,,,,,,,,,,,,,,,,10/11/2026,,,,,,,,,,,,,,,,,,,,,,,,,,
Davon Booth,RB,IND,Classic,10/11/2026,"Classic 10/11 1:00PM, 11 Games",4000,44392100,0,2.4,0,12,,,,,,,,,,,,,,,,10/11/2026,,,,,,,,,,,,,,,,,,,,,,,,,,
Chip Trayanum,RB,NYJ,Classic,10/11/2026,"Classic 10/11 1:00PM, 11 Games",4000,44392104,0,2.4,0,12,,,,,,,,,,,,,,,,10/11/2026,,,,,,,,,,,,,,,,,,,,,,,,,,
Al-Jay Henderson,RB,NYJ,Classic,10/11/2026,"Classic 10/11 1:00PM, 11 Games",4000,44392108,0,2.4,0,12,,,,,,,,,,,,,,,,10/11/2026,,,,,,,,,,,,,,,,,,,,,,,,,,
Dylan Sampson,RB,CLE,Classic,10/11/2026,"Classic 10/11 1:00PM, 11 Games",4000,44392110,0,2.4,0,12,,,,,,,,,,,,,,,,10/11/2026,,,,,,,,,,,,,,,,,,,,,,,,,,
Eric Gray,RB,CLE,Classic,10/11/2026,"Classic 10/11 1:00PM, 11 Games",4000,44392114,0,2.4,0,12,,,,,,,,,,,,,,,,10/11/2026,,,,,,,,,,,,,,,,,,,,,,,,,,
Ty Chandler,RB,NO,Classic,10/11/2026,"Classic 10/11 1:00PM, 11 Games",4000,44392116,0,2.4,0,12,,,,,,,,,,,,,,,,10/11/2026,,,,,,,,,,,,,,,,,,,,,,,,,,
Zamir White,RB,NO,Classic,10/11/2026,"Classic 10/11 1:00PM, 11 Games",4000,44392118,0,2.4,0,12,,,,,,,,,,,,,,,,10/11/2026,,,,,,,,,,,,,,,,,,,,,,,,,,
Ulysses Bentley IV,RB,NO,Classic,10/11/2026,"Classic 10/11 1:00PM, 11 Games",4000,44392120,0,2.4,0,12,,,,,,,,,,,,,,,,10/11/2026,,,,,,,,,,,,,,,,,,,,,,,,,,
Jordan Mason,RB,MIN,Classic,10/11/2026,"Classic 10/11 1:00PM, 11 Games",4000,44392124,0,2.4,0,12,,,,,,,,,,,,,,,,10/11/2026,,,,,,,,,,,,,,,,,,,,,,,,,,
Devin Neal,RB,MIN,Classic,10/11/2026,"Classic 10/11 1:00PM, 11 Games",4000,44392126,0,2.4,0,12,,,,,,,,,,,,,,,,10/11/2026,,,,,,,,,,,,,,,,,,,,,,,,,,
Audric Estime,RB,MIN,Classic,10/11/2026,"Classic 10/11 1:00PM, 11 Games",4000,44392128,0,2.4,0,12,,,,,,,,,,,,,,,,10/11/2026,,,,,,,,,,,,,,,,,,,,,,,,,,
Myles Montgomery,RB,NE,Classic,10/11/2026,"Classic 10/11 1:00PM, 11 Games",4000,44392134,0,2.4,0,12,,,,,,,,,,,,,,,,10/11/2026,,,,,,,,,,,,,,,,,,,,,,,,,,
Lan Larison,RB,NE,Classic,10/11/2026,"Classic 10/11 1:00PM, 11 Games",4000,44392138,0,2.4,0,12,,,,,,,,,,,,,,,,10/11/2026,,,,,,,,,,,,,,,,,,,,,,,,,,
Chris Collier,RB,LV,Classic,10/11/2026,"Classic 10/11 1:00PM, 11 Games",4000,44392142,0,2.4,0,12,,,,,,,,,,,,,,,,10/11/2026,,,,,,,,,,,,,,,,,,,,,,,,,,
Roman Hemby,RB,LV,Classic,10/11/2026,"Classic 10/11 1:00PM, 11 Games",4000,44392146,0,2.4,0,12,,,,,,,,,,,,,,,,10/11/2026,,,,,,,,,,,,,,,,,,,,,,,,,,
Owen Wright,RB,LV,Classic,10/11/2026,"Classic 10/11 1:00PM, 11 Games",4000,44392148,0,2.4,0,12,,,,,,,,,,,,,,,,10/11/2026,,,,,,,,,,,,,,,,,,,,,,,,,,
Carlos Washington Jr.,RB,MIA,Classic,10/11/2026,"Classic 10/11 1:00PM, 11 Games",4000,44392150,0,2.4,0,12,,,,,,,,,,,,,,,,10/11/2026,,,,,,,,,,,,,,,,,,,,,,,,,,
Jarquez Hunter,RB,MIA,Classic,10/11/2026,"Classic 10/11 1:00PM, 11 Games",4000,44392152,0,2.4,0,12,,,,,,,,,,,,,,,,10/11/2026,,,,,,,,,,,,,,,,,,,,,,,,,,
Kentrel Bullock,RB,CIN,Classic,10/11/2026,"Classic 10/11 1:00PM, 11 Games",4000,44392158,0,2.4,0,12,,,,,,,,,,,,,,,,10/11/2026,,,,,,,,,,,,,,,,,,,,,,,,,,
Kendall Milton,RB,CIN,Classic,10/11/2026,"Classic 10/11 1:00PM, 11 Games",4000,44392160,0,2.4,0,12,,,,,,,,,,,,,,,,10/11/2026,,,,,,,,,,,,,,,,,,,,,,,,,,
Pat Bryant,WR,DEN,Classic,10/11/2026,"Classic 10/11 1:00PM, 11 Games",4000,44392252,0,2.4,0,12,,,,,,,,,,,,,,,,10/11/2026,,,,,,,,,,,,,,,,,,,,,,,,,,
Mark Gronowski,QB,HOU,Classic,10/11/2026,"Classic 10/11 1:00PM, 13 Games",4000,44448222,0,2.4,0,12,,,,,,,,,,,,,,,,10/11/2026,,,,,,,,,,,,,,,,,,,,,,,,,,
Damon Bankston,RB,GB,Classic,10/11/2026,"Classic 10/11 1:00PM, 13 Games",4000,44448225,0,2.4,0,12,,,,,,,,,,,,,,,,10/11/2026,,,,,,,,,,,,,,,,,,,,,,,,,,
Deuce Vaughn,RB,HOU,Classic,10/11/2026,"Classic 10/11 1:00PM, 13 Games",4000,44448227,0,2.4,0,12,,,,,,,,,,,,,,,,10/11/2026,,,,,,,,,,,,,,,,,,,,,,,,,,
Dontae McMillan,RB,SEA,Classic,10/11/2026,"Classic 10/11 1:00PM, 13 Games",4000,44448229,0,2.4,0,12,,,,,,,,,,,,,,,,10/11/2026,,,,,,,,,,,,,,,,,,,,,,,,,,
Jaret Patterson,RB,CLE,Classic,10/11/2026,"Classic 10/11 1:00PM, 13 Games",4000,44448233,0,2.4,0,12,,,,,,,,,,,,,,,,10/11/2026,,,,,,,,,,,,,,,,,,,,,,,,,,
Tyrod Taylor,QB,GB,Early,10/11/2026,"Early 10/11 1:00PM, 8 Games",4000,44418503,0,2.4,0,12,,,,,,,,,,,,,,,,10/11/2026,,,,,,,,,,,,,,,,,,,,,,,,,,
Kedon Slovis,QB,GB,Early,10/11/2026,"Early 10/11 1:00PM, 8 Games",4000,44418504,0,2.4,0,12,,,,,,,,,,,,,,,,10/11/2026,,,,,,,,,,,,,,,,,,,,,,,,,,
Miller Moss,QB,CHI,Early,10/11/2026,"Early 10/11 1:00PM, 8 Games",4000,44418505,0,2.4,0,12,,,,,,,,,,,,,,,,10/11/2026,,,,,,,,,,,,,,,,,,,,,,,,,,
Sam Hartman,QB,WAS,Early,10/11/2026,"Early 10/11 1:00PM, 8 Games",4000,44418506,0,2.4,0,12,,,,,,,,,,,,,,,,10/11/2026,,,,,,,,,,,,,,,,,,,,,,,,,,
Jaxson Dart,QB,NYG,Early,10/11/2026,"Early 10/11 1:00PM, 8 Games",4000,44418507,0,2.4,0,12,,,,,,,,,,,,,,,,10/11/2026,,,,,,,,,,,,,,,,,,,,,,,,,,
Jake Haener,QB,NYG,Early,10/11/2026,"Early 10/11 1:00PM, 8 Games",4000,44418508,0,2.4,0,12,,,,,,,,,,,,,,,,10/11/2026,,,,,,,,,,,,,,,,,,,,,,,,,,
Mitchell Trubisky,QB,TEN,Early,10/11/2026,"Early 10/11 1:00PM, 8 Games",4000,44418509,0,2.4,0,12,,,,,,,,,,,,,,,,10/11/2026,,,,,,,,,,,,,,,,,,,,,,,,,,
Hendon Hooker,QB,TEN,Early,10/11/2026,"Early 10/11 1:00PM, 8 Games",4000,44418510,0,2.4,0,12,,,,,,,,,,,,,,,,10/11/2026,,,,,,,,,,,,,,,,,,,,,,,,,,
Davis Mills,QB,HOU,Early,10/11/2026,"Early 10/11 1:00PM, 8 Games",4000,44418511,0,2.4,0,12,,,,,,,,,,,,,,,,10/11/2026,,,,,,,,,,,,,,,,,,,,,,,,,,
Graham Mertz,QB,HOU,Early,10/11/2026,"Early 10/11 1:00PM, 8 Games",4000,44418512,0,2.4,0,12,,,,,,,,,,,,,,,,10/11/2026,,,,,,,,,,,,,,,,,,,,,,,,,,
Mason Rudolph,QB,PIT,Early,10/11/2026,"Early 10/11 1:00PM, 8 Games",4000,44418513,0,2.4,0,12,,,,,,,,,,,,,,,,10/11/2026,,,,,,,,,,,,,,,,,,,,,,,,,,
Will Howard,QB,PIT,Early,10/11/2026,"Early 10/11 1:00PM, 8 Games",4000,44418514,0,2.4,0,12,,,,,,,,,,,,,,,,10/11/2026,,,,,,,,,,,,,,,,,,,,,,,,,,
Drew Allar,QB,PIT,Early,10/11/2026,"Early 10/11 1:00PM, 8 Games",4000,44418515,0,2.4,0,12,,,,,,,,,,,,,,,,10/11/2026,,,,,,,,,,,,,,,,,,,,,,,,,,
Anthony Richardson Sr.,QB,IND,Early,10/11/2026,"Early 10/11 1:00PM, 8 Games",4000,44418516,0,2.4,0,12,,,,,,,,,,,,,,,,10/11/2026,,,,,,,,,,,,,,,,,,,,,,,,,,
Riley Leonard,QB,IND,Early,10/11/2026,"Early 10/11 1:00PM, 8 Games",4000,44418517,0,2.4,0,12,,,,,,,,,,,,,,,,10/11/2026,,,,,,,,,,,,,,,,,,,,,,,,,,
Cade Klubnik,QB,NYJ,Early,10/11/2026,"Early 10/11 1:00PM, 8 Games",4000,44418518,0,2.4,0,12,,,,,,,,,,,,,,,,10/11/2026,,,,,,,,,,,,,,,,,,,,,,,,,,
Will Levis,QB,NYJ,Early,10/11/2026,"Early 10/11 1:00PM, 8 Games",4000,44418519,0,2.4,0,12,,,,,,,,,,,,,,,,10/11/2026,,,,,,,,,,,,,,,,,,,,,,,,,,
Shedeur Sanders,QB,CLE,Early,10/11/2026,"Early 10/11 1:00PM, 8 Games",4000,44418520,0,2.4,0,12,,,,,,,,,,,,,,,,10/11/2026,,,,,,,,,,,,,,,,,,,,,,,,,,
Taylen Green,QB,CLE,Early,10/11/2026,"Early 10/11 1:00PM, 8 Games",4000,44418521,0,2.4,0,12,,,,,,,,,,,,,,,,10/11/2026,,,,,,,,,,,,,,,,,,,,,,,,,,
Dillon Gabriel,QB,CLE,Early,10/11/2026,"Early 10/11 1:00PM, 8 Games",4000,44418522,0,2.4,0,12,,,,,,,,,,,,,,,,10/11/2026,,,,,,,,,,,,,,,,,,,,,,,,,,
Spencer Rattler,QB,NO,Early,10/11/2026,"Early 10/11 1:00PM, 8 Games",4000,44418523,0,2.4,0,12,,,,,,,,,,,,,,,,10/11/2026,,,,,,,,,,,,,,,,,,,,,,,,,,
Zach Wilson,QB,NO,Early,10/11/2026,"Early 10/11 1:00PM, 8 Games",4000,44418524,0,2.4,0,12,,,,,,,,,,,,,,,,10/11/2026,,,,,,,,,,,,,,,,,,,,,,,,,,
Carson Wentz,QB,MIN,Early,10/11/2026,"Early 10/11 1:00PM, 8 Games",4000,44418525,0,2.4,0,12,,,,,,,,,,,,,,,,10/11/2026,,,,,,,,,,,,,,,,,,,,,,,,,,
Max Brosmer,QB,MIN,Early,10/11/2026,"Early 10/11 1:00PM, 8 Games",4000,44418526,0,2.4,0,12,,,,,,,,,,,,,,,,10/11/2026,,,,,,,,,,,,,,,,,,,,,,,,,,
Tommy DeVito,QB,NE,Early,10/11/2026,"Early 10/11 1:00PM, 8 Games",4000,44418527,0,2.4,0,12,,,,,,,,,,,,,,,,10/11/2026,,,,,,,,,,,,,,,,,,,,,,,,,,
Behren Morton,QB,NE,Early,10/11/2026,"Early 10/11 1:00PM, 8 Games",4000,44418528,0,2.4,0,12,,,,,,,,,,,,,,,,10/11/2026,,,,,,,,,,,,,,,,,,,,,,,,,,
Fernando Mendoza,QB,LV,Early,10/11/2026,"Early 10/11 1:00PM, 8 Games",4000,44418529,0,2.4,0,12,,,,,,,,,,,,,,,,10/11/2026,,,,,,,,,,,,,,,,,,,,,,,,,,
Aidan O'Connell,QB,LV,Early,10/11/2026,"Early 10/11 1:00PM, 8 Games",4000,44418530,0,2.4,0,12,,,,,,,,,,,,,,,,10/11/2026,,,,,,,,,,,,,,,,,,,,,,,,,,
Kyle McCord,QB,MIA,Early,10/11/2026,"Early 10/11 1:00PM, 8 Games",4000,44418531,0,2.4,0,12,,,,,,,,,,,,,,,,10/11/2026,,,,,,,,,,,,,,,,,,,,,,,,,,
Brady Cook,QB,MIA,Early,10/11/2026,"Early 10/11 1:00PM, 8 Games",4000,44418532,0,2.4,0,12,,,,,,,,,,,,,,,,10/11/2026,,,,,,,,,,,,,,,,,,,,,,,,,,
Sean Clifford,QB,CIN,Early,10/11/2026,"Early 10/11 1:00PM, 8 Games",4000,44418533,0,2.4,0,12,,,,,,,,,,,,,,,,10/11/2026,,,,,,,,,,,,,,,,,,,,,,,,,,
Josh Johnson,QB,CIN,Early,10/11/2026,"Early 10/11 1:00PM, 8 Games",4000,44418534,0,2.4,0,12,,,,,,,,,,,,,,,,10/11/2026,,,,,,,,,,,,,,,,,,,,,,,,,,
Brittain Brown,RB,CHI,Early,10/11/2026,"Early 10/11 1:00PM, 8 Games",4000,44418615,0,2.4,0,12,,,,,,,,,,,,,,,,10/11/2026,,,,,,,,,,,,,,,,,,,,,,,,,,
Zavier Scott,RB,CHI,Early,10/11/2026,"Early 10/11 1:00PM, 8 Games",4000,44418619,0,2.4,0,12,,,,,,,,,,,,,,,,10/11/2026,,,,,,,,,,,,,,,,,,,,,,,,,,
Jeremy McNichols,RB,WAS,Early,10/11/2026,"Early 10/11 1:00PM, 8 Games",4000,44418621,0,2.4,0,12,,,,,,,,,,,,,,,,10/11/2026,,,,,,,,,,,,,,,,,,,,,,,,,,
Craig Reynolds,RB,WAS,Early,10/11/2026,"Early 10/11 1:00PM, 8 Games",4000,44418625,0,2.4,0,12,,,,,,,,,,,,,,,,10/11/2026,,,,,,,,,,,,,,,,,,,,,,,,,,
Grant Finley,RB,NYG,Early,10/11/2026,"Early 10/11 1:00PM, 8 Games",4000,44418631,0,2.4,0,12,,,,,,,,,,,,,,,,10/11/2026,,,,,,,,,,,,,,,,,,,,,,,,,,
Phil Mafah,RB,NYG,Early,10/11/2026,"Early 10/11 1:00PM, 8 Games",4000,44418635,0,2.4,0,12,,,,,,,,,,,,,,,,10/11/2026,,,,,,,,,,,,,,,,,,,,,,,,,,
Nick Singleton,RB,TEN,Early,10/11/2026,"Early 10/11 1:00PM, 8 Games",4000,44418637,0,2.4,0,12,,,,,,,,,,,,,,,,10/11/2026,,,,,,,,,,,,,,,,,,,,,,,,,,
Kalel Mullings,RB,TEN,Early,10/11/2026,"Early 10/11 1:00PM, 8 Games",4000,44418643,0,2.4,0,12,,,,,,,,,,,,,,,,10/11/2026,,,,,,,,,,,,,,,,,,,,,,,,,,
British Brooks,RB,HOU,Early,10/11/2026,"Early 10/11 1:00PM, 8 Games",4000,44418647,0,2.4,0,12,,,,,,,,,,,,,,,,10/11/2026,,,,,,,,,,,,,,,,,,,,,,,,,,
Jawhar Jordan,RB,HOU,Early,10/11/2026,"Early 10/11 1:00PM, 8 Games",4000,44418649,0,2.4,0,12,,,,,,,,,,,,,,,,10/11/2026,,,,,,,,,,,,,,,,,,,,,,,,,,
Lew Nichols,RB,PIT,Early,10/11/2026,"Early 10/11 1:00PM, 8 Games",4000,44418657,0,2.4,0,12,,,,,,,,,,,,,,,,10/11/2026,,,,,,,,,,,,,,,,,,,,,,,,,,
Davon Booth,RB,IND,Early,10/11/2026,"Early 10/11 1:00PM, 8 Games",4000,44418661,0,2.4,0,12,,,,,,,,,,,,,,,,10/11/2026,,,,,,,,,,,,,,,,,,,,,,,,,,
Chip Trayanum,RB,NYJ,Early,10/11/2026,"Early 10/11 1:00PM, 8 Games",4000,44418665,0,2.4,0,12,,,,,,,,,,,,,,,,10/11/2026,,,,,,,,,,,,,,,,,,,,,,,,,,
Al-Jay Henderson,RB,NYJ,Early,10/11/2026,"Early 10/11 1:00PM, 8 Games",4000,44418669,0,2.4,0,12,,,,,,,,,,,,,,,,10/11/2026,,,,,,,,,,,,,,,,,,,,,,,,,,
Dylan Sampson,RB,CLE,Early,10/11/2026,"Early 10/11 1:00PM, 8 Games",4000,44418671,0,2.4,0,12,,,,,,,,,,,,,,,,10/11/2026,,,,,,,,,,,,,,,,,,,,,,,,,,
Eric Gray,RB,CLE,Early,10/11/2026,"Early 10/11 1:00PM, 8 Games",4000,44418673,0,2.4,0,12,,,,,,,,,,,,,,,,10/11/2026,,,,,,,,,,,,,,,,,,,,,,,,,,
Travis Etienne Jr.,RB,NO,Early,10/11/2026,"Early 10/11 1:00PM, 8 Games",4000,44418677,0,2.4,0,12,,,,,,,,,,,,,,,,10/11/2026,,,,,,,,,,,,,,,,,,,,,,,,,,
Ty Chandler,RB,NO,Early,10/11/2026,"Early 10/11 1:00PM, 8 Games",4000,44418679,0,2.4,0,12,,,,,,,,,,,,,,,,10/11/2026,,,,,,,,,,,,,,,,,,,,,,,,,,
Ulysses Bentley IV,RB,NO,Early,10/11/2026,"Early 10/11 1:00PM, 8 Games",4000,44418681,0,2.4,0,12,,,,,,,,,,,,,,,,10/11/2026,,,,,,,,,,,,,,,,,,,,,,,,,,
Zamir White,RB,NO,Early,10/11/2026,"Early 10/11 1:00PM, 8 Games",4000,44418683,0,2.4,0,12,,,,,,,,,,,,,,,,10/11/2026,,,,,,,,,,,,,,,,,,,,,,,,,,
Jordan Mason,RB,MIN,Early,10/11/2026,"Early 10/11 1:00PM, 8 Games",4000,44418689,0,2.4,0,12,,,,,,,,,,,,,,,,10/11/2026,,,,,,,,,,,,,,,,,,,,,,,,,,
Audric Estime,RB,MIN,Early,10/11/2026,"Early 10/11 1:00PM, 8 Games",4000,44418691,0,2.4,0,12,,,,,,,,,,,,,,,,10/11/2026,,,,,,,,,,,,,,,,,,,,,,,,,,
Devin Neal,RB,MIN,Early,10/11/2026,"Early 10/11 1:00PM, 8 Games",4000,44418693,0,2.4,0,12,,,,,,,,,,,,,,,,10/11/2026,,,,,,,,,,,,,,,,,,,,,,,,,,
Myles Montgomery,RB,NE,Early,10/11/2026,"Early 10/11 1:00PM, 8 Games",4000,44418699,0,2.4,0,12,,,,,,,,,,,,,,,,10/11/2026,,,,,,,,,,,,,,,,,,,,,,,,,,
Lan Larison,RB,NE,Early,10/11/2026,"Early 10/11 1:00PM, 8 Games",4000,44418701,0,2.4,0,12,,,,,,,,,,,,,,,,10/11/2026,,,,,,,,,,,,,,,,,,,,,,,,,,
Chris Collier,RB,LV,Early,10/11/2026,"Early 10/11 1:00PM, 8 Games",4000,44418707,0,2.4,0,12,,,,,,,,,,,,,,,,10/11/2026,,,,,,,,,,,,,,,,,,,,,,,,,,
Owen Wright,RB,LV,Early,10/11/2026,"Early 10/11 1:00PM, 8 Games",4000,44418711,0,2.4,0,12,,,,,,,,,,,,,,,,10/11/2026,,,,,,,,,,,,,,,,,,,,,,,,,,
Roman Hemby,RB,LV,Early,10/11/2026,"Early 10/11 1:00PM, 8 Games",4000,44418713,0,2.4,0,12,,,,,,,,,,,,,,,,10/11/2026,,,,,,,,,,,,,,,,,,,,,,,,,,
De'Von Achane,RB,MIA,Early,10/11/2026,"Early 10/11 1:00PM, 8 Games",4000,44418715,0,2.4,0,12,,,,,,,,,,,,,,,,10/11/2026,,,,,,,,,,,,,,,,,,,,,,,,,,
Jarquez Hunter,RB,MIA,Early,10/11/2026,"Early 10/11 1:00PM, 8 Games",4000,44418719,0,2.4,0,12,,,,,,,,,,,,,,,,10/11/2026,,,,,,,,,,,,,,,,,,,,,,,,,,
Kentrel Bullock,RB,CIN,Early,10/11/2026,"Early 10/11 1:00PM, 8 Games",4000,44418723,0,2.4,0,12,,,,,,,,,,,,,,,,10/11/2026,,,,,,,,,,,,,,,,,,,,,,,,,,
Kendall Milton,RB,CIN,Early,10/11/2026,"Early 10/11 1:00PM, 8 Games",4000,44418725,0,2.4,0,12,,,,,,,,,,,,,,,,10/11/2026,,,,,,,,,,,,,,,,,,,,,,,,,,
Mark Gronowski,QB,HOU,Early,10/11/2026,"Early 10/11 1:00PM, 8 Games",4000,44448286,0,2.4,0,12,,,,,,,,,,,,,,,,10/11/2026,,,,,,,,,,,,,,,,,,,,,,,,,,
Carlos Washington Jr.,RB,MIA,Early,10/11/2026,"Early 10/11 1:00PM, 8 Games",4000,44448287,0,2.4,0,12,,,,,,,,,,,,,,,,10/11/2026,,,,,,,,,,,,,,,,,,,,,,,,,,
Damon Bankston,RB,GB,Early,10/11/2026,"Early 10/11 1:00PM, 8 Games",4000,44448289,0,2.4,0,12,,,,,,,,,,,,,,,,10/11/2026,,,,,,,,,,,,,,,,,,,,,,,,,,
Deuce Vaughn,RB,HOU,Early,10/11/2026,"Early 10/11 1:00PM, 8 Games",4000,44448291,0,2.4,0,12,,,,,,,,,,,,,,,,10/11/2026,,,,,,,,,,,,,,,,,,,,,,,,,,
Jaret Patterson,RB,CLE,Early,10/11/2026,"Early 10/11 1:00PM, 8 Games",4000,44448293,0,2.4,0,12,,,,,,,,,,,,,,,,10/11/2026,,,,,,,,,,,,,,,,,,,,,,,,,,
Drew Lock,QB,SEA,Late,10/11/2026,"Late 10/11 4:05PM, 3 Games",4000,44433252,0,2.4,0,12,,,,,,,,,,,,,,,,10/11/2026,,,,,,,,,,,,,,,,,,,,,,,,,,
Jalen Milroe,QB,SEA,Late,10/11/2026,"Late 10/11 4:05PM, 3 Games",4000,44433253,0,2.4,0,12,,,,,,,,,,,,,,,,10/11/2026,,,,,,,,,,,,,,,,,,,,,,,,,,
Mac Jones,QB,SF,Late,10/11/2026,"Late 10/11 4:05PM, 3 Games",4000,44433254,0,2.4,0,12,,,,,,,,,,,,,,,,10/11/2026,,,,,,,,,,,,,,,,,,,,,,,,,,
Kurtis Rourke,QB,SF,Late,10/11/2026,"Late 10/11 4:05PM, 3 Games",4000,44433255,0,2.4,0,12,,,,,,,,,,,,,,,,10/11/2026,,,,,,,,,,,,,,,,,,,,,,,,,,
Gardner Minshew II,QB,ARI,Late,10/11/2026,"Late 10/11 4:05PM, 3 Games",4000,44433256,0,2.4,0,12,,,,,,,,,,,,,,,,10/11/2026,,,,,,,,,,,,,,,,,,,,,,,,,,
Carson Beck,QB,ARI,Late,10/11/2026,"Late 10/11 4:05PM, 3 Games",4000,44433257,0,2.4,0,12,,,,,,,,,,,,,,,,10/11/2026,,,,,,,,,,,,,,,,,,,,,,,,,,
Joshua Dobbs,QB,DET,Late,10/11/2026,"Late 10/11 4:05PM, 3 Games",4000,44433258,0,2.4,0,12,,,,,,,,,,,,,,,,10/11/2026,,,,,,,,,,,,,,,,,,,,,,,,,,
Luke Altmyer,QB,DET,Late,10/11/2026,"Late 10/11 4:05PM, 3 Games",4000,44433259,0,2.4,0,12,,,,,,,,,,,,,,,,10/11/2026,,,,,,,,,,,,,,,,,,,,,,,,,,
Trey Lance,QB,LAC,Late,10/11/2026,"Late 10/11 4:05PM, 3 Games",4000,44433260,0,2.4,0,12,,,,,,,,,,,,,,,,10/11/2026,,,,,,,,,,,,,,,,,,,,,,,,,,
DJ Uiagalelei,QB,LAC,Late,10/11/2026,"Late 10/11 4:05PM, 3 Games",4000,44433261,0,2.4,0,12,,,,,,,,,,,,,,,,10/11/2026,,,,,,,,,,,,,,,,,,,,,,,,,,
Jarrett Stidham,QB,DEN,Late,10/11/2026,"Late 10/11 4:05PM, 3 Games",4000,44433262,0,2.4,0,12,,,,,,,,,,,,,,,,10/11/2026,,,,,,,,,,,,,,,,,,,,,,,,,,
Sam Ehlinger,QB,DEN,Late,10/11/2026,"Late 10/11 4:05PM, 3 Games",4000,44433263,0,2.4,0,12,,,,,,,,,,,,,,,,10/11/2026,,,,,,,,,,,,,,,,,,,,,,,,,,
Jadarian Price,RB,SEA,Late,10/11/2026,"Late 10/11 4:05PM, 3 Games",4000,44433300,0,2.4,0,12,,,,,,,,,,,,,,,,10/11/2026,,,,,,,,,,,,,,,,,,,,,,,,,,
Robbie Ouzts,RB,SEA,Late,10/11/2026,"Late 10/11 4:05PM, 3 Games",4000,44433304,0,2.4,0,12,,,,,,,,,,,,,,,,10/11/2026,,,,,,,,,,,,,,,,,,,,,,,,,,
Dontae McMillan,RB,SEA,Late,10/11/2026,"Late 10/11 4:05PM, 3 Games",4000,44433306,0,2.4,0,12,,,,,,,,,,,,,,,,10/11/2026,,,,,,,,,,,,,,,,,,,,,,,,,,
Jordan James,RB,SF,Late,10/11/2026,"Late 10/11 4:05PM, 3 Games",4000,44433308,0,2.4,0,12,,,,,,,,,,,,,,,,10/11/2026,,,,,,,,,,,,,,,,,,,,,,,,,,
Isaac Guerendo,RB,SF,Late,10/11/2026,"Late 10/11 4:05PM, 3 Games",4000,44433310,0,2.4,0,12,,,,,,,,,,,,,,,,10/11/2026,,,,,,,,,,,,,,,,,,,,,,,,,,
Sincere McCormick,RB,SF,Late,10/11/2026,"Late 10/11 4:05PM, 3 Games",4000,44433312,0,2.4,0,12,,,,,,,,,,,,,,,,10/11/2026,,,,,,,,,,,,,,,,,,,,,,,,,,
Trey Benson,RB,ARI,Late,10/11/2026,"Late 10/11 4:05PM, 3 Games",4000,44433318,0,2.4,0,12,,,,,,,,,,,,,,,,10/11/2026,,,,,,,,,,,,,,,,,,,,,,,,,,
Evan Hull,RB,ARI,Late,10/11/2026,"Late 10/11 4:05PM, 3 Games",4000,44433320,0,2.4,0,12,,,,,,,,,,,,,,,,10/11/2026,,,,,,,,,,,,,,,,,,,,,,,,,,
Isiah Pacheco,RB,DET,Late,10/11/2026,"Late 10/11 4:05PM, 3 Games",4000,44433324,0,2.4,0,12,,,,,,,,,,,,,,,,10/11/2026,,,,,,,,,,,,,,,,,,,,,,,,,,
Jabari Small,RB,DET,Late,10/11/2026,"Late 10/11 4:05PM, 3 Games",4000,44433326,0,2.4,0,12,,,,,,,,,,,,,,,,10/11/2026,,,,,,,,,,,,,,,,,,,,,,,,,,
Scott Matlock,RB,LAC,Late,10/11/2026,"Late 10/11 4:05PM, 3 Games",4000,44433330,0,2.4,0,12,,,,,,,,,,,,,,,,10/11/2026,,,,,,,,,,,,,,,,,,,,,,,,,,
Gregory Desrosiers,RB,LAC,Late,10/11/2026,"Late 10/11 4:05PM, 3 Games",4000,44433332,0,2.4,0,12,,,,,,,,,,,,,,,,10/11/2026,,,,,,,,,,,,,,,,,,,,,,,,,,
Amar Johnson,RB,LAC,Late,10/11/2026,"Late 10/11 4:05PM, 3 Games",4000,44433334,0,2.4,0,12,,,,,,,,,,,,,,,,10/11/2026,,,,,,,,,,,,,,,,,,,,,,,,,,
Jonah Coleman,RB,DEN,Late,10/11/2026,"Late 10/11 4:05PM, 3 Games",4000,44433336,0,2.4,0,12,,,,,,,,,,,,,,,,10/11/2026,,,,,,,,,,,,,,,,,,,,,,,,,,
Cody Schrader,RB,DEN,Late,10/11/2026,"Late 10/11 4:05PM, 3 Games",4000,44433338,0,2.4,0,12,,,,,,,,,,,,,,,,10/11/2026,,,,,,,,,,,,,,,,,,,,,,,,,,
Pat Bryant,WR,DEN,Late,10/11/2026,"Late 10/11 4:05PM, 3 Games",4000,44433368,0,2.4,0,12,,,,,,,,,,,,,,,,10/11/2026,,,,,,,,,,,,,,,,,,,,,,,,,,
Stetson Bennett IV,QB,LAR,Classic,10/12/2026,"Classic 10/11 1:00PM, 13 Games",4000,44419270,0,2.4,0,12,,,,,,,,,,,,,,,,10/12/2026,,,,,,,,,,,,,,,,,,,,,,,,,,
Ty Simpson,QB,LAR,Classic,10/12/2026,"Classic 10/11 1:00PM, 13 Games",4000,44419271,0,2.4,0,12,,,,,,,,,,,,,,,,10/12/2026,,,,,,,,,,,,,,,,,,,,,,,,,,
Matthew Caldwell,QB,LAR,Classic,10/12/2026,"Classic 10/11 1:00PM, 13 Games",4000,44419272,0,2.4,0,12,,,,,,,,,,,,,,,,10/12/2026,,,,,,,,,,,,,,,,,,,,,,,,,,
Kyle Allen,QB,BUF,Classic,10/12/2026,"Classic 10/11 1:00PM, 13 Games",4000,44419273,0,2.4,0,12,,,,,,,,,,,,,,,,10/12/2026,,,,,,,,,,,,,,,,,,,,,,,,,,
Shane Buechele,QB,BUF,Classic,10/12/2026,"Classic 10/11 1:00PM, 13 Games",4000,44419274,0,2.4,0,12,,,,,,,,,,,,,,,,10/12/2026,,,,,,,,,,,,,,,,,,,,,,,,,,
Joe Fagnano,QB,BAL,Classic,10/11/2026,"Classic 10/11 1:00PM, 13 Games",4000,44419275,0,2.4,0,12,,,,,,,,,,,,,,,,10/11/2026,,,,,,,,,,,,,,,,,,,,,,,,,,
Skylar Thompson,QB,BAL,Classic,10/11/2026,"Classic 10/11 1:00PM, 13 Games",4000,44419276,0,2.4,0,12,,,,,,,,,,,,,,,,10/11/2026,,,,,,,,,,,,,,,,,,,,,,,,,,
Tua Tagovailoa,QB,ATL,Classic,10/11/2026,"Classic 10/11 1:00PM, 13 Games",4000,44419277,0,2.4,0,12,,,,,,,,,,,,,,,,10/11/2026,,,,,,,,,,,,,,,,,,,,,,,,,,
Cooper Rush,QB,ATL,Classic,10/11/2026,"Classic 10/11 1:00PM, 13 Games",4000,44419278,0,2.4,0,12,,,,,,,,,,,,,,,,10/11/2026,,,,,,,,,,,,,,,,,,,,,,,,,,
Jack Strand,QB,ATL,Classic,10/11/2026,"Classic 10/11 1:00PM, 13 Games",4000,44419279,0,2.4,0,12,,,,,,,,,,,,,,,,10/11/2026,,,,,,,,,,,,,,,,,,,,,,,,,,
Ronnie Rivers,RB,LAR,Classic,10/12/2026,"Classic 10/11 1:00PM, 13 Games",4000,44419452,0,2.4,0,12,,,,,,,,,,,,,,,,10/12/2026,,,,,,,,,,,,,,,,,,,,,,,,,,
Jordan Waters,RB,LAR,Classic,10/12/2026,"Classic 10/11 1:00PM, 13 Games",4000,44419454,0,2.4,0,12,,,,,,,,,,,,,,,,10/12/2026,,,,,,,,,,,,,,,,,,,,,,,,,,
Brock Lampe,RB,BUF,Classic,10/12/2026,"Classic 10/11 1:00PM, 13 Games",4000,44419460,0,2.4,0,12,,,,,,,,,,,,,,,,10/12/2026,,,,,,,,,,,,,,,,,,,,,,,,,,
Frank Gore Jr.,RB,BUF,Classic,10/12/2026,"Classic 10/11 1:00PM, 13 Games",4000,44419458,0,2.4,0,12,,,,,,,,,,,,,,,,10/12/2026,,,,,,,,,,,,,,,,,,,,,,,,,,
Adam Randall,RB,BAL,Classic,10/11/2026,"Classic 10/11 1:00PM, 13 Games",4000,44419464,0,2.4,0,12,,,,,,,,,,,,,,,,10/11/2026,,,,,,,,,,,,,,,,,,,,,,,,,,
Jonathan Ward,RB,BAL,Classic,10/11/2026,"Classic 10/11 1:00PM, 13 Games",4000,44419466,0,2.4,0,12,,,,,,,,,,,,,,,,10/11/2026,,,,,,,,,,,,,,,,,,,,,,,,,,
Lucas Scott,RB,BAL,Classic,10/11/2026,"Classic 10/11 8:20PM, 2 Games",4000,44444784,0,2.4,0,12,,,,,,,,,,,,,,,,10/11/2026,,,,,,,,,,,,,,,,,,,,,,,,,,
Trey Sermon,RB,ATL,Classic,10/11/2026,"Classic 10/11 1:00PM, 13 Games",4000,44419468,0,2.4,0,12,,,,,,,,,,,,,,,,10/11/2026,,,,,,,,,,,,,,,,,,,,,,,,,,
Khalil Herbert,RB,ATL,Classic,10/11/2026,"Classic 10/11 1:00PM, 13 Games",4000,44419470,0,2.4,0,12,,,,,,,,,,,,,,,,10/11/2026,,,,,,,,,,,,,,,,,,,,,,,,,,
Jam Miller,RB,ATL,Classic,10/11/2026,"Classic 10/11 8:20PM, 2 Games",4000,44444790,0,2.4,0,12,,,,,,,,,,,,,,,,10/11/2026,,,,,,,,,,,,,,,,,,,,,,,,,,
Cash Jones,RB,ATL,Classic,10/11/2026,"Classic 10/11 1:00PM, 13 Games",4000,44419472,0,2.4,0,12,,,,,,,,,,,,,,,,10/11/2026,,,,,,,,,,,,,,,,,,,,,,,,,,
Drew Sample,TE,CIN,Showdown Captain Mode,10/11/2026,Showdown Captain Mode 10/11 1:00PM (CIN @ MIA),2600,44420594,1.15,2.39,0.44,7.8,,,5.5,,,,,,,12/30/1899,n/a,n/a,n/a,n/a,n/a,10/11/2026,,,,,,,,,,,,,,,,,5.5,,5.5,,0.1,,,,,
Drew Sample,TE,CIN,Classic,10/11/2026,"Classic 10/11 1:00PM, 11 Games",2600,44392648,1.15,2.39,0.44,7.8,,,5.5,,,,,,,12/30/1899,n/a,n/a,n/a,n/a,n/a,10/11/2026,,,,,,,,,,,,,,,,,5.5,,5.5,,0.1,,,,,
Drew Sample,TE,CIN,Early,10/11/2026,"Early 10/11 1:00PM, 8 Games",2600,44419075,1.15,2.39,0.44,7.8,,,5.5,,,,,,,12/30/1899,n/a,n/a,n/a,n/a,n/a,10/11/2026,,,,,,,,,,,,,,,,,5.5,,5.5,,0.1,,,,,
Malik Benson,WR,LV,Classic,10/11/2026,"Classic 10/11 1:00PM, 11 Games",3000,44392556,0.72,2.38,0.24,9,,,,,,,,,,,,,,,,10/11/2026,,,,,,,,,,,,,,,,,,,,,0.12,,,,,
Malik Benson,WR,LV,Early,10/11/2026,"Early 10/11 1:00PM, 8 Games",3000,44418997,0.72,2.38,0.24,9,,,,,,,,,,,,,,,,10/11/2026,,,,,,,,,,,,,,,,,,,,,0.12,,,,,
Jacob Cowing,WR,SF,Classic,10/11/2026,"Classic 10/11 1:00PM, 11 Games",3000,44392586,0.7,2.36,0.23,9,,,,,,,,,,,,,,,,10/11/2026,,,,,,,,,,,,,,,,,,,,,0.12,,,,,
Jacob Cowing,WR,SF,Late,10/11/2026,"Late 10/11 4:05PM, 3 Games",3000,44433402,0.7,2.36,0.23,9,,,,,,,,,,,,,,,,10/11/2026,,,,,,,,,,,,,,,,,,,,,0.12,,,,,
Bryce Lance,WR,NO,Showdown Captain Mode,10/11/2026,Showdown Captain Mode 10/11 1:00PM (MIN @ NO),3000,44422666,0.69,2.35,0.23,9,,,,,,,,,,,,,,,,10/11/2026,,,,,,,,,,,,,,,,,,,,,0.11,,,,,
Bryce Lance,WR,NO,Classic,10/11/2026,"Classic 10/11 1:00PM, 11 Games",3000,44392518,0.69,2.35,0.23,9,,,,,,,,,,,,,,,,10/11/2026,,,,,,,,,,,,,,,,,,,,,0.11,,,,,
Bryce Lance,WR,NO,Early,10/11/2026,"Early 10/11 1:00PM, 8 Games",3000,44418961,0.69,2.35,0.23,9,,,,,,,,,,,,,,,,10/11/2026,,,,,,,,,,,,,,,,,,,,,0.11,,,,,
Caleb Douglas,WR,MIA,Classic,10/11/2026,"Classic 10/11 1:00PM, 11 Games",3900,44392260,0,2.34,0,11.7,,,,,,,,,,,,,,,,10/11/2026,,,,,,,,,,,,,,,,,,,,,,,,,,
Caleb Douglas,WR,MIA,Early,10/11/2026,"Early 10/11 1:00PM, 8 Games",3900,44418795,0,2.34,0,11.7,,,,,,,,,,,,,,,,10/11/2026,,,,,,,,,,,,,,,,,,,,,,,,,,
Reggie Virgil,WR,ARI,Classic,10/11/2026,"Classic 10/11 1:00PM, 11 Games",3000,44392394,0.64,2.31,0.21,9,,,,,,,,,,,,,,,,10/11/2026,,,,,,,,,,,,,,,,,,,,,0.11,,,,,
Reggie Virgil,WR,ARI,Late,10/11/2026,"Late 10/11 4:05PM, 3 Games",3000,44433428,0.64,2.31,0.21,9,,,,,,,,,,,,,,,,10/11/2026,,,,,,,,,,,,,,,,,,,,,0.11,,,,,
Brandin Cooks,WR,SF,Showdown Captain Mode,10/11/2026,Showdown Captain Mode 10/11 4:25PM (SF @ SEA),2800,44434568,0.76,2.29,0.27,8.4,,,,,,,,,,,,,,,,10/11/2026,,,,,,,,,,,,,,,,,,,,,0.13,,,,,
Jalen Brooks,WR,ARI,Classic,10/11/2026,"Classic 10/11 1:00PM, 11 Games",3000,44392388,0.61,2.29,0.2,9,,,,,,,,,,,,,,,,10/11/2026,,,,,,,,,,,,,,,,,,,,,0.1,,,,,
Jalen Brooks,WR,ARI,Late,10/11/2026,"Late 10/11 4:05PM, 3 Games",3000,44433422,0.61,2.29,0.2,9,,,,,,,,,,,,,,,,10/11/2026,,,,,,,,,,,,,,,,,,,,,0.1,,,,,
Johnny Mundt,CPT,PHI,Showdown Captain Mode,10/11/2026,Showdown Captain Mode 10/11 9:30AM (PHI @ JAX),2400,44420544,1.16,2.29,0.48,7.2,,,,,,,,,,n/a,PHI @ JAX,Eagles @ Jaguars,Tottenham Hotspur Stadium,outdoor,NFL Network,10/11/2026,,,,,,,,,,,,,,,0.69,1,0.5,0.72,0.5,,0.07,,,,,
Seahawks,DST,SEA,Showdown Captain Mode,10/11/2026,Showdown Captain Mode 10/11 4:25PM (SF @ SEA),3800,44434564,0,2.28,0,11.4,,,,,,,,,,,,,,,,10/11/2026,,,,,,,,,,,,,,,,,,,,,,,,,,
Deion Burks,WR,IND,Classic,10/11/2026,"Classic 10/11 1:00PM, 11 Games",3100,44392322,0.5,2.26,0.16,9.3,,,,,,,,,,,,,,,,10/11/2026,,,,,,,,,,,,,,,,,,,,,0.08,,,,,
Deion Burks,WR,IND,Early,10/11/2026,"Early 10/11 1:00PM, 8 Games",3100,44418841,0.5,2.26,0.16,9.3,,,,,,,,,,,,,,,,10/11/2026,,,,,,,,,,,,,,,,,,,,,0.08,,,,,
Jahdae Walker,WR,CHI,Classic,10/11/2026,"Classic 10/11 1:00PM, 11 Games",3000,44392338,0.57,2.26,0.19,9,,,,,,,,,,,,,,,,10/11/2026,,,,,,,,,,,,,,,,,,,,,0.09,,,,,
Luke McCaffrey,WR,WAS,Classic,10/11/2026,"Classic 10/11 1:00PM, 11 Games",3000,44392428,0.57,2.26,0.19,9,,,,,,,,,,,,,,,,10/11/2026,,,,,,,,,,,,,,,,,,,,,0.09,,,,,
Jahdae Walker,WR,CHI,Early,10/11/2026,"Early 10/11 1:00PM, 8 Games",3000,44418863,0.57,2.26,0.19,9,,,,,,,,,,,,,,,,10/11/2026,,,,,,,,,,,,,,,,,,,,,0.09,,,,,
Luke McCaffrey,WR,WAS,Early,10/11/2026,"Early 10/11 1:00PM, 8 Games",3000,44418869,0.57,2.26,0.19,9,,,,,,,,,,,,,,,,10/11/2026,,,,,,,,,,,,,,,,,,,,,0.09,,,,,
Jahdae Walker,CPT,CHI,Showdown Captain Mode,10/11/2026,Showdown Captain Mode 10/11 1:00PM (CHI @ GB),3000,44423878,0.57,2.26,0.19,9,,,,,,,,,,,,,,,,10/11/2026,,,,,,,,,,,,,,,,,,,,,0.09,,,,,
CJ Donaldson,CPT,NO,Showdown Captain Mode,10/11/2026,Showdown Captain Mode 10/11 1:00PM (MIN @ NO),3000,44422725,0.58,2.26,0.19,9,,,,,,,,,,,,,,,,10/11/2026,,,,,,,,,,,,,,,,,,,,,0.1,,,,,
Charlie Kolar,TE,LAC,Classic,10/11/2026,"Classic 10/11 1:00PM, 11 Games",2500,44392650,0.93,2.24,0.37,7.5,,,,,,,,,,12/30/1899,n/a,n/a,n/a,n/a,n/a,10/11/2026,,,,,,,,,,,,,,,,,,,10.5,,0.16,,,,,
Ian Thomas,TE,LV,Classic,10/11/2026,"Classic 10/11 1:00PM, 11 Games",2500,44392826,0.92,2.24,0.37,7.5,,,,,,,,,,,,,,,,10/11/2026,,,,,,,,,,,,,,,0.57,1,,,,,0.06,,,,,
Ian Thomas,TE,LV,Early,10/11/2026,"Early 10/11 1:00PM, 8 Games",2500,44419195,0.92,2.24,0.37,7.5,,,,,,,,,,,,,,,,10/11/2026,,,,,,,,,,,,,,,0.57,1,,,,,0.06,,,,,
Charlie Kolar,TE,LAC,Late,10/11/2026,"Late 10/11 4:05PM, 3 Games",2500,44433516,0.93,2.24,0.37,7.5,,,,,,,,,,12/30/1899,n/a,n/a,n/a,n/a,n/a,10/11/2026,,,,,,,,,,,,,,,,,,,10.5,,0.16,,,,,
Zachariah Branch,CPT,ATL,Showdown Captain Mode,10/11/2026,Showdown Captain Mode 10/11 8:20PM (BAL @ ATL),3000,44446769,0.52,2.22,0.17,9,,,,,,,,,,,,,,,,10/11/2026,,,,,,,,,,,,,,,,,,,,,0.09,,,,,
Zachariah Branch,WR,ATL,Classic,10/11/2026,"Classic 10/11 1:00PM, 13 Games",3000,44419858,0.52,2.22,0.17,9,,,,,,,,,,,,,,,,10/11/2026,,,,,,,,,,,,,,,,,,,,,0.09,,,,,
Zachariah Branch,CPT,ATL,Showdown 2nd Half,10/11/2026,Showdown 2nd Half 10/11 9:20PM 2H (BAL @ ATL),3000,44447398,0.52,2.22,0.17,9,,,,,,,,,,,,,,,,10/11/2026,,,,,,,,,,,,,,,,,,,,,0.09,,,,,
Zachariah Branch,CPT,ATL,Showdown 4th Quarter,10/11/2026,Showdown 4th Quarter 10/11 9:50PM Q4 (BAL @ ATL),3000,44447543,0.52,2.22,0.17,9,,,,,,,,,,,,,,,,10/11/2026,,,,,,,,,,,,,,,,,,,,,0.09,,,,,
Sterling Shepard,WR,NYJ,Classic,10/11/2026,"Classic 10/11 1:00PM, 11 Games",3000,44392498,0.65,2.21,0.22,9,,,7.5,,,,,,,12/30/1899,CLE @ NYJ,Browns @ Jets,MetLife Stadium,outdoor,CBS,10/11/2026,,,,,,,,,,,,,,,,,6.5,,6.5,,,,,,,
Sterling Shepard,WR,NYJ,Early,10/11/2026,"Early 10/11 1:00PM, 8 Games",3000,44418947,0.65,2.21,0.22,9,,,7.5,,,,,,,12/30/1899,CLE @ NYJ,Browns @ Jets,MetLife Stadium,outdoor,CBS,10/11/2026,,,,,,,,,,,,,,,,,6.5,,6.5,,,,,,,
Mark Redman,TE,GB,Classic,10/11/2026,"Classic 10/11 1:00PM, 11 Games",2500,44392670,1.09,2.2,0.44,7.5,,,0.5,,,,,,,12/30/1899,n/a,n/a,n/a,n/a,n/a,10/11/2026,,,,,,,,,,,,,,,0.69,1,0.5,0.72,0.5,,0.06,,,,,
Mark Redman,TE,GB,Early,10/11/2026,"Early 10/11 1:00PM, 8 Games",2500,44419077,1.09,2.2,0.44,7.5,,,0.5,,,,,,,12/30/1899,n/a,n/a,n/a,n/a,n/a,10/11/2026,,,,,,,,,,,,,,,0.69,1,0.5,0.72,0.5,,0.06,,,,,
Anthony Gould,WR,IND,Classic,10/11/2026,"Classic 10/11 1:00PM, 11 Games",3000,44392484,0.49,2.19,0.16,9,,,,,,,,,,,,,,,,10/11/2026,,,,,,,,,,,,,,,,,,,,,0.08,,,,,
Barion Brown,WR,NO,Classic,10/11/2026,"Classic 10/11 1:00PM, 11 Games",3000,44392522,0.49,2.19,0.16,9,,,,,,,,,,,,,,,,10/11/2026,,,,,,,,,,,,,,,,,,,,,0.08,,,,,
Anthony Gould,WR,IND,Early,10/11/2026,"Early 10/11 1:00PM, 8 Games",3000,44418927,0.49,2.19,0.16,9,,,,,,,,,,,,,,,,10/11/2026,,,,,,,,,,,,,,,,,,,,,0.08,,,,,
Barion Brown,WR,NO,Early,10/11/2026,"Early 10/11 1:00PM, 8 Games",3000,44418965,0.49,2.19,0.16,9,,,,,,,,,,,,,,,,10/11/2026,,,,,,,,,,,,,,,,,,,,,0.08,,,,,
Ian Thomas,CPT,LV,Showdown Captain Mode,10/11/2026,Showdown Captain Mode 10/11 1:00PM (LV @ NE),2400,44420869,0.92,2.18,0.38,7.2,,,,,,,,,,,,,,,,10/11/2026,,,,,,,,,,,,,,,0.57,1,,,,,0.06,,,,,
Nick Westbrook-Ikhine,WR,IND,Classic,10/11/2026,"Classic 10/11 1:00PM, 11 Games",3000,44392486,0.46,2.17,0.15,9,,,,,,,,,,,,,,,,10/11/2026,,,,,,,,,,,,,,,,,,,,,0.08,,,,,
Nick Westbrook-Ikhine,WR,IND,Early,10/11/2026,"Early 10/11 1:00PM, 8 Games",3000,44418933,0.46,2.17,0.15,9,,,,,,,,,,,,,,,,10/11/2026,,,,,,,,,,,,,,,,,,,,,0.08,,,,,
Eagles,DST,PHI,Showdown Captain Mode,10/11/2026,Showdown Captain Mode 10/11 9:30AM (PHI @ JAX),3600,44420483,0,2.16,0,10.8,,,,,,,,,,,,,,,,10/11/2026,,,,,,,,,,,,,,,,,,,,,,,,,,
Packers,DST,GB,Showdown Captain Mode,10/11/2026,Showdown Captain Mode 10/11 1:00PM (CHI @ GB),3600,44423819,0,2.16,0,10.8,,,,,,,,,,,,,,,,10/11/2026,,,,,,,,,,,,,,,,,,,,,,,,,,
Saints,DST,NO,Showdown Captain Mode,10/11/2026,Showdown Captain Mode 10/11 1:00PM (MIN @ NO),3600,44422664,0,2.16,0,10.8,,,,,,,,,,,,,,,,10/11/2026,,,,,,,,,,,,,,,,,,,,,,,,,,
Colts,DST,IND,Showdown Captain Mode,10/11/2026,Showdown Captain Mode 10/11 1:00PM (IND @ PIT),3600,44423185,0,2.16,0,10.8,,,,,,,,,,,,,,,,10/11/2026,,,,,,,,,,,,,,,,,,,,,,,,,,
Giants,DST,NYG,Showdown Captain Mode,10/11/2026,Showdown Captain Mode 10/11 1:00PM (NYG @ WAS),3600,44420694,0,2.16,0,10.8,,,,,,,,,,,,,,,,10/11/2026,,,,,,,,,,,,,,,,,,,,,,,,,,
Jalen Nailor,WR,LV,Classic,10/11/2026,"Classic 10/11 1:00PM, 11 Games",3600,44392280,0,2.16,0,10.8,,,,,,,,,,,,,,,,10/11/2026,,,,,,,,,,,,,,,,,,,,,,,,,,
Eli Stowers,CPT,PHI,Showdown Captain Mode,10/11/2026,Showdown Captain Mode 10/11 9:30AM (PHI @ JAX),3600,44420542,0,2.16,0,10.8,,,,,,,,,,,,,,,,10/11/2026,,,,,,,,,,,,,,,,,,,,,,,,,,
Jalen Nailor,WR,LV,Early,10/11/2026,"Early 10/11 1:00PM, 8 Games",3600,44418809,0,2.16,0,10.8,,,,,,,,,,,,,,,,10/11/2026,,,,,,,,,,,,,,,,,,,,,,,,,,
Christian Kirk,CPT,SF,Showdown Captain Mode,10/11/2026,Showdown Captain Mode 10/11 4:25PM (SF @ SEA),3600,44434628,0,2.16,0,10.8,,,,,,,,,,,,,,,,10/11/2026,,,,,,,,,,,,,,,,,,,,,,,,,,
Tank Dell,CPT,HOU,Showdown Captain Mode,10/11/2026,Showdown Captain Mode 10/11 1:00PM (HOU @ TEN),3600,44420973,0,2.16,0,10.8,,,,,,,,,,,,,,,,10/11/2026,,,,,,,,,,,,,,,,,,,,,,,,,,
Jordan Watkins,WR,SF,Classic,10/11/2026,"Classic 10/11 1:00PM, 11 Games",3000,44392336,0.45,2.16,0.15,9,,,,,,,,,,,,,,,,10/11/2026,,,,,,,,,,,,,,,,,,,,,0.07,,,,,
Ben Skowronek,WR,PIT,Classic,10/11/2026,"Classic 10/11 1:00PM, 11 Games",3000,44392470,0.45,2.16,0.15,9,,,,,,,,,,,,,,,,10/11/2026,,,,,,,,,,,,,,,,,,,,,0.07,,,,,
Ben Skowronek,WR,PIT,Early,10/11/2026,"Early 10/11 1:00PM, 8 Games",3000,44418913,0.45,2.16,0.15,9,,,,,,,,,,,,,,,,10/11/2026,,,,,,,,,,,,,,,,,,,,,0.07,,,,,
Jordan Watkins,WR,SF,Late,10/11/2026,"Late 10/11 4:05PM, 3 Games",3000,44433404,0.45,2.16,0.15,9,,,,,,,,,,,,,,,,10/11/2026,,,,,,,,,,,,,,,,,,,,,0.07,,,,,
Jordan Watkins,CPT,SF,Showdown Captain Mode,10/11/2026,Showdown Captain Mode 10/11 4:25PM (SF @ SEA),3000,44434629,0.45,2.16,0.15,9,,,,,,,,,,,,,,,,10/11/2026,,,,,,,,,,,,,,,,,,,,,0.07,,,,,
Seth McGowan,RB,IND,Showdown Captain Mode,10/11/2026,Showdown Captain Mode 10/11 1:00PM (IND @ PIT),2800,44423190,0.59,2.15,0.21,8.4,,,,,,,,,,,,,,,,10/11/2026,,,,,,,,,,,,,,,,,,,,,0.1,,,,,
Charlie Jones,WR,NYG,Classic,10/11/2026,"Classic 10/11 1:00PM, 11 Games",3000,44392438,0.44,2.15,0.15,9,,,,,,,,,,,,,,,,10/11/2026,,,,,,,,,,,,,,,,,,,,,0.07,,,,,
Chimere Dike,WR,TEN,Classic,10/11/2026,"Classic 10/11 1:00PM, 11 Games",3000,44392450,0.44,2.15,0.15,9,,,,,,,,,,,,,,,,10/11/2026,,,,,,,,,,,,,,,,,,,,,0.07,,,,,
Ryan Miller,WR,MIA,Classic,10/11/2026,"Classic 10/11 1:00PM, 11 Games",3000,44392570,0.44,2.15,0.15,9,,,,,,,,,,,,,,,,10/11/2026,,,,,,,,,,,,,,,,,,,,,0.07,,,,,
Charlie Jones,WR,NYG,Early,10/11/2026,"Early 10/11 1:00PM, 8 Games",3000,44418881,0.44,2.15,0.15,9,,,,,,,,,,,,,,,,10/11/2026,,,,,,,,,,,,,,,,,,,,,0.07,,,,,
Chimere Dike,WR,TEN,Early,10/11/2026,"Early 10/11 1:00PM, 8 Games",3000,44418893,0.44,2.15,0.15,9,,,,,,,,,,,,,,,,10/11/2026,,,,,,,,,,,,,,,,,,,,,0.07,,,,,
Ryan Miller,WR,MIA,Early,10/11/2026,"Early 10/11 1:00PM, 8 Games",3000,44419013,0.44,2.15,0.15,9,,,,,,,,,,,,,,,,10/11/2026,,,,,,,,,,,,,,,,,,,,,0.07,,,,,
CJ Daniels,WR,LAR,Classic,10/12/2026,"Classic 10/11 1:00PM, 13 Games",3000,44419824,0.44,2.15,0.15,9,,,,,,,,,,,,,,,,10/12/2026,,,,,,,,,,,,,,,,,,,,,0.07,,,,,
Devin Duvernay,WR,ARI,Classic,10/11/2026,"Classic 10/11 1:00PM, 11 Games",3000,44392392,0.42,2.14,0.14,9,,,,,,,,,,,,,,,,10/11/2026,,,,,,,,,,,,,,,,,,,,,0.07,,,,,
Gary Jennings,WR,LAC,Classic,10/11/2026,"Classic 10/11 1:00PM, 11 Games",3000,44392414,0.42,2.14,0.14,9,,,,,,,,,,,,,,,,10/11/2026,,,,,,,,,,,,,,,,,,,,,0.07,,,,,
Lil'Jordan Humphrey,WR,DEN,Classic,10/11/2026,"Classic 10/11 1:00PM, 11 Games",3000,44392420,0.42,2.14,0.14,9,,,,,,,,,,,,,,,,10/11/2026,,,,,,,,,,,,,,,,,,,,,0.07,,,,,
Lewis Bond,WR,HOU,Classic,10/11/2026,"Classic 10/11 1:00PM, 11 Games",3000,44392462,0.42,2.14,0.14,9,,,,,,,,,,,,,,,,10/11/2026,,,,,,,,,,,,,,,,,,,,,0.07,,,,,
Jeshaun Jones,WR,MIN,Classic,10/11/2026,"Classic 10/11 1:00PM, 11 Games",3000,44392538,0.42,2.14,0.14,9,,,,,,,,,,,,,,,,10/11/2026,,,,,,,,,,,,,,,,,,,,,0.07,,,,,
Lewis Bond,WR,HOU,Early,10/11/2026,"Early 10/11 1:00PM, 8 Games",3000,44418905,0.42,2.14,0.14,9,,,,,,,,,,,,,,,,10/11/2026,,,,,,,,,,,,,,,,,,,,,0.07,,,,,
Jeshaun Jones,WR,MIN,Early,10/11/2026,"Early 10/11 1:00PM, 8 Games",3000,44448299,0.42,2.14,0.14,9,,,,,,,,,,,,,,,,10/11/2026,,,,,,,,,,,,,,,,,,,,,0.07,,,,,
Devin Duvernay,WR,ARI,Late,10/11/2026,"Late 10/11 4:05PM, 3 Games",3000,44433426,0.42,2.14,0.14,9,,,,,,,,,,,,,,,,10/11/2026,,,,,,,,,,,,,,,,,,,,,0.07,,,,,
Gary Jennings,WR,LAC,Late,10/11/2026,"Late 10/11 4:05PM, 3 Games",3000,44433450,0.42,2.14,0.14,9,,,,,,,,,,,,,,,,10/11/2026,,,,,,,,,,,,,,,,,,,,,0.07,,,,,
Lil'Jordan Humphrey,WR,DEN,Late,10/11/2026,"Late 10/11 4:05PM, 3 Games",3000,44433454,0.42,2.14,0.14,9,,,,,,,,,,,,,,,,10/11/2026,,,,,,,,,,,,,,,,,,,,,0.07,,,,,
Bam Knight,CPT,ARI,Showdown Captain Mode,10/11/2026,Showdown Captain Mode 10/11 4:25PM (DET @ ARI),3000,44434840,0.42,2.14,0.14,9,,,,,,,,,,,,,,,,10/11/2026,,,,,,,,,,,,,,,,,,,,,0.07,,,,,
Tutu Atwell,WR,LAR,Classic,10/12/2026,"Classic 10/11 1:00PM, 13 Games",3000,44419822,0.43,2.14,0.14,9,,,,,,,,,,,,,,,,10/12/2026,,,,,,,,,,,,,,,,,,,,,0.07,,,,,
Greg Dortch,WR,BUF,Classic,10/12/2026,"Classic 10/11 1:00PM, 13 Games",3000,44419830,0.43,2.14,0.14,9,,,,,,,,,,,,,,,,10/12/2026,,,,,,,,,,,,,,,,,,,,,0.07,,,,,
Jared Wayne,WR,HOU,Classic,10/11/2026,"Classic 10/11 1:00PM, 11 Games",3000,44392458,0.41,2.13,0.14,9,,,,,,,,,,,,,,,,10/11/2026,,,,,,,,,,,,,,,,,,,,,0.07,,,,,
Kaden Wetjen,WR,PIT,Classic,10/11/2026,"Classic 10/11 1:00PM, 11 Games",3000,44392472,0.41,2.13,0.14,9,,,,,,,,,,,,,,,,10/11/2026,,,,,,,,,,,,,,,,,,,,,0.07,,,,,
Tai Felton,WR,MIN,Classic,10/11/2026,"Classic 10/11 1:00PM, 11 Games",3000,44392534,0.41,2.13,0.14,9,,,,,,,,,,,,,,,,10/11/2026,,,,,,,,,,,,,,,,,,,,,0.07,,,,,
Myles Price,WR,MIN,Classic,10/11/2026,"Classic 10/11 1:00PM, 11 Games",3000,44392536,0.41,2.13,0.14,9,,,,,,,,,,,,,,,,10/11/2026,,,,,,,,,,,,,,,,,,,,,0.07,,,,,
Jared Wayne,WR,HOU,Early,10/11/2026,"Early 10/11 1:00PM, 8 Games",3000,44418901,0.41,2.13,0.14,9,,,,,,,,,,,,,,,,10/11/2026,,,,,,,,,,,,,,,,,,,,,0.07,,,,,
Kaden Wetjen,WR,PIT,Early,10/11/2026,"Early 10/11 1:00PM, 8 Games",3000,44418915,0.41,2.13,0.14,9,,,,,,,,,,,,,,,,10/11/2026,,,,,,,,,,,,,,,,,,,,,0.07,,,,,
Tai Felton,WR,MIN,Early,10/11/2026,"Early 10/11 1:00PM, 8 Games",3000,44418977,0.41,2.13,0.14,9,,,,,,,,,,,,,,,,10/11/2026,,,,,,,,,,,,,,,,,,,,,0.07,,,,,
Myles Price,WR,MIN,Early,10/11/2026,"Early 10/11 1:00PM, 8 Games",3000,44418979,0.41,2.13,0.14,9,,,,,,,,,,,,,,,,10/11/2026,,,,,,,,,,,,,,,,,,,,,0.07,,,,,
Elijah Higgins,TE,ARI,Classic,10/11/2026,"Classic 10/11 1:00PM, 11 Games",2700,44392642,0.64,2.13,0.24,8.1,,,,,,,,,,,,,,,,10/11/2026,,,,,,,,,,,,,,,,,,,8.5,,0.11,,,,,
Elijah Higgins,TE,ARI,Late,10/11/2026,"Late 10/11 4:05PM, 3 Games",2700,44433476,0.64,2.13,0.24,8.1,,,,,,,,,,,,,,,,10/11/2026,,,,,,,,,,,,,,,,,,,8.5,,0.11,,,,,
Brock Wright,TE,DET,Classic,10/11/2026,"Classic 10/11 1:00PM, 11 Games",2500,44392700,0.78,2.12,0.31,7.5,,,,,,,,,,,,,,,,10/11/2026,,,,,,,,,,,,,,,,,,,,,0.13,,,,,
Brock Wright,TE,DET,Late,10/11/2026,"Late 10/11 4:05PM, 3 Games",2500,44433506,0.78,2.12,0.31,7.5,,,,,,,,,,,,,,,,10/11/2026,,,,,,,,,,,,,,,,,,,,,0.13,,,,,
Tylan Wallace,WR,CLE,Classic,10/11/2026,"Classic 10/11 1:00PM, 11 Games",3000,44392510,0.39,2.11,0.13,9,,,,,,,,,,,,,,,,10/11/2026,,,,,,,,,,,,,,,,,,,,,0.07,,,,,
Tylan Wallace,WR,CLE,Early,10/11/2026,"Early 10/11 1:00PM, 8 Games",3000,44418953,0.39,2.11,0.13,9,,,,,,,,,,,,,,,,10/11/2026,,,,,,,,,,,,,,,,,,,,,0.07,,,,,
Tom Kennedy,WR,DET,Classic,10/11/2026,"Classic 10/11 1:00PM, 11 Games",3000,44392398,0.38,2.1,0.13,9,,,,,,,,,,,,,,,,10/11/2026,,,,,,,,,,,,,,,,,,,,,0.06,,,,,
Malachi Corley,WR,CLE,Classic,10/11/2026,"Classic 10/11 1:00PM, 11 Games",3000,44392512,0.38,2.1,0.13,9,,,,,,,,,,,,,,,,10/11/2026,,,,,,,,,,,,,,,,,,,,,0.06,,,,,
Malachi Corley,WR,CLE,Early,10/11/2026,"Early 10/11 1:00PM, 8 Games",3000,44418955,0.38,2.1,0.13,9,,,,,,,,,,,,,,,,10/11/2026,,,,,,,,,,,,,,,,,,,,,0.06,,,,,
Tom Kennedy,WR,DET,Late,10/11/2026,"Late 10/11 4:05PM, 3 Games",3000,44433434,0.38,2.1,0.13,9,,,,,,,,,,,,,,,,10/11/2026,,,,,,,,,,,,,,,,,,,,,0.06,,,,,
LaJohntay Wester,WR,BAL,Classic,10/11/2026,"Classic 10/11 1:00PM, 13 Games",3000,44419846,0.38,2.1,0.13,9,,,,,,,,,,,,,,,,10/11/2026,,,,,,,,,,,,,,,,,,,,,0.06,,,,,
Malik Turner,WR,SF,Classic,10/11/2026,"Classic 10/11 1:00PM, 11 Games",3000,44392354,0.36,2.09,0.12,9,,,,,,,,,,,,,,,,10/11/2026,,,,,,,,,,,,,,,,,,,,,0.06,,,,,
Malik Turner,WR,SF,Late,10/11/2026,"Late 10/11 4:05PM, 3 Games",3000,44433414,0.36,2.09,0.12,9,,,,,,,,,,,,,,,,10/11/2026,,,,,,,,,,,,,,,,,,,,,0.06,,,,,
J. Michael Sturdivant,WR,GB,Classic,10/11/2026,"Classic 10/11 1:00PM, 11 Games",3000,44392372,0.35,2.08,0.12,9,,,,,,,,,,,,,,,,10/11/2026,,,,,,,,,,,,,,,,,,,,,0.06,,,,,
Simi Fehoko,WR,ARI,Classic,10/11/2026,"Classic 10/11 1:00PM, 11 Games",3000,44392390,0.35,2.08,0.12,9,,,,,,,,,,,,,,,,10/11/2026,,,,,,,,,,,,,,,,,,,,,0.06,,,,,
Dareke Young,WR,LV,Classic,10/11/2026,"Classic 10/11 1:00PM, 11 Games",3000,44392554,0.35,2.08,0.12,9,,,,,,,,,,,,,,,,10/11/2026,,,,,,,,,,,,,,,,,,,,,0.06,,,,,
Jalen Tolbert,WR,MIA,Classic,10/11/2026,"Classic 10/11 1:00PM, 11 Games",3000,44392568,0.35,2.08,0.12,9,,,,,,,,,,,,,,,,10/11/2026,,,,,,,,,,,,,,,,,,,,,0.06,,,,,
J. Michael Sturdivant,WR,GB,Early,10/11/2026,"Early 10/11 1:00PM, 8 Games",3000,44418849,0.35,2.08,0.12,9,,,,,,,,,,,,,,,,10/11/2026,,,,,,,,,,,,,,,,,,,,,0.06,,,,,
Dareke Young,WR,LV,Early,10/11/2026,"Early 10/11 1:00PM, 8 Games",3000,44418995,0.35,2.08,0.12,9,,,,,,,,,,,,,,,,10/11/2026,,,,,,,,,,,,,,,,,,,,,0.06,,,,,
Jalen Tolbert,WR,MIA,Early,10/11/2026,"Early 10/11 1:00PM, 8 Games",3000,44419011,0.35,2.08,0.12,9,,,,,,,,,,,,,,,,10/11/2026,,,,,,,,,,,,,,,,,,,,,0.06,,,,,
Simi Fehoko,WR,ARI,Late,10/11/2026,"Late 10/11 4:05PM, 3 Games",3000,44433424,0.35,2.08,0.12,9,,,,,,,,,,,,,,,,10/11/2026,,,,,,,,,,,,,,,,,,,,,0.06,,,,,
Elijah Sarratt,WR,BAL,Classic,10/11/2026,"Classic 10/11 1:00PM, 13 Games",3000,44419848,0.35,2.08,0.12,9,,,,,,,,,,,,,,,,10/11/2026,,,,,,,,,,,,,,,,,,,,,0.06,,,,,
Chris Blair,WR,ATL,Classic,10/11/2026,"Classic 10/11 1:00PM, 13 Games",3000,44419860,0.35,2.08,0.12,9,,,,,,,,,,,,,,,,10/11/2026,,,,,,,,,,,,,,,,,,,,,0.06,,,,,
Jeremy Ruckert,CPT,NYJ,Showdown Captain Mode,10/11/2026,Showdown Captain Mode 10/11 1:00PM (CLE @ NYJ),2700,44422373,0.57,2.08,0.21,8.1,,,,,,,,,,,,,,,,10/11/2026,,,,,,,,,,,,,,,,,,,,,0.09,,,,,
Austin Hooper,TE,ATL,Classic,10/11/2026,"Classic 10/11 1:00PM, 13 Games",2500,44420224,0.73,2.08,0.29,7.5,,,,,,,,,,,,,,,,10/11/2026,,,,,,,,,,,,,,,,,,,,,0.12,,,,,
Zavion Thomas,WR,CHI,Classic,10/11/2026,"Classic 10/11 1:00PM, 11 Games",3000,44392382,0.34,2.07,0.11,9,,,,,,,,,,,,,,,,10/11/2026,,,,,,,,,,,,,,,,,,,,,0.06,,,,,
Zavion Thomas,WR,CHI,Early,10/11/2026,"Early 10/11 1:00PM, 8 Games",3000,44418861,0.34,2.07,0.11,9,,,,,,,,,,,,,,,,10/11/2026,,,,,,,,,,,,,,,,,,,,,0.06,,,,,
Chris Moore,WR,BAL,Classic,10/11/2026,"Classic 10/11 1:00PM, 13 Games",3000,44419844,0.34,2.07,0.11,9,,,,,,,,,,,,,,,,10/11/2026,,,,,,,,,,,,,,,,,,,,,0.06,,,,,
Roschon Johnson,RB,CHI,Showdown Captain Mode,10/11/2026,Showdown Captain Mode 10/11 1:00PM (CHI @ GB),2200,44423823,0.92,2.06,0.42,6.6,,,,,,,,,,,,,,,,10/11/2026,,,,,,,,,,,,,,,,,,,,,0.15,,,,,
Malik McClain,WR,NYJ,Classic,10/11/2026,"Classic 10/11 1:00PM, 11 Games",3000,44392494,0.32,2.06,0.11,9,,,,,,,,,,,,,,,,10/11/2026,,,,,,,,,,,,,,,,,,,,,0.05,,,,,
Isaiah Bond,WR,CLE,Classic,10/11/2026,"Classic 10/11 1:00PM, 11 Games",3000,44392508,0.32,2.06,0.11,9,,,,,,,,,,,,,,,,10/11/2026,,,,,,,,,,,,,,,,,,,,,0.05,,,,,
Malik McClain,WR,NYJ,Early,10/11/2026,"Early 10/11 1:00PM, 8 Games",3000,44418937,0.32,2.06,0.11,9,,,,,,,,,,,,,,,,10/11/2026,,,,,,,,,,,,,,,,,,,,,0.05,,,,,
Isaiah Bond,WR,CLE,Early,10/11/2026,"Early 10/11 1:00PM, 8 Games",3000,44418951,0.32,2.06,0.11,9,,,,,,,,,,,,,,,,10/11/2026,,,,,,,,,,,,,,,,,,,,,0.05,,,,,
Isaiah Bond,CPT,CLE,Showdown Captain Mode,10/11/2026,Showdown Captain Mode 10/11 1:00PM (CLE @ NYJ),3000,44422372,0.32,2.06,0.11,9,,,,,,,,,,,,,,,,10/11/2026,,,,,,,,,,,,,,,,,,,,,0.05,,,,,
Brock Wright,CPT,DET,Showdown Captain Mode,10/11/2026,Showdown Captain Mode 10/11 4:25PM (DET @ ARI),2400,44434841,0.78,2.06,0.33,7.2,,,,,,,,,,,,,,,,10/11/2026,,,,,,,,,,,,,,,,,,,,,0.13,,,,,
Bills,DST,BUF,Showdown Captain Mode,10/12/2026,Showdown Captain Mode 10/12 8:15PM (BUF @ LAR),3400,44446816,0,2.04,0,10.2,,,,,,,,,,,,,,,,10/12/2026,,,,,,,,,,,,,,,,,,,,,,,,,,
49ers,DST,SF,Showdown Captain Mode,10/11/2026,Showdown Captain Mode 10/11 4:25PM (SF @ SEA),3400,44434565,0,2.04,0,10.2,,,,,,,,,,,,,,,,10/11/2026,,,,,,,,,,,,,,,,,,,,,,,,,,
Raiders,DST,LV,Showdown Captain Mode,10/11/2026,Showdown Captain Mode 10/11 1:00PM (LV @ NE),3400,44420805,0,2.04,0,10.2,,,,,,,,,,,,,,,,10/11/2026,,,,,,,,,,,,,,,,,,,,,,,,,,
Chargers,DST,LAC,Showdown Captain Mode,10/11/2026,Showdown Captain Mode 10/11 4:05PM (DEN @ LAC),3400,44434456,0,2.04,0,10.2,,,,,,,,,,,,,,,,10/11/2026,,,,,,,,,,,,,,,,,,,,,,,,,,
Bills,DST,BUF,Showdown 2nd Half,10/12/2026,Showdown 2nd Half 10/12 9:15PM 2H (BUF @ LAR),3400,44447691,0,2.04,0,10.2,,,,,,,,,,,,,,,,10/12/2026,,,,,,,,,,,,,,,,,,,,,,,,,,
Bills,DST,BUF,Showdown 4th Quarter,10/12/2026,Showdown 4th Quarter 10/12 9:45PM Q4 (BUF @ LAR),3400,44447789,0,2.04,0,10.2,,,,,,,,,,,,,,,,10/12/2026,,,,,,,,,,,,,,,,,,,,,,,,,,
Tank Dell,WR,HOU,Classic,10/11/2026,"Classic 10/11 1:00PM, 11 Games",3400,44392292,0,2.04,0,10.2,,,,,,,,,,,,,,,,10/11/2026,,,,,,,,,,,,,,,,,,,,,,,,,,
Tank Dell,WR,HOU,Early,10/11/2026,"Early 10/11 1:00PM, 8 Games",3400,44418821,0,2.04,0,10.2,,,,,,,,,,,,,,,,10/11/2026,,,,,,,,,,,,,,,,,,,,,,,,,,
Davis Allen,TE,LAR,Showdown Captain Mode,10/12/2026,Showdown Captain Mode 10/12 8:15PM (BUF @ LAR),1600,44446823,1.41,2.04,0.88,4.8,,,6.5,,,,,,,12/30/1899,BUF @ LAR,Bills @ Rams,SoFi Stadium,outdoor,ABC/ESPN,10/12/2026,,,,,,,,,,,,,,,,,7.5,,6.5,,0.11,,,,,
Davis Allen,TE,LAR,Showdown 2nd Half,10/12/2026,Showdown 2nd Half 10/12 9:15PM 2H (BUF @ LAR),1600,44447698,1.41,2.04,0.88,4.8,,,6.5,,,,,,,12/30/1899,BUF @ LAR,Bills @ Rams,SoFi Stadium,outdoor,ABC/ESPN,10/12/2026,,,,,,,,,,,,,,,,,7.5,,6.5,,0.11,,,,,
Davis Allen,TE,LAR,Showdown 4th Quarter,10/12/2026,Showdown 4th Quarter 10/12 9:45PM Q4 (BUF @ LAR),1600,44447796,1.41,2.04,0.88,4.8,,,6.5,,,,,,,12/30/1899,BUF @ LAR,Bills @ Rams,SoFi Stadium,outdoor,ABC/ESPN,10/12/2026,,,,,,,,,,,,,,,,,7.5,,6.5,,0.11,,,,,
Tay Martin,WR,DET,Classic,10/11/2026,"Classic 10/11 1:00PM, 11 Games",3000,44392400,0.29,2.03,0.1,9,,,,,,,,,,,,,,,,10/11/2026,,,,,,,,,,,,,,,,,,,,,0.05,,,,,
Jamaal Pritchett,WR,NYJ,Classic,10/11/2026,"Classic 10/11 1:00PM, 11 Games",3000,44392496,0.29,2.03,0.1,9,,,,,,,,,,,,,,,,10/11/2026,,,,,,,,,,,,,,,,,,,,,0.05,,,,,
Jamaal Pritchett,WR,NYJ,Early,10/11/2026,"Early 10/11 1:00PM, 8 Games",3000,44418939,0.29,2.03,0.1,9,,,,,,,,,,,,,,,,10/11/2026,,,,,,,,,,,,,,,,,,,,,0.05,,,,,
Tay Martin,WR,DET,Late,10/11/2026,"Late 10/11 4:05PM, 3 Games",3000,44433436,0.29,2.03,0.1,9,,,,,,,,,,,,,,,,10/11/2026,,,,,,,,,,,,,,,,,,,,,0.05,,,,,
Tyler Badie,RB,DEN,Showdown Captain Mode,10/11/2026,Showdown Captain Mode 10/11 4:05PM (DEN @ LAC),2400,44434460,0.73,2.02,0.3,7.2,,,,,,,,,,,,,,,,10/11/2026,,,,,,,,,,,,,,,,,,,,,0.12,,,,,
Austin Hooper,CPT,ATL,Showdown Captain Mode,10/11/2026,Showdown Captain Mode 10/11 8:20PM (BAL @ ATL),2400,44446770,0.73,2.02,0.3,7.2,,,,,,,,,,,,,,,,10/11/2026,,,,,,,,,,,,,,,,,,,,,0.12,,,,,
Tanner Hudson,TE,CIN,Showdown Captain Mode,10/11/2026,Showdown Captain Mode 10/11 1:00PM (CIN @ MIA),1600,44420596,1.44,2.02,0.9,4.8,,,2.5,,,,,,,12/30/1899,CIN @ MIA,Bengals @ Dolphins,Hard Rock Stadium,outdoor,FOX,10/11/2026,,,,,,,,,,,,,,,0.69,1,1.5,2.17,1.5,,0.1,,,,,
Austin Hooper,CPT,ATL,Showdown 2nd Half,10/11/2026,Showdown 2nd Half 10/11 9:20PM 2H (BAL @ ATL),2400,44447399,0.73,2.02,0.3,7.2,,,,,,,,,,,,,,,,10/11/2026,,,,,,,,,,,,,,,,,,,,,0.12,,,,,
Austin Hooper,CPT,ATL,Showdown 4th Quarter,10/11/2026,Showdown 4th Quarter 10/11 9:50PM Q4 (BAL @ ATL),2400,44447544,0.73,2.02,0.3,7.2,,,,,,,,,,,,,,,,10/11/2026,,,,,,,,,,,,,,,,,,,,,0.12,,,,,
Alex Bachman,WR,LAR,Classic,10/12/2026,"Classic 10/11 1:00PM, 13 Games",3000,44419826,0.26,2.01,0.09,9,,,,,,,,,,,,,,,,10/12/2026,,,,,,,,,,,,,,,,,,,,,0.04,,,,,
Elijah Arroyo,TE,SEA,Classic,10/11/2026,"Classic 10/11 1:00PM, 11 Games",2500,44392656,0.64,2.01,0.26,7.5,,,,,,,,,,,,,,,,10/11/2026,,,,,,,,,,,,,,,,,,,,,0.11,,,,,
Elijah Arroyo,TE,SEA,Late,10/11/2026,"Late 10/11 4:05PM, 3 Games",2500,44433480,0.64,2.01,0.26,7.5,,,,,,,,,,,,,,,,10/11/2026,,,,,,,,,,,,,,,,,,,,,0.11,,,,,
Jackson Hawes,TE,BUF,Classic,10/12/2026,"Classic 10/11 1:00PM, 13 Games",2500,44420208,0.64,2.01,0.26,7.5,,,,,,,,,,,,,,,,10/12/2026,,,,,,,,,,,,,,,,,,,,,0.11,,,,,
Matt Hibner,TE,BAL,Classic,10/11/2026,"Classic 10/11 1:00PM, 13 Games",2500,44420214,0.75,2.01,0.3,7.5,,,7.5,,,,,,,12/30/1899,BAL @ ATL,Ravens @ Falcons,Mercedes-Benz Stadium,retractable_dome,NBC/Peacock,10/11/2026,,,,,,,,,,,,,,,,,7.5,,,,,,,,,
Kevin Austin Jr.,WR,NO,Classic,10/11/2026,"Classic 10/11 1:00PM, 11 Games",3000,44392520,0.25,2,0.08,9,,,,,,,,,,,,,,,,10/11/2026,,,,,,,,,,,,,,,,,,,,,0.04,,,,,
Kevin Austin Jr.,WR,NO,Early,10/11/2026,"Early 10/11 1:00PM, 8 Games",3000,44418963,0.25,2,0.08,9,,,,,,,,,,,,,,,,10/11/2026,,,,,,,,,,,,,,,,,,,,,0.04,,,,,
Foster Moreau,TE,HOU,Classic,10/11/2026,"Classic 10/11 1:00PM, 11 Games",2500,44392652,0.63,2,0.25,7.5,,,,,,,,,,,,,,,,10/11/2026,,,,,,,,,,,,,,,,,,,,,0.11,,,,,
Foster Moreau,TE,HOU,Early,10/11/2026,"Early 10/11 1:00PM, 8 Games",2500,44419123,0.63,2,0.25,7.5,,,,,,,,,,,,,,,,10/11/2026,,,,,,,,,,,,,,,,,,,,,0.11,,,,,
Christian Kirk,WR,SF,Classic,10/11/2026,"Classic 10/11 1:00PM, 11 Games",3300,44392306,0,1.98,0,9.9,,,,,,,,,,,,,,,,10/11/2026,,,,,,,,,,,,,,,,,,,,,,,,,,
Mitch Tinsley,WR,CIN,Classic,10/11/2026,"Classic 10/11 1:00PM, 11 Games",3300,44392310,0,1.98,0,9.9,,,,,,,,,,,,,,,,10/11/2026,,,,,,,,,,,,,,,,,,,,,,,,,,
Mitch Tinsley,WR,CIN,Early,10/11/2026,"Early 10/11 1:00PM, 8 Games",3300,44418829,0,1.98,0,9.9,,,,,,,,,,,,,,,,10/11/2026,,,,,,,,,,,,,,,,,,,,,,,,,,
Christian Kirk,WR,SF,Late,10/11/2026,"Late 10/11 4:05PM, 3 Games",3300,44433380,0,1.98,0,9.9,,,,,,,,,,,,,,,,10/11/2026,,,,,,,,,,,,,,,,,,,,,,,,,,
Ravens,DST,BAL,Classic,10/11/2026,"Classic 10/11 1:00PM, 13 Games",3300,44420434,0,1.98,0,9.9,,,,,,,,,,,,,,,,10/11/2026,,,,,,,,,,,,,,,,,,,,,,,,,,
Dont'e Thornton Jr.,CPT,LV,Showdown Captain Mode,10/11/2026,Showdown Captain Mode 10/11 1:00PM (LV @ NE),3300,44420867,0,1.98,0,9.9,,,,,,,,,,,,,,,,10/11/2026,,,,,,,,,,,,,,,,,,,,,,,,,,
Odell Beckham Jr.,CPT,MIN,Showdown Captain Mode,10/11/2026,Showdown Captain Mode 10/11 1:00PM (MIN @ NO),3300,44448331,0,1.98,0,9.9,,,,,,,,,,,,,,,,10/11/2026,,,,,,,,,,,,,,,,,,,,,,,,,,
Marquez Valdes-Scantling,WR,LAC,Showdown Captain Mode,10/11/2026,Showdown Captain Mode 10/11 4:05PM (DEN @ LAC),2000,44434461,0.98,1.98,0.49,6,,,,,,,,,,,,,,,,10/11/2026,,,,,,,,,,,,,,,,,,,,,0.16,,,,,
Adam Trautman,TE,DEN,Classic,10/11/2026,"Classic 10/11 1:00PM, 11 Games",2500,44392718,0.6,1.98,0.24,7.5,,,,,,,,,,,,,,,,10/11/2026,,,,,,,,,,,,,,,,,,,,,0.1,,,,,
Adam Trautman,TE,DEN,Late,10/11/2026,"Late 10/11 4:05PM, 3 Games",2500,44433526,0.6,1.98,0.24,7.5,,,,,,,,,,,,,,,,10/11/2026,,,,,,,,,,,,,,,,,,,,,0.1,,,,,
Daniel Bellinger,CPT,TEN,Showdown Captain Mode,10/11/2026,Showdown Captain Mode 10/11 1:00PM (HOU @ TEN),2700,44420975,0.44,1.97,0.16,8.1,,,,,,,,,,,,,,,,10/11/2026,,,,,,,,,,,,,,,,,,,,,0.07,,,,,
Jeremy Ruckert,TE,NYJ,Classic,10/11/2026,"Classic 10/11 1:00PM, 11 Games",2500,44392782,0.57,1.96,0.23,7.5,,,,,,,,,,,,,,,,10/11/2026,,,,,,,,,,,,,,,,,,,,,0.09,,,,,
Blake Whiteheart,TE,CLE,Classic,10/11/2026,"Classic 10/11 1:00PM, 11 Games",2500,44392788,0.58,1.96,0.23,7.5,,,,,,,,,,,,,,,,10/11/2026,,,,,,,,,,,,,,,,,,,,,0.1,,,,,
Jeremy Ruckert,TE,NYJ,Early,10/11/2026,"Early 10/11 1:00PM, 8 Games",2500,44419151,0.57,1.96,0.23,7.5,,,,,,,,,,,,,,,,10/11/2026,,,,,,,,,,,,,,,,,,,,,0.09,,,,,
Blake Whiteheart,TE,CLE,Early,10/11/2026,"Early 10/11 1:00PM, 8 Games",2500,44419157,0.58,1.96,0.23,7.5,,,,,,,,,,,,,,,,10/11/2026,,,,,,,,,,,,,,,,,,,,,0.1,,,,,
Chris Moore,WR,BAL,Showdown Captain Mode,10/11/2026,Showdown Captain Mode 10/11 8:20PM (BAL @ ATL),2800,44446715,0.34,1.95,0.12,8.4,,,,,,,,,,,,,,,,10/11/2026,,,,,,,,,,,,,,,,,,,,,0.06,,,,,
Chris Moore,WR,BAL,Showdown 2nd Half,10/11/2026,Showdown 2nd Half 10/11 9:20PM 2H (BAL @ ATL),2800,44447448,0.34,1.95,0.12,8.4,,,,,,,,,,,,,,,,10/11/2026,,,,,,,,,,,,,,,,,,,,,0.06,,,,,
Chris Moore,WR,BAL,Showdown 4th Quarter,10/11/2026,Showdown 4th Quarter 10/11 9:50PM Q4 (BAL @ ATL),2800,44447593,0.34,1.95,0.12,8.4,,,,,,,,,,,,,,,,10/11/2026,,,,,,,,,,,,,,,,,,,,,0.06,,,,,
Elijah Higgins,TE,ARI,Showdown Captain Mode,10/11/2026,Showdown Captain Mode 10/11 4:25PM (DET @ ARI),2400,44434786,0.64,1.95,0.27,7.2,,,,,,,,,,,,,,,,10/11/2026,,,,,,,,,,,,,,,,,,,8.5,,0.11,,,,,
Jack Endries,TE,CIN,Classic,10/11/2026,"Classic 10/11 1:00PM, 11 Games",2500,44392848,0.56,1.95,0.22,7.5,,,,,,,,,,,,,,,,10/11/2026,,,,,,,,,,,,,,,,,,,,,0.09,,,,,
Jack Endries,TE,CIN,Early,10/11/2026,"Early 10/11 1:00PM, 8 Games",2500,44419217,0.56,1.95,0.22,7.5,,,,,,,,,,,,,,,,10/11/2026,,,,,,,,,,,,,,,,,,,,,0.09,,,,,
Foster Moreau,CPT,HOU,Showdown Captain Mode,10/11/2026,Showdown Captain Mode 10/11 1:00PM (HOU @ TEN),2400,44420976,0.63,1.94,0.26,7.2,,,,,,,,,,,,,,,,10/11/2026,,,,,,,,,,,,,,,,,,,,,0.11,,,,,
Montorie Foster Jr.,WR,SEA,Classic,10/11/2026,"Classic 10/11 1:00PM, 11 Games",3000,44392342,0.16,1.93,0.05,9,,,,,,,,,,,,,,,,10/11/2026,,,,,,,,,,,,,,,,,,,,,0.03,,,,,
Montorie Foster Jr.,WR,SEA,Late,10/11/2026,"Late 10/11 4:05PM, 3 Games",3000,44433390,0.16,1.93,0.05,9,,,,,,,,,,,,,,,,10/11/2026,,,,,,,,,,,,,,,,,,,,,0.03,,,,,
Erick All Jr.,TE,CIN,Classic,10/11/2026,"Classic 10/11 1:00PM, 11 Games",2500,44392844,0.54,1.93,0.22,7.5,,,,,,,,,,,,,,,,10/11/2026,,,,,,,,,,,,,,,,,,,,,0.09,,,,,
Erick All Jr.,TE,CIN,Early,10/11/2026,"Early 10/11 1:00PM, 8 Games",2500,44419213,0.54,1.93,0.22,7.5,,,,,,,,,,,,,,,,10/11/2026,,,,,,,,,,,,,,,,,,,,,0.09,,,,,
Cardinals,DST,ARI,Showdown Captain Mode,10/11/2026,Showdown Captain Mode 10/11 4:25PM (DET @ ARI),3200,44434784,0,1.92,0,9.6,,,,,,,,,,,,,,,,10/11/2026,,,,,,,,,,,,,,,,,,,,,,,,,,
Titans,DST,TEN,Showdown Captain Mode,10/11/2026,Showdown Captain Mode 10/11 1:00PM (HOU @ TEN),3200,44420917,0,1.92,0,9.6,,,,,,,,,,,,,,,,10/11/2026,,,,,,,,,,,,,,,,,,,,,,,,,,
Sam Roush,TE,CHI,Classic,10/11/2026,"Classic 10/11 1:00PM, 11 Games",2500,44392680,0.52,1.92,0.21,7.5,,,,,,,,,,,,,,,,10/11/2026,,,,,,,,,,,,,,,,,,,,,0.09,,,,,
Hayden Rucci,TE,LAC,Classic,10/11/2026,"Classic 10/11 1:00PM, 11 Games",2500,44392710,0.52,1.92,0.21,7.5,,,,,,,,,,,,,,,,10/11/2026,,,,,,,,,,,,,,,,,,,,,0.09,,,,,
John Bates,TE,WAS,Classic,10/11/2026,"Classic 10/11 1:00PM, 11 Games",2500,44392732,0.52,1.92,0.21,7.5,,,,,,,,,,,,,,,,10/11/2026,,,,,,,,,,,,,,,,,,,,,0.09,,,,,
Jelani Woods,TE,NYJ,Classic,10/11/2026,"Classic 10/11 1:00PM, 11 Games",2500,44392784,0.53,1.92,0.21,7.5,,,,,,,,,,,,,,,,10/11/2026,,,,,,,,,,,,,,,,,,,,,0.09,,,,,
Oscar Delp,TE,NO,Classic,10/11/2026,"Classic 10/11 1:00PM, 11 Games",2500,44392796,0.53,1.92,0.21,7.5,,,,,,,,,,,,,,,,10/11/2026,,,,,,,,,,,,,,,,,,,,,0.09,,,,,
Sam Roush,TE,CHI,Early,10/11/2026,"Early 10/11 1:00PM, 8 Games",2500,44419087,0.52,1.92,0.21,7.5,,,,,,,,,,,,,,,,10/11/2026,,,,,,,,,,,,,,,,,,,,,0.09,,,,,
John Bates,TE,WAS,Early,10/11/2026,"Early 10/11 1:00PM, 8 Games",2500,44419099,0.52,1.92,0.21,7.5,,,,,,,,,,,,,,,,10/11/2026,,,,,,,,,,,,,,,,,,,,,0.09,,,,,
Jelani Woods,TE,NYJ,Early,10/11/2026,"Early 10/11 1:00PM, 8 Games",2500,44419153,0.53,1.92,0.21,7.5,,,,,,,,,,,,,,,,10/11/2026,,,,,,,,,,,,,,,,,,,,,0.09,,,,,
Oscar Delp,TE,NO,Early,10/11/2026,"Early 10/11 1:00PM, 8 Games",2500,44419165,0.53,1.92,0.21,7.5,,,,,,,,,,,,,,,,10/11/2026,,,,,,,,,,,,,,,,,,,,,0.09,,,,,
Hayden Rucci,TE,LAC,Late,10/11/2026,"Late 10/11 4:05PM, 3 Games",2500,44433518,0.52,1.92,0.21,7.5,,,,,,,,,,,,,,,,10/11/2026,,,,,,,,,,,,,,,,,,,,,0.09,,,,,
Bo Melton,CPT,GB,Showdown Captain Mode,10/11/2026,Showdown Captain Mode 10/11 1:00PM (CHI @ GB),1800,44423881,1.14,1.88,0.63,5.4,,,0.5,,,,,,,12/30/1899,n/a,n/a,n/a,n/a,n/a,10/11/2026,,,,,,,,,,,,,,,0.69,1,0.5,0.72,0.5,,0.07,,,,,
Dylan Laube,CPT,LV,Showdown Captain Mode,10/11/2026,Showdown Captain Mode 10/11 1:00PM (LV @ NE),2100,44420870,0.76,1.87,0.36,6.3,,,,,,,,,,,,,,,,10/11/2026,,,,,,,,,,,,,,,,,,,,,0.13,,,,,
Travis Homer,RB,PIT,Showdown Captain Mode,10/11/2026,Showdown Captain Mode 10/11 1:00PM (IND @ PIT),2400,44423192,0.52,1.86,0.22,7.2,,,,,,,,,,,,,,,,10/11/2026,,,,,,,,,,,,,,,,,,,,,0.09,,,,,
Dont'e Thornton Jr.,WR,LV,Classic,10/11/2026,"Classic 10/11 1:00PM, 11 Games",3100,44392326,0,1.86,0,9.3,,,,,,,,,,,,,,,,10/11/2026,,,,,,,,,,,,,,,,,,,,,,,,,,
Odell Beckham Jr.,WR,MIN,Classic,10/11/2026,"Classic 10/11 1:00PM, 13 Games",3100,44448247,0,1.86,0,9.3,,,,,,,,,,,,,,,,10/11/2026,,,,,,,,,,,,,,,,,,,,,,,,,,
Dont'e Thornton Jr.,WR,LV,Early,10/11/2026,"Early 10/11 1:00PM, 8 Games",3100,44418845,0,1.86,0,9.3,,,,,,,,,,,,,,,,10/11/2026,,,,,,,,,,,,,,,,,,,,,,,,,,
Odell Beckham Jr.,WR,MIN,Early,10/11/2026,"Early 10/11 1:00PM, 8 Games",3100,44448303,0,1.86,0,9.3,,,,,,,,,,,,,,,,10/11/2026,,,,,,,,,,,,,,,,,,,,,,,,,,
Rams,DST,LAR,Classic,10/12/2026,"Classic 10/11 1:00PM, 13 Games",3100,44420437,0,1.86,0,9.3,,,,,,,,,,,,,,,,10/12/2026,,,,,,,,,,,,,,,,,,,,,,,,,,
Brayden Willis,TE,SF,Classic,10/11/2026,"Classic 10/11 1:00PM, 11 Games",2500,44392662,0.45,1.86,0.18,7.5,,,,,,,,,,,,,,,,10/11/2026,,,,,,,,,,,,,,,,,,,,,0.08,,,,,
Brayden Willis,TE,SF,Late,10/11/2026,"Late 10/11 4:05PM, 3 Games",2500,44433486,0.45,1.86,0.18,7.5,,,,,,,,,,,,,,,,10/11/2026,,,,,,,,,,,,,,,,,,,,,0.08,,,,,
Sam Roush,CPT,CHI,Showdown Captain Mode,10/11/2026,Showdown Captain Mode 10/11 1:00PM (CHI @ GB),2400,44423879,0.52,1.86,0.22,7.2,,,,,,,,,,,,,,,,10/11/2026,,,,,,,,,,,,,,,,,,,,,0.09,,,,,
Oscar Delp,CPT,NO,Showdown Captain Mode,10/11/2026,Showdown Captain Mode 10/11 1:00PM (MIN @ NO),2400,44422726,0.53,1.86,0.22,7.2,,,,,,,,,,,,,,,,10/11/2026,,,,,,,,,,,,,,,,,,,,,0.09,,,,,
Daniel Bellinger,TE,TEN,Classic,10/11/2026,"Classic 10/11 1:00PM, 11 Games",2500,44392746,0.44,1.85,0.18,7.5,,,,,,,,,,,,,,,,10/11/2026,,,,,,,,,,,,,,,,,,,,,0.07,,,,,
Daniel Bellinger,TE,TEN,Early,10/11/2026,"Early 10/11 1:00PM, 8 Games",2500,44419113,0.44,1.85,0.18,7.5,,,,,,,,,,,,,,,,10/11/2026,,,,,,,,,,,,,,,,,,,,,0.07,,,,,
DeeJay Dallas,RB,MIN,Showdown Captain Mode,10/11/2026,Showdown Captain Mode 10/11 1:00PM (MIN @ NO),2400,44422667,0.5,1.84,0.21,7.2,,,,,,,,,,,,,,,,10/11/2026,,,,,,,,,,,,,,,,,,,,,0.08,,,,,
Luke Farrell,TE,SF,Classic,10/11/2026,"Classic 10/11 1:00PM, 11 Games",2500,44392660,0.42,1.84,0.17,7.5,,,,,,,,,,,,,,,,10/11/2026,,,,,,,,,,,,,,,,,,,,,0.07,,,,,
Nate Adkins,TE,DEN,Classic,10/11/2026,"Classic 10/11 1:00PM, 11 Games",2500,44392720,0.43,1.84,0.17,7.5,,,,,,,,,,,,,,,,10/11/2026,,,,,,,,,,,,,,,,,,,,,0.07,,,,,
Luke Farrell,TE,SF,Late,10/11/2026,"Late 10/11 4:05PM, 3 Games",2500,44433484,0.42,1.84,0.17,7.5,,,,,,,,,,,,,,,,10/11/2026,,,,,,,,,,,,,,,,,,,,,0.07,,,,,
Nate Adkins,TE,DEN,Late,10/11/2026,"Late 10/11 4:05PM, 3 Games",2500,44433528,0.43,1.84,0.17,7.5,,,,,,,,,,,,,,,,10/11/2026,,,,,,,,,,,,,,,,,,,,,0.07,,,,,
Josh Cuevas,TE,BAL,Classic,10/11/2026,"Classic 10/11 1:00PM, 13 Games",2500,44420216,0.42,1.84,0.17,7.5,,,,,,,,,,,,,,,,10/11/2026,,,,,,,,,,,,,,,,,,,,,0.07,,,,,
Charlie Woerner,TE,ATL,Classic,10/11/2026,"Classic 10/11 1:00PM, 13 Games",2500,44420222,0.42,1.84,0.17,7.5,,,,,,,,,,,,,,,,10/11/2026,,,,,,,,,,,,,,,,,,,,,0.07,,,,,
Johnny Mundt,TE,PHI,Showdown Captain Mode,10/11/2026,Showdown Captain Mode 10/11 9:30AM (PHI @ JAX),1600,44420489,1.16,1.84,0.72,4.8,,,,,,,,,,n/a,PHI @ JAX,Eagles @ Jaguars,Tottenham Hotspur Stadium,outdoor,NFL Network,10/11/2026,,,,,,,,,,,,,,,0.69,1,0.5,0.72,0.5,,0.07,,,,,
Ben Sinnott,TE,WAS,Classic,10/11/2026,"Classic 10/11 1:00PM, 11 Games",2500,44392730,0.41,1.83,0.16,7.5,,,,,,,,,,,,,,,,10/11/2026,,,,,,,,,,,,,,,,,,,,,0.07,,,,,
Gavin Bartholomew,TE,MIN,Classic,10/11/2026,"Classic 10/11 1:00PM, 11 Games",2500,44392808,0.41,1.83,0.16,7.5,,,,,,,,,,,,,,,,10/11/2026,,,,,,,,,,,,,,,,,,,,,0.07,,,,,
Cameron Latu,TE,NE,Classic,10/11/2026,"Classic 10/11 1:00PM, 11 Games",2500,44392818,0.41,1.83,0.16,7.5,,,,,,,,,,,,,,,,10/11/2026,,,,,,,,,,,,,,,,,,,,,0.07,,,,,
Tanner Arkin,TE,NE,Classic,10/11/2026,"Classic 10/11 1:00PM, 11 Games",2500,44392820,0.41,1.83,0.16,7.5,,,,,,,,,,,,,,,,10/11/2026,,,,,,,,,,,,,,,,,,,,,0.07,,,,,
Ben Sinnott,TE,WAS,Early,10/11/2026,"Early 10/11 1:00PM, 8 Games",2500,44419097,0.41,1.83,0.16,7.5,,,,,,,,,,,,,,,,10/11/2026,,,,,,,,,,,,,,,,,,,,,0.07,,,,,
Gavin Bartholomew,TE,MIN,Early,10/11/2026,"Early 10/11 1:00PM, 8 Games",2500,44419177,0.41,1.83,0.16,7.5,,,,,,,,,,,,,,,,10/11/2026,,,,,,,,,,,,,,,,,,,,,0.07,,,,,
Cameron Latu,TE,NE,Early,10/11/2026,"Early 10/11 1:00PM, 8 Games",2500,44419187,0.41,1.83,0.16,7.5,,,,,,,,,,,,,,,,10/11/2026,,,,,,,,,,,,,,,,,,,,,0.07,,,,,
Tanner Arkin,TE,NE,Early,10/11/2026,"Early 10/11 1:00PM, 8 Games",2500,44419189,0.41,1.83,0.16,7.5,,,,,,,,,,,,,,,,10/11/2026,,,,,,,,,,,,,,,,,,,,,0.07,,,,,
Charlie Kolar,CPT,LAC,Showdown Captain Mode,10/11/2026,Showdown Captain Mode 10/11 4:05PM (DEN @ LAC),1800,44434518,0.93,1.82,0.52,5.4,,,,,,,,,,12/30/1899,n/a,n/a,n/a,n/a,n/a,10/11/2026,,,,,,,,,,,,,,,,,,,10.5,,0.16,,,,,
Jackson Meeks,TE,DET,Classic,10/11/2026,"Classic 10/11 1:00PM, 11 Games",2500,44392702,0.39,1.81,0.16,7.5,,,,,,,,,,,,,,,,10/11/2026,,,,,,,,,,,,,,,,,,,,,0.06,,,,,
Jackson Meeks,TE,DET,Late,10/11/2026,"Late 10/11 4:05PM, 3 Games",2500,44433508,0.39,1.81,0.16,7.5,,,,,,,,,,,,,,,,10/11/2026,,,,,,,,,,,,,,,,,,,,,0.06,,,,,
Dolphins,DST,MIA,Showdown Captain Mode,10/11/2026,Showdown Captain Mode 10/11 1:00PM (CIN @ MIA),3000,44420593,0,1.8,0,9,,,,,,,,,,,,,,,,10/11/2026,,,,,,,,,,,,,,,,,,,,,,,,,,
Jack Bech,WR,LV,Classic,10/11/2026,"Classic 10/11 1:00PM, 11 Games",3000,44392332,0,1.8,0,9,,,,,,,,,,,,,,,,10/11/2026,,,,,,,,,,,,,,,,,,,,,,,,,,
Jayden Reed,WR,GB,Classic,10/11/2026,"Classic 10/11 1:00PM, 11 Games",3000,44392334,0,1.8,0,9,,,,,,,,,,,,,,,,10/11/2026,,,,,,,,,,,,,,,,,,,,,,,,,,
Irvin Charles,WR,SEA,Classic,10/11/2026,"Classic 10/11 1:00PM, 11 Games",3000,44392344,0,1.8,0,9,,,,,,,,,,,,,,,,10/11/2026,,,,,,,,,,,,,,,,,,,,,,,,,,
Jake Bobo,WR,SEA,Classic,10/11/2026,"Classic 10/11 1:00PM, 11 Games",3000,44392346,0,1.8,0,9,,,,,,,,,,,,,,,,10/11/2026,,,,,,,,,,,,,,,,,,,,,,,,,,
Emmanuel Henderson Jr.,WR,SEA,Classic,10/11/2026,"Classic 10/11 1:00PM, 11 Games",3000,44392348,0,1.8,0,9,,,,,,,,,,,,,,,,10/11/2026,,,,,,,,,,,,,,,,,,,,,,,,,,
Ricky White III,WR,SEA,Classic,10/11/2026,"Classic 10/11 1:00PM, 11 Games",3000,44392350,0,1.8,0,9,,,,,,,,,,,,,,,,10/11/2026,,,,,,,,,,,,,,,,,,,,,,,,,,
Malick Meiga,WR,SEA,Classic,10/11/2026,"Classic 10/11 1:00PM, 11 Games",3000,44392352,0,1.8,0,9,,,,,,,,,,,,,,,,10/11/2026,,,,,,,,,,,,,,,,,,,,,,,,,,
Demarcus Robinson,WR,SF,Classic,10/11/2026,"Classic 10/11 1:00PM, 11 Games",3000,44392356,0,1.8,0,9,,,,,,,,,,,,,,,,10/11/2026,,,,,,,,,,,,,,,,,,,,,,,,,,
De'Zhaun Stribling,WR,SF,Classic,10/11/2026,"Classic 10/11 1:00PM, 11 Games",3000,44392358,0,1.8,0,9,,,,,,,,,,,,,,,,10/11/2026,,,,,,,,,,,,,,,,,,,,,,,,,,
Ricky Pearsall,WR,SF,Classic,10/11/2026,"Classic 10/11 1:00PM, 11 Games",3000,44392360,0,1.8,0,9,,,,,,,,,,,,,,,,10/11/2026,,,,,,,,,,,,,,,,,,,,,,,,,,
Wesley Grimes,WR,SF,Classic,10/11/2026,"Classic 10/11 1:00PM, 11 Games",3000,44392362,0,1.8,0,9,,,,,,,,,,,,,,,,10/11/2026,,,,,,,,,,,,,,,,,,,,,,,,,,
Dante Pettis,WR,SF,Classic,10/11/2026,"Classic 10/11 1:00PM, 11 Games",3000,44392364,0,1.8,0,9,,,,,,,,,,,,,,,,10/11/2026,,,,,,,,,,,,,,,,,,,,,,,,,,
Will Pauling,WR,SF,Classic,10/11/2026,"Classic 10/11 1:00PM, 11 Games",3000,44392366,0,1.8,0,9,,,,,,,,,,,,,,,,10/11/2026,,,,,,,,,,,,,,,,,,,,,,,,,,
Brandon Aiyuk,WR,SF,Classic,10/11/2026,"Classic 10/11 1:00PM, 11 Games",3000,44392368,0,1.8,0,9,,,,,,,,,,,,,,,,10/11/2026,,,,,,,,,,,,,,,,,,,,,,,,,,
Savion Williams,WR,GB,Classic,10/11/2026,"Classic 10/11 1:00PM, 11 Games",3000,44392374,0,1.8,0,9,,,,,,,,,,,,,,,,10/11/2026,,,,,,,,,,,,,,,,,,,,,,,,,,
Isaiah Neyor,WR,GB,Classic,10/11/2026,"Classic 10/11 1:00PM, 11 Games",3000,44392376,0,1.8,0,9,,,,,,,,,,,,,,,,10/11/2026,,,,,,,,,,,,,,,,,,,,,,,,,,
Coleman Owen,WR,GB,Classic,10/11/2026,"Classic 10/11 1:00PM, 11 Games",3000,44392378,0,1.8,0,9,,,,,,,,,,,,,,,,10/11/2026,,,,,,,,,,,,,,,,,,,,,,,,,,
Quincy Skinner Jr.,WR,GB,Classic,10/11/2026,"Classic 10/11 1:00PM, 11 Games",3000,44392380,0,1.8,0,9,,,,,,,,,,,,,,,,10/11/2026,,,,,,,,,,,,,,,,,,,,,,,,,,
Kaden Davis,WR,CHI,Classic,10/11/2026,"Classic 10/11 1:00PM, 11 Games",3000,44392384,0,1.8,0,9,,,,,,,,,,,,,,,,10/11/2026,,,,,,,,,,,,,,,,,,,,,,,,,,
JP Richardson,WR,CHI,Classic,10/11/2026,"Classic 10/11 1:00PM, 11 Games",3000,44392386,0,1.8,0,9,,,,,,,,,,,,,,,,10/11/2026,,,,,,,,,,,,,,,,,,,,,,,,,,
Harrison Wallace III,WR,ARI,Classic,10/11/2026,"Classic 10/11 1:00PM, 11 Games",3000,44392396,0,1.8,0,9,,,,,,,,,,,,,,,,10/11/2026,,,,,,,,,,,,,,,,,,,,,,,,,,
Kendrick Law,WR,DET,Classic,10/11/2026,"Classic 10/11 1:00PM, 11 Games",3000,44392402,0,1.8,0,9,,,,,,,,,,,,,,,,10/11/2026,,,,,,,,,,,,,,,,,,,,,,,,,,
Lucky Jackson,WR,DET,Classic,10/11/2026,"Classic 10/11 1:00PM, 11 Games",3000,44392404,0,1.8,0,9,,,,,,,,,,,,,,,,10/11/2026,,,,,,,,,,,,,,,,,,,,,,,,,,
Lawrence Keys III,WR,DET,Classic,10/11/2026,"Classic 10/11 1:00PM, 11 Games",3000,44392406,0,1.8,0,9,,,,,,,,,,,,,,,,10/11/2026,,,,,,,,,,,,,,,,,,,,,,,,,,
Dominic Lovett,WR,DET,Classic,10/11/2026,"Classic 10/11 1:00PM, 11 Games",3000,44392408,0,1.8,0,9,,,,,,,,,,,,,,,,10/11/2026,,,,,,,,,,,,,,,,,,,,,,,,,,
KeAndre Lambert-Smith,WR,LAC,Classic,10/11/2026,"Classic 10/11 1:00PM, 11 Games",3000,44392412,0,1.8,0,9,,,,,,,,,,,,,,,,10/11/2026,,,,,,,,,,,,,,,,,,,,,,,,,,
Theo Wease Jr.,WR,LAC,Classic,10/11/2026,"Classic 10/11 1:00PM, 11 Games",3000,44392416,0,1.8,0,9,,,,,,,,,,,,,,,,10/11/2026,,,,,,,,,,,,,,,,,,,,,,,,,,
Kolbe Katsis,WR,DEN,Classic,10/11/2026,"Classic 10/11 1:00PM, 11 Games",3000,44392418,0,1.8,0,9,,,,,,,,,,,,,,,,10/11/2026,,,,,,,,,,,,,,,,,,,,,,,,,,
Michael Bandy,WR,DEN,Classic,10/11/2026,"Classic 10/11 1:00PM, 11 Games",3000,44392422,0,1.8,0,9,,,,,,,,,,,,,,,,10/11/2026,,,,,,,,,,,,,,,,,,,,,,,,,,
Dane Key,WR,DEN,Classic,10/11/2026,"Classic 10/11 1:00PM, 11 Games",3000,44392424,0,1.8,0,9,,,,,,,,,,,,,,,,10/11/2026,,,,,,,,,,,,,,,,,,,,,,,,,,
Jaylin Lane,WR,WAS,Classic,10/11/2026,"Classic 10/11 1:00PM, 11 Games",3000,44392426,0,1.8,0,9,,,,,,,,,,,,,,,,10/11/2026,,,,,,,,,,,,,,,,,,,,,,,,,,
Jaden Bradley,WR,WAS,Classic,10/11/2026,"Classic 10/11 1:00PM, 11 Games",3000,44392430,0,1.8,0,9,,,,,,,,,,,,,,,,10/11/2026,,,,,,,,,,,,,,,,,,,,,,,,,,
River Cracraft,WR,WAS,Classic,10/11/2026,"Classic 10/11 1:00PM, 11 Games",3000,44392432,0,1.8,0,9,,,,,,,,,,,,,,,,10/11/2026,,,,,,,,,,,,,,,,,,,,,,,,,,
Van Jefferson,WR,WAS,Classic,10/11/2026,"Classic 10/11 1:00PM, 11 Games",3000,44392434,0,1.8,0,9,,,,,,,,,,,,,,,,10/11/2026,,,,,,,,,,,,,,,,,,,,,,,,,,
Braxton Berrios,WR,NYG,Classic,10/11/2026,"Classic 10/11 1:00PM, 11 Games",3000,44392436,0,1.8,0,9,,,,,,,,,,,,,,,,10/11/2026,,,,,,,,,,,,,,,,,,,,,,,,,,
Calvin Austin III,WR,NYG,Classic,10/11/2026,"Classic 10/11 1:00PM, 11 Games",3000,44392440,0,1.8,0,9,,,,,,,,,,,,,,,,10/11/2026,,,,,,,,,,,,,,,,,,,,,,,,,,
Gunner Olszewski,WR,NYG,Classic,10/11/2026,"Classic 10/11 1:00PM, 11 Games",3000,44392442,0,1.8,0,9,,,,,,,,,,,,,,,,10/11/2026,,,,,,,,,,,,,,,,,,,,,,,,,,
Jalin Hyatt,WR,NYG,Classic,10/11/2026,"Classic 10/11 1:00PM, 11 Games",3000,44392444,0,1.8,0,9,,,,,,,,,,,,,,,,10/11/2026,,,,,,,,,,,,,,,,,,,,,,,,,,
Dalen Cambre,WR,NYG,Classic,10/11/2026,"Classic 10/11 1:00PM, 11 Games",3000,44392446,0,1.8,0,9,,,,,,,,,,,,,,,,10/11/2026,,,,,,,,,,,,,,,,,,,,,,,,,,
Xavier Restrepo,WR,TEN,Classic,10/11/2026,"Classic 10/11 1:00PM, 11 Games",3000,44392452,0,1.8,0,9,,,,,,,,,,,,,,,,10/11/2026,,,,,,,,,,,,,,,,,,,,,,,,,,
K.J. Osborn,WR,TEN,Classic,10/11/2026,"Classic 10/11 1:00PM, 11 Games",3000,44392454,0,1.8,0,9,,,,,,,,,,,,,,,,10/11/2026,,,,,,,,,,,,,,,,,,,,,,,,,,
Tyren Montgomery,WR,TEN,Classic,10/11/2026,"Classic 10/11 1:00PM, 11 Games",3000,44392456,0,1.8,0,9,,,,,,,,,,,,,,,,10/11/2026,,,,,,,,,,,,,,,,,,,,,,,,,,
Jayden Higgins,WR,HOU,Classic,10/11/2026,"Classic 10/11 1:00PM, 11 Games",3000,44392460,0,1.8,0,9,,,,,,,,,,,,,,,,10/11/2026,,,,,,,,,,,,,,,,,,,,,,,,,,
Daniel Sobkowicz,WR,HOU,Classic,10/11/2026,"Classic 10/11 1:00PM, 11 Games",3000,44392464,0,1.8,0,9,,,,,,,,,,,,,,,,10/11/2026,,,,,,,,,,,,,,,,,,,,,,,,,,
Josh Kelly,WR,HOU,Classic,10/11/2026,"Classic 10/11 1:00PM, 11 Games",3000,44392466,0,1.8,0,9,,,,,,,,,,,,,,,,10/11/2026,,,,,,,,,,,,,,,,,,,,,,,,,,
Treyvhon Saunders,WR,HOU,Classic,10/11/2026,"Classic 10/11 1:00PM, 11 Games",3000,44392468,0,1.8,0,9,,,,,,,,,,,,,,,,10/11/2026,,,,,,,,,,,,,,,,,,,,,,,,,,
Cole Burgess,WR,PIT,Classic,10/11/2026,"Classic 10/11 1:00PM, 11 Games",3000,44392474,0,1.8,0,9,,,,,,,,,,,,,,,,10/11/2026,,,,,,,,,,,,,,,,,,,,,,,,,,
Brandon Johnson,WR,PIT,Classic,10/11/2026,"Classic 10/11 1:00PM, 11 Games",3000,44392476,0,1.8,0,9,,,,,,,,,,,,,,,,10/11/2026,,,,,,,,,,,,,,,,,,,,,,,,,,
Isaiah Hodgins,WR,PIT,Classic,10/11/2026,"Classic 10/11 1:00PM, 11 Games",3000,44392478,0,1.8,0,9,,,,,,,,,,,,,,,,10/11/2026,,,,,,,,,,,,,,,,,,,,,,,,,,
Brandon Smith,WR,PIT,Classic,10/11/2026,"Classic 10/11 1:00PM, 11 Games",3000,44392480,0,1.8,0,9,,,,,,,,,,,,,,,,10/11/2026,,,,,,,,,,,,,,,,,,,,,,,,,,
Alec Pierce,WR,IND,Classic,10/11/2026,"Classic 10/11 1:00PM, 11 Games",3000,44392488,0,1.8,0,9,,,,,,,,,,,,,,,,10/11/2026,,,,,,,,,,,,,,,,,,,,,,,,,,
D.J. Montgomery,WR,IND,Classic,10/11/2026,"Classic 10/11 1:00PM, 11 Games",3000,44392490,0,1.8,0,9,,,,,,,,,,,,,,,,10/11/2026,,,,,,,,,,,,,,,,,,,,,,,,,,
Eli Pancol,WR,IND,Classic,10/11/2026,"Classic 10/11 1:00PM, 11 Games",3000,44392492,0,1.8,0,9,,,,,,,,,,,,,,,,10/11/2026,,,,,,,,,,,,,,,,,,,,,,,,,,
Tim Patrick,WR,NYJ,Classic,10/11/2026,"Classic 10/11 1:00PM, 11 Games",3000,44392500,0,1.8,0,9,,,,,,,,,,,,,,,,10/11/2026,,,,,,,,,,,,,,,,,,,,,,,,,,
Omar Cooper Jr.,WR,NYJ,Classic,10/11/2026,"Classic 10/11 1:00PM, 11 Games",3000,44392502,0,1.8,0,9,,,,,,,,,,,,,,,,10/11/2026,,,,,,,,,,,,,,,,,,,,,,,,,,
Arian Smith,WR,NYJ,Classic,10/11/2026,"Classic 10/11 1:00PM, 11 Games",3000,44392504,0,1.8,0,9,,,,,,,,,,,,,,,,10/11/2026,,,,,,,,,,,,,,,,,,,,,,,,,,
Tyler Johnson,WR,NYJ,Classic,10/11/2026,"Classic 10/11 1:00PM, 11 Games",3000,44392506,0,1.8,0,9,,,,,,,,,,,,,,,,10/11/2026,,,,,,,,,,,,,,,,,,,,,,,,,,
Bub Means,WR,CLE,Classic,10/11/2026,"Classic 10/11 1:00PM, 11 Games",3000,44392514,0,1.8,0,9,,,,,,,,,,,,,,,,10/11/2026,,,,,,,,,,,,,,,,,,,,,,,,,,
Jimmy Horn Jr.,WR,CLE,Classic,10/11/2026,"Classic 10/11 1:00PM, 11 Games",3000,44392516,0,1.8,0,9,,,,,,,,,,,,,,,,10/11/2026,,,,,,,,,,,,,,,,,,,,,,,,,,
Mason Tipton,WR,NO,Classic,10/11/2026,"Classic 10/11 1:00PM, 11 Games",3000,44392524,0,1.8,0,9,,,,,,,,,,,,,,,,10/11/2026,,,,,,,,,,,,,,,,,,,,,,,,,,
Jalen Moreno-Cropper,WR,NO,Classic,10/11/2026,"Classic 10/11 1:00PM, 11 Games",3000,44392526,0,1.8,0,9,,,,,,,,,,,,,,,,10/11/2026,,,,,,,,,,,,,,,,,,,,,,,,,,
Cedric Tillman,WR,NO,Classic,10/11/2026,"Classic 10/11 1:00PM, 11 Games",3000,44392528,0,1.8,0,9,,,,,,,,,,,,,,,,10/11/2026,,,,,,,,,,,,,,,,,,,,,,,,,,
Kyrese Rowan,WR,NO,Classic,10/11/2026,"Classic 10/11 1:00PM, 11 Games",3000,44392530,0,1.8,0,9,,,,,,,,,,,,,,,,10/11/2026,,,,,,,,,,,,,,,,,,,,,,,,,,
Trey Palmer,WR,NO,Classic,10/11/2026,"Classic 10/11 1:00PM, 11 Games",3000,44392532,0,1.8,0,9,,,,,,,,,,,,,,,,10/11/2026,,,,,,,,,,,,,,,,,,,,,,,,,,
Michael Briscoe,WR,MIN,Classic,10/11/2026,"Classic 10/11 1:00PM, 11 Games",3000,44392540,0,1.8,0,9,,,,,,,,,,,,,,,,10/11/2026,,,,,,,,,,,,,,,,,,,,,,,,,,
Dillon Bell,WR,MIN,Classic,10/11/2026,"Classic 10/11 1:00PM, 11 Games",3000,44392542,0,1.8,0,9,,,,,,,,,,,,,,,,10/11/2026,,,,,,,,,,,,,,,,,,,,,,,,,,
A.J. Brown,WR,NE,Classic,10/11/2026,"Classic 10/11 1:00PM, 11 Games",3000,44392544,0,1.8,0,9,,,,,,,,,,,,,,,,10/11/2026,,,,,,,,,,,,,,,,,,,,,,,,,,
Jeremiah Webb,WR,NE,Classic,10/11/2026,"Classic 10/11 1:00PM, 11 Games",3000,44392546,0,1.8,0,9,,,,,,,,,,,,,,,,10/11/2026,,,,,,,,,,,,,,,,,,,,,,,,,,
Cameron Dorner,WR,NE,Classic,10/11/2026,"Classic 10/11 1:00PM, 11 Games",3000,44392548,0,1.8,0,9,,,,,,,,,,,,,,,,10/11/2026,,,,,,,,,,,,,,,,,,,,,,,,,,
Chandler Brayboy,WR,NE,Classic,10/11/2026,"Classic 10/11 1:00PM, 11 Games",3000,44392550,0,1.8,0,9,,,,,,,,,,,,,,,,10/11/2026,,,,,,,,,,,,,,,,,,,,,,,,,,
Kyle Dixon,WR,NE,Classic,10/11/2026,"Classic 10/11 1:00PM, 11 Games",3000,44392552,0,1.8,0,9,,,,,,,,,,,,,,,,10/11/2026,,,,,,,,,,,,,,,,,,,,,,,,,,
Corey Rucker,WR,LV,Classic,10/11/2026,"Classic 10/11 1:00PM, 11 Games",3000,44392558,0,1.8,0,9,,,,,,,,,,,,,,,,10/11/2026,,,,,,,,,,,,,,,,,,,,,,,,,,
Deven Thompkins,WR,LV,Classic,10/11/2026,"Classic 10/11 1:00PM, 11 Games",3000,44392560,0,1.8,0,9,,,,,,,,,,,,,,,,10/11/2026,,,,,,,,,,,,,,,,,,,,,,,,,,
Phillip Dorsett II,WR,LV,Classic,10/11/2026,"Classic 10/11 1:00PM, 11 Games",3000,44392562,0,1.8,0,9,,,,,,,,,,,,,,,,10/11/2026,,,,,,,,,,,,,,,,,,,,,,,,,,
Tyler Scott,WR,LV,Classic,10/11/2026,"Classic 10/11 1:00PM, 11 Games",3000,44392564,0,1.8,0,9,,,,,,,,,,,,,,,,10/11/2026,,,,,,,,,,,,,,,,,,,,,,,,,,
Jalen Reagor,WR,MIA,Classic,10/11/2026,"Classic 10/11 1:00PM, 11 Games",3000,44392572,0,1.8,0,9,,,,,,,,,,,,,,,,10/11/2026,,,,,,,,,,,,,,,,,,,,,,,,,,
Will Sheppard,WR,MIA,Classic,10/11/2026,"Classic 10/11 1:00PM, 11 Games",3000,44392574,0,1.8,0,9,,,,,,,,,,,,,,,,10/11/2026,,,,,,,,,,,,,,,,,,,,,,,,,,
AJ Henning,WR,MIA,Classic,10/11/2026,"Classic 10/11 1:00PM, 11 Games",3000,44392576,0,1.8,0,9,,,,,,,,,,,,,,,,10/11/2026,,,,,,,,,,,,,,,,,,,,,,,,,,
Andrei Iosivas,WR,CIN,Classic,10/11/2026,"Classic 10/11 1:00PM, 11 Games",3000,44392578,0,1.8,0,9,,,,,,,,,,,,,,,,10/11/2026,,,,,,,,,,,,,,,,,,,,,,,,,,
Ke'Shawn Williams,WR,CIN,Classic,10/11/2026,"Classic 10/11 1:00PM, 11 Games",3000,44392580,0,1.8,0,9,,,,,,,,,,,,,,,,10/11/2026,,,,,,,,,,,,,,,,,,,,,,,,,,
Noah Thomas,WR,CIN,Classic,10/11/2026,"Classic 10/11 1:00PM, 11 Games",3000,44392582,0,1.8,0,9,,,,,,,,,,,,,,,,10/11/2026,,,,,,,,,,,,,,,,,,,,,,,,,,
Jordan Moore,WR,CIN,Classic,10/11/2026,"Classic 10/11 1:00PM, 11 Games",3000,44392584,0,1.8,0,9,,,,,,,,,,,,,,,,10/11/2026,,,,,,,,,,,,,,,,,,,,,,,,,,
Lions,DST,DET,Classic,10/11/2026,"Classic 10/11 1:00PM, 11 Games",3000,44392857,0,1.8,0,9,,,,,,,,,,,,,,,,10/11/2026,,,,,,,,,,,,,,,,,,,,,,,,,,
Patriots,DST,NE,Classic,10/11/2026,"Classic 10/11 1:00PM, 11 Games",3000,44392858,0,1.8,0,9,,,,,,,,,,,,,,,,10/11/2026,,,,,,,,,,,,,,,,,,,,,,,,,,
Cameron Ross,WR,DEN,Classic,10/11/2026,"Classic 10/11 1:00PM, 13 Games",3000,44448237,0,1.8,0,9,,,,,,,,,,,,,,,,10/11/2026,,,,,,,,,,,,,,,,,,,,,,,,,,
Dontae Fleming,WR,NYG,Classic,10/11/2026,"Classic 10/11 1:00PM, 13 Games",3000,44448239,0,1.8,0,9,,,,,,,,,,,,,,,,10/11/2026,,,,,,,,,,,,,,,,,,,,,,,,,,
Ihmir Smith-Marsette,WR,ARI,Classic,10/11/2026,"Classic 10/11 1:00PM, 13 Games",3000,44419936,0,1.8,0,9,,,,,,,,,,,,,,,,10/11/2026,,,,,,,,,,,,,,,,,,,,,,,,,,
James Proche II,WR,CLE,Classic,10/11/2026,"Classic 10/11 1:00PM, 13 Games",3000,44448241,0,1.8,0,9,,,,,,,,,,,,,,,,10/11/2026,,,,,,,,,,,,,,,,,,,,,,,,,,
Nick DeGennaro,WR,WAS,Classic,10/11/2026,"Classic 10/11 1:00PM, 13 Games",3000,44448245,0,1.8,0,9,,,,,,,,,,,,,,,,10/11/2026,,,,,,,,,,,,,,,,,,,,,,,,,,
Quez Watkins,WR,IND,Classic,10/11/2026,"Classic 10/11 1:00PM, 13 Games",3000,44448249,0,1.8,0,9,,,,,,,,,,,,,,,,10/11/2026,,,,,,,,,,,,,,,,,,,,,,,,,,
Scotty Miller,WR,CHI,Classic,10/11/2026,"Classic 10/11 1:00PM, 13 Games",3000,44448251,0,1.8,0,9,,,,,,,,,,,,,,,,10/11/2026,,,,,,,,,,,,,,,,,,,,,,,,,,
Xavier Smith,WR,SF,Classic,10/11/2026,"Classic 10/11 1:00PM, 13 Games",3000,44448253,0,1.8,0,9,,,,,,,,,,,,,,,,10/11/2026,,,,,,,,,,,,,,,,,,,,,,,,,,
Jaydon Blue,CPT,PHI,Showdown Captain Mode,10/11/2026,Showdown Captain Mode 10/11 9:30AM (PHI @ JAX),3000,44420543,0,1.8,0,9,,,,,,,,,,,,,,,,10/11/2026,,,,,,,,,,,,,,,,,,,,,,,,,,
Savion Williams,WR,GB,Early,10/11/2026,"Early 10/11 1:00PM, 8 Games",3000,44418851,0,1.8,0,9,,,,,,,,,,,,,,,,10/11/2026,,,,,,,,,,,,,,,,,,,,,,,,,,
Jayden Reed,WR,GB,Early,10/11/2026,"Early 10/11 1:00PM, 8 Games",3000,44418853,0,1.8,0,9,,,,,,,,,,,,,,,,10/11/2026,,,,,,,,,,,,,,,,,,,,,,,,,,
Coleman Owen,WR,GB,Early,10/11/2026,"Early 10/11 1:00PM, 8 Games",3000,44418855,0,1.8,0,9,,,,,,,,,,,,,,,,10/11/2026,,,,,,,,,,,,,,,,,,,,,,,,,,
Isaiah Neyor,WR,GB,Early,10/11/2026,"Early 10/11 1:00PM, 8 Games",3000,44418857,0,1.8,0,9,,,,,,,,,,,,,,,,10/11/2026,,,,,,,,,,,,,,,,,,,,,,,,,,
Quincy Skinner Jr.,WR,GB,Early,10/11/2026,"Early 10/11 1:00PM, 8 Games",3000,44418859,0,1.8,0,9,,,,,,,,,,,,,,,,10/11/2026,,,,,,,,,,,,,,,,,,,,,,,,,,
Kaden Davis,WR,CHI,Early,10/11/2026,"Early 10/11 1:00PM, 8 Games",3000,44418865,0,1.8,0,9,,,,,,,,,,,,,,,,10/11/2026,,,,,,,,,,,,,,,,,,,,,,,,,,
JP Richardson,WR,CHI,Early,10/11/2026,"Early 10/11 1:00PM, 8 Games",3000,44418867,0,1.8,0,9,,,,,,,,,,,,,,,,10/11/2026,,,,,,,,,,,,,,,,,,,,,,,,,,
Jaylin Lane,WR,WAS,Early,10/11/2026,"Early 10/11 1:00PM, 8 Games",3000,44418871,0,1.8,0,9,,,,,,,,,,,,,,,,10/11/2026,,,,,,,,,,,,,,,,,,,,,,,,,,
River Cracraft,WR,WAS,Early,10/11/2026,"Early 10/11 1:00PM, 8 Games",3000,44418873,0,1.8,0,9,,,,,,,,,,,,,,,,10/11/2026,,,,,,,,,,,,,,,,,,,,,,,,,,
Van Jefferson,WR,WAS,Early,10/11/2026,"Early 10/11 1:00PM, 8 Games",3000,44418875,0,1.8,0,9,,,,,,,,,,,,,,,,10/11/2026,,,,,,,,,,,,,,,,,,,,,,,,,,
Jaden Bradley,WR,WAS,Early,10/11/2026,"Early 10/11 1:00PM, 8 Games",3000,44418877,0,1.8,0,9,,,,,,,,,,,,,,,,10/11/2026,,,,,,,,,,,,,,,,,,,,,,,,,,
Braxton Berrios,WR,NYG,Early,10/11/2026,"Early 10/11 1:00PM, 8 Games",3000,44418879,0,1.8,0,9,,,,,,,,,,,,,,,,10/11/2026,,,,,,,,,,,,,,,,,,,,,,,,,,
Calvin Austin III,WR,NYG,Early,10/11/2026,"Early 10/11 1:00PM, 8 Games",3000,44418883,0,1.8,0,9,,,,,,,,,,,,,,,,10/11/2026,,,,,,,,,,,,,,,,,,,,,,,,,,
Gunner Olszewski,WR,NYG,Early,10/11/2026,"Early 10/11 1:00PM, 8 Games",3000,44418885,0,1.8,0,9,,,,,,,,,,,,,,,,10/11/2026,,,,,,,,,,,,,,,,,,,,,,,,,,
Dalen Cambre,WR,NYG,Early,10/11/2026,"Early 10/11 1:00PM, 8 Games",3000,44418887,0,1.8,0,9,,,,,,,,,,,,,,,,10/11/2026,,,,,,,,,,,,,,,,,,,,,,,,,,
Jalin Hyatt,WR,NYG,Early,10/11/2026,"Early 10/11 1:00PM, 8 Games",3000,44418889,0,1.8,0,9,,,,,,,,,,,,,,,,10/11/2026,,,,,,,,,,,,,,,,,,,,,,,,,,
Xavier Restrepo,WR,TEN,Early,10/11/2026,"Early 10/11 1:00PM, 8 Games",3000,44418895,0,1.8,0,9,,,,,,,,,,,,,,,,10/11/2026,,,,,,,,,,,,,,,,,,,,,,,,,,
Tyren Montgomery,WR,TEN,Early,10/11/2026,"Early 10/11 1:00PM, 8 Games",3000,44418897,0,1.8,0,9,,,,,,,,,,,,,,,,10/11/2026,,,,,,,,,,,,,,,,,,,,,,,,,,
K.J. Osborn,WR,TEN,Early,10/11/2026,"Early 10/11 1:00PM, 8 Games",3000,44418899,0,1.8,0,9,,,,,,,,,,,,,,,,10/11/2026,,,,,,,,,,,,,,,,,,,,,,,,,,
Jayden Higgins,WR,HOU,Early,10/11/2026,"Early 10/11 1:00PM, 8 Games",3000,44418903,0,1.8,0,9,,,,,,,,,,,,,,,,10/11/2026,,,,,,,,,,,,,,,,,,,,,,,,,,
Daniel Sobkowicz,WR,HOU,Early,10/11/2026,"Early 10/11 1:00PM, 8 Games",3000,44418907,0,1.8,0,9,,,,,,,,,,,,,,,,10/11/2026,,,,,,,,,,,,,,,,,,,,,,,,,,
Treyvhon Saunders,WR,HOU,Early,10/11/2026,"Early 10/11 1:00PM, 8 Games",3000,44418909,0,1.8,0,9,,,,,,,,,,,,,,,,10/11/2026,,,,,,,,,,,,,,,,,,,,,,,,,,
Josh Kelly,WR,HOU,Early,10/11/2026,"Early 10/11 1:00PM, 8 Games",3000,44418911,0,1.8,0,9,,,,,,,,,,,,,,,,10/11/2026,,,,,,,,,,,,,,,,,,,,,,,,,,
Cole Burgess,WR,PIT,Early,10/11/2026,"Early 10/11 1:00PM, 8 Games",3000,44418917,0,1.8,0,9,,,,,,,,,,,,,,,,10/11/2026,,,,,,,,,,,,,,,,,,,,,,,,,,
Isaiah Hodgins,WR,PIT,Early,10/11/2026,"Early 10/11 1:00PM, 8 Games",3000,44418919,0,1.8,0,9,,,,,,,,,,,,,,,,10/11/2026,,,,,,,,,,,,,,,,,,,,,,,,,,
Brandon Johnson,WR,PIT,Early,10/11/2026,"Early 10/11 1:00PM, 8 Games",3000,44418921,0,1.8,0,9,,,,,,,,,,,,,,,,10/11/2026,,,,,,,,,,,,,,,,,,,,,,,,,,
Brandon Smith,WR,PIT,Early,10/11/2026,"Early 10/11 1:00PM, 8 Games",3000,44418923,0,1.8,0,9,,,,,,,,,,,,,,,,10/11/2026,,,,,,,,,,,,,,,,,,,,,,,,,,
Alec Pierce,WR,IND,Early,10/11/2026,"Early 10/11 1:00PM, 8 Games",3000,44418929,0,1.8,0,9,,,,,,,,,,,,,,,,10/11/2026,,,,,,,,,,,,,,,,,,,,,,,,,,
D.J. Montgomery,WR,IND,Early,10/11/2026,"Early 10/11 1:00PM, 8 Games",3000,44418931,0,1.8,0,9,,,,,,,,,,,,,,,,10/11/2026,,,,,,,,,,,,,,,,,,,,,,,,,,
Eli Pancol,WR,IND,Early,10/11/2026,"Early 10/11 1:00PM, 8 Games",3000,44418935,0,1.8,0,9,,,,,,,,,,,,,,,,10/11/2026,,,,,,,,,,,,,,,,,,,,,,,,,,
Tim Patrick,WR,NYJ,Early,10/11/2026,"Early 10/11 1:00PM, 8 Games",3000,44418941,0,1.8,0,9,,,,,,,,,,,,,,,,10/11/2026,,,,,,,,,,,,,,,,,,,,,,,,,,
Omar Cooper Jr.,WR,NYJ,Early,10/11/2026,"Early 10/11 1:00PM, 8 Games",3000,44418943,0,1.8,0,9,,,,,,,,,,,,,,,,10/11/2026,,,,,,,,,,,,,,,,,,,,,,,,,,
Arian Smith,WR,NYJ,Early,10/11/2026,"Early 10/11 1:00PM, 8 Games",3000,44418945,0,1.8,0,9,,,,,,,,,,,,,,,,10/11/2026,,,,,,,,,,,,,,,,,,,,,,,,,,
Tyler Johnson,WR,NYJ,Early,10/11/2026,"Early 10/11 1:00PM, 8 Games",3000,44418949,0,1.8,0,9,,,,,,,,,,,,,,,,10/11/2026,,,,,,,,,,,,,,,,,,,,,,,,,,
Bub Means,WR,CLE,Early,10/11/2026,"Early 10/11 1:00PM, 8 Games",3000,44418957,0,1.8,0,9,,,,,,,,,,,,,,,,10/11/2026,,,,,,,,,,,,,,,,,,,,,,,,,,
Jimmy Horn Jr.,WR,CLE,Early,10/11/2026,"Early 10/11 1:00PM, 8 Games",3000,44418959,0,1.8,0,9,,,,,,,,,,,,,,,,10/11/2026,,,,,,,,,,,,,,,,,,,,,,,,,,
Mason Tipton,WR,NO,Early,10/11/2026,"Early 10/11 1:00PM, 8 Games",3000,44418967,0,1.8,0,9,,,,,,,,,,,,,,,,10/11/2026,,,,,,,,,,,,,,,,,,,,,,,,,,
Jalen Moreno-Cropper,WR,NO,Early,10/11/2026,"Early 10/11 1:00PM, 8 Games",3000,44418969,0,1.8,0,9,,,,,,,,,,,,,,,,10/11/2026,,,,,,,,,,,,,,,,,,,,,,,,,,
Trey Palmer,WR,NO,Early,10/11/2026,"Early 10/11 1:00PM, 8 Games",3000,44418971,0,1.8,0,9,,,,,,,,,,,,,,,,10/11/2026,,,,,,,,,,,,,,,,,,,,,,,,,,
Kyrese Rowan,WR,NO,Early,10/11/2026,"Early 10/11 1:00PM, 8 Games",3000,44418973,0,1.8,0,9,,,,,,,,,,,,,,,,10/11/2026,,,,,,,,,,,,,,,,,,,,,,,,,,
Cedric Tillman,WR,NO,Early,10/11/2026,"Early 10/11 1:00PM, 8 Games",3000,44418975,0,1.8,0,9,,,,,,,,,,,,,,,,10/11/2026,,,,,,,,,,,,,,,,,,,,,,,,,,
Michael Briscoe,WR,MIN,Early,10/11/2026,"Early 10/11 1:00PM, 8 Games",3000,44418981,0,1.8,0,9,,,,,,,,,,,,,,,,10/11/2026,,,,,,,,,,,,,,,,,,,,,,,,,,
Dillon Bell,WR,MIN,Early,10/11/2026,"Early 10/11 1:00PM, 8 Games",3000,44418983,0,1.8,0,9,,,,,,,,,,,,,,,,10/11/2026,,,,,,,,,,,,,,,,,,,,,,,,,,
A.J. Brown,WR,NE,Early,10/11/2026,"Early 10/11 1:00PM, 8 Games",3000,44418985,0,1.8,0,9,,,,,,,,,,,,,,,,10/11/2026,,,,,,,,,,,,,,,,,,,,,,,,,,
Jeremiah Webb,WR,NE,Early,10/11/2026,"Early 10/11 1:00PM, 8 Games",3000,44418987,0,1.8,0,9,,,,,,,,,,,,,,,,10/11/2026,,,,,,,,,,,,,,,,,,,,,,,,,,
Kyle Dixon,WR,NE,Early,10/11/2026,"Early 10/11 1:00PM, 8 Games",3000,44418989,0,1.8,0,9,,,,,,,,,,,,,,,,10/11/2026,,,,,,,,,,,,,,,,,,,,,,,,,,
Chandler Brayboy,WR,NE,Early,10/11/2026,"Early 10/11 1:00PM, 8 Games",3000,44418991,0,1.8,0,9,,,,,,,,,,,,,,,,10/11/2026,,,,,,,,,,,,,,,,,,,,,,,,,,
Cameron Dorner,WR,NE,Early,10/11/2026,"Early 10/11 1:00PM, 8 Games",3000,44418993,0,1.8,0,9,,,,,,,,,,,,,,,,10/11/2026,,,,,,,,,,,,,,,,,,,,,,,,,,
Jack Bech,WR,LV,Early,10/11/2026,"Early 10/11 1:00PM, 8 Games",3000,44418999,0,1.8,0,9,,,,,,,,,,,,,,,,10/11/2026,,,,,,,,,,,,,,,,,,,,,,,,,,
Corey Rucker,WR,LV,Early,10/11/2026,"Early 10/11 1:00PM, 8 Games",3000,44419001,0,1.8,0,9,,,,,,,,,,,,,,,,10/11/2026,,,,,,,,,,,,,,,,,,,,,,,,,,
Tyler Scott,WR,LV,Early,10/11/2026,"Early 10/11 1:00PM, 8 Games",3000,44419003,0,1.8,0,9,,,,,,,,,,,,,,,,10/11/2026,,,,,,,,,,,,,,,,,,,,,,,,,,
Phillip Dorsett II,WR,LV,Early,10/11/2026,"Early 10/11 1:00PM, 8 Games",3000,44419005,0,1.8,0,9,,,,,,,,,,,,,,,,10/11/2026,,,,,,,,,,,,,,,,,,,,,,,,,,
Deven Thompkins,WR,LV,Early,10/11/2026,"Early 10/11 1:00PM, 8 Games",3000,44419007,0,1.8,0,9,,,,,,,,,,,,,,,,10/11/2026,,,,,,,,,,,,,,,,,,,,,,,,,,
Will Sheppard,WR,MIA,Early,10/11/2026,"Early 10/11 1:00PM, 8 Games",3000,44419015,0,1.8,0,9,,,,,,,,,,,,,,,,10/11/2026,,,,,,,,,,,,,,,,,,,,,,,,,,
Jalen Reagor,WR,MIA,Early,10/11/2026,"Early 10/11 1:00PM, 8 Games",3000,44419017,0,1.8,0,9,,,,,,,,,,,,,,,,10/11/2026,,,,,,,,,,,,,,,,,,,,,,,,,,
AJ Henning,WR,MIA,Early,10/11/2026,"Early 10/11 1:00PM, 8 Games",3000,44419019,0,1.8,0,9,,,,,,,,,,,,,,,,10/11/2026,,,,,,,,,,,,,,,,,,,,,,,,,,
Andrei Iosivas,WR,CIN,Early,10/11/2026,"Early 10/11 1:00PM, 8 Games",3000,44419021,0,1.8,0,9,,,,,,,,,,,,,,,,10/11/2026,,,,,,,,,,,,,,,,,,,,,,,,,,
Ke'Shawn Williams,WR,CIN,Early,10/11/2026,"Early 10/11 1:00PM, 8 Games",3000,44419023,0,1.8,0,9,,,,,,,,,,,,,,,,10/11/2026,,,,,,,,,,,,,,,,,,,,,,,,,,
Noah Thomas,WR,CIN,Early,10/11/2026,"Early 10/11 1:00PM, 8 Games",3000,44419025,0,1.8,0,9,,,,,,,,,,,,,,,,10/11/2026,,,,,,,,,,,,,,,,,,,,,,,,,,
Jordan Moore,WR,CIN,Early,10/11/2026,"Early 10/11 1:00PM, 8 Games",3000,44419027,0,1.8,0,9,,,,,,,,,,,,,,,,10/11/2026,,,,,,,,,,,,,,,,,,,,,,,,,,
Patriots,DST,NE,Early,10/11/2026,"Early 10/11 1:00PM, 8 Games",3000,44419225,0,1.8,0,9,,,,,,,,,,,,,,,,10/11/2026,,,,,,,,,,,,,,,,,,,,,,,,,,
Dontae Fleming,WR,NYG,Early,10/11/2026,"Early 10/11 1:00PM, 8 Games",3000,44448295,0,1.8,0,9,,,,,,,,,,,,,,,,10/11/2026,,,,,,,,,,,,,,,,,,,,,,,,,,
James Proche II,WR,CLE,Early,10/11/2026,"Early 10/11 1:00PM, 8 Games",3000,44448297,0,1.8,0,9,,,,,,,,,,,,,,,,10/11/2026,,,,,,,,,,,,,,,,,,,,,,,,,,
Nick DeGennaro,WR,WAS,Early,10/11/2026,"Early 10/11 1:00PM, 8 Games",3000,44448301,0,1.8,0,9,,,,,,,,,,,,,,,,10/11/2026,,,,,,,,,,,,,,,,,,,,,,,,,,
Quez Watkins,WR,IND,Early,10/11/2026,"Early 10/11 1:00PM, 8 Games",3000,44448305,0,1.8,0,9,,,,,,,,,,,,,,,,10/11/2026,,,,,,,,,,,,,,,,,,,,,,,,,,
Scotty Miller,WR,CHI,Early,10/11/2026,"Early 10/11 1:00PM, 8 Games",3000,44448307,0,1.8,0,9,,,,,,,,,,,,,,,,10/11/2026,,,,,,,,,,,,,,,,,,,,,,,,,,
Irvin Charles,WR,SEA,Late,10/11/2026,"Late 10/11 4:05PM, 3 Games",3000,44433392,0,1.8,0,9,,,,,,,,,,,,,,,,10/11/2026,,,,,,,,,,,,,,,,,,,,,,,,,,
Jake Bobo,WR,SEA,Late,10/11/2026,"Late 10/11 4:05PM, 3 Games",3000,44433394,0,1.8,0,9,,,,,,,,,,,,,,,,10/11/2026,,,,,,,,,,,,,,,,,,,,,,,,,,
Malick Meiga,WR,SEA,Late,10/11/2026,"Late 10/11 4:05PM, 3 Games",3000,44433396,0,1.8,0,9,,,,,,,,,,,,,,,,10/11/2026,,,,,,,,,,,,,,,,,,,,,,,,,,
Emmanuel Henderson Jr.,WR,SEA,Late,10/11/2026,"Late 10/11 4:05PM, 3 Games",3000,44433398,0,1.8,0,9,,,,,,,,,,,,,,,,10/11/2026,,,,,,,,,,,,,,,,,,,,,,,,,,
Ricky White III,WR,SEA,Late,10/11/2026,"Late 10/11 4:05PM, 3 Games",3000,44433400,0,1.8,0,9,,,,,,,,,,,,,,,,10/11/2026,,,,,,,,,,,,,,,,,,,,,,,,,,
Demarcus Robinson,WR,SF,Late,10/11/2026,"Late 10/11 4:05PM, 3 Games",3000,44433406,0,1.8,0,9,,,,,,,,,,,,,,,,10/11/2026,,,,,,,,,,,,,,,,,,,,,,,,,,
De'Zhaun Stribling,WR,SF,Late,10/11/2026,"Late 10/11 4:05PM, 3 Games",3000,44433408,0,1.8,0,9,,,,,,,,,,,,,,,,10/11/2026,,,,,,,,,,,,,,,,,,,,,,,,,,
Ricky Pearsall,WR,SF,Late,10/11/2026,"Late 10/11 4:05PM, 3 Games",3000,44433410,0,1.8,0,9,,,,,,,,,,,,,,,,10/11/2026,,,,,,,,,,,,,,,,,,,,,,,,,,
Brandon Aiyuk,WR,SF,Late,10/11/2026,"Late 10/11 4:05PM, 3 Games",3000,44433412,0,1.8,0,9,,,,,,,,,,,,,,,,10/11/2026,,,,,,,,,,,,,,,,,,,,,,,,,,
Wesley Grimes,WR,SF,Late,10/11/2026,"Late 10/11 4:05PM, 3 Games",3000,44433416,0,1.8,0,9,,,,,,,,,,,,,,,,10/11/2026,,,,,,,,,,,,,,,,,,,,,,,,,,
Will Pauling,WR,SF,Late,10/11/2026,"Late 10/11 4:05PM, 3 Games",3000,44433418,0,1.8,0,9,,,,,,,,,,,,,,,,10/11/2026,,,,,,,,,,,,,,,,,,,,,,,,,,
Dante Pettis,WR,SF,Late,10/11/2026,"Late 10/11 4:05PM, 3 Games",3000,44433420,0,1.8,0,9,,,,,,,,,,,,,,,,10/11/2026,,,,,,,,,,,,,,,,,,,,,,,,,,
Harrison Wallace III,WR,ARI,Late,10/11/2026,"Late 10/11 4:05PM, 3 Games",3000,44433430,0,1.8,0,9,,,,,,,,,,,,,,,,10/11/2026,,,,,,,,,,,,,,,,,,,,,,,,,,
Ihmir Smith-Marsette,WR,ARI,Late,10/11/2026,"Late 10/11 4:05PM, 3 Games",3000,44433432,0,1.8,0,9,,,,,,,,,,,,,,,,10/11/2026,,,,,,,,,,,,,,,,,,,,,,,,,,
Kendrick Law,WR,DET,Late,10/11/2026,"Late 10/11 4:05PM, 3 Games",3000,44433438,0,1.8,0,9,,,,,,,,,,,,,,,,10/11/2026,,,,,,,,,,,,,,,,,,,,,,,,,,
Dominic Lovett,WR,DET,Late,10/11/2026,"Late 10/11 4:05PM, 3 Games",3000,44433440,0,1.8,0,9,,,,,,,,,,,,,,,,10/11/2026,,,,,,,,,,,,,,,,,,,,,,,,,,
Lawrence Keys III,WR,DET,Late,10/11/2026,"Late 10/11 4:05PM, 3 Games",3000,44433442,0,1.8,0,9,,,,,,,,,,,,,,,,10/11/2026,,,,,,,,,,,,,,,,,,,,,,,,,,
Lucky Jackson,WR,DET,Late,10/11/2026,"Late 10/11 4:05PM, 3 Games",3000,44433444,0,1.8,0,9,,,,,,,,,,,,,,,,10/11/2026,,,,,,,,,,,,,,,,,,,,,,,,,,
KeAndre Lambert-Smith,WR,LAC,Late,10/11/2026,"Late 10/11 4:05PM, 3 Games",3000,44433448,0,1.8,0,9,,,,,,,,,,,,,,,,10/11/2026,,,,,,,,,,,,,,,,,,,,,,,,,,
Theo Wease Jr.,WR,LAC,Late,10/11/2026,"Late 10/11 4:05PM, 3 Games",3000,44433452,0,1.8,0,9,,,,,,,,,,,,,,,,10/11/2026,,,,,,,,,,,,,,,,,,,,,,,,,,
Michael Bandy,WR,DEN,Late,10/11/2026,"Late 10/11 4:05PM, 3 Games",3000,44433456,0,1.8,0,9,,,,,,,,,,,,,,,,10/11/2026,,,,,,,,,,,,,,,,,,,,,,,,,,
Cameron Ross,WR,DEN,Late,10/11/2026,"Late 10/11 4:05PM, 3 Games",3000,44433458,0,1.8,0,9,,,,,,,,,,,,,,,,10/11/2026,,,,,,,,,,,,,,,,,,,,,,,,,,
Kolbe Katsis,WR,DEN,Late,10/11/2026,"Late 10/11 4:05PM, 3 Games",3000,44433460,0,1.8,0,9,,,,,,,,,,,,,,,,10/11/2026,,,,,,,,,,,,,,,,,,,,,,,,,,
Dane Key,WR,DEN,Late,10/11/2026,"Late 10/11 4:05PM, 3 Games",3000,44433462,0,1.8,0,9,,,,,,,,,,,,,,,,10/11/2026,,,,,,,,,,,,,,,,,,,,,,,,,,
Lions,DST,DET,Late,10/11/2026,"Late 10/11 4:05PM, 3 Games",3000,44433539,0,1.8,0,9,,,,,,,,,,,,,,,,10/11/2026,,,,,,,,,,,,,,,,,,,,,,,,,,
Xavier Smith,WR,SF,Late,10/11/2026,"Late 10/11 4:05PM, 3 Games",3000,44448309,0,1.8,0,9,,,,,,,,,,,,,,,,10/11/2026,,,,,,,,,,,,,,,,,,,,,,,,,,
Brennan Presley,WR,LAR,Classic,10/12/2026,"Classic 10/11 1:00PM, 13 Games",3000,44419828,0,1.8,0,9,,,,,,,,,,,,,,,,10/12/2026,,,,,,,,,,,,,,,,,,,,,,,,,,
Tyrell Shavers,WR,BUF,Classic,10/12/2026,"Classic 10/11 1:00PM, 13 Games",3000,44419834,0,1.8,0,9,,,,,,,,,,,,,,,,10/12/2026,,,,,,,,,,,,,,,,,,,,,,,,,,
Stephen Gosnell,WR,BUF,Classic,10/12/2026,"Classic 10/11 1:00PM, 13 Games",3000,44419836,0,1.8,0,9,,,,,,,,,,,,,,,,10/12/2026,,,,,,,,,,,,,,,,,,,,,,,,,,
Ja'Mori Maclin,WR,BUF,Classic,10/12/2026,"Classic 10/11 1:00PM, 13 Games",3000,44419838,0,1.8,0,9,,,,,,,,,,,,,,,,10/12/2026,,,,,,,,,,,,,,,,,,,,,,,,,,
Trent Sherfield Sr.,WR,BUF,Classic,10/12/2026,"Classic 10/11 1:00PM, 13 Games",3000,44419840,0,1.8,0,9,,,,,,,,,,,,,,,,10/12/2026,,,,,,,,,,,,,,,,,,,,,,,,,,
Ja'Kobi Lane,WR,BAL,Classic,10/11/2026,"Classic 10/11 1:00PM, 13 Games",3000,44419850,0,1.8,0,9,,,,,,,,,,,,,,,,10/11/2026,,,,,,,,,,,,,,,,,,,,,,,,,,
Xavier Guillory,WR,BAL,Classic,10/11/2026,"Classic 10/11 1:00PM, 13 Games",3000,44419854,0,1.8,0,9,,,,,,,,,,,,,,,,10/11/2026,,,,,,,,,,,,,,,,,,,,,,,,,,
Gage Larvadain,WR,BAL,Classic,10/11/2026,"Classic 10/11 1:00PM, 13 Games",3000,44419852,0,1.8,0,9,,,,,,,,,,,,,,,,10/11/2026,,,,,,,,,,,,,,,,,,,,,,,,,,
Beaux Collins,WR,ATL,Classic,10/11/2026,"Classic 10/11 1:00PM, 13 Games",3000,44419862,0,1.8,0,9,,,,,,,,,,,,,,,,10/11/2026,,,,,,,,,,,,,,,,,,,,,,,,,,
Antwane Wells Jr.,WR,ATL,Classic,10/11/2026,"Classic 10/11 1:00PM, 13 Games",3000,44419864,0,1.8,0,9,,,,,,,,,,,,,,,,10/11/2026,,,,,,,,,,,,,,,,,,,,,,,,,,
Dylan Drummond,WR,ATL,Classic,10/11/2026,"Classic 10/11 1:00PM, 13 Games",3000,44419868,0,1.8,0,9,,,,,,,,,,,,,,,,10/11/2026,,,,,,,,,,,,,,,,,,,,,,,,,,
Vinny Anthony II,WR,ATL,Classic,10/11/2026,"Classic 10/11 1:00PM, 13 Games",3000,44419866,0,1.8,0,9,,,,,,,,,,,,,,,,10/11/2026,,,,,,,,,,,,,,,,,,,,,,,,,,
Eric Saubert,TE,SEA,Classic,10/11/2026,"Classic 10/11 1:00PM, 11 Games",2500,44392654,0.37,1.8,0.15,7.5,,,,,,,,,,,,,,,,10/11/2026,,,,,,,,,,,,,,,,,,,,,0.06,,,,,
Dallen Bentley,TE,DEN,Classic,10/11/2026,"Classic 10/11 1:00PM, 11 Games",2500,44392722,0.38,1.8,0.15,7.5,,,,,,,,,,,,,,,,10/11/2026,,,,,,,,,,,,,,,,,,,,,0.06,,,,,
Brevin Jordan,TE,HOU,Classic,10/11/2026,"Classic 10/11 1:00PM, 11 Games",2500,44392758,0.38,1.8,0.15,7.5,,,,,,,,,,,,,,,,10/11/2026,,,,,,,,,,,,,,,,,,,,,0.06,,,,,
Mo Alie-Cox,TE,IND,Classic,10/11/2026,"Classic 10/11 1:00PM, 11 Games",2500,44392768,0.38,1.8,0.15,7.5,,,,,,,,,,,,,,,,10/11/2026,,,,,,,,,,,,,,,,,,,,,0.06,,,,,
Drew Ogletree,TE,IND,Classic,10/11/2026,"Classic 10/11 1:00PM, 11 Games",2500,44392770,0.38,1.8,0.15,7.5,,,,,,,,,,,,,,,,10/11/2026,,,,,,,,,,,,,,,,,,,,,0.06,,,,,
Brevin Jordan,TE,HOU,Early,10/11/2026,"Early 10/11 1:00PM, 8 Games",2500,44419127,0.38,1.8,0.15,7.5,,,,,,,,,,,,,,,,10/11/2026,,,,,,,,,,,,,,,,,,,,,0.06,,,,,
Mo Alie-Cox,TE,IND,Early,10/11/2026,"Early 10/11 1:00PM, 8 Games",2500,44419137,0.38,1.8,0.15,7.5,,,,,,,,,,,,,,,,10/11/2026,,,,,,,,,,,,,,,,,,,,,0.06,,,,,
Drew Ogletree,TE,IND,Early,10/11/2026,"Early 10/11 1:00PM, 8 Games",2500,44419139,0.38,1.8,0.15,7.5,,,,,,,,,,,,,,,,10/11/2026,,,,,,,,,,,,,,,,,,,,,0.06,,,,,
Eric Saubert,TE,SEA,Late,10/11/2026,"Late 10/11 4:05PM, 3 Games",2500,44433478,0.37,1.8,0.15,7.5,,,,,,,,,,,,,,,,10/11/2026,,,,,,,,,,,,,,,,,,,,,0.06,,,,,
Dallen Bentley,TE,DEN,Late,10/11/2026,"Late 10/11 4:05PM, 3 Games",2500,44433530,0.38,1.8,0.15,7.5,,,,,,,,,,,,,,,,10/11/2026,,,,,,,,,,,,,,,,,,,,,0.06,,,,,
Nick Vannett,TE,BAL,Classic,10/11/2026,"Classic 10/11 1:00PM, 13 Games",2500,44420220,0.37,1.8,0.15,7.5,,,,,,,,,,,,,,,,10/11/2026,,,,,,,,,,,,,,,,,,,,,0.06,,,,,
Hunter Long,TE,ARI,Classic,10/11/2026,"Classic 10/11 1:00PM, 11 Games",2500,44392690,0.36,1.79,0.14,7.5,,,,,,,,,,,,,,,,10/11/2026,,,,,,,,,,,,,,,,,,,,,0.06,,,,,
Hunter Long,TE,ARI,Late,10/11/2026,"Late 10/11 4:05PM, 3 Games",2500,44433498,0.36,1.79,0.14,7.5,,,,,,,,,,,,,,,,10/11/2026,,,,,,,,,,,,,,,,,,,,,0.06,,,,,
Matt Hibner,CPT,BAL,Showdown Captain Mode,10/11/2026,Showdown Captain Mode 10/11 8:20PM (BAL @ ATL),2100,44446771,0.75,1.79,0.36,6.3,,,7.5,,,,,,,12/30/1899,BAL @ ATL,Ravens @ Falcons,Mercedes-Benz Stadium,retractable_dome,NBC/Peacock,10/11/2026,,,,,,,,,,,,,,,,,7.5,,,,,,,,,
Matt Hibner,CPT,BAL,Showdown 2nd Half,10/11/2026,Showdown 2nd Half 10/11 9:20PM 2H (BAL @ ATL),2100,44447400,0.75,1.79,0.36,6.3,,,7.5,,,,,,,12/30/1899,BAL @ ATL,Ravens @ Falcons,Mercedes-Benz Stadium,retractable_dome,NBC/Peacock,10/11/2026,,,,,,,,,,,,,,,,,7.5,,,,,,,,,
Matt Hibner,CPT,BAL,Showdown 4th Quarter,10/11/2026,Showdown 4th Quarter 10/11 9:50PM Q4 (BAL @ ATL),2100,44447545,0.75,1.79,0.36,6.3,,,7.5,,,,,,,12/30/1899,BAL @ ATL,Ravens @ Falcons,Mercedes-Benz Stadium,retractable_dome,NBC/Peacock,10/11/2026,,,,,,,,,,,,,,,,,7.5,,,,,,,,,
Tyler Conklin,TE,DET,Classic,10/11/2026,"Classic 10/11 1:00PM, 11 Games",2500,44392704,0.35,1.78,0.14,7.5,,,,,,,,,,,,,,,,10/11/2026,,,,,,,,,,,,,,,,,,,,,0.06,,,,,
Marlin Klein,TE,HOU,Classic,10/11/2026,"Classic 10/11 1:00PM, 11 Games",2500,44392760,0.35,1.78,0.14,7.5,,,,,,,,,,,,,,,,10/11/2026,,,,,,,,,,,,,,,,,,,,,0.06,,,,,
Marlin Klein,TE,HOU,Early,10/11/2026,"Early 10/11 1:00PM, 8 Games",2500,44419129,0.35,1.78,0.14,7.5,,,,,,,,,,,,,,,,10/11/2026,,,,,,,,,,,,,,,,,,,,,0.06,,,,,
Tyler Conklin,TE,DET,Late,10/11/2026,"Late 10/11 4:05PM, 3 Games",2500,44433510,0.35,1.78,0.14,7.5,,,,,,,,,,,,,,,,10/11/2026,,,,,,,,,,,,,,,,,,,,,0.06,,,,,
Nate Adkins,CPT,DEN,Showdown Captain Mode,10/11/2026,Showdown Captain Mode 10/11 4:05PM (DEN @ LAC),2400,44434517,0.43,1.78,0.18,7.2,,,,,,,,,,,,,,,,10/11/2026,,,,,,,,,,,,,,,,,,,,,0.07,,,,,
Teagan Quitoriano,TE,ARI,Classic,10/11/2026,"Classic 10/11 1:00PM, 11 Games",2500,44392698,0.34,1.77,0.14,7.5,,,,,,,,,,,,,,,,10/11/2026,,,,,,,,,,,,,,,,,,,,,0.06,,,,,
Colson Yankoff,TE,WAS,Classic,10/11/2026,"Classic 10/11 1:00PM, 11 Games",2500,44392734,0.34,1.77,0.14,7.5,,,,,,,,,,,,,,,,10/11/2026,,,,,,,,,,,,,,,,,,,,,0.06,,,,,
Colson Yankoff,TE,WAS,Early,10/11/2026,"Early 10/11 1:00PM, 8 Games",2500,44419101,0.34,1.77,0.14,7.5,,,,,,,,,,,,,,,,10/11/2026,,,,,,,,,,,,,,,,,,,,,0.06,,,,,
Teagan Quitoriano,TE,ARI,Late,10/11/2026,"Late 10/11 4:05PM, 3 Games",2500,44433494,0.34,1.77,0.14,7.5,,,,,,,,,,,,,,,,10/11/2026,,,,,,,,,,,,,,,,,,,,,0.06,,,,,
Ben Sinnott,CPT,WAS,Showdown Captain Mode,10/11/2026,Showdown Captain Mode 10/11 1:00PM (NYG @ WAS),2400,44420757,0.41,1.77,0.17,7.2,,,,,,,,,,,,,,,,10/11/2026,,,,,,,,,,,,,,,,,,,,,0.07,,,,,
David Martin-Robinson,TE,TEN,Classic,10/11/2026,"Classic 10/11 1:00PM, 11 Games",2500,44392748,0.33,1.76,0.13,7.5,,,,,,,,,,,,,,,,10/11/2026,,,,,,,,,,,,,,,,,,,,,0.06,,,,,
Cade Stover,TE,HOU,Classic,10/11/2026,"Classic 10/11 1:00PM, 11 Games",2500,44392756,0.33,1.76,0.13,7.5,,,,,,,,,,,,,,,,10/11/2026,,,,,,,,,,,,,,,,,,,,,0.05,,,,,
Seydou Traore,TE,MIA,Classic,10/11/2026,"Classic 10/11 1:00PM, 11 Games",2500,44392836,0.32,1.76,0.13,7.5,,,,,,,,,,,,,,,,10/11/2026,,,,,,,,,,,,,,,,,,,,,0.05,,,,,
Justin Joly,TE,MIA,Classic,10/11/2026,"Classic 10/11 1:00PM, 11 Games",2500,44392838,0.33,1.76,0.13,7.5,,,,,,,,,,,,,,,,10/11/2026,,,,,,,,,,,,,,,,,,,,,0.06,,,,,
David Martin-Robinson,TE,TEN,Early,10/11/2026,"Early 10/11 1:00PM, 8 Games",2500,44419115,0.33,1.76,0.13,7.5,,,,,,,,,,,,,,,,10/11/2026,,,,,,,,,,,,,,,,,,,,,0.06,,,,,
Cade Stover,TE,HOU,Early,10/11/2026,"Early 10/11 1:00PM, 8 Games",2500,44419125,0.33,1.76,0.13,7.5,,,,,,,,,,,,,,,,10/11/2026,,,,,,,,,,,,,,,,,,,,,0.05,,,,,
Seydou Traore,TE,MIA,Early,10/11/2026,"Early 10/11 1:00PM, 8 Games",2500,44419205,0.32,1.76,0.13,7.5,,,,,,,,,,,,,,,,10/11/2026,,,,,,,,,,,,,,,,,,,,,0.05,,,,,
Justin Joly,TE,MIA,Early,10/11/2026,"Early 10/11 1:00PM, 8 Games",2500,44419207,0.33,1.76,0.13,7.5,,,,,,,,,,,,,,,,10/11/2026,,,,,,,,,,,,,,,,,,,,,0.06,,,,,
Max Klare,TE,LAR,Classic,10/12/2026,"Classic 10/11 1:00PM, 13 Games",2500,44420202,0.33,1.76,0.13,7.5,,,,,,,,,,,,,,,,10/12/2026,,,,,,,,,,,,,,,,,,,,,0.05,,,,,
Nick Muse,TE,ATL,Classic,10/11/2026,"Classic 10/11 1:00PM, 13 Games",2500,44420226,0.32,1.76,0.13,7.5,,,,,,,,,,,,,,,,10/11/2026,,,,,,,,,,,,,,,,,,,,,0.05,,,,,
Treyton Welch,TE,NO,Classic,10/11/2026,"Classic 10/11 1:00PM, 11 Games",2500,44392798,0.31,1.75,0.12,7.5,,,,,,,,,,,,,,,,10/11/2026,,,,,,,,,,,,,,,,,,,,,0.05,,,,,
Treyton Welch,TE,NO,Early,10/11/2026,"Early 10/11 1:00PM, 8 Games",2500,44419167,0.31,1.75,0.12,7.5,,,,,,,,,,,,,,,,10/11/2026,,,,,,,,,,,,,,,,,,,,,0.05,,,,,
Keleki Latu,TE,BUF,Classic,10/12/2026,"Classic 10/11 1:00PM, 13 Games",2500,44420210,0.31,1.75,0.12,7.5,,,,,,,,,,,,,,,,10/12/2026,,,,,,,,,,,,,,,,,,,,,0.05,,,,,
Bears,DST,CHI,Classic,10/11/2026,"Classic 10/11 1:00PM, 11 Games",2900,44392859,0,1.74,0,8.7,,,,,,,,,,,,,,,,10/11/2026,,,,,,,,,,,,,,,,,,,,,,,,,,
Bears,DST,CHI,Early,10/11/2026,"Early 10/11 1:00PM, 8 Games",2900,44419226,0,1.74,0,8.7,,,,,,,,,,,,,,,,10/11/2026,,,,,,,,,,,,,,,,,,,,,,,,,,
Eric Saubert,CPT,SEA,Showdown Captain Mode,10/11/2026,Showdown Captain Mode 10/11 4:25PM (SF @ SEA),2400,44434630,0.37,1.74,0.15,7.2,,,,,,,,,,,,,,,,10/11/2026,,,,,,,,,,,,,,,,,,,,,0.06,,,,,
Mo Alie-Cox,CPT,IND,Showdown Captain Mode,10/11/2026,Showdown Captain Mode 10/11 1:00PM (IND @ PIT),2400,44423291,0.38,1.74,0.16,7.2,,,,,,,,,,,,,,,,10/11/2026,,,,,,,,,,,,,,,,,,,,,0.06,,,,,
Devin Singletary,CPT,NYG,Showdown Captain Mode,10/11/2026,Showdown Captain Mode 10/11 1:00PM (NYG @ WAS),2100,44420758,0.6,1.74,0.29,6.3,,,,,,,,,,,,,,,,10/11/2026,,,,,,,,,,,,,,,,,,,,,0.1,,,,,
Nick Kallerup,TE,SEA,Classic,10/11/2026,"Classic 10/11 1:00PM, 11 Games",2500,44392658,0.29,1.73,0.12,7.5,,,,,,,,,,,,,,,,10/11/2026,,,,,,,,,,,,,,,,,,,,,0.05,,,,,
Chris Manhertz,TE,NYG,Classic,10/11/2026,"Classic 10/11 1:00PM, 11 Games",2500,44392740,0.29,1.73,0.12,7.5,,,,,,,,,,,,,,,,10/11/2026,,,,,,,,,,,,,,,,,,,,,0.05,,,,,
Thomas Fidone II,TE,NYG,Classic,10/11/2026,"Classic 10/11 1:00PM, 11 Games",2500,44392742,0.29,1.73,0.12,7.5,,,,,,,,,,,,,,,,10/11/2026,,,,,,,,,,,,,,,,,,,,,0.05,,,,,
Kylen Granson,TE,TEN,Classic,10/11/2026,"Classic 10/11 1:00PM, 11 Games",2500,44392750,0.29,1.73,0.12,7.5,,,,,,,,,,,,,,,,10/11/2026,,,,,,,,,,,,,,,,,,,,,0.05,,,,,
Robert Tonyan,TE,PIT,Classic,10/11/2026,"Classic 10/11 1:00PM, 11 Games",2500,44392764,0.29,1.73,0.12,7.5,,,,,,,,,,,,,,,,10/11/2026,,,,,,,,,,,,,,,,,,,,,0.05,,,,,
Chris Manhertz,TE,NYG,Early,10/11/2026,"Early 10/11 1:00PM, 8 Games",2500,44419107,0.29,1.73,0.12,7.5,,,,,,,,,,,,,,,,10/11/2026,,,,,,,,,,,,,,,,,,,,,0.05,,,,,
Thomas Fidone II,TE,NYG,Early,10/11/2026,"Early 10/11 1:00PM, 8 Games",2500,44419109,0.29,1.73,0.12,7.5,,,,,,,,,,,,,,,,10/11/2026,,,,,,,,,,,,,,,,,,,,,0.05,,,,,
Kylen Granson,TE,TEN,Early,10/11/2026,"Early 10/11 1:00PM, 8 Games",2500,44419117,0.29,1.73,0.12,7.5,,,,,,,,,,,,,,,,10/11/2026,,,,,,,,,,,,,,,,,,,,,0.05,,,,,
Robert Tonyan,TE,PIT,Early,10/11/2026,"Early 10/11 1:00PM, 8 Games",2500,44419133,0.29,1.73,0.12,7.5,,,,,,,,,,,,,,,,10/11/2026,,,,,,,,,,,,,,,,,,,,,0.05,,,,,
Nick Kallerup,TE,SEA,Late,10/11/2026,"Late 10/11 4:05PM, 3 Games",2500,44433482,0.29,1.73,0.12,7.5,,,,,,,,,,,,,,,,10/11/2026,,,,,,,,,,,,,,,,,,,,,0.05,,,,,
Jaleel McLaughlin,RB,CLE,Showdown Captain Mode,10/11/2026,Showdown Captain Mode 10/11 1:00PM (CLE @ NYJ),2400,44422318,0.35,1.72,0.15,7.2,,,,,,,,,,,,,,,,10/11/2026,,,,,,,,,,,,,,,,,,,,,0.06,,,,,
Blake Whiteheart,CPT,CLE,Showdown Captain Mode,10/11/2026,Showdown Captain Mode 10/11 1:00PM (CLE @ NYJ),2100,44422374,0.58,1.72,0.28,6.3,,,,,,,,,,,,,,,,10/11/2026,,,,,,,,,,,,,,,,,,,,,0.1,,,,,
Josh Whyle,TE,GB,Classic,10/11/2026,"Classic 10/11 1:00PM, 11 Games",2500,44392672,0.25,1.7,0.1,7.5,,,,,,,,,,,,,,,,10/11/2026,,,,,,,,,,,,,,,,,,,,,0.04,,,,,
Josh Whyle,TE,GB,Early,10/11/2026,"Early 10/11 1:00PM, 8 Games",2500,44419079,0.25,1.7,0.1,7.5,,,,,,,,,,,,,,,,10/11/2026,,,,,,,,,,,,,,,,,,,,,0.04,,,,,
Ian Thomas,TE,LV,Showdown Captain Mode,10/11/2026,Showdown Captain Mode 10/11 1:00PM (LV @ NE),1600,44420812,0.92,1.7,0.57,4.8,,,,,,,,,,,,,,,,10/11/2026,,,,,,,,,,,,,,,0.57,1,,,,,0.06,,,,,
Seahawks,DST,SEA,Classic,10/11/2026,"Classic 10/11 1:00PM, 11 Games",2800,44392862,0,1.68,0,8.4,,,,,,,,,,,,,,,,10/11/2026,,,,,,,,,,,,,,,,,,,,,,,,,,
Seahawks,DST,SEA,Late,10/11/2026,"Late 10/11 4:05PM, 3 Games",2800,44433540,0,1.68,0,8.4,,,,,,,,,,,,,,,,10/11/2026,,,,,,,,,,,,,,,,,,,,,,,,,,
Carsen Ryan,TE,CLE,Classic,10/11/2026,"Classic 10/11 1:00PM, 11 Games",2500,44392790,0.23,1.68,0.09,7.5,,,,,,,,,,,,,,,,10/11/2026,,,,,,,,,,,,,,,,,,,,,0.04,,,,,
Carsen Ryan,TE,CLE,Early,10/11/2026,"Early 10/11 1:00PM, 8 Games",2500,44419159,0.23,1.68,0.09,7.5,,,,,,,,,,,,,,,,10/11/2026,,,,,,,,,,,,,,,,,,,,,0.04,,,,,
Jahdae Walker,WR,CHI,Showdown Captain Mode,10/11/2026,Showdown Captain Mode 10/11 1:00PM (CHI @ GB),2000,44423824,0.57,1.66,0.28,6,,,,,,,,,,,,,,,,10/11/2026,,,,,,,,,,,,,,,,,,,,,0.09,,,,,
CJ Donaldson,RB,NO,Showdown Captain Mode,10/11/2026,Showdown Captain Mode 10/11 1:00PM (MIN @ NO),2000,44422668,0.58,1.66,0.29,6,,,,,,,,,,,,,,,,10/11/2026,,,,,,,,,,,,,,,,,,,,,0.1,,,,,
Demond Claiborne,CPT,MIN,Showdown Captain Mode,10/11/2026,Showdown Captain Mode 10/11 1:00PM (MIN @ NO),2100,44422727,0.49,1.65,0.23,6.3,,,,,,,,,,,,,,,,10/11/2026,,,,,,,,,,,,,,,,,,,,,0.08,,,,,
Kyle Juszczyk,CPT,SF,Showdown Captain Mode,10/11/2026,Showdown Captain Mode 10/11 4:25PM (SF @ SEA),2100,44434631,0.48,1.64,0.23,6.3,,,,,,,,,,,,,,,,10/11/2026,,,,,,,,,,,,,,,,,,,,,0.08,,,,,
Zachariah Branch,WR,ATL,Showdown Captain Mode,10/11/2026,Showdown Captain Mode 10/11 8:20PM (BAL @ ATL),2000,44446717,0.52,1.62,0.26,6,,,,,,,,,,,,,,,,10/11/2026,,,,,,,,,,,,,,,,,,,,,0.09,,,,,
Zachariah Branch,WR,ATL,Showdown 2nd Half,10/11/2026,Showdown 2nd Half 10/11 9:20PM 2H (BAL @ ATL),2000,44447450,0.52,1.62,0.26,6,,,,,,,,,,,,,,,,10/11/2026,,,,,,,,,,,,,,,,,,,,,0.09,,,,,
Zachariah Branch,WR,ATL,Showdown 4th Quarter,10/11/2026,Showdown 4th Quarter 10/11 9:50PM Q4 (BAL @ ATL),2000,44447595,0.52,1.62,0.26,6,,,,,,,,,,,,,,,,10/11/2026,,,,,,,,,,,,,,,,,,,,,0.09,,,,,
Packers,DST,GB,Classic,10/11/2026,"Classic 10/11 1:00PM, 11 Games",2700,44392863,0,1.62,0,8.1,,,,,,,,,,,,,,,,10/11/2026,,,,,,,,,,,,,,,,,,,,,,,,,,
Packers,DST,GB,Early,10/11/2026,"Early 10/11 1:00PM, 8 Games",2700,44419229,0,1.62,0,8.1,,,,,,,,,,,,,,,,10/11/2026,,,,,,,,,,,,,,,,,,,,,,,,,,
Brock Wright,TE,DET,Showdown Captain Mode,10/11/2026,Showdown Captain Mode 10/11 4:25PM (DET @ ARI),1600,44434788,0.78,1.58,0.49,4.8,,,,,,,,,,,,,,,,10/11/2026,,,,,,,,,,,,,,,,,,,,,0.13,,,,,
Bo Melton,WR,GB,Showdown Captain Mode,10/11/2026,Showdown Captain Mode 10/11 1:00PM (CHI @ GB),1200,44423827,1.14,1.57,0.95,3.6,,,0.5,,,,,,,12/30/1899,n/a,n/a,n/a,n/a,n/a,10/11/2026,,,,,,,,,,,,,,,0.69,1,0.5,0.72,0.5,,0.07,,,,,
Jalen Brooks,CPT,ARI,Showdown Captain Mode,10/11/2026,Showdown Captain Mode 10/11 4:25PM (DET @ ARI),1800,44434842,0.61,1.57,0.34,5.4,,,,,,,,,,,,,,,,10/11/2026,,,,,,,,,,,,,,,,,,,,,0.1,,,,,
Jordan Watkins,WR,SF,Showdown Captain Mode,10/11/2026,Showdown Captain Mode 10/11 4:25PM (SF @ SEA),2000,44434570,0.45,1.56,0.23,6,,,,,,,,,,,,,,,,10/11/2026,,,,,,,,,,,,,,,,,,,,,0.07,,,,,
Saints,DST,NO,Classic,10/11/2026,"Classic 10/11 1:00PM, 11 Games",2600,44392865,0,1.56,0,7.8,,,,,,,,,,,,,,,,10/11/2026,,,,,,,,,,,,,,,,,,,,,,,,,,
Giants,DST,NYG,Classic,10/11/2026,"Classic 10/11 1:00PM, 11 Games",2600,44392866,0,1.56,0,7.8,,,,,,,,,,,,,,,,10/11/2026,,,,,,,,,,,,,,,,,,,,,,,,,,
Giants,DST,NYG,Early,10/11/2026,"Early 10/11 1:00PM, 8 Games",2600,44419231,0,1.56,0,7.8,,,,,,,,,,,,,,,,10/11/2026,,,,,,,,,,,,,,,,,,,,,,,,,,
Saints,DST,NO,Early,10/11/2026,"Early 10/11 1:00PM, 8 Games",2600,44419232,0,1.56,0,7.8,,,,,,,,,,,,,,,,10/11/2026,,,,,,,,,,,,,,,,,,,,,,,,,,
Bam Knight,RB,ARI,Showdown Captain Mode,10/11/2026,Showdown Captain Mode 10/11 4:25PM (DET @ ARI),2000,44434787,0.42,1.54,0.21,6,,,,,,,,,,,,,,,,10/11/2026,,,,,,,,,,,,,,,,,,,,,0.07,,,,,
Jeremy Ruckert,TE,NYJ,Showdown Captain Mode,10/11/2026,Showdown Captain Mode 10/11 1:00PM (CLE @ NYJ),1800,44422320,0.57,1.54,0.32,5.4,,,,,,,,,,,,,,,,10/11/2026,,,,,,,,,,,,,,,,,,,,,0.09,,,,,
Austin Hooper,TE,ATL,Showdown Captain Mode,10/11/2026,Showdown Captain Mode 10/11 8:20PM (BAL @ ATL),1600,44446718,0.73,1.54,0.46,4.8,,,,,,,,,,,,,,,,10/11/2026,,,,,,,,,,,,,,,,,,,,,0.12,,,,,
Austin Hooper,TE,ATL,Showdown 2nd Half,10/11/2026,Showdown 2nd Half 10/11 9:20PM 2H (BAL @ ATL),1600,44447451,0.73,1.54,0.46,4.8,,,,,,,,,,,,,,,,10/11/2026,,,,,,,,,,,,,,,,,,,,,0.12,,,,,
Austin Hooper,TE,ATL,Showdown 4th Quarter,10/11/2026,Showdown 4th Quarter 10/11 9:50PM Q4 (BAL @ ATL),1600,44447596,0.73,1.54,0.46,4.8,,,,,,,,,,,,,,,,10/11/2026,,,,,,,,,,,,,,,,,,,,,0.12,,,,,
Eli Heidenreich,CPT,PIT,Showdown Captain Mode,10/11/2026,Showdown Captain Mode 10/11 1:00PM (IND @ PIT),2100,44423292,0.35,1.54,0.17,6.3,,,,,,,,,,,,,,,,10/11/2026,,,,,,,,,,,,,,,,,,,,,0.06,,,,,
Ray Davis,CPT,BUF,Showdown Captain Mode,10/12/2026,Showdown Captain Mode 10/12 8:15PM (BUF @ LAR),2100,44446873,0.33,1.52,0.16,6.3,,,,,,,,,,,,,,,,10/12/2026,,,,,,,,,,,,,,,,,,,,,0.05,,,,,
Tahj Brooks,CPT,CIN,Showdown Captain Mode,10/11/2026,Showdown Captain Mode 10/11 1:00PM (CIN @ MIA),2100,44420649,0.32,1.52,0.15,6.3,,,,,,,,,,,,,,,,10/11/2026,,,,,,,,,,,,,,,,,,,,,0.05,,,,,
Ray Davis,CPT,BUF,Showdown 2nd Half,10/12/2026,Showdown 2nd Half 10/12 9:15PM 2H (BUF @ LAR),2100,44447650,0.33,1.52,0.16,6.3,,,,,,,,,,,,,,,,10/12/2026,,,,,,,,,,,,,,,,,,,,,0.05,,,,,
Ray Davis,CPT,BUF,Showdown 4th Quarter,10/12/2026,Showdown 4th Quarter 10/12 9:45PM Q4 (BUF @ LAR),2100,44447748,0.33,1.52,0.16,6.3,,,,,,,,,,,,,,,,10/12/2026,,,,,,,,,,,,,,,,,,,,,0.05,,,,,
Jake Tonges,TE,SF,Classic,10/11/2026,"Classic 10/11 1:00PM, 11 Games",2500,44392664,0,1.5,0,7.5,,,,,,,,,,,,,,,,10/11/2026,,,,,,,,,,,,,,,,,,,,,,,,,,
Jack Stoll,TE,SF,Classic,10/11/2026,"Classic 10/11 1:00PM, 11 Games",2500,44392666,0,1.5,0,7.5,,,,,,,,,,,,,,,,10/11/2026,,,,,,,,,,,,,,,,,,,,,,,,,,
Khalil Dinkins,TE,SF,Classic,10/11/2026,"Classic 10/11 1:00PM, 11 Games",2500,44392668,0,1.5,0,7.5,,,,,,,,,,,,,,,,10/11/2026,,,,,,,,,,,,,,,,,,,,,,,,,,
Luke Musgrave,TE,GB,Classic,10/11/2026,"Classic 10/11 1:00PM, 11 Games",2500,44392674,0,1.5,0,7.5,,,,,,,,,,,,,,,,10/11/2026,,,,,,,,,,,,,,,,,,,,,,,,,,
Thomas Yassmin,TE,GB,Classic,10/11/2026,"Classic 10/11 1:00PM, 11 Games",2500,44392676,0,1.5,0,7.5,,,,,,,,,,,,,,,,10/11/2026,,,,,,,,,,,,,,,,,,,,,,,,,,
Drake Dabney,TE,GB,Classic,10/11/2026,"Classic 10/11 1:00PM, 11 Games",2500,44392678,0,1.5,0,7.5,,,,,,,,,,,,,,,,10/11/2026,,,,,,,,,,,,,,,,,,,,,,,,,,
Nikola Kalinic,TE,CHI,Classic,10/11/2026,"Classic 10/11 1:00PM, 11 Games",2500,44392682,0,1.5,0,7.5,,,,,,,,,,,,,,,,10/11/2026,,,,,,,,,,,,,,,,,,,,,,,,,,
Hayden Large,TE,CHI,Classic,10/11/2026,"Classic 10/11 1:00PM, 11 Games",2500,44392684,0,1.5,0,7.5,,,,,,,,,,,,,,,,10/11/2026,,,,,,,,,,,,,,,,,,,,,,,,,,
Stephen Carlson,TE,CHI,Classic,10/11/2026,"Classic 10/11 1:00PM, 11 Games",2500,44392686,0,1.5,0,7.5,,,,,,,,,,,,,,,,10/11/2026,,,,,,,,,,,,,,,,,,,,,,,,,,
Qadir Ismail,TE,CHI,Classic,10/11/2026,"Classic 10/11 1:00PM, 11 Games",2500,44392688,0,1.5,0,7.5,,,,,,,,,,,,,,,,10/11/2026,,,,,,,,,,,,,,,,,,,,,,,,,,
Tip Reiman,TE,ARI,Classic,10/11/2026,"Classic 10/11 1:00PM, 11 Games",2500,44392692,0,1.5,0,7.5,,,,,,,,,,,,,,,,10/11/2026,,,,,,,,,,,,,,,,,,,,,,,,,,
Jameson Geers,TE,ARI,Classic,10/11/2026,"Classic 10/11 1:00PM, 11 Games",2500,44392694,0,1.5,0,7.5,,,,,,,,,,,,,,,,10/11/2026,,,,,,,,,,,,,,,,,,,,,,,,,,
Shawn Bowman,TE,ARI,Classic,10/11/2026,"Classic 10/11 1:00PM, 11 Games",2500,44392696,0,1.5,0,7.5,,,,,,,,,,,,,,,,10/11/2026,,,,,,,,,,,,,,,,,,,,,,,,,,
Thomas Gordon,TE,DET,Classic,10/11/2026,"Classic 10/11 1:00PM, 11 Games",2500,44392706,0,1.5,0,7.5,,,,,,,,,,,,,,,,10/11/2026,,,,,,,,,,,,,,,,,,,,,,,,,,
Miles Kitselman,TE,DET,Classic,10/11/2026,"Classic 10/11 1:00PM, 11 Games",2500,44392708,0,1.5,0,7.5,,,,,,,,,,,,,,,,10/11/2026,,,,,,,,,,,,,,,,,,,,,,,,,,
Patrick Herbert,TE,LAC,Classic,10/11/2026,"Classic 10/11 1:00PM, 11 Games",2500,44392712,0,1.5,0,7.5,,,,,,,,,,,,,,,,10/11/2026,,,,,,,,,,,,,,,,,,,,,,,,,,
David Njoku,TE,LAC,Classic,10/11/2026,"Classic 10/11 1:00PM, 11 Games",2500,44392714,0,1.5,0,7.5,,,,,,,,,,,,,,,,10/11/2026,,,,,,,,,,,,,,,,,,,,,,,,,,
Evan Svoboda,TE,LAC,Classic,10/11/2026,"Classic 10/11 1:00PM, 11 Games",2500,44392716,0,1.5,0,7.5,,,,,,,,,,,,,,,,10/11/2026,,,,,,,,,,,,,,,,,,,,,,,,,,
Caleb Lohner,TE,DEN,Classic,10/11/2026,"Classic 10/11 1:00PM, 11 Games",2500,44392724,0,1.5,0,7.5,,,,,,,,,,,,,,,,10/11/2026,,,,,,,,,,,,,,,,,,,,,,,,,,
Lucas Krull,TE,DEN,Classic,10/11/2026,"Classic 10/11 1:00PM, 11 Games",2500,44392726,0,1.5,0,7.5,,,,,,,,,,,,,,,,10/11/2026,,,,,,,,,,,,,,,,,,,,,,,,,,
Mitchell Fraboni,TE,DEN,Classic,10/11/2026,"Classic 10/11 1:00PM, 11 Games",2500,44392728,0,1.5,0,7.5,,,,,,,,,,,,,,,,10/11/2026,,,,,,,,,,,,,,,,,,,,,,,,,,
Jack Westover,TE,WAS,Classic,10/11/2026,"Classic 10/11 1:00PM, 11 Games",2500,44392736,0,1.5,0,7.5,,,,,,,,,,,,,,,,10/11/2026,,,,,,,,,,,,,,,,,,,,,,,,,,
Tyler Ott,TE,WAS,Classic,10/11/2026,"Classic 10/11 1:00PM, 11 Games",2500,44392738,0,1.5,0,7.5,,,,,,,,,,,,,,,,10/11/2026,,,,,,,,,,,,,,,,,,,,,,,,,,
Ben Mann,TE,NYG,Classic,10/11/2026,"Classic 10/11 1:00PM, 11 Games",2500,44392744,0,1.5,0,7.5,,,,,,,,,,,,,,,,10/11/2026,,,,,,,,,,,,,,,,,,,,,,,,,,
Jaren Kanak,TE,TEN,Classic,10/11/2026,"Classic 10/11 1:00PM, 11 Games",2500,44392752,0,1.5,0,7.5,,,,,,,,,,,,,,,,10/11/2026,,,,,,,,,,,,,,,,,,,,,,,,,,
Joel Wilson,TE,TEN,Classic,10/11/2026,"Classic 10/11 1:00PM, 11 Games",2500,44392754,0,1.5,0,7.5,,,,,,,,,,,,,,,,10/11/2026,,,,,,,,,,,,,,,,,,,,,,,,,,
Zaire Mitchell-Paden,TE,HOU,Classic,10/11/2026,"Classic 10/11 1:00PM, 11 Games",2500,44392762,0,1.5,0,7.5,,,,,,,,,,,,,,,,10/11/2026,,,,,,,,,,,,,,,,,,,,,,,,,,
Lake McRee,TE,PIT,Classic,10/11/2026,"Classic 10/11 1:00PM, 11 Games",2500,44392766,0,1.5,0,7.5,,,,,,,,,,,,,,,,10/11/2026,,,,,,,,,,,,,,,,,,,,,,,,,,
Will Mallory,TE,IND,Classic,10/11/2026,"Classic 10/11 1:00PM, 11 Games",2500,44392772,0,1.5,0,7.5,,,,,,,,,,,,,,,,10/11/2026,,,,,,,,,,,,,,,,,,,,,,,,,,
Carson Towt,TE,IND,Classic,10/11/2026,"Classic 10/11 1:00PM, 11 Games",2500,44392774,0,1.5,0,7.5,,,,,,,,,,,,,,,,10/11/2026,,,,,,,,,,,,,,,,,,,,,,,,,,
Kenny Fletcher Jr.,TE,IND,Classic,10/11/2026,"Classic 10/11 1:00PM, 11 Games",2500,44392776,0,1.5,0,7.5,,,,,,,,,,,,,,,,10/11/2026,,,,,,,,,,,,,,,,,,,,,,,,,,
Pharaoh Brown,TE,IND,Classic,10/11/2026,"Classic 10/11 1:00PM, 11 Games",2500,44392778,0,1.5,0,7.5,,,,,,,,,,,,,,,,10/11/2026,,,,,,,,,,,,,,,,,,,,,,,,,,
Cody Hardy,TE,NYJ,Classic,10/11/2026,"Classic 10/11 1:00PM, 11 Games",2500,44392786,0,1.5,0,7.5,,,,,,,,,,,,,,,,10/11/2026,,,,,,,,,,,,,,,,,,,,,,,,,,
Joe Royer,TE,CLE,Classic,10/11/2026,"Classic 10/11 1:00PM, 11 Games",2500,44392792,0,1.5,0,7.5,,,,,,,,,,,,,,,,10/11/2026,,,,,,,,,,,,,,,,,,,,,,,,,,
John FitzPatrick,TE,CLE,Classic,10/11/2026,"Classic 10/11 1:00PM, 11 Games",2500,44392794,0,1.5,0,7.5,,,,,,,,,,,,,,,,10/11/2026,,,,,,,,,,,,,,,,,,,,,,,,,,
Moliki Matavao,TE,NO,Classic,10/11/2026,"Classic 10/11 1:00PM, 11 Games",2500,44392800,0,1.5,0,7.5,,,,,,,,,,,,,,,,10/11/2026,,,,,,,,,,,,,,,,,,,,,,,,,,
Stone Smartt,TE,NO,Classic,10/11/2026,"Classic 10/11 1:00PM, 11 Games",2500,44392802,0,1.5,0,7.5,,,,,,,,,,,,,,,,10/11/2026,,,,,,,,,,,,,,,,,,,,,,,,,,
Cal Adomitis,TE,NO,Classic,10/11/2026,"Classic 10/11 1:00PM, 11 Games",2500,44392804,0,1.5,0,7.5,,,,,,,,,,,,,,,,10/11/2026,,,,,,,,,,,,,,,,,,,,,,,,,,
Zach Wood,TE,NO,Classic,10/11/2026,"Classic 10/11 1:00PM, 11 Games",2500,44392806,0,1.5,0,7.5,,,,,,,,,,,,,,,,10/11/2026,,,,,,,,,,,,,,,,,,,,,,,,,,
Ben Yurosek,TE,MIN,Classic,10/11/2026,"Classic 10/11 1:00PM, 11 Games",2500,44392810,0,1.5,0,7.5,,,,,,,,,,,,,,,,10/11/2026,,,,,,,,,,,,,,,,,,,,,,,,,,
Josh Oliver,TE,MIN,Classic,10/11/2026,"Classic 10/11 1:00PM, 11 Games",2500,44392812,0,1.5,0,7.5,,,,,,,,,,,,,,,,10/11/2026,,,,,,,,,,,,,,,,,,,,,,,,,,
Andrew DePaola,TE,MIN,Classic,10/11/2026,"Classic 10/11 1:00PM, 11 Games",2500,44392814,0,1.5,0,7.5,,,,,,,,,,,,,,,,10/11/2026,,,,,,,,,,,,,,,,,,,,,,,,,,
Cam Grandy,TE,MIN,Classic,10/11/2026,"Classic 10/11 1:00PM, 11 Games",2500,44392816,0,1.5,0,7.5,,,,,,,,,,,,,,,,10/11/2026,,,,,,,,,,,,,,,,,,,,,,,,,,
Julian Hill,TE,NE,Classic,10/11/2026,"Classic 10/11 1:00PM, 11 Games",2500,44392822,0,1.5,0,7.5,,,,,,,,,,,,,,,,10/11/2026,,,,,,,,,,,,,,,,,,,,,,,,,,
Tanner Conner,TE,NE,Classic,10/11/2026,"Classic 10/11 1:00PM, 11 Games",2500,44392824,0,1.5,0,7.5,,,,,,,,,,,,,,,,10/11/2026,,,,,,,,,,,,,,,,,,,,,,,,,,
Carter Runyon,TE,LV,Classic,10/11/2026,"Classic 10/11 1:00PM, 11 Games",2500,44392828,0,1.5,0,7.5,,,,,,,,,,,,,,,,10/11/2026,,,,,,,,,,,,,,,,,,,,,,,,,,
Chris Myarick,TE,LV,Classic,10/11/2026,"Classic 10/11 1:00PM, 11 Games",2500,44392830,0,1.5,0,7.5,,,,,,,,,,,,,,,,10/11/2026,,,,,,,,,,,,,,,,,,,,,,,,,,
Patrick Gurd,TE,LV,Classic,10/11/2026,"Classic 10/11 1:00PM, 11 Games",2500,44392832,0,1.5,0,7.5,,,,,,,,,,,,,,,,10/11/2026,,,,,,,,,,,,,,,,,,,,,,,,,,
Cole Turner,TE,MIA,Classic,10/11/2026,"Classic 10/11 1:00PM, 11 Games",2500,44392840,0,1.5,0,7.5,,,,,,,,,,,,,,,,10/11/2026,,,,,,,,,,,,,,,,,,,,,,,,,,
Tre Watson,TE,MIA,Classic,10/11/2026,"Classic 10/11 1:00PM, 11 Games",2500,44392842,0,1.5,0,7.5,,,,,,,,,,,,,,,,10/11/2026,,,,,,,,,,,,,,,,,,,,,,,,,,
William Wagner,TE,CIN,Classic,10/11/2026,"Classic 10/11 1:00PM, 11 Games",2500,44392850,0,1.5,0,7.5,,,,,,,,,,,,,,,,10/11/2026,,,,,,,,,,,,,,,,,,,,,,,,,,
Colts,DST,IND,Classic,10/11/2026,"Classic 10/11 1:00PM, 11 Games",2500,44392867,0,1.5,0,7.5,,,,,,,,,,,,,,,,10/11/2026,,,,,,,,,,,,,,,,,,,,,,,,,,
Raiders,DST,LV,Classic,10/11/2026,"Classic 10/11 1:00PM, 11 Games",2500,44392868,0,1.5,0,7.5,,,,,,,,,,,,,,,,10/11/2026,,,,,,,,,,,,,,,,,,,,,,,,,,
Kenny Yeboah,TE,ARI,Classic,10/11/2026,"Classic 10/11 1:00PM, 13 Games",2500,44448255,0,1.5,0,7.5,,,,,,,,,,,,,,,,10/11/2026,,,,,,,,,,,,,,,,,,,,,,,,,,
Luke Musgrave,TE,GB,Early,10/11/2026,"Early 10/11 1:00PM, 8 Games",2500,44419081,0,1.5,0,7.5,,,,,,,,,,,,,,,,10/11/2026,,,,,,,,,,,,,,,,,,,,,,,,,,
Thomas Yassmin,TE,GB,Early,10/11/2026,"Early 10/11 1:00PM, 8 Games",2500,44419083,0,1.5,0,7.5,,,,,,,,,,,,,,,,10/11/2026,,,,,,,,,,,,,,,,,,,,,,,,,,
Drake Dabney,TE,GB,Early,10/11/2026,"Early 10/11 1:00PM, 8 Games",2500,44419085,0,1.5,0,7.5,,,,,,,,,,,,,,,,10/11/2026,,,,,,,,,,,,,,,,,,,,,,,,,,
Nikola Kalinic,TE,CHI,Early,10/11/2026,"Early 10/11 1:00PM, 8 Games",2500,44419089,0,1.5,0,7.5,,,,,,,,,,,,,,,,10/11/2026,,,,,,,,,,,,,,,,,,,,,,,,,,
Hayden Large,TE,CHI,Early,10/11/2026,"Early 10/11 1:00PM, 8 Games",2500,44419091,0,1.5,0,7.5,,,,,,,,,,,,,,,,10/11/2026,,,,,,,,,,,,,,,,,,,,,,,,,,
Qadir Ismail,TE,CHI,Early,10/11/2026,"Early 10/11 1:00PM, 8 Games",2500,44419093,0,1.5,0,7.5,,,,,,,,,,,,,,,,10/11/2026,,,,,,,,,,,,,,,,,,,,,,,,,,
Stephen Carlson,TE,CHI,Early,10/11/2026,"Early 10/11 1:00PM, 8 Games",2500,44419095,0,1.5,0,7.5,,,,,,,,,,,,,,,,10/11/2026,,,,,,,,,,,,,,,,,,,,,,,,,,
Tyler Ott,TE,WAS,Early,10/11/2026,"Early 10/11 1:00PM, 8 Games",2500,44419103,0,1.5,0,7.5,,,,,,,,,,,,,,,,10/11/2026,,,,,,,,,,,,,,,,,,,,,,,,,,
Jack Westover,TE,WAS,Early,10/11/2026,"Early 10/11 1:00PM, 8 Games",2500,44419105,0,1.5,0,7.5,,,,,,,,,,,,,,,,10/11/2026,,,,,,,,,,,,,,,,,,,,,,,,,,
Ben Mann,TE,NYG,Early,10/11/2026,"Early 10/11 1:00PM, 8 Games",2500,44419111,0,1.5,0,7.5,,,,,,,,,,,,,,,,10/11/2026,,,,,,,,,,,,,,,,,,,,,,,,,,
Jaren Kanak,TE,TEN,Early,10/11/2026,"Early 10/11 1:00PM, 8 Games",2500,44419119,0,1.5,0,7.5,,,,,,,,,,,,,,,,10/11/2026,,,,,,,,,,,,,,,,,,,,,,,,,,
Joel Wilson,TE,TEN,Early,10/11/2026,"Early 10/11 1:00PM, 8 Games",2500,44419121,0,1.5,0,7.5,,,,,,,,,,,,,,,,10/11/2026,,,,,,,,,,,,,,,,,,,,,,,,,,
Zaire Mitchell-Paden,TE,HOU,Early,10/11/2026,"Early 10/11 1:00PM, 8 Games",2500,44419131,0,1.5,0,7.5,,,,,,,,,,,,,,,,10/11/2026,,,,,,,,,,,,,,,,,,,,,,,,,,
Lake McRee,TE,PIT,Early,10/11/2026,"Early 10/11 1:00PM, 8 Games",2500,44419135,0,1.5,0,7.5,,,,,,,,,,,,,,,,10/11/2026,,,,,,,,,,,,,,,,,,,,,,,,,,
Will Mallory,TE,IND,Early,10/11/2026,"Early 10/11 1:00PM, 8 Games",2500,44419141,0,1.5,0,7.5,,,,,,,,,,,,,,,,10/11/2026,,,,,,,,,,,,,,,,,,,,,,,,,,
Carson Towt,TE,IND,Early,10/11/2026,"Early 10/11 1:00PM, 8 Games",2500,44419143,0,1.5,0,7.5,,,,,,,,,,,,,,,,10/11/2026,,,,,,,,,,,,,,,,,,,,,,,,,,
Pharaoh Brown,TE,IND,Early,10/11/2026,"Early 10/11 1:00PM, 8 Games",2500,44419145,0,1.5,0,7.5,,,,,,,,,,,,,,,,10/11/2026,,,,,,,,,,,,,,,,,,,,,,,,,,
Kenny Fletcher Jr.,TE,IND,Early,10/11/2026,"Early 10/11 1:00PM, 8 Games",2500,44419147,0,1.5,0,7.5,,,,,,,,,,,,,,,,10/11/2026,,,,,,,,,,,,,,,,,,,,,,,,,,
Cody Hardy,TE,NYJ,Early,10/11/2026,"Early 10/11 1:00PM, 8 Games",2500,44419155,0,1.5,0,7.5,,,,,,,,,,,,,,,,10/11/2026,,,,,,,,,,,,,,,,,,,,,,,,,,
Joe Royer,TE,CLE,Early,10/11/2026,"Early 10/11 1:00PM, 8 Games",2500,44419161,0,1.5,0,7.5,,,,,,,,,,,,,,,,10/11/2026,,,,,,,,,,,,,,,,,,,,,,,,,,
John FitzPatrick,TE,CLE,Early,10/11/2026,"Early 10/11 1:00PM, 8 Games",2500,44419163,0,1.5,0,7.5,,,,,,,,,,,,,,,,10/11/2026,,,,,,,,,,,,,,,,,,,,,,,,,,
Moliki Matavao,TE,NO,Early,10/11/2026,"Early 10/11 1:00PM, 8 Games",2500,44419169,0,1.5,0,7.5,,,,,,,,,,,,,,,,10/11/2026,,,,,,,,,,,,,,,,,,,,,,,,,,
Cal Adomitis,TE,NO,Early,10/11/2026,"Early 10/11 1:00PM, 8 Games",2500,44419171,0,1.5,0,7.5,,,,,,,,,,,,,,,,10/11/2026,,,,,,,,,,,,,,,,,,,,,,,,,,
Stone Smartt,TE,NO,Early,10/11/2026,"Early 10/11 1:00PM, 8 Games",2500,44419173,0,1.5,0,7.5,,,,,,,,,,,,,,,,10/11/2026,,,,,,,,,,,,,,,,,,,,,,,,,,
Zach Wood,TE,NO,Early,10/11/2026,"Early 10/11 1:00PM, 8 Games",2500,44419175,0,1.5,0,7.5,,,,,,,,,,,,,,,,10/11/2026,,,,,,,,,,,,,,,,,,,,,,,,,,
Ben Yurosek,TE,MIN,Early,10/11/2026,"Early 10/11 1:00PM, 8 Games",2500,44419179,0,1.5,0,7.5,,,,,,,,,,,,,,,,10/11/2026,,,,,,,,,,,,,,,,,,,,,,,,,,
Josh Oliver,TE,MIN,Early,10/11/2026,"Early 10/11 1:00PM, 8 Games",2500,44419181,0,1.5,0,7.5,,,,,,,,,,,,,,,,10/11/2026,,,,,,,,,,,,,,,,,,,,,,,,,,
Cam Grandy,TE,MIN,Early,10/11/2026,"Early 10/11 1:00PM, 8 Games",2500,44419183,0,1.5,0,7.5,,,,,,,,,,,,,,,,10/11/2026,,,,,,,,,,,,,,,,,,,,,,,,,,
Andrew DePaola,TE,MIN,Early,10/11/2026,"Early 10/11 1:00PM, 8 Games",2500,44419185,0,1.5,0,7.5,,,,,,,,,,,,,,,,10/11/2026,,,,,,,,,,,,,,,,,,,,,,,,,,
Julian Hill,TE,NE,Early,10/11/2026,"Early 10/11 1:00PM, 8 Games",2500,44419191,0,1.5,0,7.5,,,,,,,,,,,,,,,,10/11/2026,,,,,,,,,,,,,,,,,,,,,,,,,,
Tanner Conner,TE,NE,Early,10/11/2026,"Early 10/11 1:00PM, 8 Games",2500,44419193,0,1.5,0,7.5,,,,,,,,,,,,,,,,10/11/2026,,,,,,,,,,,,,,,,,,,,,,,,,,
Carter Runyon,TE,LV,Early,10/11/2026,"Early 10/11 1:00PM, 8 Games",2500,44419197,0,1.5,0,7.5,,,,,,,,,,,,,,,,10/11/2026,,,,,,,,,,,,,,,,,,,,,,,,,,
Patrick Gurd,TE,LV,Early,10/11/2026,"Early 10/11 1:00PM, 8 Games",2500,44419199,0,1.5,0,7.5,,,,,,,,,,,,,,,,10/11/2026,,,,,,,,,,,,,,,,,,,,,,,,,,
Chris Myarick,TE,LV,Early,10/11/2026,"Early 10/11 1:00PM, 8 Games",2500,44419201,0,1.5,0,7.5,,,,,,,,,,,,,,,,10/11/2026,,,,,,,,,,,,,,,,,,,,,,,,,,
Cole Turner,TE,MIA,Early,10/11/2026,"Early 10/11 1:00PM, 8 Games",2500,44419209,0,1.5,0,7.5,,,,,,,,,,,,,,,,10/11/2026,,,,,,,,,,,,,,,,,,,,,,,,,,
Tre Watson,TE,MIA,Early,10/11/2026,"Early 10/11 1:00PM, 8 Games",2500,44419211,0,1.5,0,7.5,,,,,,,,,,,,,,,,10/11/2026,,,,,,,,,,,,,,,,,,,,,,,,,,
William Wagner,TE,CIN,Early,10/11/2026,"Early 10/11 1:00PM, 8 Games",2500,44419219,0,1.5,0,7.5,,,,,,,,,,,,,,,,10/11/2026,,,,,,,,,,,,,,,,,,,,,,,,,,
Colts,DST,IND,Early,10/11/2026,"Early 10/11 1:00PM, 8 Games",2500,44419233,0,1.5,0,7.5,,,,,,,,,,,,,,,,10/11/2026,,,,,,,,,,,,,,,,,,,,,,,,,,
Raiders,DST,LV,Early,10/11/2026,"Early 10/11 1:00PM, 8 Games",2500,44419234,0,1.5,0,7.5,,,,,,,,,,,,,,,,10/11/2026,,,,,,,,,,,,,,,,,,,,,,,,,,
Jake Tonges,TE,SF,Late,10/11/2026,"Late 10/11 4:05PM, 3 Games",2500,44433488,0,1.5,0,7.5,,,,,,,,,,,,,,,,10/11/2026,,,,,,,,,,,,,,,,,,,,,,,,,,
Jack Stoll,TE,SF,Late,10/11/2026,"Late 10/11 4:05PM, 3 Games",2500,44433490,0,1.5,0,7.5,,,,,,,,,,,,,,,,10/11/2026,,,,,,,,,,,,,,,,,,,,,,,,,,
Khalil Dinkins,TE,SF,Late,10/11/2026,"Late 10/11 4:05PM, 3 Games",2500,44433492,0,1.5,0,7.5,,,,,,,,,,,,,,,,10/11/2026,,,,,,,,,,,,,,,,,,,,,,,,,,
Tip Reiman,TE,ARI,Late,10/11/2026,"Late 10/11 4:05PM, 3 Games",2500,44433496,0,1.5,0,7.5,,,,,,,,,,,,,,,,10/11/2026,,,,,,,,,,,,,,,,,,,,,,,,,,
Jameson Geers,TE,ARI,Late,10/11/2026,"Late 10/11 4:05PM, 3 Games",2500,44433500,0,1.5,0,7.5,,,,,,,,,,,,,,,,10/11/2026,,,,,,,,,,,,,,,,,,,,,,,,,,
Shawn Bowman,TE,ARI,Late,10/11/2026,"Late 10/11 4:05PM, 3 Games",2500,44433502,0,1.5,0,7.5,,,,,,,,,,,,,,,,10/11/2026,,,,,,,,,,,,,,,,,,,,,,,,,,
Kenny Yeboah,TE,ARI,Late,10/11/2026,"Late 10/11 4:05PM, 3 Games",2500,44433504,0,1.5,0,7.5,,,,,,,,,,,,,,,,10/11/2026,,,,,,,,,,,,,,,,,,,,,,,,,,
Thomas Gordon,TE,DET,Late,10/11/2026,"Late 10/11 4:05PM, 3 Games",2500,44433512,0,1.5,0,7.5,,,,,,,,,,,,,,,,10/11/2026,,,,,,,,,,,,,,,,,,,,,,,,,,
Miles Kitselman,TE,DET,Late,10/11/2026,"Late 10/11 4:05PM, 3 Games",2500,44433514,0,1.5,0,7.5,,,,,,,,,,,,,,,,10/11/2026,,,,,,,,,,,,,,,,,,,,,,,,,,
David Njoku,TE,LAC,Late,10/11/2026,"Late 10/11 4:05PM, 3 Games",2500,44433520,0,1.5,0,7.5,,,,,,,,,,,,,,,,10/11/2026,,,,,,,,,,,,,,,,,,,,,,,,,,
Patrick Herbert,TE,LAC,Late,10/11/2026,"Late 10/11 4:05PM, 3 Games",2500,44433522,0,1.5,0,7.5,,,,,,,,,,,,,,,,10/11/2026,,,,,,,,,,,,,,,,,,,,,,,,,,
Evan Svoboda,TE,LAC,Late,10/11/2026,"Late 10/11 4:05PM, 3 Games",2500,44433524,0,1.5,0,7.5,,,,,,,,,,,,,,,,10/11/2026,,,,,,,,,,,,,,,,,,,,,,,,,,
Caleb Lohner,TE,DEN,Late,10/11/2026,"Late 10/11 4:05PM, 3 Games",2500,44433532,0,1.5,0,7.5,,,,,,,,,,,,,,,,10/11/2026,,,,,,,,,,,,,,,,,,,,,,,,,,
Lucas Krull,TE,DEN,Late,10/11/2026,"Late 10/11 4:05PM, 3 Games",2500,44433534,0,1.5,0,7.5,,,,,,,,,,,,,,,,10/11/2026,,,,,,,,,,,,,,,,,,,,,,,,,,
Mitchell Fraboni,TE,DEN,Late,10/11/2026,"Late 10/11 4:05PM, 3 Games",2500,44433536,0,1.5,0,7.5,,,,,,,,,,,,,,,,10/11/2026,,,,,,,,,,,,,,,,,,,,,,,,,,
Terrance Ferguson,TE,LAR,Classic,10/12/2026,"Classic 10/11 1:00PM, 13 Games",2500,44420204,0,1.5,0,7.5,,,,,,,,,,,,,,,,10/12/2026,,,,,,,,,,,,,,,,,,,,,,,,,,
Dan Villari,TE,LAR,Classic,10/12/2026,"Classic 10/11 1:00PM, 13 Games",2500,44420206,0,1.5,0,7.5,,,,,,,,,,,,,,,,10/12/2026,,,,,,,,,,,,,,,,,,,,,,,,,,
Ty Pezza,TE,BAL,Classic,10/11/2026,"Classic 10/11 1:00PM, 13 Games",2500,44420218,0,1.5,0,7.5,,,,,,,,,,,,,,,,10/11/2026,,,,,,,,,,,,,,,,,,,,,,,,,,
Jack Velling,TE,ATL,Classic,10/11/2026,"Classic 10/11 1:00PM, 13 Games",2500,44420228,0,1.5,0,7.5,,,,,,,,,,,,,,,,10/11/2026,,,,,,,,,,,,,,,,,,,,,,,,,,
Derius Davis,CPT,LAC,Showdown Captain Mode,10/11/2026,Showdown Captain Mode 10/11 4:05PM (DEN @ LAC),1500,44434519,0.75,1.5,0.5,4.5,,,,,,,,,,,,,,,,10/11/2026,,,,,,,,,,,,,,,,,,,,,0.13,,,,,
Isaiah Bond,WR,CLE,Showdown Captain Mode,10/11/2026,Showdown Captain Mode 10/11 1:00PM (CLE @ NYJ),2000,44422319,0.32,1.46,0.16,6,,,,,,,,,,,,,,,,10/11/2026,,,,,,,,,,,,,,,,,,,,,0.05,,,,,
Foster Moreau,TE,HOU,Showdown Captain Mode,10/11/2026,Showdown Captain Mode 10/11 1:00PM (HOU @ TEN),1600,44420924,0.63,1.46,0.39,4.8,,,,,,,,,,,,,,,,10/11/2026,,,,,,,,,,,,,,,,,,,,,0.11,,,,,
Charlie Kolar,TE,LAC,Showdown Captain Mode,10/11/2026,Showdown Captain Mode 10/11 4:05PM (DEN @ LAC),1200,44434463,0.93,1.46,0.78,3.6,,,,,,,,,,12/30/1899,n/a,n/a,n/a,n/a,n/a,10/11/2026,,,,,,,,,,,,,,,,,,,10.5,,0.16,,,,,
Dylan Laube,RB,LV,Showdown Captain Mode,10/11/2026,Showdown Captain Mode 10/11 1:00PM (LV @ NE),1400,44420813,0.76,1.45,0.54,4.2,,,,,,,,,,,,,,,,10/11/2026,,,,,,,,,,,,,,,,,,,,,0.13,,,,,
Eli Stowers,TE,PHI,Showdown Captain Mode,10/11/2026,Showdown Captain Mode 10/11 9:30AM (PHI @ JAX),2400,44420487,0,1.44,0,7.2,,,,,,,,,,,,,,,,10/11/2026,,,,,,,,,,,,,,,,,,,,,,,,,,
Christian Kirk,WR,SF,Showdown Captain Mode,10/11/2026,Showdown Captain Mode 10/11 4:25PM (SF @ SEA),2400,44434569,0,1.44,0,7.2,,,,,,,,,,,,,,,,10/11/2026,,,,,,,,,,,,,,,,,,,,,,,,,,
Tank Dell,WR,HOU,Showdown Captain Mode,10/11/2026,Showdown Captain Mode 10/11 1:00PM (HOU @ TEN),2400,44420921,0,1.44,0,7.2,,,,,,,,,,,,,,,,10/11/2026,,,,,,,,,,,,,,,,,,,,,,,,,,
49ers,DST,SF,Classic,10/11/2026,"Classic 10/11 1:00PM, 11 Games",2400,44392869,0,1.44,0,7.2,,,,,,,,,,,,,,,,10/11/2026,,,,,,,,,,,,,,,,,,,,,,,,,,
49ers,DST,SF,Late,10/11/2026,"Late 10/11 4:05PM, 3 Games",2400,44433541,0,1.44,0,7.2,,,,,,,,,,,,,,,,10/11/2026,,,,,,,,,,,,,,,,,,,,,,,,,,
Falcons,DST,ATL,Classic,10/11/2026,"Classic 10/11 1:00PM, 13 Games",2400,44420451,0,1.44,0,7.2,,,,,,,,,,,,,,,,10/11/2026,,,,,,,,,,,,,,,,,,,,,,,,,,
Ben Skowronek,CPT,PIT,Showdown Captain Mode,10/11/2026,Showdown Captain Mode 10/11 1:00PM (IND @ PIT),1800,44423293,0.45,1.44,0.25,5.4,,,,,,,,,,,,,,,,10/11/2026,,,,,,,,,,,,,,,,,,,,,0.07,,,,,
Daniel Bellinger,TE,TEN,Showdown Captain Mode,10/11/2026,Showdown Captain Mode 10/11 1:00PM (HOU @ TEN),1800,44420923,0.44,1.43,0.24,5.4,,,,,,,,,,,,,,,,10/11/2026,,,,,,,,,,,,,,,,,,,,,0.07,,,,,
Travis Hunter,CPT,JAX,Showdown Captain Mode,10/11/2026,Showdown Captain Mode 10/11 9:30AM (PHI @ JAX),1800,44420545,0.43,1.42,0.24,5.4,,,,,,,,,,,,,,,,10/11/2026,,,,,,,,,,,,,,,,,,,,,0.07,,,,,
Luke Farrell,CPT,SF,Showdown Captain Mode,10/11/2026,Showdown Captain Mode 10/11 4:25PM (SF @ SEA),1800,44434632,0.42,1.42,0.23,5.4,,,,,,,,,,,,,,,,10/11/2026,,,,,,,,,,,,,,,,,,,,,0.07,,,,,
Tai Felton,CPT,MIN,Showdown Captain Mode,10/11/2026,Showdown Captain Mode 10/11 1:00PM (MIN @ NO),1800,44422728,0.41,1.41,0.23,5.4,,,,,,,,,,,,,,,,10/11/2026,,,,,,,,,,,,,,,,,,,,,0.07,,,,,
Tyrone Tracy Jr.,CPT,NYG,Showdown Captain Mode,10/11/2026,Showdown Captain Mode 10/11 1:00PM (NYG @ WAS),1500,44420760,0.63,1.4,0.42,4.5,,,,,,,,,,,,,,,,10/11/2026,,,,,,,,,,,,,,,,,,,,,0.11,,,,,
Matt Hibner,TE,BAL,Showdown Captain Mode,10/11/2026,Showdown Captain Mode 10/11 8:20PM (BAL @ ATL),1400,44446719,0.75,1.39,0.54,4.2,,,7.5,,,,,,,12/30/1899,BAL @ ATL,Ravens @ Falcons,Mercedes-Benz Stadium,retractable_dome,NBC/Peacock,10/11/2026,,,,,,,,,,,,,,,,,7.5,,,,,,,,,
Matt Hibner,TE,BAL,Showdown 2nd Half,10/11/2026,Showdown 2nd Half 10/11 9:20PM 2H (BAL @ ATL),1400,44447452,0.75,1.39,0.54,4.2,,,7.5,,,,,,,12/30/1899,BAL @ ATL,Ravens @ Falcons,Mercedes-Benz Stadium,retractable_dome,NBC/Peacock,10/11/2026,,,,,,,,,,,,,,,,,7.5,,,,,,,,,
Matt Hibner,TE,BAL,Showdown 4th Quarter,10/11/2026,Showdown 4th Quarter 10/11 9:50PM Q4 (BAL @ ATL),1400,44447597,0.75,1.39,0.54,4.2,,,7.5,,,,,,,12/30/1899,BAL @ ATL,Ravens @ Falcons,Mercedes-Benz Stadium,retractable_dome,NBC/Peacock,10/11/2026,,,,,,,,,,,,,,,,,7.5,,,,,,,,,
Sam Roush,TE,CHI,Showdown Captain Mode,10/11/2026,Showdown Captain Mode 10/11 1:00PM (CHI @ GB),1600,44423825,0.52,1.38,0.33,4.8,,,,,,,,,,,,,,,,10/11/2026,,,,,,,,,,,,,,,,,,,,,0.09,,,,,
Oscar Delp,TE,NO,Showdown Captain Mode,10/11/2026,Showdown Captain Mode 10/11 1:00PM (MIN @ NO),1600,44422669,0.53,1.38,0.33,4.8,,,,,,,,,,,,,,,,10/11/2026,,,,,,,,,,,,,,,,,,,,,0.09,,,,,
Chargers,DST,LAC,Classic,10/11/2026,"Classic 10/11 1:00PM, 11 Games",2300,44392870,0,1.38,0,6.9,,,,,,,,,,,,,,,,10/11/2026,,,,,,,,,,,,,,,,,,,,,,,,,,
Chargers,DST,LAC,Late,10/11/2026,"Late 10/11 4:05PM, 3 Games",2300,44433542,0,1.38,0,6.9,,,,,,,,,,,,,,,,10/11/2026,,,,,,,,,,,,,,,,,,,,,,,,,,
Bills,DST,BUF,Classic,10/12/2026,"Classic 10/11 1:00PM, 13 Games",2300,44420453,0,1.38,0,6.9,,,,,,,,,,,,,,,,10/12/2026,,,,,,,,,,,,,,,,,,,,,,,,,,
Malachi Corley,CPT,CLE,Showdown Captain Mode,10/11/2026,Showdown Captain Mode 10/11 1:00PM (CLE @ NYJ),1800,44422375,0.38,1.38,0.21,5.4,,,,,,,,,,,,,,,,10/11/2026,,,,,,,,,,,,,,,,,,,,,0.06,,,,,
Sterling Shepard,CPT,NYJ,Showdown Captain Mode,10/11/2026,Showdown Captain Mode 10/11 1:00PM (CLE @ NYJ),1500,44422376,0.65,1.37,0.43,4.5,,,7.5,,,,,,,12/30/1899,CLE @ NYJ,Browns @ Jets,MetLife Stadium,outdoor,CBS,10/11/2026,,,,,,,,,,,,,,,,,6.5,,6.5,,,,,,,
Mark Redman,CPT,GB,Showdown Captain Mode,10/11/2026,Showdown Captain Mode 10/11 1:00PM (CHI @ GB),900,44423884,1.09,1.37,1.21,2.7,,,0.5,,,,,,,12/30/1899,n/a,n/a,n/a,n/a,n/a,10/11/2026,,,,,,,,,,,,,,,0.69,1,0.5,0.72,0.5,,0.06,,,,,
Elijah Sarratt,CPT,BAL,Showdown Captain Mode,10/11/2026,Showdown Captain Mode 10/11 8:20PM (BAL @ ATL),1800,44446772,0.35,1.36,0.19,5.4,,,,,,,,,,,,,,,,10/11/2026,,,,,,,,,,,,,,,,,,,,,0.06,,,,,
Dareke Young,CPT,LV,Showdown Captain Mode,10/11/2026,Showdown Captain Mode 10/11 1:00PM (LV @ NE),1800,44420871,0.35,1.36,0.19,5.4,,,,,,,,,,,,,,,,10/11/2026,,,,,,,,,,,,,,,,,,,,,0.06,,,,,
Elijah Sarratt,CPT,BAL,Showdown 2nd Half,10/11/2026,Showdown 2nd Half 10/11 9:20PM 2H (BAL @ ATL),1800,44447401,0.35,1.36,0.19,5.4,,,,,,,,,,,,,,,,10/11/2026,,,,,,,,,,,,,,,,,,,,,0.06,,,,,
Elijah Sarratt,CPT,BAL,Showdown 4th Quarter,10/11/2026,Showdown 4th Quarter 10/11 9:50PM Q4 (BAL @ ATL),1800,44447546,0.35,1.36,0.19,5.4,,,,,,,,,,,,,,,,10/11/2026,,,,,,,,,,,,,,,,,,,,,0.06,,,,,
Max Klare,CPT,LAR,Showdown Captain Mode,10/12/2026,Showdown Captain Mode 10/12 8:15PM (BUF @ LAR),1800,44446874,0.33,1.34,0.18,5.4,,,,,,,,,,,,,,,,10/12/2026,,,,,,,,,,,,,,,,,,,,,0.05,,,,,
Cade Stover,CPT,HOU,Showdown Captain Mode,10/11/2026,Showdown Captain Mode 10/11 1:00PM (HOU @ TEN),1800,44420978,0.33,1.34,0.18,5.4,,,,,,,,,,,,,,,,10/11/2026,,,,,,,,,,,,,,,,,,,,,0.05,,,,,
Max Klare,CPT,LAR,Showdown 2nd Half,10/12/2026,Showdown 2nd Half 10/12 9:15PM 2H (BUF @ LAR),1800,44447651,0.33,1.34,0.18,5.4,,,,,,,,,,,,,,,,10/12/2026,,,,,,,,,,,,,,,,,,,,,0.05,,,,,
Max Klare,CPT,LAR,Showdown 4th Quarter,10/12/2026,Showdown 4th Quarter 10/12 9:45PM Q4 (BUF @ LAR),1800,44447749,0.33,1.34,0.18,5.4,,,,,,,,,,,,,,,,10/12/2026,,,,,,,,,,,,,,,,,,,,,0.05,,,,,
Dont'e Thornton Jr.,WR,LV,Showdown Captain Mode,10/11/2026,Showdown Captain Mode 10/11 1:00PM (LV @ NE),2200,44420810,0,1.32,0,6.6,,,,,,,,,,,,,,,,10/11/2026,,,,,,,,,,,,,,,,,,,,,,,,,,
Odell Beckham Jr.,WR,MIN,Showdown Captain Mode,10/11/2026,Showdown Captain Mode 10/11 1:00PM (MIN @ NO),2200,44448329,0,1.32,0,6.6,,,,,,,,,,,,,,,,10/11/2026,,,,,,,,,,,,,,,,,,,,,,,,,,
Cardinals,DST,ARI,Classic,10/11/2026,"Classic 10/11 1:00PM, 11 Games",2200,44392871,0,1.32,0,6.6,,,,,,,,,,,,,,,,10/11/2026,,,,,,,,,,,,,,,,,,,,,,,,,,
Cardinals,DST,ARI,Late,10/11/2026,"Late 10/11 4:05PM, 3 Games",2200,44433543,0,1.32,0,6.6,,,,,,,,,,,,,,,,10/11/2026,,,,,,,,,,,,,,,,,,,,,,,,,,
Devin Singletary,RB,NYG,Showdown Captain Mode,10/11/2026,Showdown Captain Mode 10/11 1:00PM (NYG @ WAS),1400,44420702,0.6,1.32,0.43,4.2,,,,,,,,,,,,,,,,10/11/2026,,,,,,,,,,,,,,,,,,,,,0.1,,,,,
Nate Adkins,TE,DEN,Showdown Captain Mode,10/11/2026,Showdown Captain Mode 10/11 4:05PM (DEN @ LAC),1600,44434462,0.43,1.3,0.27,4.8,,,,,,,,,,,,,,,,10/11/2026,,,,,,,,,,,,,,,,,,,,,0.07,,,,,
Blake Whiteheart,TE,CLE,Showdown Captain Mode,10/11/2026,Showdown Captain Mode 10/11 1:00PM (CLE @ NYJ),1400,44422321,0.58,1.3,0.41,4.2,,,,,,,,,,,,,,,,10/11/2026,,,,,,,,,,,,,,,,,,,,,0.1,,,,,
Deion Burks,CPT,IND,Showdown Captain Mode,10/11/2026,Showdown Captain Mode 10/11 1:00PM (IND @ PIT),1500,44423294,0.5,1.3,0.33,4.5,,,,,,,,,,,,,,,,10/11/2026,,,,,,,,,,,,,,,,,,,,,0.08,,,,,
Malik Benson,CPT,LV,Showdown Captain Mode,10/11/2026,Showdown Captain Mode 10/11 1:00PM (LV @ NE),1200,44420873,0.72,1.3,0.6,3.6,,,,,,,,,,,,,,,,10/11/2026,,,,,,,,,,,,,,,,,,,,,0.12,,,,,
Ben Sinnott,TE,WAS,Showdown Captain Mode,10/11/2026,Showdown Captain Mode 10/11 1:00PM (NYG @ WAS),1600,44420701,0.41,1.29,0.26,4.8,,,,,,,,,,,,,,,,10/11/2026,,,,,,,,,,,,,,,,,,,,,0.07,,,,,
Eric Saubert,TE,SEA,Showdown Captain Mode,10/11/2026,Showdown Captain Mode 10/11 4:25PM (SF @ SEA),1600,44434571,0.37,1.26,0.23,4.8,,,,,,,,,,,,,,,,10/11/2026,,,,,,,,,,,,,,,,,,,,,0.06,,,,,
Mo Alie-Cox,TE,IND,Showdown Captain Mode,10/11/2026,Showdown Captain Mode 10/11 1:00PM (IND @ PIT),1600,44423196,0.38,1.26,0.24,4.8,,,,,,,,,,,,,,,,10/11/2026,,,,,,,,,,,,,,,,,,,,,0.06,,,,,
Titans,DST,TEN,Classic,10/11/2026,"Classic 10/11 1:00PM, 11 Games",2100,44392872,0,1.26,0,6.3,,,,,,,,,,,,,,,,10/11/2026,,,,,,,,,,,,,,,,,,,,,,,,,,
Titans,DST,TEN,Early,10/11/2026,"Early 10/11 1:00PM, 8 Games",2100,44419235,0,1.26,0,6.3,,,,,,,,,,,,,,,,10/11/2026,,,,,,,,,,,,,,,,,,,,,,,,,,
Luke Musgrave,CPT,GB,Showdown Captain Mode,10/11/2026,Showdown Captain Mode 10/11 1:00PM (CHI @ GB),2100,44423880,0,1.26,0,6.3,,,,,,,,,,,,,,,,10/11/2026,,,,,,,,,,,,,,,,,,,,,,,,,,
Nick Singleton,CPT,TEN,Showdown Captain Mode,10/11/2026,Showdown Captain Mode 10/11 1:00PM (HOU @ TEN),2100,44420977,0,1.26,0,6.3,,,,,,,,,,,,,,,,10/11/2026,,,,,,,,,,,,,,,,,,,,,,,,,,
Corey Kiner,CPT,NE,Showdown Captain Mode,10/11/2026,Showdown Captain Mode 10/11 1:00PM (LV @ NE),1500,44420872,0.44,1.25,0.29,4.5,,,,,,,,,,,,,,,,10/11/2026,,,,,,,,,,,,,,,,,,,,,0.07,,,,,
Ryan Miller,CPT,MIA,Showdown Captain Mode,10/11/2026,Showdown Captain Mode 10/11 1:00PM (CIN @ MIA),1500,44420651,0.44,1.25,0.29,4.5,,,,,,,,,,,,,,,,10/11/2026,,,,,,,,,,,,,,,,,,,,,0.07,,,,,
Chimere Dike,CPT,TEN,Showdown Captain Mode,10/11/2026,Showdown Captain Mode 10/11 1:00PM (HOU @ TEN),1500,44420979,0.44,1.25,0.29,4.5,,,,,,,,,,,,,,,,10/11/2026,,,,,,,,,,,,,,,,,,,,,0.07,,,,,
Tutu Atwell,CPT,LAR,Showdown Captain Mode,10/12/2026,Showdown Captain Mode 10/12 8:15PM (BUF @ LAR),1500,44446875,0.43,1.24,0.29,4.5,,,,,,,,,,,,,,,,10/12/2026,,,,,,,,,,,,,,,,,,,,,0.07,,,,,
Tutu Atwell,CPT,LAR,Showdown 2nd Half,10/12/2026,Showdown 2nd Half 10/12 9:15PM 2H (BUF @ LAR),1500,44447652,0.43,1.24,0.29,4.5,,,,,,,,,,,,,,,,10/12/2026,,,,,,,,,,,,,,,,,,,,,0.07,,,,,
Tutu Atwell,CPT,LAR,Showdown 4th Quarter,10/12/2026,Showdown 4th Quarter 10/12 9:45PM Q4 (BUF @ LAR),1500,44447750,0.43,1.24,0.29,4.5,,,,,,,,,,,,,,,,10/12/2026,,,,,,,,,,,,,,,,,,,,,0.07,,,,,
Demond Claiborne,RB,MIN,Showdown Captain Mode,10/11/2026,Showdown Captain Mode 10/11 1:00PM (MIN @ NO),1400,44422670,0.49,1.23,0.35,4.2,,,,,,,,,,,,,,,,10/11/2026,,,,,,,,,,,,,,,,,,,,,0.08,,,,,
Myles Price,CPT,MIN,Showdown Captain Mode,10/11/2026,Showdown Captain Mode 10/11 1:00PM (MIN @ NO),1500,44422729,0.41,1.23,0.27,4.5,,,,,,,,,,,,,,,,10/11/2026,,,,,,,,,,,,,,,,,,,,,0.07,,,,,
Kyle Juszczyk,RB,SF,Showdown Captain Mode,10/11/2026,Showdown Captain Mode 10/11 4:25PM (SF @ SEA),1400,44434572,0.48,1.22,0.34,4.2,,,,,,,,,,,,,,,,10/11/2026,,,,,,,,,,,,,,,,,,,,,0.08,,,,,
Carson Steele,CPT,PHI,Showdown Captain Mode,10/11/2026,Showdown Captain Mode 10/11 9:30AM (PHI @ JAX),1500,44420546,0.4,1.22,0.27,4.5,,,,,,,,,,,,,,,,10/11/2026,,,,,,,,,,,,,,,,,,,,,0.07,,,,,
Jalen Brooks,WR,ARI,Showdown Captain Mode,10/11/2026,Showdown Captain Mode 10/11 4:25PM (DET @ ARI),1200,44434789,0.61,1.21,0.51,3.6,,,,,,,,,,,,,,,,10/11/2026,,,,,,,,,,,,,,,,,,,,,0.1,,,,,
Mark Redman,TE,GB,Showdown Captain Mode,10/11/2026,Showdown Captain Mode 10/11 1:00PM (CHI @ GB),600,44423830,1.09,1.21,1.82,1.8,,,0.5,,,,,,,12/30/1899,n/a,n/a,n/a,n/a,n/a,10/11/2026,,,,,,,,,,,,,,,0.69,1,0.5,0.72,0.5,,0.06,,,,,
Jaydon Blue,RB,PHI,Showdown Captain Mode,10/11/2026,Showdown Captain Mode 10/11 9:30AM (PHI @ JAX),2000,44420488,0,1.2,0,6,,,,,,,,,,,,,,,,10/11/2026,,,,,,,,,,,,,,,,,,,,,,,,,,
Dolphins,DST,MIA,Classic,10/11/2026,"Classic 10/11 1:00PM, 11 Games",2000,44392873,0,1.2,0,6,,,,,,,,,,,,,,,,10/11/2026,,,,,,,,,,,,,,,,,,,,,,,,,,
Dolphins,DST,MIA,Early,10/11/2026,"Early 10/11 1:00PM, 8 Games",2000,44419236,0,1.2,0,6,,,,,,,,,,,,,,,,10/11/2026,,,,,,,,,,,,,,,,,,,,,,,,,,
LaJohntay Wester,CPT,BAL,Showdown Captain Mode,10/11/2026,Showdown Captain Mode 10/11 8:20PM (BAL @ ATL),1500,44446773,0.38,1.2,0.25,4.5,,,,,,,,,,,,,,,,10/11/2026,,,,,,,,,,,,,,,,,,,,,0.06,,,,,
Tom Kennedy,CPT,DET,Showdown Captain Mode,10/11/2026,Showdown Captain Mode 10/11 4:25PM (DET @ ARI),1500,44434843,0.38,1.2,0.25,4.5,,,,,,,,,,,,,,,,10/11/2026,,,,,,,,,,,,,,,,,,,,,0.06,,,,,
Derius Davis,WR,LAC,Showdown Captain Mode,10/11/2026,Showdown Captain Mode 10/11 4:05PM (DEN @ LAC),1000,44434464,0.75,1.2,0.75,3,,,,,,,,,,,,,,,,10/11/2026,,,,,,,,,,,,,,,,,,,,,0.13,,,,,
LaJohntay Wester,CPT,BAL,Showdown 2nd Half,10/11/2026,Showdown 2nd Half 10/11 9:20PM 2H (BAL @ ATL),1500,44447402,0.38,1.2,0.25,4.5,,,,,,,,,,,,,,,,10/11/2026,,,,,,,,,,,,,,,,,,,,,0.06,,,,,
LaJohntay Wester,CPT,BAL,Showdown 4th Quarter,10/11/2026,Showdown 4th Quarter 10/11 9:50PM Q4 (BAL @ ATL),1500,44447547,0.38,1.2,0.25,4.5,,,,,,,,,,,,,,,,10/11/2026,,,,,,,,,,,,,,,,,,,,,0.06,,,,,
Zavion Thomas,CPT,CHI,Showdown Captain Mode,10/11/2026,Showdown Captain Mode 10/11 1:00PM (CHI @ GB),1500,44423882,0.34,1.17,0.23,4.5,,,,,,,,,,,,,,,,10/11/2026,,,,,,,,,,,,,,,,,,,,,0.06,,,,,
Velus Jones Jr.,CPT,SEA,Showdown Captain Mode,10/11/2026,Showdown Captain Mode 10/11 4:25PM (SF @ SEA),1500,44434633,0.32,1.16,0.21,4.5,,,,,,,,,,,,,,,,10/11/2026,,,,,,,,,,,,,,,,,,,,,0.05,,,,,
Eli Heidenreich,RB,PIT,Showdown Captain Mode,10/11/2026,Showdown Captain Mode 10/11 1:00PM (IND @ PIT),1400,44423198,0.35,1.12,0.25,4.2,,,,,,,,,,,,,,,,10/11/2026,,,,,,,,,,,,,,,,,,,,,0.06,,,,,
Ray Davis,RB,BUF,Showdown Captain Mode,10/12/2026,Showdown Captain Mode 10/12 8:15PM (BUF @ LAR),1400,44446824,0.33,1.1,0.24,4.2,,,,,,,,,,,,,,,,10/12/2026,,,,,,,,,,,,,,,,,,,,,0.05,,,,,
Tahj Brooks,RB,CIN,Showdown Captain Mode,10/11/2026,Showdown Captain Mode 10/11 1:00PM (CIN @ MIA),1400,44420597,0.32,1.1,0.23,4.2,,,,,,,,,,,,,,,,10/11/2026,,,,,,,,,,,,,,,,,,,,,0.05,,,,,
Ray Davis,RB,BUF,Showdown 2nd Half,10/12/2026,Showdown 2nd Half 10/12 9:15PM 2H (BUF @ LAR),1400,44447699,0.33,1.1,0.24,4.2,,,,,,,,,,,,,,,,10/12/2026,,,,,,,,,,,,,,,,,,,,,0.05,,,,,
Ray Davis,RB,BUF,Showdown 4th Quarter,10/12/2026,Showdown 4th Quarter 10/12 9:45PM Q4 (BUF @ LAR),1400,44447797,0.33,1.1,0.24,4.2,,,,,,,,,,,,,,,,10/12/2026,,,,,,,,,,,,,,,,,,,,,0.05,,,,,
Tyrone Tracy Jr.,RB,NYG,Showdown Captain Mode,10/11/2026,Showdown Captain Mode 10/11 1:00PM (NYG @ WAS),1000,44420704,0.63,1.1,0.63,3,,,,,,,,,,,,,,,,10/11/2026,,,,,,,,,,,,,,,,,,,,,0.11,,,,,
Sterling Shepard,WR,NYJ,Showdown Captain Mode,10/11/2026,Showdown Captain Mode 10/11 1:00PM (CLE @ NYJ),1000,44422323,0.65,1.09,0.65,3,,,7.5,,,,,,,12/30/1899,CLE @ NYJ,Browns @ Jets,MetLife Stadium,outdoor,CBS,10/11/2026,,,,,,,,,,,,,,,,,6.5,,6.5,,,,,,,
Nate Boerkircher,CPT,JAX,Showdown Captain Mode,10/11/2026,Showdown Captain Mode 10/11 9:30AM (PHI @ JAX),900,44420548,0.69,1.09,0.77,2.7,,,,,,,,,,,,,,,,10/11/2026,,,,,,,,,,,,,,,,,,,,,0.11,,,,,
Ben Skowronek,WR,PIT,Showdown Captain Mode,10/11/2026,Showdown Captain Mode 10/11 1:00PM (IND @ PIT),1200,44423200,0.45,1.08,0.38,3.6,,,,,,,,,,,,,,,,10/11/2026,,,,,,,,,,,,,,,,,,,,,0.07,,,,,
Braxton Berrios,CPT,NYG,Showdown Captain Mode,10/11/2026,Showdown Captain Mode 10/11 1:00PM (NYG @ WAS),1800,44420759,0,1.08,0,5.4,,,,,,,,,,,,,,,,10/11/2026,,,,,,,,,,,,,,,,,,,,,,,,,,
Charlie Jones,CPT,NYG,Showdown Captain Mode,10/11/2026,Showdown Captain Mode 10/11 1:00PM (NYG @ WAS),1200,44420761,0.44,1.07,0.37,3.6,,,,,,,,,,,,,,,,10/11/2026,,,,,,,,,,,,,,,,,,,,,0.07,,,,,
Travis Hunter,WR,JAX,Showdown Captain Mode,10/11/2026,Showdown Captain Mode 10/11 9:30AM (PHI @ JAX),1200,44420490,0.43,1.06,0.36,3.6,,,,,,,,,,,,,,,,10/11/2026,,,,,,,,,,,,,,,,,,,,,0.07,,,,,
Luke Farrell,TE,SF,Showdown Captain Mode,10/11/2026,Showdown Captain Mode 10/11 4:25PM (SF @ SEA),1200,44434573,0.42,1.06,0.35,3.6,,,,,,,,,,,,,,,,10/11/2026,,,,,,,,,,,,,,,,,,,,,0.07,,,,,
Greg Dortch,CPT,BUF,Showdown Captain Mode,10/12/2026,Showdown Captain Mode 10/12 8:15PM (BUF @ LAR),1200,44446876,0.43,1.06,0.36,3.6,,,,,,,,,,,,,,,,10/12/2026,,,,,,,,,,,,,,,,,,,,,0.07,,,,,
Malik Benson,WR,LV,Showdown Captain Mode,10/11/2026,Showdown Captain Mode 10/11 1:00PM (LV @ NE),800,44420816,0.72,1.06,0.9,2.4,,,,,,,,,,,,,,,,10/11/2026,,,,,,,,,,,,,,,,,,,,,0.12,,,,,
Greg Dortch,CPT,BUF,Showdown 2nd Half,10/12/2026,Showdown 2nd Half 10/12 9:15PM 2H (BUF @ LAR),1200,44447653,0.43,1.06,0.36,3.6,,,,,,,,,,,,,,,,10/12/2026,,,,,,,,,,,,,,,,,,,,,0.07,,,,,
Greg Dortch,CPT,BUF,Showdown 4th Quarter,10/12/2026,Showdown 4th Quarter 10/12 9:45PM Q4 (BUF @ LAR),1200,44447751,0.43,1.06,0.36,3.6,,,,,,,,,,,,,,,,10/12/2026,,,,,,,,,,,,,,,,,,,,,0.07,,,,,
Tai Felton,WR,MIN,Showdown Captain Mode,10/11/2026,Showdown Captain Mode 10/11 1:00PM (MIN @ NO),1200,44422671,0.41,1.05,0.34,3.6,,,,,,,,,,,,,,,,10/11/2026,,,,,,,,,,,,,,,,,,,,,0.07,,,,,
Jared Wayne,CPT,HOU,Showdown Captain Mode,10/11/2026,Showdown Captain Mode 10/11 1:00PM (HOU @ TEN),1200,44420980,0.41,1.05,0.34,3.6,,,,,,,,,,,,,,,,10/11/2026,,,,,,,,,,,,,,,,,,,,,0.07,,,,,
Jackson Hawes,CPT,BUF,Showdown Captain Mode,10/12/2026,Showdown Captain Mode 10/12 8:15PM (BUF @ LAR),900,44446877,0.64,1.05,0.71,2.7,,,,,,,,,,,,,,,,10/12/2026,,,,,,,,,,,,,,,,,,,,,0.11,,,,,
Elijah Arroyo,CPT,SEA,Showdown Captain Mode,10/11/2026,Showdown Captain Mode 10/11 4:25PM (SF @ SEA),900,44434635,0.64,1.05,0.71,2.7,,,,,,,,,,,,,,,,10/11/2026,,,,,,,,,,,,,,,,,,,,,0.11,,,,,
Jackson Hawes,CPT,BUF,Showdown 2nd Half,10/12/2026,Showdown 2nd Half 10/12 9:15PM 2H (BUF @ LAR),900,44447654,0.64,1.05,0.71,2.7,,,,,,,,,,,,,,,,10/12/2026,,,,,,,,,,,,,,,,,,,,,0.11,,,,,
Jackson Hawes,CPT,BUF,Showdown 4th Quarter,10/12/2026,Showdown 4th Quarter 10/12 9:45PM Q4 (BUF @ LAR),900,44447752,0.64,1.05,0.71,2.7,,,,,,,,,,,,,,,,10/12/2026,,,,,,,,,,,,,,,,,,,,,0.11,,,,,
Tylan Wallace,CPT,CLE,Showdown Captain Mode,10/11/2026,Showdown Captain Mode 10/11 1:00PM (CLE @ NYJ),1200,44422377,0.39,1.03,0.33,3.6,,,,,,,,,,,,,,,,10/11/2026,,,,,,,,,,,,,,,,,,,,,0.07,,,,,
Malachi Corley,WR,CLE,Showdown Captain Mode,10/11/2026,Showdown Captain Mode 10/11 1:00PM (CLE @ NYJ),1200,44422322,0.38,1.02,0.32,3.6,,,,,,,,,,,,,,,,10/11/2026,,,,,,,,,,,,,,,,,,,,,0.06,,,,,
Adam Trautman,CPT,DEN,Showdown Captain Mode,10/11/2026,Showdown Captain Mode 10/11 4:05PM (DEN @ LAC),900,44434520,0.6,1.02,0.67,2.7,,,,,,,,,,,,,,,,10/11/2026,,,,,,,,,,,,,,,,,,,,,0.1,,,,,
Elijah Moore,CPT,PHI,Showdown Captain Mode,10/11/2026,Showdown Captain Mode 10/11 9:30AM (PHI @ JAX),1200,44420547,0.36,1.01,0.3,3.6,,,,,,,,,,,,,,,,10/11/2026,,,,,,,,,,,,,,,,,,,,,0.06,,,,,
Elijah Sarratt,WR,BAL,Showdown Captain Mode,10/11/2026,Showdown Captain Mode 10/11 8:20PM (BAL @ ATL),1200,44446720,0.35,1,0.29,3.6,,,,,,,,,,,,,,,,10/11/2026,,,,,,,,,,,,,,,,,,,,,0.06,,,,,
Dareke Young,WR,LV,Showdown Captain Mode,10/11/2026,Showdown Captain Mode 10/11 1:00PM (LV @ NE),1200,44420814,0.35,1,0.29,3.6,,,,,,,,,,,,,,,,10/11/2026,,,,,,,,,,,,,,,,,,,,,0.06,,,,,
Elijah Sarratt,WR,BAL,Showdown 2nd Half,10/11/2026,Showdown 2nd Half 10/11 9:20PM 2H (BAL @ ATL),1200,44447453,0.35,1,0.29,3.6,,,,,,,,,,,,,,,,10/11/2026,,,,,,,,,,,,,,,,,,,,,0.06,,,,,
Elijah Sarratt,WR,BAL,Showdown 4th Quarter,10/11/2026,Showdown 4th Quarter 10/11 9:50PM Q4 (BAL @ ATL),1200,44447598,0.35,1,0.29,3.6,,,,,,,,,,,,,,,,10/11/2026,,,,,,,,,,,,,,,,,,,,,0.06,,,,,
Deion Burks,WR,IND,Showdown Captain Mode,10/11/2026,Showdown Captain Mode 10/11 1:00PM (IND @ PIT),1000,44423202,0.5,1,0.5,3,,,,,,,,,,,,,,,,10/11/2026,,,,,,,,,,,,,,,,,,,,,0.08,,,,,
J. Michael Sturdivant,CPT,GB,Showdown Captain Mode,10/11/2026,Showdown Captain Mode 10/11 1:00PM (CHI @ GB),1200,44423883,0.35,1,0.29,3.6,,,,,,,,,,,,,,,,10/11/2026,,,,,,,,,,,,,,,,,,,,,0.06,,,,,
Chris Blair,CPT,ATL,Showdown Captain Mode,10/11/2026,Showdown Captain Mode 10/11 8:20PM (BAL @ ATL),1200,44446774,0.35,1,0.29,3.6,,,,,,,,,,,,,,,,10/11/2026,,,,,,,,,,,,,,,,,,,,,0.06,,,,,
Simi Fehoko,CPT,ARI,Showdown Captain Mode,10/11/2026,Showdown Captain Mode 10/11 4:25PM (DET @ ARI),1200,44434844,0.35,1,0.29,3.6,,,,,,,,,,,,,,,,10/11/2026,,,,,,,,,,,,,,,,,,,,,0.06,,,,,
Jalen Tolbert,CPT,MIA,Showdown Captain Mode,10/11/2026,Showdown Captain Mode 10/11 1:00PM (CIN @ MIA),1200,44420652,0.35,1,0.29,3.6,,,,,,,,,,,,,,,,10/11/2026,,,,,,,,,,,,,,,,,,,,,0.06,,,,,
Chris Blair,CPT,ATL,Showdown 2nd Half,10/11/2026,Showdown 2nd Half 10/11 9:20PM 2H (BAL @ ATL),1200,44447403,0.35,1,0.29,3.6,,,,,,,,,,,,,,,,10/11/2026,,,,,,,,,,,,,,,,,,,,,0.06,,,,,
Chris Blair,CPT,ATL,Showdown 4th Quarter,10/11/2026,Showdown 4th Quarter 10/11 9:50PM Q4 (BAL @ ATL),1200,44447548,0.35,1,0.29,3.6,,,,,,,,,,,,,,,,10/11/2026,,,,,,,,,,,,,,,,,,,,,0.06,,,,,
Max Klare,TE,LAR,Showdown Captain Mode,10/12/2026,Showdown Captain Mode 10/12 8:15PM (BUF @ LAR),1200,44446825,0.33,0.98,0.28,3.6,,,,,,,,,,,,,,,,10/12/2026,,,,,,,,,,,,,,,,,,,,,0.05,,,,,
Cade Stover,TE,HOU,Showdown Captain Mode,10/11/2026,Showdown Captain Mode 10/11 1:00PM (HOU @ TEN),1200,44420926,0.33,0.98,0.28,3.6,,,,,,,,,,,,,,,,10/11/2026,,,,,,,,,,,,,,,,,,,,,0.05,,,,,
Max Klare,TE,LAR,Showdown 2nd Half,10/12/2026,Showdown 2nd Half 10/12 9:15PM 2H (BUF @ LAR),1200,44447700,0.33,0.98,0.28,3.6,,,,,,,,,,,,,,,,10/12/2026,,,,,,,,,,,,,,,,,,,,,0.05,,,,,
Max Klare,TE,LAR,Showdown 4th Quarter,10/12/2026,Showdown 4th Quarter 10/12 9:45PM Q4 (BUF @ LAR),1200,44447798,0.33,0.98,0.28,3.6,,,,,,,,,,,,,,,,10/12/2026,,,,,,,,,,,,,,,,,,,,,0.05,,,,,
Erick All Jr.,CPT,CIN,Showdown Captain Mode,10/11/2026,Showdown Captain Mode 10/11 1:00PM (CIN @ MIA),900,44420653,0.54,0.97,0.6,2.7,,,,,,,,,,,,,,,,10/11/2026,,,,,,,,,,,,,,,,,,,,,0.09,,,,,
Connor Heyward,CPT,LV,Showdown Captain Mode,10/11/2026,Showdown Captain Mode 10/11 1:00PM (LV @ NE),900,44420874,0.53,0.96,0.59,2.7,,,,,,,,,,12/30/1899,n/a,n/a,n/a,n/a,n/a,10/11/2026,,,,,,,,,,,,,,,,,,,,,0.09,,,,,
John Bates,CPT,WAS,Showdown Captain Mode,10/11/2026,Showdown Captain Mode 10/11 1:00PM (NYG @ WAS),900,44420762,0.52,0.96,0.58,2.7,,,,,,,,,,,,,,,,10/11/2026,,,,,,,,,,,,,,,,,,,,,0.09,,,,,
Jelani Woods,CPT,NYJ,Showdown Captain Mode,10/11/2026,Showdown Captain Mode 10/11 1:00PM (CLE @ NYJ),900,44422378,0.53,0.96,0.59,2.7,,,,,,,,,,,,,,,,10/11/2026,,,,,,,,,,,,,,,,,,,,,0.09,,,,,
Corey Kiner,RB,NE,Showdown Captain Mode,10/11/2026,Showdown Captain Mode 10/11 1:00PM (LV @ NE),1000,44420815,0.44,0.95,0.44,3,,,,,,,,,,,,,,,,10/11/2026,,,,,,,,,,,,,,,,,,,,,0.07,,,,,
Ryan Miller,WR,MIA,Showdown Captain Mode,10/11/2026,Showdown Captain Mode 10/11 1:00PM (CIN @ MIA),1000,44420599,0.44,0.95,0.44,3,,,,,,,,,,,,,,,,10/11/2026,,,,,,,,,,,,,,,,,,,,,0.07,,,,,
Chimere Dike,WR,TEN,Showdown Captain Mode,10/11/2026,Showdown Captain Mode 10/11 1:00PM (HOU @ TEN),1000,44420927,0.44,0.95,0.44,3,,,,,,,,,,,,,,,,10/11/2026,,,,,,,,,,,,,,,,,,,,,0.07,,,,,
Tutu Atwell,WR,LAR,Showdown Captain Mode,10/12/2026,Showdown Captain Mode 10/12 8:15PM (BUF @ LAR),1000,44446826,0.43,0.94,0.43,3,,,,,,,,,,,,,,,,10/12/2026,,,,,,,,,,,,,,,,,,,,,0.07,,,,,
Tutu Atwell,WR,LAR,Showdown 2nd Half,10/12/2026,Showdown 2nd Half 10/12 9:15PM 2H (BUF @ LAR),1000,44447701,0.43,0.94,0.43,3,,,,,,,,,,,,,,,,10/12/2026,,,,,,,,,,,,,,,,,,,,,0.07,,,,,
Tutu Atwell,WR,LAR,Showdown 4th Quarter,10/12/2026,Showdown 4th Quarter 10/12 9:45PM Q4 (BUF @ LAR),1000,44447799,0.43,0.94,0.43,3,,,,,,,,,,,,,,,,10/12/2026,,,,,,,,,,,,,,,,,,,,,0.07,,,,,
Myles Price,WR,MIN,Showdown Captain Mode,10/11/2026,Showdown Captain Mode 10/11 1:00PM (MIN @ NO),1000,44422672,0.41,0.93,0.41,3,,,,,,,,,,,,,,,,10/11/2026,,,,,,,,,,,,,,,,,,,,,0.07,,,,,
Carson Steele,RB,PHI,Showdown Captain Mode,10/11/2026,Showdown Captain Mode 10/11 9:30AM (PHI @ JAX),1000,44420491,0.4,0.92,0.4,3,,,,,,,,,,,,,,,,10/11/2026,,,,,,,,,,,,,,,,,,,,,0.07,,,,,
Kevin Austin Jr.,CPT,NO,Showdown Captain Mode,10/11/2026,Showdown Captain Mode 10/11 1:00PM (MIN @ NO),1200,44422730,0.25,0.92,0.21,3.6,,,,,,,,,,,,,,,,10/11/2026,,,,,,,,,,,,,,,,,,,,,0.04,,,,,
Nate Boerkircher,TE,JAX,Showdown Captain Mode,10/11/2026,Showdown Captain Mode 10/11 9:30AM (PHI @ JAX),600,44420493,0.69,0.91,1.15,1.8,,,,,,,,,,,,,,,,10/11/2026,,,,,,,,,,,,,,,,,,,,,0.11,,,,,
LaJohntay Wester,WR,BAL,Showdown Captain Mode,10/11/2026,Showdown Captain Mode 10/11 8:20PM (BAL @ ATL),1000,44446721,0.38,0.9,0.38,3,,,,,,,,,,,,,,,,10/11/2026,,,,,,,,,,,,,,,,,,,,,0.06,,,,,
Tom Kennedy,WR,DET,Showdown Captain Mode,10/11/2026,Showdown Captain Mode 10/11 4:25PM (DET @ ARI),1000,44434790,0.38,0.9,0.38,3,,,,,,,,,,,,,,,,10/11/2026,,,,,,,,,,,,,,,,,,,,,0.06,,,,,
LaJohntay Wester,WR,BAL,Showdown 2nd Half,10/11/2026,Showdown 2nd Half 10/11 9:20PM 2H (BAL @ ATL),1000,44447454,0.38,0.9,0.38,3,,,,,,,,,,,,,,,,10/11/2026,,,,,,,,,,,,,,,,,,,,,0.06,,,,,
LaJohntay Wester,WR,BAL,Showdown 4th Quarter,10/11/2026,Showdown 4th Quarter 10/11 9:50PM Q4 (BAL @ ATL),1000,44447599,0.38,0.9,0.38,3,,,,,,,,,,,,,,,,10/11/2026,,,,,,,,,,,,,,,,,,,,,0.06,,,,,
Skyler Bell,CPT,BUF,Showdown Captain Mode,10/12/2026,Showdown Captain Mode 10/12 8:15PM (BUF @ LAR),300,44446885,0.9,0.9,3,0.9,,,,,,,,,,,,,,,,10/12/2026,,,,,,,,,,,,,,,0.55,1,,,,,0.06,,,,,
Skyler Bell,CPT,BUF,Showdown 2nd Half,10/12/2026,Showdown 2nd Half 10/12 9:15PM 2H (BUF @ LAR),300,44447658,0.9,0.9,3,0.9,,,,,,,,,,,,,,,,10/12/2026,,,,,,,,,,,,,,,0.55,1,,,,,0.06,,,,,
Skyler Bell,CPT,BUF,Showdown 4th Quarter,10/12/2026,Showdown 4th Quarter 10/12 9:45PM Q4 (BUF @ LAR),300,44447755,0.9,0.9,3,0.9,,,,,,,,,,,,,,,,10/12/2026,,,,,,,,,,,,,,,0.55,1,,,,,0.06,,,,,
Charlie Woerner,CPT,ATL,Showdown Captain Mode,10/11/2026,Showdown Captain Mode 10/11 8:20PM (BAL @ ATL),900,44446775,0.42,0.88,0.47,2.7,,,,,,,,,,,,,,,,10/11/2026,,,,,,,,,,,,,,,,,,,,,0.07,,,,,
Charlie Woerner,CPT,ATL,Showdown 2nd Half,10/11/2026,Showdown 2nd Half 10/11 9:20PM 2H (BAL @ ATL),900,44447404,0.42,0.88,0.47,2.7,,,,,,,,,,,,,,,,10/11/2026,,,,,,,,,,,,,,,,,,,,,0.07,,,,,
Charlie Woerner,CPT,ATL,Showdown 4th Quarter,10/11/2026,Showdown 4th Quarter 10/11 9:50PM Q4 (BAL @ ATL),900,44447549,0.42,0.88,0.47,2.7,,,,,,,,,,,,,,,,10/11/2026,,,,,,,,,,,,,,,,,,,,,0.07,,,,,
Zavion Thomas,WR,CHI,Showdown Captain Mode,10/11/2026,Showdown Captain Mode 10/11 1:00PM (CHI @ GB),1000,44423828,0.34,0.87,0.34,3,,,,,,,,,,,,,,,,10/11/2026,,,,,,,,,,,,,,,,,,,,,0.06,,,,,
Jackson Hawes,TE,BUF,Showdown Captain Mode,10/12/2026,Showdown Captain Mode 10/12 8:15PM (BUF @ LAR),600,44446828,0.64,0.87,1.07,1.8,,,,,,,,,,,,,,,,10/12/2026,,,,,,,,,,,,,,,,,,,,,0.11,,,,,
Elijah Arroyo,TE,SEA,Showdown Captain Mode,10/11/2026,Showdown Captain Mode 10/11 4:25PM (SF @ SEA),600,44434576,0.64,0.87,1.07,1.8,,,,,,,,,,,,,,,,10/11/2026,,,,,,,,,,,,,,,,,,,,,0.11,,,,,
Gavin Bartholomew,CPT,MIN,Showdown Captain Mode,10/11/2026,Showdown Captain Mode 10/11 1:00PM (MIN @ NO),900,44422731,0.41,0.87,0.46,2.7,,,,,,,,,,,,,,,,10/11/2026,,,,,,,,,,,,,,,,,,,,,0.07,,,,,
Jackson Hawes,TE,BUF,Showdown 2nd Half,10/12/2026,Showdown 2nd Half 10/12 9:15PM 2H (BUF @ LAR),600,44447703,0.64,0.87,1.07,1.8,,,,,,,,,,,,,,,,10/12/2026,,,,,,,,,,,,,,,,,,,,,0.11,,,,,
Jackson Hawes,TE,BUF,Showdown 4th Quarter,10/12/2026,Showdown 4th Quarter 10/12 9:45PM Q4 (BUF @ LAR),600,44447801,0.64,0.87,1.07,1.8,,,,,,,,,,,,,,,,10/12/2026,,,,,,,,,,,,,,,,,,,,,0.11,,,,,
Velus Jones Jr.,RB,SEA,Showdown Captain Mode,10/11/2026,Showdown Captain Mode 10/11 4:25PM (SF @ SEA),1000,44434574,0.32,0.86,0.32,3,,,,,,,,,,,,,,,,10/11/2026,,,,,,,,,,,,,,,,,,,,,0.05,,,,,
Jackson Meeks,CPT,DET,Showdown Captain Mode,10/11/2026,Showdown Captain Mode 10/11 4:25PM (DET @ ARI),900,44434845,0.39,0.85,0.43,2.7,,,,,,,,,,,,,,,,10/11/2026,,,,,,,,,,,,,,,,,,,,,0.06,,,,,
Luke Musgrave,TE,GB,Showdown Captain Mode,10/11/2026,Showdown Captain Mode 10/11 1:00PM (CHI @ GB),1400,44423826,0,0.84,0,4.2,,,,,,,,,,,,,,,,10/11/2026,,,,,,,,,,,,,,,,,,,,,,,,,,
Nick Singleton,RB,TEN,Showdown Captain Mode,10/11/2026,Showdown Captain Mode 10/11 1:00PM (HOU @ TEN),1400,44420925,0,0.84,0,4.2,,,,,,,,,,,,,,,,10/11/2026,,,,,,,,,,,,,,,,,,,,,,,,,,
Brevin Jordan,CPT,HOU,Showdown Captain Mode,10/11/2026,Showdown Captain Mode 10/11 1:00PM (HOU @ TEN),900,44420981,0.38,0.84,0.42,2.7,,,,,,,,,,,,,,,,10/11/2026,,,,,,,,,,,,,,,,,,,,,0.06,,,,,
Adam Trautman,TE,DEN,Showdown Captain Mode,10/11/2026,Showdown Captain Mode 10/11 4:05PM (DEN @ LAC),600,44434465,0.6,0.84,1,1.8,,,,,,,,,,,,,,,,10/11/2026,,,,,,,,,,,,,,,,,,,,,0.1,,,,,
Skyler Bell,WR,BUF,Showdown Captain Mode,10/12/2026,Showdown Captain Mode 10/12 8:15PM (BUF @ LAR),200,44446836,0.9,0.84,4.5,0.6,,,,,,,,,,,,,,,,10/12/2026,,,,,,,,,,,,,,,0.55,1,,,,,0.06,,,,,
Skyler Bell,WR,BUF,Showdown 2nd Half,10/12/2026,Showdown 2nd Half 10/12 9:15PM 2H (BUF @ LAR),200,44447719,0.9,0.84,4.5,0.6,,,,,,,,,,,,,,,,10/12/2026,,,,,,,,,,,,,,,0.55,1,,,,,0.06,,,,,
Skyler Bell,WR,BUF,Showdown 4th Quarter,10/12/2026,Showdown 4th Quarter 10/12 9:45PM Q4 (BUF @ LAR),200,44447805,0.9,0.84,4.5,0.6,,,,,,,,,,,,,,,,10/12/2026,,,,,,,,,,,,,,,0.55,1,,,,,0.06,,,,,
Charlie Jones,WR,NYG,Showdown Captain Mode,10/11/2026,Showdown Captain Mode 10/11 1:00PM (NYG @ WAS),800,44420705,0.44,0.83,0.55,2.4,,,,,,,,,,,,,,,,10/11/2026,,,,,,,,,,,,,,,,,,,,,0.07,,,,,
Greg Dortch,WR,BUF,Showdown Captain Mode,10/12/2026,Showdown Captain Mode 10/12 8:15PM (BUF @ LAR),800,44446827,0.43,0.82,0.54,2.4,,,,,,,,,,,,,,,,10/12/2026,,,,,,,,,,,,,,,,,,,,,0.07,,,,,
Greg Dortch,WR,BUF,Showdown 2nd Half,10/12/2026,Showdown 2nd Half 10/12 9:15PM 2H (BUF @ LAR),800,44447702,0.43,0.82,0.54,2.4,,,,,,,,,,,,,,,,10/12/2026,,,,,,,,,,,,,,,,,,,,,0.07,,,,,
Greg Dortch,WR,BUF,Showdown 4th Quarter,10/12/2026,Showdown 4th Quarter 10/12 9:45PM Q4 (BUF @ LAR),800,44447800,0.43,0.82,0.54,2.4,,,,,,,,,,,,,,,,10/12/2026,,,,,,,,,,,,,,,,,,,,,0.07,,,,,
LeQuint Allen Jr.,CPT,JAX,Showdown Captain Mode,10/11/2026,Showdown Captain Mode 10/11 9:30AM (PHI @ JAX),600,44420549,0.58,0.82,0.97,1.8,,,,,,,,,,,,,,,,10/11/2026,,,,,,,,,,,,,,,,,,,,,0.1,,,,,
Jared Wayne,WR,HOU,Showdown Captain Mode,10/11/2026,Showdown Captain Mode 10/11 1:00PM (HOU @ TEN),800,44420928,0.41,0.81,0.51,2.4,,,,,,,,,,,,,,,,10/11/2026,,,,,,,,,,,,,,,,,,,,,0.07,,,,,
Tylan Wallace,WR,CLE,Showdown Captain Mode,10/11/2026,Showdown Captain Mode 10/11 1:00PM (CLE @ NYJ),800,44422324,0.39,0.79,0.49,2.4,,,,,,,,,,,,,,,,10/11/2026,,,,,,,,,,,,,,,,,,,,,0.07,,,,,
Erick All Jr.,TE,CIN,Showdown Captain Mode,10/11/2026,Showdown Captain Mode 10/11 1:00PM (CIN @ MIA),600,44420601,0.54,0.79,0.9,1.8,,,,,,,,,,,,,,,,10/11/2026,,,,,,,,,,,,,,,,,,,,,0.09,,,,,
Connor Heyward,RB,LV,Showdown Captain Mode,10/11/2026,Showdown Captain Mode 10/11 1:00PM (LV @ NE),600,44420817,0.53,0.78,0.88,1.8,,,,,,,,,,12/30/1899,n/a,n/a,n/a,n/a,n/a,10/11/2026,,,,,,,,,,,,,,,,,,,,,0.09,,,,,
John Bates,TE,WAS,Showdown Captain Mode,10/11/2026,Showdown Captain Mode 10/11 1:00PM (NYG @ WAS),600,44420706,0.52,0.78,0.87,1.8,,,,,,,,,,,,,,,,10/11/2026,,,,,,,,,,,,,,,,,,,,,0.09,,,,,
Jelani Woods,TE,NYJ,Showdown Captain Mode,10/11/2026,Showdown Captain Mode 10/11 1:00PM (CLE @ NYJ),600,44422325,0.53,0.78,0.88,1.8,,,,,,,,,,,,,,,,10/11/2026,,,,,,,,,,,,,,,,,,,,,0.09,,,,,
Elijah Moore,WR,PHI,Showdown Captain Mode,10/11/2026,Showdown Captain Mode 10/11 9:30AM (PHI @ JAX),800,44420492,0.36,0.77,0.45,2.4,,,,,,,,,,,,,,,,10/11/2026,,,,,,,,,,,,,,,,,,,,,0.06,,,,,
Robert Tonyan,CPT,PIT,Showdown Captain Mode,10/11/2026,Showdown Captain Mode 10/11 1:00PM (IND @ PIT),900,44423296,0.29,0.77,0.32,2.7,,,,,,,,,,,,,,,,10/11/2026,,,,,,,,,,,,,,,,,,,,,0.05,,,,,
J. Michael Sturdivant,WR,GB,Showdown Captain Mode,10/11/2026,Showdown Captain Mode 10/11 1:00PM (CHI @ GB),800,44423829,0.35,0.76,0.44,2.4,,,,,,,,,,,,,,,,10/11/2026,,,,,,,,,,,,,,,,,,,,,0.06,,,,,
Chris Blair,WR,ATL,Showdown Captain Mode,10/11/2026,Showdown Captain Mode 10/11 8:20PM (BAL @ ATL),800,44446722,0.35,0.76,0.44,2.4,,,,,,,,,,,,,,,,10/11/2026,,,,,,,,,,,,,,,,,,,,,0.06,,,,,
Simi Fehoko,WR,ARI,Showdown Captain Mode,10/11/2026,Showdown Captain Mode 10/11 4:25PM (DET @ ARI),800,44434791,0.35,0.76,0.44,2.4,,,,,,,,,,,,,,,,10/11/2026,,,,,,,,,,,,,,,,,,,,,0.06,,,,,
Jalen Tolbert,WR,MIA,Showdown Captain Mode,10/11/2026,Showdown Captain Mode 10/11 1:00PM (CIN @ MIA),800,44420600,0.35,0.76,0.44,2.4,,,,,,,,,,,,,,,,10/11/2026,,,,,,,,,,,,,,,,,,,,,0.06,,,,,
Chris Blair,WR,ATL,Showdown 2nd Half,10/11/2026,Showdown 2nd Half 10/11 9:20PM 2H (BAL @ ATL),800,44447455,0.35,0.76,0.44,2.4,,,,,,,,,,,,,,,,10/11/2026,,,,,,,,,,,,,,,,,,,,,0.06,,,,,
Chris Blair,WR,ATL,Showdown 4th Quarter,10/11/2026,Showdown 4th Quarter 10/11 9:50PM Q4 (BAL @ ATL),800,44447600,0.35,0.76,0.44,2.4,,,,,,,,,,,,,,,,10/11/2026,,,,,,,,,,,,,,,,,,,,,0.06,,,,,
Reggie Gilliam,CPT,NE,Showdown Captain Mode,10/11/2026,Showdown Captain Mode 10/11 1:00PM (LV @ NE),600,44420875,0.48,0.74,0.8,1.8,,,,,,,,,,,,,,,,10/11/2026,,,,,,,,,,,,,,,,,,,,,0.08,,,,,
Jacob Cowing,CPT,SF,Showdown Captain Mode,10/11/2026,Showdown Captain Mode 10/11 4:25PM (SF @ SEA),300,44434655,0.7,0.74,2.33,0.9,,,,,,,,,,,,,,,,10/11/2026,,,,,,,,,,,,,,,,,,,,,0.12,,,,,
Braxton Berrios,WR,NYG,Showdown Captain Mode,10/11/2026,Showdown Captain Mode 10/11 1:00PM (NYG @ WAS),1200,44420703,0,0.72,0,3.6,,,,,,,,,,,,,,,,10/11/2026,,,,,,,,,,,,,,,,,,,,,,,,,,
Jordan James,CPT,SF,Showdown Captain Mode,10/11/2026,Showdown Captain Mode 10/11 4:25PM (SF @ SEA),1200,44434634,0,0.72,0,3.6,,,,,,,,,,,,,,,,10/11/2026,,,,,,,,,,,,,,,,,,,,,,,,,,
Charlie Woerner,TE,ATL,Showdown Captain Mode,10/11/2026,Showdown Captain Mode 10/11 8:20PM (BAL @ ATL),600,44446723,0.42,0.7,0.7,1.8,,,,,,,,,,,,,,,,10/11/2026,,,,,,,,,,,,,,,,,,,,,0.07,,,,,
Charlie Woerner,TE,ATL,Showdown 2nd Half,10/11/2026,Showdown 2nd Half 10/11 9:20PM 2H (BAL @ ATL),600,44447456,0.42,0.7,0.7,1.8,,,,,,,,,,,,,,,,10/11/2026,,,,,,,,,,,,,,,,,,,,,0.07,,,,,
Charlie Woerner,TE,ATL,Showdown 4th Quarter,10/11/2026,Showdown 4th Quarter 10/11 9:50PM Q4 (BAL @ ATL),600,44447601,0.42,0.7,0.7,1.8,,,,,,,,,,,,,,,,10/11/2026,,,,,,,,,,,,,,,,,,,,,0.07,,,,,
LeQuint Allen Jr.,RB,JAX,Showdown Captain Mode,10/11/2026,Showdown Captain Mode 10/11 9:30AM (PHI @ JAX),400,44420494,0.58,0.7,1.45,1.2,,,,,,,,,,,,,,,,10/11/2026,,,,,,,,,,,,,,,,,,,,,0.1,,,,,
Gavin Bartholomew,TE,MIN,Showdown Captain Mode,10/11/2026,Showdown Captain Mode 10/11 1:00PM (MIN @ NO),600,44422674,0.41,0.69,0.68,1.8,,,,,,,,,,,,,,,,10/11/2026,,,,,,,,,,,,,,,,,,,,,0.07,,,,,
DJ Herman,CPT,MIA,Showdown Captain Mode,10/11/2026,Showdown Captain Mode 10/11 1:00PM (CIN @ MIA),600,44420654,0.41,0.69,0.68,1.8,,,,,,,,,,,,,,,,10/11/2026,,,,,,,,,,,,,,,,,,,,,0.07,,,,,
Reggie Virgil,CPT,ARI,Showdown Captain Mode,10/11/2026,Showdown Captain Mode 10/11 4:25PM (DET @ ARI),300,44434858,0.64,0.69,2.13,0.9,,,,,,,,,,,,,,,,10/11/2026,,,,,,,,,,,,,,,,,,,,,0.11,,,,,
Kevin Austin Jr.,WR,NO,Showdown Captain Mode,10/11/2026,Showdown Captain Mode 10/11 1:00PM (MIN @ NO),800,44422673,0.25,0.68,0.31,2.4,,,,,,,,,,,,,,,,10/11/2026,,,,,,,,,,,,,,,,,,,,,0.04,,,,,
Jacob Cowing,WR,SF,Showdown Captain Mode,10/11/2026,Showdown Captain Mode 10/11 4:25PM (SF @ SEA),200,44434596,0.7,0.68,3.5,0.6,,,,,,,,,,,,,,,,10/11/2026,,,,,,,,,,,,,,,,,,,,,0.12,,,,,
Jackson Meeks,TE,DET,Showdown Captain Mode,10/11/2026,Showdown Captain Mode 10/11 4:25PM (DET @ ARI),600,44434792,0.39,0.67,0.65,1.8,,,,,,,,,,,,,,,,10/11/2026,,,,,,,,,,,,,,,,,,,,,0.06,,,,,
Brevin Jordan,TE,HOU,Showdown Captain Mode,10/11/2026,Showdown Captain Mode 10/11 1:00PM (HOU @ TEN),600,44420929,0.38,0.66,0.63,1.8,,,,,,,,,,,,,,,,10/11/2026,,,,,,,,,,,,,,,,,,,,,0.06,,,,,
Alec Ingold,CPT,LAC,Showdown Captain Mode,10/11/2026,Showdown Captain Mode 10/11 4:05PM (DEN @ LAC),600,44434521,0.37,0.66,0.62,1.8,,,,,,,,,,,,,,,,10/11/2026,,,,,,,,,,,,,,,,,,,,,0.06,,,,,
Luke McCaffrey,CPT,WAS,Showdown Captain Mode,10/11/2026,Showdown Captain Mode 10/11 1:00PM (NYG @ WAS),300,44420776,0.57,0.64,1.9,0.9,,,,,,,,,,,,,,,,10/11/2026,,,,,,,,,,,,,,,,,,,,,0.09,,,,,
Reggie Virgil,WR,ARI,Showdown Captain Mode,10/11/2026,Showdown Captain Mode 10/11 4:25PM (DET @ ARI),200,44434805,0.64,0.63,3.2,0.6,,,,,,,,,,,,,,,,10/11/2026,,,,,,,,,,,,,,,,,,,,,0.11,,,,,
Jack Endries,CPT,CIN,Showdown Captain Mode,10/11/2026,Showdown Captain Mode 10/11 1:00PM (CIN @ MIA),300,44420668,0.56,0.63,1.87,0.9,,,,,,,,,,,,,,,,10/11/2026,,,,,,,,,,,,,,,,,,,,,0.09,,,,,
Reggie Gilliam,RB,NE,Showdown Captain Mode,10/11/2026,Showdown Captain Mode 10/11 1:00PM (LV @ NE),400,44420818,0.48,0.62,1.2,1.2,,,,,,,,,,,,,,,,10/11/2026,,,,,,,,,,,,,,,,,,,,,0.08,,,,,
Dare Ogunbowale,CPT,HOU,Showdown Captain Mode,10/11/2026,Showdown Captain Mode 10/11 1:00PM (HOU @ TEN),600,44420982,0.31,0.61,0.52,1.8,,,,,,,,,,,,,,,,10/11/2026,,,,,,,,,,,,,,,,,,,,,0.05,,,,,
Brady Russell,CPT,SEA,Showdown Captain Mode,10/11/2026,Showdown Captain Mode 10/11 4:25PM (SF @ SEA),600,44434636,0.3,0.6,0.5,1.8,,,,,,,,,,,,,,,,10/11/2026,,,,,,,,,,,,,,,,,,,,,0.05,,,,,
Hayden Rucci,CPT,LAC,Showdown Captain Mode,10/11/2026,Showdown Captain Mode 10/11 4:05PM (DEN @ LAC),300,44434544,0.52,0.6,1.73,0.9,,,,,,,,,,,,,,,,10/11/2026,,,,,,,,,,,,,,,,,,,,,0.09,,,,,
Robert Tonyan,TE,PIT,Showdown Captain Mode,10/11/2026,Showdown Captain Mode 10/11 1:00PM (IND @ PIT),600,44423204,0.29,0.59,0.48,1.8,,,,,,,,,,,,,,,,10/11/2026,,,,,,,,,,,,,,,,,,,,,0.05,,,,,
DJ Giddens,CPT,IND,Showdown Captain Mode,10/11/2026,Showdown Captain Mode 10/11 1:00PM (IND @ PIT),600,44423298,0.29,0.59,0.48,1.8,,,,,,,,,,,,,,,,10/11/2026,,,,,,,,,,,,,,,,,,,,,0.05,,,,,
Patrick Ricard,CPT,NYG,Showdown Captain Mode,10/11/2026,Showdown Captain Mode 10/11 1:00PM (NYG @ WAS),600,44420763,0.29,0.59,0.48,1.8,,,,,,,,,,,,,,,,10/11/2026,,,,,,,,,,,,,,,,,,,,,0.05,,,,,
Andrew Beck,CPT,NYJ,Showdown Captain Mode,10/11/2026,Showdown Captain Mode 10/11 1:00PM (CLE @ NYJ),600,44422379,0.27,0.58,0.45,1.8,,,,,,,,,,,,,,,,10/11/2026,,,,,,,,,,,,,,,,,,,,,0.05,,,,,
Luke McCaffrey,WR,WAS,Showdown Captain Mode,10/11/2026,Showdown Captain Mode 10/11 1:00PM (NYG @ WAS),200,44420720,0.57,0.58,2.85,0.6,,,,,,,,,,,,,,,,10/11/2026,,,,,,,,,,,,,,,,,,,,,0.09,,,,,
DJ Herman,RB,MIA,Showdown Captain Mode,10/11/2026,Showdown Captain Mode 10/11 1:00PM (CIN @ MIA),400,44420602,0.41,0.57,1.02,1.2,,,,,,,,,,,,,,,,10/11/2026,,,,,,,,,,,,,,,,,,,,,0.07,,,,,
Barion Brown,CPT,NO,Showdown Captain Mode,10/11/2026,Showdown Captain Mode 10/11 1:00PM (MIN @ NO),300,44422746,0.49,0.57,1.63,0.9,,,,,,,,,,,,,,,,10/11/2026,,,,,,,,,,,,,,,,,,,,,0.08,,,,,
Anthony Gould,CPT,IND,Showdown Captain Mode,10/11/2026,Showdown Captain Mode 10/11 1:00PM (IND @ PIT),300,44423322,0.49,0.57,1.63,0.9,,,,,,,,,,,,,,,,10/11/2026,,,,,,,,,,,,,,,,,,,,,0.08,,,,,
Jack Endries,TE,CIN,Showdown Captain Mode,10/11/2026,Showdown Captain Mode 10/11 1:00PM (CIN @ MIA),200,44420616,0.56,0.57,2.8,0.6,,,,,,,,,,,,,,,,10/11/2026,,,,,,,,,,,,,,,,,,,,,0.09,,,,,
Dean Connors,CPT,LAR,Showdown Captain Mode,10/12/2026,Showdown Captain Mode 10/12 8:15PM (BUF @ LAR),600,44446878,0.25,0.56,0.42,1.8,,,,,,,,,,,,,,,,10/12/2026,,,,,,,,,,,,,,,,,,,,,0.04,,,,,
Dean Connors,CPT,LAR,Showdown 2nd Half,10/12/2026,Showdown 2nd Half 10/12 9:15PM 2H (BUF @ LAR),600,44447655,0.25,0.56,0.42,1.8,,,,,,,,,,,,,,,,10/12/2026,,,,,,,,,,,,,,,,,,,,,0.04,,,,,
Dean Connors,CPT,LAR,Showdown 4th Quarter,10/12/2026,Showdown 4th Quarter 10/12 9:45PM Q4 (BUF @ LAR),600,44447753,0.25,0.56,0.42,1.8,,,,,,,,,,,,,,,,10/12/2026,,,,,,,,,,,,,,,,,,,,,0.04,,,,,
Ameer Abdullah,CPT,JAX,Showdown Captain Mode,10/11/2026,Showdown Captain Mode 10/11 9:30AM (PHI @ JAX),300,44420551,0.48,0.56,1.6,0.9,,,,,,,,,,,,,,,,10/11/2026,,,,,,,,,,,,,,,,,,,,,0.08,,,,,
Pierre Strong Jr.,CPT,GB,Showdown Captain Mode,10/11/2026,Showdown Captain Mode 10/11 1:00PM (CHI @ GB),300,44423886,0.48,0.56,1.6,0.9,,,,,,,,,,,,,,,,10/11/2026,,,,,,,,,,,,,,,,,,,,,0.08,,,,,
Rasheen Ali,CPT,BAL,Showdown Captain Mode,10/11/2026,Showdown Captain Mode 10/11 8:20PM (BAL @ ATL),600,44446776,0.24,0.55,0.4,1.8,,,,,,,,,,,,,,,,10/11/2026,,,,,,,,,,,,,,,,,,,,,0.04,,,,,
Rasheen Ali,CPT,BAL,Showdown 2nd Half,10/11/2026,Showdown 2nd Half 10/11 9:20PM 2H (BAL @ ATL),600,44447405,0.24,0.55,0.4,1.8,,,,,,,,,,,,,,,,10/11/2026,,,,,,,,,,,,,,,,,,,,,0.04,,,,,
Rasheen Ali,CPT,BAL,Showdown 4th Quarter,10/11/2026,Showdown 4th Quarter 10/11 9:50PM Q4 (BAL @ ATL),600,44447550,0.24,0.55,0.4,1.8,,,,,,,,,,,,,,,,10/11/2026,,,,,,,,,,,,,,,,,,,,,0.04,,,,,
Nick Westbrook-Ikhine,CPT,IND,Showdown Captain Mode,10/11/2026,Showdown Captain Mode 10/11 1:00PM (IND @ PIT),300,44423310,0.46,0.55,1.53,0.9,,,,,,,,,,,,,,,,10/11/2026,,,,,,,,,,,,,,,,,,,,,0.08,,,,,
Jacob Saylors,CPT,DET,Showdown Captain Mode,10/11/2026,Showdown Captain Mode 10/11 4:25PM (DET @ ARI),600,44434846,0.23,0.54,0.38,1.8,,,,,,,,,,,,,,,,10/11/2026,,,,,,,,,,,,,,,,,,,,,0.04,,,,,
Alec Ingold,RB,LAC,Showdown Captain Mode,10/11/2026,Showdown Captain Mode 10/11 4:05PM (DEN @ LAC),400,44434466,0.37,0.54,0.92,1.2,,,,,,,,,,,,,,,,10/11/2026,,,,,,,,,,,,,,,,,,,,,0.06,,,,,
Brayden Willis,CPT,SF,Showdown Captain Mode,10/11/2026,Showdown Captain Mode 10/11 4:25PM (SF @ SEA),300,44434657,0.45,0.54,1.5,0.9,,,,,,,,,,,,,,,,10/11/2026,,,,,,,,,,,,,,,,,,,,,0.08,,,,,
Hayden Rucci,TE,LAC,Showdown Captain Mode,10/11/2026,Showdown Captain Mode 10/11 4:05PM (DEN @ LAC),200,44434489,0.52,0.54,2.6,0.6,,,,,,,,,,,,,,,,10/11/2026,,,,,,,,,,,,,,,,,,,,,0.09,,,,,
CJ Daniels,CPT,LAR,Showdown Captain Mode,10/12/2026,Showdown Captain Mode 10/12 8:15PM (BUF @ LAR),300,44446883,0.44,0.53,1.47,0.9,,,,,,,,,,,,,,,,10/12/2026,,,,,,,,,,,,,,,,,,,,,0.07,,,,,
CJ Daniels,CPT,LAR,Showdown 2nd Half,10/12/2026,Showdown 2nd Half 10/12 9:15PM 2H (BUF @ LAR),300,44447665,0.44,0.53,1.47,0.9,,,,,,,,,,,,,,,,10/12/2026,,,,,,,,,,,,,,,,,,,,,0.07,,,,,
CJ Daniels,CPT,LAR,Showdown 4th Quarter,10/12/2026,Showdown 4th Quarter 10/12 9:45PM Q4 (BUF @ LAR),300,44447754,0.44,0.53,1.47,0.9,,,,,,,,,,,,,,,,10/12/2026,,,,,,,,,,,,,,,,,,,,,0.07,,,,,
Salvon Ahmed,CPT,CHI,Showdown Captain Mode,10/11/2026,Showdown Captain Mode 10/11 1:00PM (CHI @ GB),300,44423887,0.42,0.52,1.4,0.9,,,,,,,,,,,,,,,,10/11/2026,,,,,,,,,,,,,,,,,,,,,0.07,,,,,
Josh Cuevas,CPT,BAL,Showdown Captain Mode,10/11/2026,Showdown Captain Mode 10/11 8:20PM (BAL @ ATL),300,44446792,0.42,0.52,1.4,0.9,,,,,,,,,,,,,,,,10/11/2026,,,,,,,,,,,,,,,,,,,,,0.07,,,,,
Devin Duvernay,CPT,ARI,Showdown Captain Mode,10/11/2026,Showdown Captain Mode 10/11 4:25PM (DET @ ARI),300,44434859,0.42,0.52,1.4,0.9,,,,,,,,,,,,,,,,10/11/2026,,,,,,,,,,,,,,,,,,,,,0.07,,,,,
Jeshaun Jones,CPT,MIN,Showdown Captain Mode,10/11/2026,Showdown Captain Mode 10/11 1:00PM (MIN @ NO),300,44448332,0.42,0.52,1.4,0.9,,,,,,,,,,,,,,,,10/11/2026,,,,,,,,,,,,,,,,,,,,,0.07,,,,,
Lewis Bond,CPT,HOU,Showdown Captain Mode,10/11/2026,Showdown Captain Mode 10/11 1:00PM (HOU @ TEN),300,44420992,0.42,0.52,1.4,0.9,,,,,,,,,,,,,,,,10/11/2026,,,,,,,,,,,,,,,,,,,,,0.07,,,,,
Lil'Jordan Humphrey,CPT,DEN,Showdown Captain Mode,10/11/2026,Showdown Captain Mode 10/11 4:05PM (DEN @ LAC),300,44434533,0.42,0.52,1.4,0.9,,,,,,,,,,,,,,,,10/11/2026,,,,,,,,,,,,,,,,,,,,,0.07,,,,,
Gary Jennings,CPT,LAC,Showdown Captain Mode,10/11/2026,Showdown Captain Mode 10/11 4:05PM (DEN @ LAC),300,44434534,0.42,0.52,1.4,0.9,,,,,,,,,,,,,,,,10/11/2026,,,,,,,,,,,,,,,,,,,,,0.07,,,,,
Josh Cuevas,CPT,BAL,Showdown 2nd Half,10/11/2026,Showdown 2nd Half 10/11 9:20PM 2H (BAL @ ATL),300,44447417,0.42,0.52,1.4,0.9,,,,,,,,,,,,,,,,10/11/2026,,,,,,,,,,,,,,,,,,,,,0.07,,,,,
Josh Cuevas,CPT,BAL,Showdown 4th Quarter,10/11/2026,Showdown 4th Quarter 10/11 9:50PM Q4 (BAL @ ATL),300,44447556,0.42,0.52,1.4,0.9,,,,,,,,,,,,,,,,10/11/2026,,,,,,,,,,,,,,,,,,,,,0.07,,,,,
Quintin Morris,CPT,JAX,Showdown Captain Mode,10/11/2026,Showdown Captain Mode 10/11 9:30AM (PHI @ JAX),300,44420561,0.41,0.51,1.37,0.9,,,,,,,,,,,,,,,,10/11/2026,,,,,,,,,,,,,,,,,,,,,0.07,,,,,
Tanner Arkin,CPT,NE,Showdown Captain Mode,10/11/2026,Showdown Captain Mode 10/11 1:00PM (LV @ NE),300,44420895,0.41,0.51,1.37,0.9,,,,,,,,,,,,,,,,10/11/2026,,,,,,,,,,,,,,,,,,,,,0.07,,,,,
Cameron Latu,CPT,NE,Showdown Captain Mode,10/11/2026,Showdown Captain Mode 10/11 1:00PM (LV @ NE),300,44420897,0.41,0.51,1.37,0.9,,,,,,,,,,,,,,,,10/11/2026,,,,,,,,,,,,,,,,,,,,,0.07,,,,,
Barion Brown,WR,NO,Showdown Captain Mode,10/11/2026,Showdown Captain Mode 10/11 1:00PM (MIN @ NO),200,44422689,0.49,0.51,2.45,0.6,,,,,,,,,,,,,,,,10/11/2026,,,,,,,,,,,,,,,,,,,,,0.08,,,,,
Anthony Gould,WR,IND,Showdown Captain Mode,10/11/2026,Showdown Captain Mode 10/11 1:00PM (IND @ PIT),200,44423225,0.49,0.51,2.45,0.6,,,,,,,,,,,,,,,,10/11/2026,,,,,,,,,,,,,,,,,,,,,0.08,,,,,
Kaden Wetjen,CPT,PIT,Showdown Captain Mode,10/11/2026,Showdown Captain Mode 10/11 1:00PM (IND @ PIT),300,44423324,0.41,0.51,1.37,0.9,,,,,,,,,,,,,,,,10/11/2026,,,,,,,,,,,,,,,,,,,,,0.07,,,,,
Ameer Abdullah,RB,JAX,Showdown Captain Mode,10/11/2026,Showdown Captain Mode 10/11 9:30AM (PHI @ JAX),200,44420496,0.48,0.5,2.4,0.6,,,,,,,,,,,,,,,,10/11/2026,,,,,,,,,,,,,,,,,,,,,0.08,,,,,
Pierre Strong Jr.,RB,GB,Showdown Captain Mode,10/11/2026,Showdown Captain Mode 10/11 1:00PM (CHI @ GB),200,44423832,0.48,0.5,2.4,0.6,,,,,,,,,,,,,,,,10/11/2026,,,,,,,,,,,,,,,,,,,,,0.08,,,,,
Dare Ogunbowale,RB,HOU,Showdown Captain Mode,10/11/2026,Showdown Captain Mode 10/11 1:00PM (HOU @ TEN),400,44420930,0.31,0.49,0.77,1.2,,,,,,,,,,,,,,,,10/11/2026,,,,,,,,,,,,,,,,,,,,,0.05,,,,,
Nick Westbrook-Ikhine,WR,IND,Showdown Captain Mode,10/11/2026,Showdown Captain Mode 10/11 1:00PM (IND @ PIT),200,44423215,0.46,0.49,2.3,0.6,,,,,,,,,,,,,,,,10/11/2026,,,,,,,,,,,,,,,,,,,,,0.08,,,,,
Jordan James,RB,SF,Showdown Captain Mode,10/11/2026,Showdown Captain Mode 10/11 4:25PM (SF @ SEA),800,44434575,0,0.48,0,2.4,,,,,,,,,,,,,,,,10/11/2026,,,,,,,,,,,,,,,,,,,,,,,,,,
Brady Russell,RB,SEA,Showdown Captain Mode,10/11/2026,Showdown Captain Mode 10/11 4:25PM (SF @ SEA),400,44434577,0.3,0.48,0.75,1.2,,,,,,,,,,,,,,,,10/11/2026,,,,,,,,,,,,,,,,,,,,,0.05,,,,,
Tanner Koziol,CPT,JAX,Showdown Captain Mode,10/11/2026,Showdown Captain Mode 10/11 9:30AM (PHI @ JAX),300,44420566,0.38,0.48,1.27,0.9,,,,,,,,,,,,,,,,10/11/2026,,,,,,,,,,,,,,,,,,,,,0.06,,,,,
Nick Vannett,CPT,BAL,Showdown Captain Mode,10/11/2026,Showdown Captain Mode 10/11 8:20PM (BAL @ ATL),300,44446793,0.37,0.48,1.23,0.9,,,,,,,,,,,,,,,,10/11/2026,,,,,,,,,,,,,,,,,,,,,0.06,,,,,
Brayden Willis,TE,SF,Showdown Captain Mode,10/11/2026,Showdown Captain Mode 10/11 4:25PM (SF @ SEA),200,44434598,0.45,0.48,2.25,0.6,,,,,,,,,,,,,,,,10/11/2026,,,,,,,,,,,,,,,,,,,,,0.08,,,,,
Drew Ogletree,CPT,IND,Showdown Captain Mode,10/11/2026,Showdown Captain Mode 10/11 1:00PM (IND @ PIT),300,44423334,0.38,0.48,1.27,0.9,,,,,,,,,,,,,,,,10/11/2026,,,,,,,,,,,,,,,,,,,,,0.06,,,,,
Dallen Bentley,CPT,DEN,Showdown Captain Mode,10/11/2026,Showdown Captain Mode 10/11 4:05PM (DEN @ LAC),300,44434543,0.38,0.48,1.27,0.9,,,,,,,,,,,,,,,,10/11/2026,,,,,,,,,,,,,,,,,,,,,0.06,,,,,
Nick Vannett,CPT,BAL,Showdown 2nd Half,10/11/2026,Showdown 2nd Half 10/11 9:20PM 2H (BAL @ ATL),300,44447424,0.37,0.48,1.23,0.9,,,,,,,,,,,,,,,,10/11/2026,,,,,,,,,,,,,,,,,,,,,0.06,,,,,
Nick Vannett,CPT,BAL,Showdown 4th Quarter,10/11/2026,Showdown 4th Quarter 10/11 9:50PM Q4 (BAL @ ATL),300,44447554,0.37,0.48,1.23,0.9,,,,,,,,,,,,,,,,10/11/2026,,,,,,,,,,,,,,,,,,,,,0.06,,,,,
DJ Giddens,RB,IND,Showdown Captain Mode,10/11/2026,Showdown Captain Mode 10/11 1:00PM (IND @ PIT),400,44423205,0.29,0.47,0.72,1.2,,,,,,,,,,,,,,,,10/11/2026,,,,,,,,,,,,,,,,,,,,,0.05,,,,,
Patrick Ricard,RB,NYG,Showdown Captain Mode,10/11/2026,Showdown Captain Mode 10/11 1:00PM (NYG @ WAS),400,44420707,0.29,0.47,0.72,1.2,,,,,,,,,,,,,,,,10/11/2026,,,,,,,,,,,,,,,,,,,,,0.05,,,,,
Britain Covey,CPT,PHI,Showdown Captain Mode,10/11/2026,Showdown Captain Mode 10/11 9:30AM (PHI @ JAX),300,44420559,0.36,0.47,1.2,0.9,,,,,,,,,,,,,,,,10/11/2026,,,,,,,,,,,,,,,,,,,,,0.06,,,,,
CJ Daniels,WR,LAR,Showdown Captain Mode,10/12/2026,Showdown Captain Mode 10/12 8:15PM (BUF @ LAR),200,44446834,0.44,0.47,2.2,0.6,,,,,,,,,,,,,,,,10/12/2026,,,,,,,,,,,,,,,,,,,,,0.07,,,,,
Malik Turner,CPT,SF,Showdown Captain Mode,10/11/2026,Showdown Captain Mode 10/11 4:25PM (SF @ SEA),300,44434650,0.36,0.47,1.2,0.9,,,,,,,,,,,,,,,,10/11/2026,,,,,,,,,,,,,,,,,,,,,0.06,,,,,
Hunter Long,CPT,ARI,Showdown Captain Mode,10/11/2026,Showdown Captain Mode 10/11 4:25PM (DET @ ARI),300,44434861,0.36,0.47,1.2,0.9,,,,,,,,,,,,,,,,10/11/2026,,,,,,,,,,,,,,,,,,,,,0.06,,,,,
Michael Carter,CPT,TEN,Showdown Captain Mode,10/11/2026,Showdown Captain Mode 10/11 1:00PM (HOU @ TEN),300,44420985,0.36,0.47,1.2,0.9,,,,,,,,,,,,,,,,10/11/2026,,,,,,,,,,,,,,,,,,,,,0.06,,,,,
CJ Daniels,WR,LAR,Showdown 2nd Half,10/12/2026,Showdown 2nd Half 10/12 9:15PM 2H (BUF @ LAR),200,44447705,0.44,0.47,2.2,0.6,,,,,,,,,,,,,,,,10/12/2026,,,,,,,,,,,,,,,,,,,,,0.07,,,,,
CJ Daniels,WR,LAR,Showdown 4th Quarter,10/12/2026,Showdown 4th Quarter 10/12 9:45PM Q4 (BUF @ LAR),200,44447816,0.44,0.47,2.2,0.6,,,,,,,,,,,,,,,,10/12/2026,,,,,,,,,,,,,,,,,,,,,0.07,,,,,
Andrew Beck,RB,NYJ,Showdown Captain Mode,10/11/2026,Showdown Captain Mode 10/11 1:00PM (CLE @ NYJ),400,44422326,0.27,0.46,0.68,1.2,,,,,,,,,,,,,,,,10/11/2026,,,,,,,,,,,,,,,,,,,,,0.05,,,,,
Salvon Ahmed,RB,CHI,Showdown Captain Mode,10/11/2026,Showdown Captain Mode 10/11 1:00PM (CHI @ GB),200,44423833,0.42,0.46,2.1,0.6,,,,,,,,,,,,,,,,10/11/2026,,,,,,,,,,,,,,,,,,,,,0.07,,,,,
Josh Cuevas,TE,BAL,Showdown Captain Mode,10/11/2026,Showdown Captain Mode 10/11 8:20PM (BAL @ ATL),200,44446740,0.42,0.46,2.1,0.6,,,,,,,,,,,,,,,,10/11/2026,,,,,,,,,,,,,,,,,,,,,0.07,,,,,
Devin Duvernay,WR,ARI,Showdown Captain Mode,10/11/2026,Showdown Captain Mode 10/11 4:25PM (DET @ ARI),200,44434806,0.42,0.46,2.1,0.6,,,,,,,,,,,,,,,,10/11/2026,,,,,,,,,,,,,,,,,,,,,0.07,,,,,
Tyler Conklin,CPT,DET,Showdown Captain Mode,10/11/2026,Showdown Captain Mode 10/11 4:25PM (DET @ ARI),300,44434866,0.35,0.46,1.17,0.9,,,,,,,,,,,,,,,,10/11/2026,,,,,,,,,,,,,,,,,,,,,0.06,,,,,
Jeshaun Jones,WR,MIN,Showdown Captain Mode,10/11/2026,Showdown Captain Mode 10/11 1:00PM (MIN @ NO),200,44448330,0.42,0.46,2.1,0.6,,,,,,,,,,,,,,,,10/11/2026,,,,,,,,,,,,,,,,,,,,,0.07,,,,,
Lewis Bond,WR,HOU,Showdown Captain Mode,10/11/2026,Showdown Captain Mode 10/11 1:00PM (HOU @ TEN),200,44420940,0.42,0.46,2.1,0.6,,,,,,,,,,,,,,,,10/11/2026,,,,,,,,,,,,,,,,,,,,,0.07,,,,,
Marlin Klein,CPT,HOU,Showdown Captain Mode,10/11/2026,Showdown Captain Mode 10/11 1:00PM (HOU @ TEN),300,44420996,0.35,0.46,1.17,0.9,,,,,,,,,,,,,,,,10/11/2026,,,,,,,,,,,,,,,,,,,,,0.06,,,,,
Lil'Jordan Humphrey,WR,DEN,Showdown Captain Mode,10/11/2026,Showdown Captain Mode 10/11 4:05PM (DEN @ LAC),200,44434478,0.42,0.46,2.1,0.6,,,,,,,,,,,,,,,,10/11/2026,,,,,,,,,,,,,,,,,,,,,0.07,,,,,
Gary Jennings,WR,LAC,Showdown Captain Mode,10/11/2026,Showdown Captain Mode 10/11 4:05PM (DEN @ LAC),200,44434479,0.42,0.46,2.1,0.6,,,,,,,,,,,,,,,,10/11/2026,,,,,,,,,,,,,,,,,,,,,0.07,,,,,
Josh Cuevas,TE,BAL,Showdown 2nd Half,10/11/2026,Showdown 2nd Half 10/11 9:20PM 2H (BAL @ ATL),200,44447462,0.42,0.46,2.1,0.6,,,,,,,,,,,,,,,,10/11/2026,,,,,,,,,,,,,,,,,,,,,0.07,,,,,
Josh Cuevas,TE,BAL,Showdown 4th Quarter,10/11/2026,Showdown 4th Quarter 10/11 9:50PM Q4 (BAL @ ATL),200,44447604,0.42,0.46,2.1,0.6,,,,,,,,,,,,,,,,10/11/2026,,,,,,,,,,,,,,,,,,,,,0.07,,,,,
Quintin Morris,TE,JAX,Showdown Captain Mode,10/11/2026,Showdown Captain Mode 10/11 9:30AM (PHI @ JAX),200,44420506,0.41,0.45,2.05,0.6,,,,,,,,,,,,,,,,10/11/2026,,,,,,,,,,,,,,,,,,,,,0.07,,,,,
Teagan Quitoriano,CPT,ARI,Showdown Captain Mode,10/11/2026,Showdown Captain Mode 10/11 4:25PM (DET @ ARI),300,44434867,0.34,0.45,1.13,0.9,,,,,,,,,,,,,,,,10/11/2026,,,,,,,,,,,,,,,,,,,,,0.06,,,,,
Tanner Arkin,TE,NE,Showdown Captain Mode,10/11/2026,Showdown Captain Mode 10/11 1:00PM (LV @ NE),200,44420838,0.41,0.45,2.05,0.6,,,,,,,,,,,,,,,,10/11/2026,,,,,,,,,,,,,,,,,,,,,0.07,,,,,
Cameron Latu,TE,NE,Showdown Captain Mode,10/11/2026,Showdown Captain Mode 10/11 1:00PM (LV @ NE),200,44420840,0.41,0.45,2.05,0.6,,,,,,,,,,,,,,,,10/11/2026,,,,,,,,,,,,,,,,,,,,,0.07,,,,,
Kaden Wetjen,WR,PIT,Showdown Captain Mode,10/11/2026,Showdown Captain Mode 10/11 1:00PM (IND @ PIT),200,44423226,0.41,0.45,2.05,0.6,,,,,,,,,,,,,,,,10/11/2026,,,,,,,,,,,,,,,,,,,,,0.07,,,,,
Colson Yankoff,CPT,WAS,Showdown Captain Mode,10/11/2026,Showdown Captain Mode 10/11 1:00PM (NYG @ WAS),300,44420778,0.34,0.45,1.13,0.9,,,,,,,,,,,,,,,,10/11/2026,,,,,,,,,,,,,,,,,,,,,0.06,,,,,
Dean Connors,RB,LAR,Showdown Captain Mode,10/12/2026,Showdown Captain Mode 10/12 8:15PM (BUF @ LAR),400,44446829,0.25,0.44,0.63,1.2,,,,,,,,,,,,,,,,10/12/2026,,,,,,,,,,,,,,,,,,,,,0.04,,,,,
Dean Connors,RB,LAR,Showdown 2nd Half,10/12/2026,Showdown 2nd Half 10/12 9:15PM 2H (BUF @ LAR),400,44447704,0.25,0.44,0.63,1.2,,,,,,,,,,,,,,,,10/12/2026,,,,,,,,,,,,,,,,,,,,,0.04,,,,,
Dean Connors,RB,LAR,Showdown 4th Quarter,10/12/2026,Showdown 4th Quarter 10/12 9:45PM Q4 (BUF @ LAR),400,44447802,0.25,0.44,0.63,1.2,,,,,,,,,,,,,,,,10/12/2026,,,,,,,,,,,,,,,,,,,,,0.04,,,,,
Nick Muse,CPT,ATL,Showdown Captain Mode,10/11/2026,Showdown Captain Mode 10/11 8:20PM (BAL @ ATL),300,44446795,0.32,0.44,1.07,0.9,,,,,,,,,,,,,,,,10/11/2026,,,,,,,,,,,,,,,,,,,,,0.05,,,,,
Justin Joly,CPT,MIA,Showdown Captain Mode,10/11/2026,Showdown Captain Mode 10/11 1:00PM (CIN @ MIA),300,44420670,0.33,0.44,1.1,0.9,,,,,,,,,,,,,,,,10/11/2026,,,,,,,,,,,,,,,,,,,,,0.06,,,,,
Seydou Traore,CPT,MIA,Showdown Captain Mode,10/11/2026,Showdown Captain Mode 10/11 1:00PM (CIN @ MIA),300,44420671,0.32,0.44,1.07,0.9,,,,,,,,,,,,,,,,10/11/2026,,,,,,,,,,,,,,,,,,,,,0.05,,,,,
David Martin-Robinson,CPT,TEN,Showdown Captain Mode,10/11/2026,Showdown Captain Mode 10/11 1:00PM (HOU @ TEN),300,44421001,0.33,0.44,1.1,0.9,,,,,,,,,,,,,,,,10/11/2026,,,,,,,,,,,,,,,,,,,,,0.06,,,,,
Malik McClain,CPT,NYJ,Showdown Captain Mode,10/11/2026,Showdown Captain Mode 10/11 1:00PM (CLE @ NYJ),300,44422392,0.32,0.44,1.07,0.9,,,,,,,,,,,,,,,,10/11/2026,,,,,,,,,,,,,,,,,,,,,0.05,,,,,
Adam Prentice,CPT,DEN,Showdown Captain Mode,10/11/2026,Showdown Captain Mode 10/11 4:05PM (DEN @ LAC),300,44434523,0.32,0.44,1.07,0.9,,,,,,,,,,,,,,,,10/11/2026,,,,,,,,,,,,,,,,,,,,,0.05,,,,,
Nick Muse,CPT,ATL,Showdown 2nd Half,10/11/2026,Showdown 2nd Half 10/11 9:20PM 2H (BAL @ ATL),300,44447413,0.32,0.44,1.07,0.9,,,,,,,,,,,,,,,,10/11/2026,,,,,,,,,,,,,,,,,,,,,0.05,,,,,
Nick Muse,CPT,ATL,Showdown 4th Quarter,10/11/2026,Showdown 4th Quarter 10/11 9:50PM Q4 (BAL @ ATL),300,44447560,0.32,0.44,1.07,0.9,,,,,,,,,,,,,,,,10/11/2026,,,,,,,,,,,,,,,,,,,,,0.05,,,,,
Rasheen Ali,RB,BAL,Showdown Captain Mode,10/11/2026,Showdown Captain Mode 10/11 8:20PM (BAL @ ATL),400,44446724,0.24,0.43,0.6,1.2,,,,,,,,,,,,,,,,10/11/2026,,,,,,,,,,,,,,,,,,,,,0.04,,,,,
Rasheen Ali,RB,BAL,Showdown 2nd Half,10/11/2026,Showdown 2nd Half 10/11 9:20PM 2H (BAL @ ATL),400,44447457,0.24,0.43,0.6,1.2,,,,,,,,,,,,,,,,10/11/2026,,,,,,,,,,,,,,,,,,,,,0.04,,,,,
Rasheen Ali,RB,BAL,Showdown 4th Quarter,10/11/2026,Showdown 4th Quarter 10/11 9:50PM Q4 (BAL @ ATL),400,44447602,0.24,0.43,0.6,1.2,,,,,,,,,,,,,,,,10/11/2026,,,,,,,,,,,,,,,,,,,,,0.04,,,,,
CJ Williams,CPT,JAX,Showdown Captain Mode,10/11/2026,Showdown Captain Mode 10/11 9:30AM (PHI @ JAX),300,44420560,0.31,0.43,1.03,0.9,,,,,,,,,,,,,,,,10/11/2026,,,,,,,,,,,,,,,,,,,,,0.05,,,,,
Keleki Latu,CPT,BUF,Showdown Captain Mode,10/12/2026,Showdown Captain Mode 10/12 8:15PM (BUF @ LAR),300,44446892,0.31,0.43,1.03,0.9,,,,,,,,,,,,,,,,10/12/2026,,,,,,,,,,,,,,,,,,,,,0.05,,,,,
Treyton Welch,CPT,NO,Showdown Captain Mode,10/11/2026,Showdown Captain Mode 10/11 1:00PM (MIN @ NO),300,44422754,0.31,0.43,1.03,0.9,,,,,,,,,,,,,,,,10/11/2026,,,,,,,,,,,,,,,,,,,,,0.05,,,,,
Keleki Latu,CPT,BUF,Showdown 2nd Half,10/12/2026,Showdown 2nd Half 10/12 9:15PM 2H (BUF @ LAR),300,44447669,0.31,0.43,1.03,0.9,,,,,,,,,,,,,,,,10/12/2026,,,,,,,,,,,,,,,,,,,,,0.05,,,,,
Keleki Latu,CPT,BUF,Showdown 4th Quarter,10/12/2026,Showdown 4th Quarter 10/12 9:45PM Q4 (BUF @ LAR),300,44447762,0.31,0.43,1.03,0.9,,,,,,,,,,,,,,,,10/12/2026,,,,,,,,,,,,,,,,,,,,,0.05,,,,,
Jacob Saylors,RB,DET,Showdown Captain Mode,10/11/2026,Showdown Captain Mode 10/11 4:25PM (DET @ ARI),400,44434793,0.23,0.42,0.57,1.2,,,,,,,,,,,,,,,,10/11/2026,,,,,,,,,,,,,,,,,,,,,0.04,,,,,
Tanner Koziol,TE,JAX,Showdown Captain Mode,10/11/2026,Showdown Captain Mode 10/11 9:30AM (PHI @ JAX),200,44420511,0.38,0.42,1.9,0.6,,,,,,,,,,,,,,,,10/11/2026,,,,,,,,,,,,,,,,,,,,,0.06,,,,,
Nick Vannett,TE,BAL,Showdown Captain Mode,10/11/2026,Showdown Captain Mode 10/11 8:20PM (BAL @ ATL),200,44446741,0.37,0.42,1.85,0.6,,,,,,,,,,,,,,,,10/11/2026,,,,,,,,,,,,,,,,,,,,,0.06,,,,,
Robert Henry Jr.,CPT,SEA,Showdown Captain Mode,10/11/2026,Showdown Captain Mode 10/11 4:25PM (SF @ SEA),300,44434641,0.3,0.42,1,0.9,,,,,,,,,,,,,,,,10/11/2026,,,,,,,,,,,,,,,,,,,,,0.05,,,,,
Max Bredeson,CPT,MIN,Showdown Captain Mode,10/11/2026,Showdown Captain Mode 10/11 1:00PM (MIN @ NO),300,44422735,0.3,0.42,1,0.9,,,,,,,,,,,,,,,,10/11/2026,,,,,,,,,,,,,,,,,,,,,0.05,,,,,
Drew Ogletree,TE,IND,Showdown Captain Mode,10/11/2026,Showdown Captain Mode 10/11 1:00PM (IND @ PIT),200,44423237,0.38,0.42,1.9,0.6,,,,,,,,,,,,,,,,10/11/2026,,,,,,,,,,,,,,,,,,,,,0.06,,,,,
Robert Henry Jr.,CPT,WAS,Showdown Captain Mode,10/11/2026,Showdown Captain Mode 10/11 1:00PM (NYG @ WAS),300,44420766,0.3,0.42,1,0.9,,,,,,,,,,,,,,,,10/11/2026,,,,,,,,,,,,,,,,,,,,,0.05,,,,,
Dallen Bentley,TE,DEN,Showdown Captain Mode,10/11/2026,Showdown Captain Mode 10/11 4:05PM (DEN @ LAC),200,44434488,0.38,0.42,1.9,0.6,,,,,,,,,,,,,,,,10/11/2026,,,,,,,,,,,,,,,,,,,,,0.06,,,,,
Nick Vannett,TE,BAL,Showdown 2nd Half,10/11/2026,Showdown 2nd Half 10/11 9:20PM 2H (BAL @ ATL),200,44447474,0.37,0.42,1.85,0.6,,,,,,,,,,,,,,,,10/11/2026,,,,,,,,,,,,,,,,,,,,,0.06,,,,,
Nick Vannett,TE,BAL,Showdown 4th Quarter,10/11/2026,Showdown 4th Quarter 10/11 9:50PM Q4 (BAL @ ATL),200,44447611,0.37,0.42,1.85,0.6,,,,,,,,,,,,,,,,10/11/2026,,,,,,,,,,,,,,,,,,,,,0.06,,,,,
Britain Covey,WR,PHI,Showdown Captain Mode,10/11/2026,Showdown Captain Mode 10/11 9:30AM (PHI @ JAX),200,44420504,0.36,0.41,1.8,0.6,,,,,,,,,,,,,,,,10/11/2026,,,,,,,,,,,,,,,,,,,,,0.06,,,,,
Josiah Deguara,CPT,PHI,Showdown Captain Mode,10/11/2026,Showdown Captain Mode 10/11 9:30AM (PHI @ JAX),300,44420564,0.29,0.41,0.97,0.9,,,,,,,,,,,,,,,,10/11/2026,,,,,,,,,,,,,,,,,,,,,0.05,,,,,
Malik Turner,WR,SF,Showdown Captain Mode,10/11/2026,Showdown Captain Mode 10/11 4:25PM (SF @ SEA),200,44434591,0.36,0.41,1.8,0.6,,,,,,,,,,,,,,,,10/11/2026,,,,,,,,,,,,,,,,,,,,,0.06,,,,,
Nick Kallerup,CPT,SEA,Showdown Captain Mode,10/11/2026,Showdown Captain Mode 10/11 4:25PM (SF @ SEA),300,44434659,0.29,0.41,0.97,0.9,,,,,,,,,,,,,,,,10/11/2026,,,,,,,,,,,,,,,,,,,,,0.05,,,,,
Tay Martin,CPT,DET,Showdown Captain Mode,10/11/2026,Showdown Captain Mode 10/11 4:25PM (DET @ ARI),300,44434847,0.29,0.41,0.97,0.9,,,,,,,,,,,,,,,,10/11/2026,,,,,,,,,,,,,,,,,,,,,0.05,,,,,
Hunter Long,TE,ARI,Showdown Captain Mode,10/11/2026,Showdown Captain Mode 10/11 4:25PM (DET @ ARI),200,44434808,0.36,0.41,1.8,0.6,,,,,,,,,,,,,,,,10/11/2026,,,,,,,,,,,,,,,,,,,,,0.06,,,,,
Riley Nowakowski,CPT,PIT,Showdown Captain Mode,10/11/2026,Showdown Captain Mode 10/11 1:00PM (IND @ PIT),300,44423300,0.29,0.41,0.97,0.9,,,,,,,,,,,,,,,,10/11/2026,,,,,,,,,,,,,,,,,,,,,0.05,,,,,
Thomas Fidone II,CPT,NYG,Showdown Captain Mode,10/11/2026,Showdown Captain Mode 10/11 1:00PM (NYG @ WAS),300,44420782,0.29,0.41,0.97,0.9,,,,,,,,,,,,,,,,10/11/2026,,,,,,,,,,,,,,,,,,,,,0.05,,,,,
Chris Manhertz,CPT,NYG,Showdown Captain Mode,10/11/2026,Showdown Captain Mode 10/11 1:00PM (NYG @ WAS),300,44420783,0.29,0.41,0.97,0.9,,,,,,,,,,,,,,,,10/11/2026,,,,,,,,,,,,,,,,,,,,,0.05,,,,,
Michael Carter,RB,TEN,Showdown Captain Mode,10/11/2026,Showdown Captain Mode 10/11 1:00PM (HOU @ TEN),200,44420933,0.36,0.41,1.8,0.6,,,,,,,,,,,,,,,,10/11/2026,,,,,,,,,,,,,,,,,,,,,0.06,,,,,
Kylen Granson,CPT,TEN,Showdown Captain Mode,10/11/2026,Showdown Captain Mode 10/11 1:00PM (HOU @ TEN),300,44421000,0.29,0.41,0.97,0.9,,,,,,,,,,,,,,,,10/11/2026,,,,,,,,,,,,,,,,,,,,,0.05,,,,,
Michael Burton,CPT,CLE,Showdown Captain Mode,10/11/2026,Showdown Captain Mode 10/11 1:00PM (CLE @ NYJ),300,44422380,0.29,0.41,0.97,0.9,,,,,,,,,,,,,,,,10/11/2026,,,,,,,,,,,,,,,,,,,,,0.05,,,,,
Kene Nwangwu,CPT,NYJ,Showdown Captain Mode,10/11/2026,Showdown Captain Mode 10/11 1:00PM (CLE @ NYJ),300,44422384,0.29,0.41,0.97,0.9,,,,,,,,,,,,,,,,10/11/2026,,,,,,,,,,,,,,,,,,,,,0.05,,,,,
Jamaal Pritchett,CPT,NYJ,Showdown Captain Mode,10/11/2026,Showdown Captain Mode 10/11 1:00PM (CLE @ NYJ),300,44422391,0.29,0.41,0.97,0.9,,,,,,,,,,,,,,,,10/11/2026,,,,,,,,,,,,,,,,,,,,,0.05,,,,,
Tyler Conklin,TE,DET,Showdown Captain Mode,10/11/2026,Showdown Captain Mode 10/11 4:25PM (DET @ ARI),200,44434813,0.35,0.4,1.75,0.6,,,,,,,,,,,,,,,,10/11/2026,,,,,,,,,,,,,,,,,,,,,0.06,,,,,
Marlin Klein,TE,HOU,Showdown Captain Mode,10/11/2026,Showdown Captain Mode 10/11 1:00PM (HOU @ TEN),200,44420944,0.35,0.4,1.75,0.6,,,,,,,,,,,,,,,,10/11/2026,,,,,,,,,,,,,,,,,,,,,0.06,,,,,
Alex Bachman,CPT,LAR,Showdown Captain Mode,10/12/2026,Showdown Captain Mode 10/12 8:15PM (BUF @ LAR),300,44446889,0.26,0.39,0.87,0.9,,,,,,,,,,,,,,,,10/12/2026,,,,,,,,,,,,,,,,,,,,,0.04,,,,,
Teagan Quitoriano,TE,ARI,Showdown Captain Mode,10/11/2026,Showdown Captain Mode 10/11 4:25PM (DET @ ARI),200,44434814,0.34,0.39,1.7,0.6,,,,,,,,,,,,,,,,10/11/2026,,,,,,,,,,,,,,,,,,,,,0.06,,,,,
Colson Yankoff,TE,WAS,Showdown Captain Mode,10/11/2026,Showdown Captain Mode 10/11 1:00PM (NYG @ WAS),200,44420722,0.34,0.39,1.7,0.6,,,,,,,,,,,,,,,,10/11/2026,,,,,,,,,,,,,,,,,,,,,0.06,,,,,
Alex Bachman,CPT,LAR,Showdown 2nd Half,10/12/2026,Showdown 2nd Half 10/12 9:15PM 2H (BUF @ LAR),300,44447663,0.26,0.39,0.87,0.9,,,,,,,,,,,,,,,,10/12/2026,,,,,,,,,,,,,,,,,,,,,0.04,,,,,
Alex Bachman,CPT,LAR,Showdown 4th Quarter,10/12/2026,Showdown 4th Quarter 10/12 9:45PM Q4 (BUF @ LAR),300,44447767,0.26,0.39,0.87,0.9,,,,,,,,,,,,,,,,10/12/2026,,,,,,,,,,,,,,,,,,,,,0.04,,,,,
Josh Whyle,CPT,GB,Showdown Captain Mode,10/11/2026,Showdown Captain Mode 10/11 1:00PM (CHI @ GB),300,44423901,0.25,0.38,0.83,0.9,,,,,,,,,,,,,,,,10/11/2026,,,,,,,,,,,,,,,,,,,,,0.04,,,,,
Nick Muse,TE,ATL,Showdown Captain Mode,10/11/2026,Showdown Captain Mode 10/11 8:20PM (BAL @ ATL),200,44446743,0.32,0.38,1.6,0.6,,,,,,,,,,,,,,,,10/11/2026,,,,,,,,,,,,,,,,,,,,,0.05,,,,,
Justin Joly,TE,MIA,Showdown Captain Mode,10/11/2026,Showdown Captain Mode 10/11 1:00PM (CIN @ MIA),200,44420618,0.33,0.38,1.65,0.6,,,,,,,,,,,,,,,,10/11/2026,,,,,,,,,,,,,,,,,,,,,0.06,,,,,
Seydou Traore,TE,MIA,Showdown Captain Mode,10/11/2026,Showdown Captain Mode 10/11 1:00PM (CIN @ MIA),200,44420619,0.32,0.38,1.6,0.6,,,,,,,,,,,,,,,,10/11/2026,,,,,,,,,,,,,,,,,,,,,0.05,,,,,
David Martin-Robinson,TE,TEN,Showdown Captain Mode,10/11/2026,Showdown Captain Mode 10/11 1:00PM (HOU @ TEN),200,44420949,0.33,0.38,1.65,0.6,,,,,,,,,,,,,,,,10/11/2026,,,,,,,,,,,,,,,,,,,,,0.06,,,,,
Malik McClain,WR,NYJ,Showdown Captain Mode,10/11/2026,Showdown Captain Mode 10/11 1:00PM (CLE @ NYJ),200,44422339,0.32,0.38,1.6,0.6,,,,,,,,,,,,,,,,10/11/2026,,,,,,,,,,,,,,,,,,,,,0.05,,,,,
Adam Prentice,RB,DEN,Showdown Captain Mode,10/11/2026,Showdown Captain Mode 10/11 4:05PM (DEN @ LAC),200,44434468,0.32,0.38,1.6,0.6,,,,,,,,,,,,,,,,10/11/2026,,,,,,,,,,,,,,,,,,,,,0.05,,,,,
Nick Muse,TE,ATL,Showdown 2nd Half,10/11/2026,Showdown 2nd Half 10/11 9:20PM 2H (BAL @ ATL),200,44447472,0.32,0.38,1.6,0.6,,,,,,,,,,,,,,,,10/11/2026,,,,,,,,,,,,,,,,,,,,,0.05,,,,,
Nick Muse,TE,ATL,Showdown 4th Quarter,10/11/2026,Showdown 4th Quarter 10/11 9:50PM Q4 (BAL @ ATL),200,44447619,0.32,0.38,1.6,0.6,,,,,,,,,,,,,,,,10/11/2026,,,,,,,,,,,,,,,,,,,,,0.05,,,,,
CJ Williams,WR,JAX,Showdown Captain Mode,10/11/2026,Showdown Captain Mode 10/11 9:30AM (PHI @ JAX),200,44420505,0.31,0.37,1.55,0.6,,,,,,,,,,,,,,,,10/11/2026,,,,,,,,,,,,,,,,,,,,,0.05,,,,,
Keleki Latu,TE,BUF,Showdown Captain Mode,10/12/2026,Showdown Captain Mode 10/12 8:15PM (BUF @ LAR),200,44446843,0.31,0.37,1.55,0.6,,,,,,,,,,,,,,,,10/12/2026,,,,,,,,,,,,,,,,,,,,,0.05,,,,,
Treyton Welch,TE,NO,Showdown Captain Mode,10/11/2026,Showdown Captain Mode 10/11 1:00PM (MIN @ NO),200,44422697,0.31,0.37,1.55,0.6,,,,,,,,,,,,,,,,10/11/2026,,,,,,,,,,,,,,,,,,,,,0.05,,,,,
Keleki Latu,TE,BUF,Showdown 2nd Half,10/12/2026,Showdown 2nd Half 10/12 9:15PM 2H (BUF @ LAR),200,44447711,0.31,0.37,1.55,0.6,,,,,,,,,,,,,,,,10/12/2026,,,,,,,,,,,,,,,,,,,,,0.05,,,,,
Keleki Latu,TE,BUF,Showdown 4th Quarter,10/12/2026,Showdown 4th Quarter 10/12 9:45PM Q4 (BUF @ LAR),200,44447817,0.31,0.37,1.55,0.6,,,,,,,,,,,,,,,,10/12/2026,,,,,,,,,,,,,,,,,,,,,0.05,,,,,
Audric Estime,CPT,MIN,Showdown Captain Mode,10/11/2026,Showdown Captain Mode 10/11 1:00PM (MIN @ NO),600,44422732,0,0.36,0,1.8,,,,,,,,,,,,,,,,10/11/2026,,,,,,,,,,,,,,,,,,,,,,,,,,
E.J. Jenkins,CPT,PHI,Showdown Captain Mode,10/11/2026,Showdown Captain Mode 10/11 9:30AM (PHI @ JAX),300,44420567,0.23,0.36,0.77,0.9,,,,,,,,,,,,,,,,10/11/2026,,,,,,,,,,,,,,,,,,,,,0.04,,,,,
Robert Henry Jr.,RB,SEA,Showdown Captain Mode,10/11/2026,Showdown Captain Mode 10/11 4:25PM (SF @ SEA),200,44434582,0.3,0.36,1.5,0.6,,,,,,,,,,,,,,,,10/11/2026,,,,,,,,,,,,,,,,,,,,,0.05,,,,,
Max Bredeson,RB,MIN,Showdown Captain Mode,10/11/2026,Showdown Captain Mode 10/11 1:00PM (MIN @ NO),200,44422678,0.3,0.36,1.5,0.6,,,,,,,,,,,,,,,,10/11/2026,,,,,,,,,,,,,,,,,,,,,0.05,,,,,
Robert Henry Jr.,RB,WAS,Showdown Captain Mode,10/11/2026,Showdown Captain Mode 10/11 1:00PM (NYG @ WAS),200,44420710,0.3,0.36,1.5,0.6,,,,,,,,,,,,,,,,10/11/2026,,,,,,,,,,,,,,,,,,,,,0.05,,,,,
Carsen Ryan,CPT,CLE,Showdown Captain Mode,10/11/2026,Showdown Captain Mode 10/11 1:00PM (CLE @ NYJ),300,44422396,0.23,0.36,0.77,0.9,,,,,,,,,,,,,,,,10/11/2026,,,,,,,,,,,,,,,,,,,,,0.04,,,,,
Josiah Deguara,TE,PHI,Showdown Captain Mode,10/11/2026,Showdown Captain Mode 10/11 9:30AM (PHI @ JAX),200,44420509,0.29,0.35,1.45,0.6,,,,,,,,,,,,,,,,10/11/2026,,,,,,,,,,,,,,,,,,,,,0.05,,,,,
Nick Kallerup,TE,SEA,Showdown Captain Mode,10/11/2026,Showdown Captain Mode 10/11 4:25PM (SF @ SEA),200,44434600,0.29,0.35,1.45,0.6,,,,,,,,,,,,,,,,10/11/2026,,,,,,,,,,,,,,,,,,,,,0.05,,,,,
Tay Martin,WR,DET,Showdown Captain Mode,10/11/2026,Showdown Captain Mode 10/11 4:25PM (DET @ ARI),200,44434794,0.29,0.35,1.45,0.6,,,,,,,,,,,,,,,,10/11/2026,,,,,,,,,,,,,,,,,,,,,0.05,,,,,
Riley Nowakowski,RB,PIT,Showdown Captain Mode,10/11/2026,Showdown Captain Mode 10/11 1:00PM (IND @ PIT),200,44423206,0.29,0.35,1.45,0.6,,,,,,,,,,,,,,,,10/11/2026,,,,,,,,,,,,,,,,,,,,,0.05,,,,,
Thomas Fidone II,TE,NYG,Showdown Captain Mode,10/11/2026,Showdown Captain Mode 10/11 1:00PM (NYG @ WAS),200,44420726,0.29,0.35,1.45,0.6,,,,,,,,,,,,,,,,10/11/2026,,,,,,,,,,,,,,,,,,,,,0.05,,,,,
Chris Manhertz,TE,NYG,Showdown Captain Mode,10/11/2026,Showdown Captain Mode 10/11 1:00PM (NYG @ WAS),200,44420727,0.29,0.35,1.45,0.6,,,,,,,,,,,,,,,,10/11/2026,,,,,,,,,,,,,,,,,,,,,0.05,,,,,
Julius Chestnut,CPT,TEN,Showdown Captain Mode,10/11/2026,Showdown Captain Mode 10/11 1:00PM (HOU @ TEN),300,44420986,0.21,0.35,0.7,0.9,,,,,,,,,,,,,,,,10/11/2026,,,,,,,,,,,,,,,,,,,,,0.04,,,,,
Kylen Granson,TE,TEN,Showdown Captain Mode,10/11/2026,Showdown Captain Mode 10/11 1:00PM (HOU @ TEN),200,44420948,0.29,0.35,1.45,0.6,,,,,,,,,,,,,,,,10/11/2026,,,,,,,,,,,,,,,,,,,,,0.05,,,,,
Michael Burton,RB,CLE,Showdown Captain Mode,10/11/2026,Showdown Captain Mode 10/11 1:00PM (CLE @ NYJ),200,44422327,0.29,0.35,1.45,0.6,,,,,,,,,,,,,,,,10/11/2026,,,,,,,,,,,,,,,,,,,,,0.05,,,,,
Kene Nwangwu,RB,NYJ,Showdown Captain Mode,10/11/2026,Showdown Captain Mode 10/11 1:00PM (CLE @ NYJ),200,44422331,0.29,0.35,1.45,0.6,,,,,,,,,,,,,,,,10/11/2026,,,,,,,,,,,,,,,,,,,,,0.05,,,,,
Jamaal Pritchett,WR,NYJ,Showdown Captain Mode,10/11/2026,Showdown Captain Mode 10/11 1:00PM (CLE @ NYJ),200,44422338,0.29,0.35,1.45,0.6,,,,,,,,,,,,,,,,10/11/2026,,,,,,,,,,,,,,,,,,,,,0.05,,,,,
Alex Bachman,WR,LAR,Showdown Captain Mode,10/12/2026,Showdown Captain Mode 10/12 8:15PM (BUF @ LAR),200,44446840,0.26,0.33,1.3,0.6,,,,,,,,,,,,,,,,10/12/2026,,,,,,,,,,,,,,,,,,,,,0.04,,,,,
Alex Bachman,WR,LAR,Showdown 2nd Half,10/12/2026,Showdown 2nd Half 10/12 9:15PM 2H (BUF @ LAR),200,44447713,0.26,0.33,1.3,0.6,,,,,,,,,,,,,,,,10/12/2026,,,,,,,,,,,,,,,,,,,,,0.04,,,,,
Alex Bachman,WR,LAR,Showdown 4th Quarter,10/12/2026,Showdown 4th Quarter 10/12 9:45PM Q4 (BUF @ LAR),200,44447810,0.26,0.33,1.3,0.6,,,,,,,,,,,,,,,,10/12/2026,,,,,,,,,,,,,,,,,,,,,0.04,,,,,
Josh Whyle,TE,GB,Showdown Captain Mode,10/11/2026,Showdown Captain Mode 10/11 1:00PM (CHI @ GB),200,44423847,0.25,0.32,1.25,0.6,,,,,,,,,,,,,,,,10/11/2026,,,,,,,,,,,,,,,,,,,,,0.04,,,,,
Montorie Foster Jr.,CPT,SEA,Showdown Captain Mode,10/11/2026,Showdown Captain Mode 10/11 4:25PM (SF @ SEA),300,44434654,0.16,0.31,0.53,0.9,,,,,,,,,,,,,,,,10/11/2026,,,,,,,,,,,,,,,,,,,,,0.03,,,,,
E.J. Jenkins,TE,PHI,Showdown Captain Mode,10/11/2026,Showdown Captain Mode 10/11 9:30AM (PHI @ JAX),200,44420512,0.23,0.3,1.15,0.6,,,,,,,,,,,,,,,,10/11/2026,,,,,,,,,,,,,,,,,,,,,0.04,,,,,
Carsen Ryan,TE,CLE,Showdown Captain Mode,10/11/2026,Showdown Captain Mode 10/11 1:00PM (CLE @ NYJ),200,44422343,0.23,0.3,1.15,0.6,,,,,,,,,,,,,,,,10/11/2026,,,,,,,,,,,,,,,,,,,,,0.04,,,,,
Julius Chestnut,RB,TEN,Showdown Captain Mode,10/11/2026,Showdown Captain Mode 10/11 1:00PM (HOU @ TEN),200,44420934,0.21,0.29,1.05,0.6,,,,,,,,,,,,,,,,10/11/2026,,,,,,,,,,,,,,,,,,,,,0.04,,,,,
Montorie Foster Jr.,WR,SEA,Showdown Captain Mode,10/11/2026,Showdown Captain Mode 10/11 4:25PM (SF @ SEA),200,44434595,0.16,0.25,0.8,0.6,,,,,,,,,,,,,,,,10/11/2026,,,,,,,,,,,,,,,,,,,,,0.03,,,,,
Audric Estime,RB,MIN,Showdown Captain Mode,10/11/2026,Showdown Captain Mode 10/11 1:00PM (MIN @ NO),400,44422675,0,0.24,0,1.2,,,,,,,,,,,,,,,,10/11/2026,,,,,,,,,,,,,,,,,,,,,,,,,,
Tank Bigsby,CPT,PHI,Showdown Captain Mode,10/11/2026,Showdown Captain Mode 10/11 9:30AM (PHI @ JAX),300,44420550,0,0.18,0,0.9,,,,,,,,,,,,,,,,10/11/2026,,,,,,,,,,,,,,,,,,,,,,,,,,
J'Mari Taylor,CPT,JAX,Showdown Captain Mode,10/11/2026,Showdown Captain Mode 10/11 9:30AM (PHI @ JAX),300,44420552,0,0.18,0,0.9,,,,,,,,,,,,,,,,10/11/2026,,,,,,,,,,,,,,,,,,,,,,,,,,
Johnny Wilson,CPT,PHI,Showdown Captain Mode,10/11/2026,Showdown Captain Mode 10/11 9:30AM (PHI @ JAX),300,44420553,0,0.18,0,0.9,,,,,,,,,,,,,,,,10/11/2026,,,,,,,,,,,,,,,,,,,,,,,,,,
Xavier Gipson,CPT,PHI,Showdown Captain Mode,10/11/2026,Showdown Captain Mode 10/11 9:30AM (PHI @ JAX),300,44420554,0,0.18,0,0.9,,,,,,,,,,,,,,,,10/11/2026,,,,,,,,,,,,,,,,,,,,,,,,,,
Michael Wortham,CPT,JAX,Showdown Captain Mode,10/11/2026,Showdown Captain Mode 10/11 9:30AM (PHI @ JAX),300,44420555,0,0.18,0,0.9,,,,,,,,,,,,,,,,10/11/2026,,,,,,,,,,,,,,,,,,,,,,,,,,
Trebor Pena,CPT,JAX,Showdown Captain Mode,10/11/2026,Showdown Captain Mode 10/11 9:30AM (PHI @ JAX),300,44420556,0,0.18,0,0.9,,,,,,,,,,,,,,,,10/11/2026,,,,,,,,,,,,,,,,,,,,,,,,,,
Austin Trammell,CPT,JAX,Showdown Captain Mode,10/11/2026,Showdown Captain Mode 10/11 9:30AM (PHI @ JAX),300,44420557,0,0.18,0,0.9,,,,,,,,,,,,,,,,10/11/2026,,,,,,,,,,,,,,,,,,,,,,,,,,
Tim Jones,CPT,JAX,Showdown Captain Mode,10/11/2026,Showdown Captain Mode 10/11 9:30AM (PHI @ JAX),300,44420558,0,0.18,0,0.9,,,,,,,,,,,,,,,,10/11/2026,,,,,,,,,,,,,,,,,,,,,,,,,,
Rocco Underwood,CPT,PHI,Showdown Captain Mode,10/11/2026,Showdown Captain Mode 10/11 9:30AM (PHI @ JAX),300,44420562,0,0.18,0,0.9,,,,,,,,,,,,,,,,10/11/2026,,,,,,,,,,,,,,,,,,,,,,,,,,
Brenden Bates,CPT,JAX,Showdown Captain Mode,10/11/2026,Showdown Captain Mode 10/11 9:30AM (PHI @ JAX),300,44420563,0,0.18,0,0.9,,,,,,,,,,,,,,,,10/11/2026,,,,,,,,,,,,,,,,,,,,,,,,,,
Grant Calcaterra,CPT,PHI,Showdown Captain Mode,10/11/2026,Showdown Captain Mode 10/11 9:30AM (PHI @ JAX),300,44420565,0,0.18,0,0.9,,,,,,,,,,,,,,,,10/11/2026,,,,,,,,,,,,,,,,,,,,,,,,,,
Erik Ezukanma,CPT,PHI,Showdown Captain Mode,10/11/2026,Showdown Captain Mode 10/11 9:30AM (PHI @ JAX),300,44448314,0,0.18,0,0.9,,,,,,,,,,,,,,,,10/11/2026,,,,,,,,,,,,,,,,,,,,,,,,,,
Zavier Scott,CPT,CHI,Showdown Captain Mode,10/11/2026,Showdown Captain Mode 10/11 1:00PM (CHI @ GB),300,44423885,0,0.18,0,0.9,,,,,,,,,,,,,,,,10/11/2026,,,,,,,,,,,,,,,,,,,,,,,,,,
Brittain Brown,CPT,CHI,Showdown Captain Mode,10/11/2026,Showdown Captain Mode 10/11 1:00PM (CHI @ GB),300,44423888,0,0.18,0,0.9,,,,,,,,,,,,,,,,10/11/2026,,,,,,,,,,,,,,,,,,,,,,,,,,
Jayden Reed,CPT,GB,Showdown Captain Mode,10/11/2026,Showdown Captain Mode 10/11 1:00PM (CHI @ GB),300,44423889,0,0.18,0,0.9,,,,,,,,,,,,,,,,10/11/2026,,,,,,,,,,,,,,,,,,,,,,,,,,
Coleman Owen,CPT,GB,Showdown Captain Mode,10/11/2026,Showdown Captain Mode 10/11 1:00PM (CHI @ GB),300,44423890,0,0.18,0,0.9,,,,,,,,,,,,,,,,10/11/2026,,,,,,,,,,,,,,,,,,,,,,,,,,
Isaiah Neyor,CPT,GB,Showdown Captain Mode,10/11/2026,Showdown Captain Mode 10/11 1:00PM (CHI @ GB),300,44423891,0,0.18,0,0.9,,,,,,,,,,,,,,,,10/11/2026,,,,,,,,,,,,,,,,,,,,,,,,,,
JP Richardson,CPT,CHI,Showdown Captain Mode,10/11/2026,Showdown Captain Mode 10/11 1:00PM (CHI @ GB),300,44423892,0,0.18,0,0.9,,,,,,,,,,,,,,,,10/11/2026,,,,,,,,,,,,,,,,,,,,,,,,,,
Quincy Skinner Jr.,CPT,GB,Showdown Captain Mode,10/11/2026,Showdown Captain Mode 10/11 1:00PM (CHI @ GB),300,44423893,0,0.18,0,0.9,,,,,,,,,,,,,,,,10/11/2026,,,,,,,,,,,,,,,,,,,,,,,,,,
Kaden Davis,CPT,CHI,Showdown Captain Mode,10/11/2026,Showdown Captain Mode 10/11 1:00PM (CHI @ GB),300,44423894,0,0.18,0,0.9,,,,,,,,,,,,,,,,10/11/2026,,,,,,,,,,,,,,,,,,,,,,,,,,
Savion Williams,CPT,GB,Showdown Captain Mode,10/11/2026,Showdown Captain Mode 10/11 1:00PM (CHI @ GB),300,44423895,0,0.18,0,0.9,,,,,,,,,,,,,,,,10/11/2026,,,,,,,,,,,,,,,,,,,,,,,,,,
Drake Dabney,CPT,GB,Showdown Captain Mode,10/11/2026,Showdown Captain Mode 10/11 1:00PM (CHI @ GB),300,44423896,0,0.18,0,0.9,,,,,,,,,,,,,,,,10/11/2026,,,,,,,,,,,,,,,,,,,,,,,,,,
Stephen Carlson,CPT,CHI,Showdown Captain Mode,10/11/2026,Showdown Captain Mode 10/11 1:00PM (CHI @ GB),300,44423897,0,0.18,0,0.9,,,,,,,,,,,,,,,,10/11/2026,,,,,,,,,,,,,,,,,,,,,,,,,,
Qadir Ismail,CPT,CHI,Showdown Captain Mode,10/11/2026,Showdown Captain Mode 10/11 1:00PM (CHI @ GB),300,44423898,0,0.18,0,0.9,,,,,,,,,,,,,,,,10/11/2026,,,,,,,,,,,,,,,,,,,,,,,,,,
Thomas Yassmin,CPT,GB,Showdown Captain Mode,10/11/2026,Showdown Captain Mode 10/11 1:00PM (CHI @ GB),300,44423899,0,0.18,0,0.9,,,,,,,,,,,,,,,,10/11/2026,,,,,,,,,,,,,,,,,,,,,,,,,,
Hayden Large,CPT,CHI,Showdown Captain Mode,10/11/2026,Showdown Captain Mode 10/11 1:00PM (CHI @ GB),300,44423900,0,0.18,0,0.9,,,,,,,,,,,,,,,,10/11/2026,,,,,,,,,,,,,,,,,,,,,,,,,,
Nikola Kalinic,CPT,CHI,Showdown Captain Mode,10/11/2026,Showdown Captain Mode 10/11 1:00PM (CHI @ GB),300,44423902,0,0.18,0,0.9,,,,,,,,,,,,,,,,10/11/2026,,,,,,,,,,,,,,,,,,,,,,,,,,
Damon Bankston,CPT,GB,Showdown Captain Mode,10/11/2026,Showdown Captain Mode 10/11 1:00PM (CHI @ GB),300,44448337,0,0.18,0,0.9,,,,,,,,,,,,,,,,10/11/2026,,,,,,,,,,,,,,,,,,,,,,,,,,
Scotty Miller,CPT,CHI,Showdown Captain Mode,10/11/2026,Showdown Captain Mode 10/11 1:00PM (CHI @ GB),300,44448338,0,0.18,0,0.9,,,,,,,,,,,,,,,,10/11/2026,,,,,,,,,,,,,,,,,,,,,,,,,,
Trey Sermon,CPT,ATL,Showdown Captain Mode,10/11/2026,Showdown Captain Mode 10/11 8:20PM (BAL @ ATL),300,44446777,0,0.18,0,0.9,,,,,,,,,,,,,,,,10/11/2026,,,,,,,,,,,,,,,,,,,,,,,,,,
Adam Randall,CPT,BAL,Showdown Captain Mode,10/11/2026,Showdown Captain Mode 10/11 8:20PM (BAL @ ATL),300,44446778,0,0.18,0,0.9,,,,,,,,,,,,,,,,10/11/2026,,,,,,,,,,,,,,,,,,,,,,,,,,
Jonathan Ward,CPT,BAL,Showdown Captain Mode,10/11/2026,Showdown Captain Mode 10/11 8:20PM (BAL @ ATL),300,44446779,0,0.18,0,0.9,,,,,,,,,,,,,,,,10/11/2026,,,,,,,,,,,,,,,,,,,,,,,,,,
Jam Miller,CPT,ATL,Showdown Captain Mode,10/11/2026,Showdown Captain Mode 10/11 8:20PM (BAL @ ATL),300,44446780,0,0.18,0,0.9,,,,,,,,,,,,,,,,10/11/2026,,,,,,,,,,,,,,,,,,,,,,,,,,
Lucas Scott,CPT,BAL,Showdown Captain Mode,10/11/2026,Showdown Captain Mode 10/11 8:20PM (BAL @ ATL),300,44446781,0,0.18,0,0.9,,,,,,,,,,,,,,,,10/11/2026,,,,,,,,,,,,,,,,,,,,,,,,,,
Khalil Herbert,CPT,ATL,Showdown Captain Mode,10/11/2026,Showdown Captain Mode 10/11 8:20PM (BAL @ ATL),300,44446782,0,0.18,0,0.9,,,,,,,,,,,,,,,,10/11/2026,,,,,,,,,,,,,,,,,,,,,,,,,,
Ja'Kobi Lane,CPT,BAL,Showdown Captain Mode,10/11/2026,Showdown Captain Mode 10/11 8:20PM (BAL @ ATL),300,44446783,0,0.18,0,0.9,,,,,,,,,,,,,,,,10/11/2026,,,,,,,,,,,,,,,,,,,,,,,,,,
Beaux Collins,CPT,ATL,Showdown Captain Mode,10/11/2026,Showdown Captain Mode 10/11 8:20PM (BAL @ ATL),300,44446784,0,0.18,0,0.9,,,,,,,,,,,,,,,,10/11/2026,,,,,,,,,,,,,,,,,,,,,,,,,,
Gage Larvadain,CPT,BAL,Showdown Captain Mode,10/11/2026,Showdown Captain Mode 10/11 8:20PM (BAL @ ATL),300,44446785,0,0.18,0,0.9,,,,,,,,,,,,,,,,10/11/2026,,,,,,,,,,,,,,,,,,,,,,,,,,
Dylan Drummond,CPT,ATL,Showdown Captain Mode,10/11/2026,Showdown Captain Mode 10/11 8:20PM (BAL @ ATL),300,44446786,0,0.18,0,0.9,,,,,,,,,,,,,,,,10/11/2026,,,,,,,,,,,,,,,,,,,,,,,,,,
Xavier Guillory,CPT,BAL,Showdown Captain Mode,10/11/2026,Showdown Captain Mode 10/11 8:20PM (BAL @ ATL),300,44446787,0,0.18,0,0.9,,,,,,,,,,,,,,,,10/11/2026,,,,,,,,,,,,,,,,,,,,,,,,,,
Antwane Wells Jr.,CPT,ATL,Showdown Captain Mode,10/11/2026,Showdown Captain Mode 10/11 8:20PM (BAL @ ATL),300,44446788,0,0.18,0,0.9,,,,,,,,,,,,,,,,10/11/2026,,,,,,,,,,,,,,,,,,,,,,,,,,
Vinny Anthony II,CPT,ATL,Showdown Captain Mode,10/11/2026,Showdown Captain Mode 10/11 8:20PM (BAL @ ATL),300,44446789,0,0.18,0,0.9,,,,,,,,,,,,,,,,10/11/2026,,,,,,,,,,,,,,,,,,,,,,,,,,
Ty Pezza,CPT,BAL,Showdown Captain Mode,10/11/2026,Showdown Captain Mode 10/11 8:20PM (BAL @ ATL),300,44446791,0,0.18,0,0.9,,,,,,,,,,,,,,,,10/11/2026,,,,,,,,,,,,,,,,,,,,,,,,,,
Jack Velling,CPT,ATL,Showdown Captain Mode,10/11/2026,Showdown Captain Mode 10/11 8:20PM (BAL @ ATL),300,44446794,0,0.18,0,0.9,,,,,,,,,,,,,,,,10/11/2026,,,,,,,,,,,,,,,,,,,,,,,,,,
Ronnie Rivers,CPT,LAR,Showdown Captain Mode,10/12/2026,Showdown Captain Mode 10/12 8:15PM (BUF @ LAR),300,44446879,0,0.18,0,0.9,,,,,,,,,,,,,,,,10/12/2026,,,,,,,,,,,,,,,,,,,,,,,,,,
Brock Lampe,CPT,BUF,Showdown Captain Mode,10/12/2026,Showdown Captain Mode 10/12 8:15PM (BUF @ LAR),300,44446880,0,0.18,0,0.9,,,,,,,,,,,,,,,,10/12/2026,,,,,,,,,,,,,,,,,,,,,,,,,,
Jordan Waters,CPT,LAR,Showdown Captain Mode,10/12/2026,Showdown Captain Mode 10/12 8:15PM (BUF @ LAR),300,44446881,0,0.18,0,0.9,,,,,,,,,,,,,,,,10/12/2026,,,,,,,,,,,,,,,,,,,,,,,,,,
Frank Gore Jr.,CPT,BUF,Showdown Captain Mode,10/12/2026,Showdown Captain Mode 10/12 8:15PM (BUF @ LAR),300,44446882,0,0.18,0,0.9,,,,,,,,,,,,,,,,10/12/2026,,,,,,,,,,,,,,,,,,,,,,,,,,
Trent Sherfield Sr.,CPT,BUF,Showdown Captain Mode,10/12/2026,Showdown Captain Mode 10/12 8:15PM (BUF @ LAR),300,44446884,0,0.18,0,0.9,,,,,,,,,,,,,,,,10/12/2026,,,,,,,,,,,,,,,,,,,,,,,,,,
Ja'Mori Maclin,CPT,BUF,Showdown Captain Mode,10/12/2026,Showdown Captain Mode 10/12 8:15PM (BUF @ LAR),300,44446886,0,0.18,0,0.9,,,,,,,,,,,,,,,,10/12/2026,,,,,,,,,,,,,,,,,,,,,,,,,,
Stephen Gosnell,CPT,BUF,Showdown Captain Mode,10/12/2026,Showdown Captain Mode 10/12 8:15PM (BUF @ LAR),300,44446887,0,0.18,0,0.9,,,,,,,,,,,,,,,,10/12/2026,,,,,,,,,,,,,,,,,,,,,,,,,,
Brennan Presley,CPT,LAR,Showdown Captain Mode,10/12/2026,Showdown Captain Mode 10/12 8:15PM (BUF @ LAR),300,44446888,0,0.18,0,0.9,,,,,,,,,,,,,,,,10/12/2026,,,,,,,,,,,,,,,,,,,,,,,,,,
Terrance Ferguson,CPT,LAR,Showdown Captain Mode,10/12/2026,Showdown Captain Mode 10/12 8:15PM (BUF @ LAR),300,44446890,0,0.18,0,0.9,,,,,,,,,,,,,,,,10/12/2026,,,,,,,,,,,,,,,,,,,,,,,,,,
Dan Villari,CPT,LAR,Showdown Captain Mode,10/12/2026,Showdown Captain Mode 10/12 8:15PM (BUF @ LAR),300,44446891,0,0.18,0,0.9,,,,,,,,,,,,,,,,10/12/2026,,,,,,,,,,,,,,,,,,,,,,,,,,
Tyrell Shavers,CPT,BUF,Showdown Captain Mode,10/12/2026,Showdown Captain Mode 10/12 8:15PM (BUF @ LAR),300,44446893,0,0.18,0,0.9,,,,,,,,,,,,,,,,10/12/2026,,,,,,,,,,,,,,,,,,,,,,,,,,
Jadarian Price,CPT,SEA,Showdown Captain Mode,10/11/2026,Showdown Captain Mode 10/11 4:25PM (SF @ SEA),300,44434637,0,0.18,0,0.9,,,,,,,,,,,,,,,,10/11/2026,,,,,,,,,,,,,,,,,,,,,,,,,,
Dontae McMillan,CPT,SEA,Showdown Captain Mode,10/11/2026,Showdown Captain Mode 10/11 4:25PM (SF @ SEA),300,44434638,0,0.18,0,0.9,,,,,,,,,,,,,,,,10/11/2026,,,,,,,,,,,,,,,,,,,,,,,,,,
Sincere McCormick,CPT,SF,Showdown Captain Mode,10/11/2026,Showdown Captain Mode 10/11 4:25PM (SF @ SEA),300,44434639,0,0.18,0,0.9,,,,,,,,,,,,,,,,10/11/2026,,,,,,,,,,,,,,,,,,,,,,,,,,
Robbie Ouzts,CPT,SEA,Showdown Captain Mode,10/11/2026,Showdown Captain Mode 10/11 4:25PM (SF @ SEA),300,44434640,0,0.18,0,0.9,,,,,,,,,,,,,,,,10/11/2026,,,,,,,,,,,,,,,,,,,,,,,,,,
Irvin Charles,CPT,SEA,Showdown Captain Mode,10/11/2026,Showdown Captain Mode 10/11 4:25PM (SF @ SEA),300,44434642,0,0.18,0,0.9,,,,,,,,,,,,,,,,10/11/2026,,,,,,,,,,,,,,,,,,,,,,,,,,
Wesley Grimes,CPT,SF,Showdown Captain Mode,10/11/2026,Showdown Captain Mode 10/11 4:25PM (SF @ SEA),300,44434643,0,0.18,0,0.9,,,,,,,,,,,,,,,,10/11/2026,,,,,,,,,,,,,,,,,,,,,,,,,,
Dante Pettis,CPT,SF,Showdown Captain Mode,10/11/2026,Showdown Captain Mode 10/11 4:25PM (SF @ SEA),300,44434644,0,0.18,0,0.9,,,,,,,,,,,,,,,,10/11/2026,,,,,,,,,,,,,,,,,,,,,,,,,,
Demarcus Robinson,CPT,SF,Showdown Captain Mode,10/11/2026,Showdown Captain Mode 10/11 4:25PM (SF @ SEA),300,44434645,0,0.18,0,0.9,,,,,,,,,,,,,,,,10/11/2026,,,,,,,,,,,,,,,,,,,,,,,,,,
Will Pauling,CPT,SF,Showdown Captain Mode,10/11/2026,Showdown Captain Mode 10/11 4:25PM (SF @ SEA),300,44434646,0,0.18,0,0.9,,,,,,,,,,,,,,,,10/11/2026,,,,,,,,,,,,,,,,,,,,,,,,,,
Malick Meiga,CPT,SEA,Showdown Captain Mode,10/11/2026,Showdown Captain Mode 10/11 4:25PM (SF @ SEA),300,44434647,0,0.18,0,0.9,,,,,,,,,,,,,,,,10/11/2026,,,,,,,,,,,,,,,,,,,,,,,,,,
Emmanuel Henderson Jr.,CPT,SEA,Showdown Captain Mode,10/11/2026,Showdown Captain Mode 10/11 4:25PM (SF @ SEA),300,44434648,0,0.18,0,0.9,,,,,,,,,,,,,,,,10/11/2026,,,,,,,,,,,,,,,,,,,,,,,,,,
Ricky White III,CPT,SEA,Showdown Captain Mode,10/11/2026,Showdown Captain Mode 10/11 4:25PM (SF @ SEA),300,44434649,0,0.18,0,0.9,,,,,,,,,,,,,,,,10/11/2026,,,,,,,,,,,,,,,,,,,,,,,,,,
Ricky Pearsall,CPT,SF,Showdown Captain Mode,10/11/2026,Showdown Captain Mode 10/11 4:25PM (SF @ SEA),300,44434651,0,0.18,0,0.9,,,,,,,,,,,,,,,,10/11/2026,,,,,,,,,,,,,,,,,,,,,,,,,,
De'Zhaun Stribling,CPT,SF,Showdown Captain Mode,10/11/2026,Showdown Captain Mode 10/11 4:25PM (SF @ SEA),300,44434652,0,0.18,0,0.9,,,,,,,,,,,,,,,,10/11/2026,,,,,,,,,,,,,,,,,,,,,,,,,,
Jake Bobo,CPT,SEA,Showdown Captain Mode,10/11/2026,Showdown Captain Mode 10/11 4:25PM (SF @ SEA),300,44434653,0,0.18,0,0.9,,,,,,,,,,,,,,,,10/11/2026,,,,,,,,,,,,,,,,,,,,,,,,,,
Khalil Dinkins,CPT,SF,Showdown Captain Mode,10/11/2026,Showdown Captain Mode 10/11 4:25PM (SF @ SEA),300,44434656,0,0.18,0,0.9,,,,,,,,,,,,,,,,10/11/2026,,,,,,,,,,,,,,,,,,,,,,,,,,
Jack Stoll,CPT,SF,Showdown Captain Mode,10/11/2026,Showdown Captain Mode 10/11 4:25PM (SF @ SEA),300,44434658,0,0.18,0,0.9,,,,,,,,,,,,,,,,10/11/2026,,,,,,,,,,,,,,,,,,,,,,,,,,
Jake Tonges,CPT,SF,Showdown Captain Mode,10/11/2026,Showdown Captain Mode 10/11 4:25PM (SF @ SEA),300,44434660,0,0.18,0,0.9,,,,,,,,,,,,,,,,10/11/2026,,,,,,,,,,,,,,,,,,,,,,,,,,
Isaac Guerendo,CPT,SF,Showdown Captain Mode,10/11/2026,Showdown Captain Mode 10/11 4:25PM (SF @ SEA),300,44434661,0,0.18,0,0.9,,,,,,,,,,,,,,,,10/11/2026,,,,,,,,,,,,,,,,,,,,,,,,,,
Brandon Aiyuk,CPT,SF,Showdown Captain Mode,10/11/2026,Showdown Captain Mode 10/11 4:25PM (SF @ SEA),300,44434662,0,0.18,0,0.9,,,,,,,,,,,,,,,,10/11/2026,,,,,,,,,,,,,,,,,,,,,,,,,,
Xavier Smith,CPT,SF,Showdown Captain Mode,10/11/2026,Showdown Captain Mode 10/11 4:25PM (SF @ SEA),300,44448340,0,0.18,0,0.9,,,,,,,,,,,,,,,,10/11/2026,,,,,,,,,,,,,,,,,,,,,,,,,,
Evan Hull,CPT,ARI,Showdown Captain Mode,10/11/2026,Showdown Captain Mode 10/11 4:25PM (DET @ ARI),300,44434848,0,0.18,0,0.9,,,,,,,,,,,,,,,,10/11/2026,,,,,,,,,,,,,,,,,,,,,,,,,,
Jabari Small,CPT,DET,Showdown Captain Mode,10/11/2026,Showdown Captain Mode 10/11 4:25PM (DET @ ARI),300,44434849,0,0.18,0,0.9,,,,,,,,,,,,,,,,10/11/2026,,,,,,,,,,,,,,,,,,,,,,,,,,
Trey Benson,CPT,ARI,Showdown Captain Mode,10/11/2026,Showdown Captain Mode 10/11 4:25PM (DET @ ARI),300,44434850,0,0.18,0,0.9,,,,,,,,,,,,,,,,10/11/2026,,,,,,,,,,,,,,,,,,,,,,,,,,
Isiah Pacheco,CPT,DET,Showdown Captain Mode,10/11/2026,Showdown Captain Mode 10/11 4:25PM (DET @ ARI),300,44434851,0,0.18,0,0.9,,,,,,,,,,,,,,,,10/11/2026,,,,,,,,,,,,,,,,,,,,,,,,,,
Kendrick Law,CPT,DET,Showdown Captain Mode,10/11/2026,Showdown Captain Mode 10/11 4:25PM (DET @ ARI),300,44434852,0,0.18,0,0.9,,,,,,,,,,,,,,,,10/11/2026,,,,,,,,,,,,,,,,,,,,,,,,,,
Harrison Wallace III,CPT,ARI,Showdown Captain Mode,10/11/2026,Showdown Captain Mode 10/11 4:25PM (DET @ ARI),300,44434853,0,0.18,0,0.9,,,,,,,,,,,,,,,,10/11/2026,,,,,,,,,,,,,,,,,,,,,,,,,,
Dominic Lovett,CPT,DET,Showdown Captain Mode,10/11/2026,Showdown Captain Mode 10/11 4:25PM (DET @ ARI),300,44434854,0,0.18,0,0.9,,,,,,,,,,,,,,,,10/11/2026,,,,,,,,,,,,,,,,,,,,,,,,,,
Lucky Jackson,CPT,DET,Showdown Captain Mode,10/11/2026,Showdown Captain Mode 10/11 4:25PM (DET @ ARI),300,44434855,0,0.18,0,0.9,,,,,,,,,,,,,,,,10/11/2026,,,,,,,,,,,,,,,,,,,,,,,,,,
Lawrence Keys III,CPT,DET,Showdown Captain Mode,10/11/2026,Showdown Captain Mode 10/11 4:25PM (DET @ ARI),300,44434856,0,0.18,0,0.9,,,,,,,,,,,,,,,,10/11/2026,,,,,,,,,,,,,,,,,,,,,,,,,,
Ihmir Smith-Marsette,CPT,ARI,Showdown Captain Mode,10/11/2026,Showdown Captain Mode 10/11 4:25PM (DET @ ARI),300,44434857,0,0.18,0,0.9,,,,,,,,,,,,,,,,10/11/2026,,,,,,,,,,,,,,,,,,,,,,,,,,
Jameson Geers,CPT,ARI,Showdown Captain Mode,10/11/2026,Showdown Captain Mode 10/11 4:25PM (DET @ ARI),300,44434860,0,0.18,0,0.9,,,,,,,,,,,,,,,,10/11/2026,,,,,,,,,,,,,,,,,,,,,,,,,,
Shawn Bowman,CPT,ARI,Showdown Captain Mode,10/11/2026,Showdown Captain Mode 10/11 4:25PM (DET @ ARI),300,44434862,0,0.18,0,0.9,,,,,,,,,,,,,,,,10/11/2026,,,,,,,,,,,,,,,,,,,,,,,,,,
Miles Kitselman,CPT,DET,Showdown Captain Mode,10/11/2026,Showdown Captain Mode 10/11 4:25PM (DET @ ARI),300,44434863,0,0.18,0,0.9,,,,,,,,,,,,,,,,10/11/2026,,,,,,,,,,,,,,,,,,,,,,,,,,
Thomas Gordon,CPT,DET,Showdown Captain Mode,10/11/2026,Showdown Captain Mode 10/11 4:25PM (DET @ ARI),300,44434864,0,0.18,0,0.9,,,,,,,,,,,,,,,,10/11/2026,,,,,,,,,,,,,,,,,,,,,,,,,,
Kenny Yeboah,CPT,ARI,Showdown Captain Mode,10/11/2026,Showdown Captain Mode 10/11 4:25PM (DET @ ARI),300,44434865,0,0.18,0,0.9,,,,,,,,,,,,,,,,10/11/2026,,,,,,,,,,,,,,,,,,,,,,,,,,
Tip Reiman,CPT,ARI,Showdown Captain Mode,10/11/2026,Showdown Captain Mode 10/11 4:25PM (DET @ ARI),300,44434868,0,0.18,0,0.9,,,,,,,,,,,,,,,,10/11/2026,,,,,,,,,,,,,,,,,,,,,,,,,,
Lan Larison,CPT,NE,Showdown Captain Mode,10/11/2026,Showdown Captain Mode 10/11 1:00PM (LV @ NE),300,44420876,0,0.18,0,0.9,,,,,,,,,,,,,,,,10/11/2026,,,,,,,,,,,,,,,,,,,,,,,,,,
Roman Hemby,CPT,LV,Showdown Captain Mode,10/11/2026,Showdown Captain Mode 10/11 1:00PM (LV @ NE),300,44420877,0,0.18,0,0.9,,,,,,,,,,,,,,,,10/11/2026,,,,,,,,,,,,,,,,,,,,,,,,,,
Owen Wright,CPT,LV,Showdown Captain Mode,10/11/2026,Showdown Captain Mode 10/11 1:00PM (LV @ NE),300,44420878,0,0.18,0,0.9,,,,,,,,,,,,,,,,10/11/2026,,,,,,,,,,,,,,,,,,,,,,,,,,
Chris Collier,CPT,LV,Showdown Captain Mode,10/11/2026,Showdown Captain Mode 10/11 1:00PM (LV @ NE),300,44420879,0,0.18,0,0.9,,,,,,,,,,,,,,,,10/11/2026,,,,,,,,,,,,,,,,,,,,,,,,,,
Myles Montgomery,CPT,NE,Showdown Captain Mode,10/11/2026,Showdown Captain Mode 10/11 1:00PM (LV @ NE),300,44420880,0,0.18,0,0.9,,,,,,,,,,,,,,,,10/11/2026,,,,,,,,,,,,,,,,,,,,,,,,,,
A.J. Brown,CPT,NE,Showdown Captain Mode,10/11/2026,Showdown Captain Mode 10/11 1:00PM (LV @ NE),300,44420881,0,0.18,0,0.9,,,,,,,,,,,,,,,,10/11/2026,,,,,,,,,,,,,,,,,,,,,,,,,,
Jack Bech,CPT,LV,Showdown Captain Mode,10/11/2026,Showdown Captain Mode 10/11 1:00PM (LV @ NE),300,44420882,0,0.18,0,0.9,,,,,,,,,,,,,,,,10/11/2026,,,,,,,,,,,,,,,,,,,,,,,,,,
Chandler Brayboy,CPT,NE,Showdown Captain Mode,10/11/2026,Showdown Captain Mode 10/11 1:00PM (LV @ NE),300,44420883,0,0.18,0,0.9,,,,,,,,,,,,,,,,10/11/2026,,,,,,,,,,,,,,,,,,,,,,,,,,
Kyle Dixon,CPT,NE,Showdown Captain Mode,10/11/2026,Showdown Captain Mode 10/11 1:00PM (LV @ NE),300,44420884,0,0.18,0,0.9,,,,,,,,,,,,,,,,10/11/2026,,,,,,,,,,,,,,,,,,,,,,,,,,
Cameron Dorner,CPT,NE,Showdown Captain Mode,10/11/2026,Showdown Captain Mode 10/11 1:00PM (LV @ NE),300,44420885,0,0.18,0,0.9,,,,,,,,,,,,,,,,10/11/2026,,,,,,,,,,,,,,,,,,,,,,,,,,
Tyler Scott,CPT,LV,Showdown Captain Mode,10/11/2026,Showdown Captain Mode 10/11 1:00PM (LV @ NE),300,44420886,0,0.18,0,0.9,,,,,,,,,,,,,,,,10/11/2026,,,,,,,,,,,,,,,,,,,,,,,,,,
Phillip Dorsett II,CPT,LV,Showdown Captain Mode,10/11/2026,Showdown Captain Mode 10/11 1:00PM (LV @ NE),300,44420887,0,0.18,0,0.9,,,,,,,,,,,,,,,,10/11/2026,,,,,,,,,,,,,,,,,,,,,,,,,,
Deven Thompkins,CPT,LV,Showdown Captain Mode,10/11/2026,Showdown Captain Mode 10/11 1:00PM (LV @ NE),300,44420888,0,0.18,0,0.9,,,,,,,,,,,,,,,,10/11/2026,,,,,,,,,,,,,,,,,,,,,,,,,,
Corey Rucker,CPT,LV,Showdown Captain Mode,10/11/2026,Showdown Captain Mode 10/11 1:00PM (LV @ NE),300,44420889,0,0.18,0,0.9,,,,,,,,,,,,,,,,10/11/2026,,,,,,,,,,,,,,,,,,,,,,,,,,
Jeremiah Webb,CPT,NE,Showdown Captain Mode,10/11/2026,Showdown Captain Mode 10/11 1:00PM (LV @ NE),300,44420890,0,0.18,0,0.9,,,,,,,,,,,,,,,,10/11/2026,,,,,,,,,,,,,,,,,,,,,,,,,,
Patrick Gurd,CPT,LV,Showdown Captain Mode,10/11/2026,Showdown Captain Mode 10/11 1:00PM (LV @ NE),300,44420891,0,0.18,0,0.9,,,,,,,,,,,,,,,,10/11/2026,,,,,,,,,,,,,,,,,,,,,,,,,,
Tanner Conner,CPT,NE,Showdown Captain Mode,10/11/2026,Showdown Captain Mode 10/11 1:00PM (LV @ NE),300,44420892,0,0.18,0,0.9,,,,,,,,,,,,,,,,10/11/2026,,,,,,,,,,,,,,,,,,,,,,,,,,
Chris Myarick,CPT,LV,Showdown Captain Mode,10/11/2026,Showdown Captain Mode 10/11 1:00PM (LV @ NE),300,44420893,0,0.18,0,0.9,,,,,,,,,,,,,,,,10/11/2026,,,,,,,,,,,,,,,,,,,,,,,,,,
Julian Hill,CPT,NE,Showdown Captain Mode,10/11/2026,Showdown Captain Mode 10/11 1:00PM (LV @ NE),300,44420894,0,0.18,0,0.9,,,,,,,,,,,,,,,,10/11/2026,,,,,,,,,,,,,,,,,,,,,,,,,,
Carter Runyon,CPT,LV,Showdown Captain Mode,10/11/2026,Showdown Captain Mode 10/11 1:00PM (LV @ NE),300,44420896,0,0.18,0,0.9,,,,,,,,,,,,,,,,10/11/2026,,,,,,,,,,,,,,,,,,,,,,,,,,
Jordan Mason,CPT,MIN,Showdown Captain Mode,10/11/2026,Showdown Captain Mode 10/11 1:00PM (MIN @ NO),300,44422733,0,0.18,0,0.9,,,,,,,,,,,,,,,,10/11/2026,,,,,,,,,,,,,,,,,,,,,,,,,,
Travis Etienne Jr.,CPT,NO,Showdown Captain Mode,10/11/2026,Showdown Captain Mode 10/11 1:00PM (MIN @ NO),300,44422734,0,0.18,0,0.9,,,,,,,,,,,,,,,,10/11/2026,,,,,,,,,,,,,,,,,,,,,,,,,,
Ulysses Bentley IV,CPT,NO,Showdown Captain Mode,10/11/2026,Showdown Captain Mode 10/11 1:00PM (MIN @ NO),300,44422736,0,0.18,0,0.9,,,,,,,,,,,,,,,,10/11/2026,,,,,,,,,,,,,,,,,,,,,,,,,,
Devin Neal,CPT,MIN,Showdown Captain Mode,10/11/2026,Showdown Captain Mode 10/11 1:00PM (MIN @ NO),300,44422737,0,0.18,0,0.9,,,,,,,,,,,,,,,,10/11/2026,,,,,,,,,,,,,,,,,,,,,,,,,,
Zamir White,CPT,NO,Showdown Captain Mode,10/11/2026,Showdown Captain Mode 10/11 1:00PM (MIN @ NO),300,44422738,0,0.18,0,0.9,,,,,,,,,,,,,,,,10/11/2026,,,,,,,,,,,,,,,,,,,,,,,,,,
Ty Chandler,CPT,NO,Showdown Captain Mode,10/11/2026,Showdown Captain Mode 10/11 1:00PM (MIN @ NO),300,44422739,0,0.18,0,0.9,,,,,,,,,,,,,,,,10/11/2026,,,,,,,,,,,,,,,,,,,,,,,,,,
Michael Briscoe,CPT,MIN,Showdown Captain Mode,10/11/2026,Showdown Captain Mode 10/11 1:00PM (MIN @ NO),300,44422740,0,0.18,0,0.9,,,,,,,,,,,,,,,,10/11/2026,,,,,,,,,,,,,,,,,,,,,,,,,,
Kyrese Rowan,CPT,NO,Showdown Captain Mode,10/11/2026,Showdown Captain Mode 10/11 1:00PM (MIN @ NO),300,44422741,0,0.18,0,0.9,,,,,,,,,,,,,,,,10/11/2026,,,,,,,,,,,,,,,,,,,,,,,,,,
Dillon Bell,CPT,MIN,Showdown Captain Mode,10/11/2026,Showdown Captain Mode 10/11 1:00PM (MIN @ NO),300,44422742,0,0.18,0,0.9,,,,,,,,,,,,,,,,10/11/2026,,,,,,,,,,,,,,,,,,,,,,,,,,
Cedric Tillman,CPT,NO,Showdown Captain Mode,10/11/2026,Showdown Captain Mode 10/11 1:00PM (MIN @ NO),300,44422743,0,0.18,0,0.9,,,,,,,,,,,,,,,,10/11/2026,,,,,,,,,,,,,,,,,,,,,,,,,,
Trey Palmer,CPT,NO,Showdown Captain Mode,10/11/2026,Showdown Captain Mode 10/11 1:00PM (MIN @ NO),300,44422744,0,0.18,0,0.9,,,,,,,,,,,,,,,,10/11/2026,,,,,,,,,,,,,,,,,,,,,,,,,,
Jalen Moreno-Cropper,CPT,NO,Showdown Captain Mode,10/11/2026,Showdown Captain Mode 10/11 1:00PM (MIN @ NO),300,44422745,0,0.18,0,0.9,,,,,,,,,,,,,,,,10/11/2026,,,,,,,,,,,,,,,,,,,,,,,,,,
Josh Oliver,CPT,MIN,Showdown Captain Mode,10/11/2026,Showdown Captain Mode 10/11 1:00PM (MIN @ NO),300,44422747,0,0.18,0,0.9,,,,,,,,,,,,,,,,10/11/2026,,,,,,,,,,,,,,,,,,,,,,,,,,
Cam Grandy,CPT,MIN,Showdown Captain Mode,10/11/2026,Showdown Captain Mode 10/11 1:00PM (MIN @ NO),300,44422748,0,0.18,0,0.9,,,,,,,,,,,,,,,,10/11/2026,,,,,,,,,,,,,,,,,,,,,,,,,,
Cal Adomitis,CPT,NO,Showdown Captain Mode,10/11/2026,Showdown Captain Mode 10/11 1:00PM (MIN @ NO),300,44422749,0,0.18,0,0.9,,,,,,,,,,,,,,,,10/11/2026,,,,,,,,,,,,,,,,,,,,,,,,,,
Andrew DePaola,CPT,MIN,Showdown Captain Mode,10/11/2026,Showdown Captain Mode 10/11 1:00PM (MIN @ NO),300,44422750,0,0.18,0,0.9,,,,,,,,,,,,,,,,10/11/2026,,,,,,,,,,,,,,,,,,,,,,,,,,
Zach Wood,CPT,NO,Showdown Captain Mode,10/11/2026,Showdown Captain Mode 10/11 1:00PM (MIN @ NO),300,44422751,0,0.18,0,0.9,,,,,,,,,,,,,,,,10/11/2026,,,,,,,,,,,,,,,,,,,,,,,,,,
Stone Smartt,CPT,NO,Showdown Captain Mode,10/11/2026,Showdown Captain Mode 10/11 1:00PM (MIN @ NO),300,44422752,0,0.18,0,0.9,,,,,,,,,,,,,,,,10/11/2026,,,,,,,,,,,,,,,,,,,,,,,,,,
Moliki Matavao,CPT,NO,Showdown Captain Mode,10/11/2026,Showdown Captain Mode 10/11 1:00PM (MIN @ NO),300,44422753,0,0.18,0,0.9,,,,,,,,,,,,,,,,10/11/2026,,,,,,,,,,,,,,,,,,,,,,,,,,
Ben Yurosek,CPT,MIN,Showdown Captain Mode,10/11/2026,Showdown Captain Mode 10/11 1:00PM (MIN @ NO),300,44422755,0,0.18,0,0.9,,,,,,,,,,,,,,,,10/11/2026,,,,,,,,,,,,,,,,,,,,,,,,,,
Mason Tipton,CPT,NO,Showdown Captain Mode,10/11/2026,Showdown Captain Mode 10/11 1:00PM (MIN @ NO),300,44422756,0,0.18,0,0.9,,,,,,,,,,,,,,,,10/11/2026,,,,,,,,,,,,,,,,,,,,,,,,,,
Davon Booth,CPT,IND,Showdown Captain Mode,10/11/2026,Showdown Captain Mode 10/11 1:00PM (IND @ PIT),300,44423302,0,0.18,0,0.9,,,,,,,,,,,,,,,,10/11/2026,,,,,,,,,,,,,,,,,,,,,,,,,,
Lew Nichols,CPT,PIT,Showdown Captain Mode,10/11/2026,Showdown Captain Mode 10/11 1:00PM (IND @ PIT),300,44423304,0,0.18,0,0.9,,,,,,,,,,,,,,,,10/11/2026,,,,,,,,,,,,,,,,,,,,,,,,,,
Alec Pierce,CPT,IND,Showdown Captain Mode,10/11/2026,Showdown Captain Mode 10/11 1:00PM (IND @ PIT),300,44423306,0,0.18,0,0.9,,,,,,,,,,,,,,,,10/11/2026,,,,,,,,,,,,,,,,,,,,,,,,,,
Eli Pancol,CPT,IND,Showdown Captain Mode,10/11/2026,Showdown Captain Mode 10/11 1:00PM (IND @ PIT),300,44423308,0,0.18,0,0.9,,,,,,,,,,,,,,,,10/11/2026,,,,,,,,,,,,,,,,,,,,,,,,,,
Isaiah Hodgins,CPT,PIT,Showdown Captain Mode,10/11/2026,Showdown Captain Mode 10/11 1:00PM (IND @ PIT),300,44423312,0,0.18,0,0.9,,,,,,,,,,,,,,,,10/11/2026,,,,,,,,,,,,,,,,,,,,,,,,,,
Brandon Johnson,CPT,PIT,Showdown Captain Mode,10/11/2026,Showdown Captain Mode 10/11 1:00PM (IND @ PIT),300,44423314,0,0.18,0,0.9,,,,,,,,,,,,,,,,10/11/2026,,,,,,,,,,,,,,,,,,,,,,,,,,
Brandon Smith,CPT,PIT,Showdown Captain Mode,10/11/2026,Showdown Captain Mode 10/11 1:00PM (IND @ PIT),300,44423316,0,0.18,0,0.9,,,,,,,,,,,,,,,,10/11/2026,,,,,,,,,,,,,,,,,,,,,,,,,,
D.J. Montgomery,CPT,IND,Showdown Captain Mode,10/11/2026,Showdown Captain Mode 10/11 1:00PM (IND @ PIT),300,44423318,0,0.18,0,0.9,,,,,,,,,,,,,,,,10/11/2026,,,,,,,,,,,,,,,,,,,,,,,,,,
Cole Burgess,CPT,PIT,Showdown Captain Mode,10/11/2026,Showdown Captain Mode 10/11 1:00PM (IND @ PIT),300,44423320,0,0.18,0,0.9,,,,,,,,,,,,,,,,10/11/2026,,,,,,,,,,,,,,,,,,,,,,,,,,
Kenny Fletcher Jr.,CPT,IND,Showdown Captain Mode,10/11/2026,Showdown Captain Mode 10/11 1:00PM (IND @ PIT),300,44423326,0,0.18,0,0.9,,,,,,,,,,,,,,,,10/11/2026,,,,,,,,,,,,,,,,,,,,,,,,,,
Lake McRee,CPT,PIT,Showdown Captain Mode,10/11/2026,Showdown Captain Mode 10/11 1:00PM (IND @ PIT),300,44423328,0,0.18,0,0.9,,,,,,,,,,,,,,,,10/11/2026,,,,,,,,,,,,,,,,,,,,,,,,,,
Pharaoh Brown,CPT,IND,Showdown Captain Mode,10/11/2026,Showdown Captain Mode 10/11 1:00PM (IND @ PIT),300,44423330,0,0.18,0,0.9,,,,,,,,,,,,,,,,10/11/2026,,,,,,,,,,,,,,,,,,,,,,,,,,
Carson Towt,CPT,IND,Showdown Captain Mode,10/11/2026,Showdown Captain Mode 10/11 1:00PM (IND @ PIT),300,44423331,0,0.18,0,0.9,,,,,,,,,,,,,,,,10/11/2026,,,,,,,,,,,,,,,,,,,,,,,,,,
Will Mallory,CPT,IND,Showdown Captain Mode,10/11/2026,Showdown Captain Mode 10/11 1:00PM (IND @ PIT),300,44423333,0,0.18,0,0.9,,,,,,,,,,,,,,,,10/11/2026,,,,,,,,,,,,,,,,,,,,,,,,,,
Quez Watkins,CPT,IND,Showdown Captain Mode,10/11/2026,Showdown Captain Mode 10/11 1:00PM (IND @ PIT),300,44448334,0,0.18,0,0.9,,,,,,,,,,,,,,,,10/11/2026,,,,,,,,,,,,,,,,,,,,,,,,,,
De'Von Achane,CPT,MIA,Showdown Captain Mode,10/11/2026,Showdown Captain Mode 10/11 1:00PM (CIN @ MIA),300,44420655,0,0.18,0,0.9,,,,,,,,,,,,,,,,10/11/2026,,,,,,,,,,,,,,,,,,,,,,,,,,
Jarquez Hunter,CPT,MIA,Showdown Captain Mode,10/11/2026,Showdown Captain Mode 10/11 1:00PM (CIN @ MIA),300,44420656,0,0.18,0,0.9,,,,,,,,,,,,,,,,10/11/2026,,,,,,,,,,,,,,,,,,,,,,,,,,
Kendall Milton,CPT,CIN,Showdown Captain Mode,10/11/2026,Showdown Captain Mode 10/11 1:00PM (CIN @ MIA),300,44420657,0,0.18,0,0.9,,,,,,,,,,,,,,,,10/11/2026,,,,,,,,,,,,,,,,,,,,,,,,,,
Kentrel Bullock,CPT,CIN,Showdown Captain Mode,10/11/2026,Showdown Captain Mode 10/11 1:00PM (CIN @ MIA),300,44420658,0,0.18,0,0.9,,,,,,,,,,,,,,,,10/11/2026,,,,,,,,,,,,,,,,,,,,,,,,,,
Andrei Iosivas,CPT,CIN,Showdown Captain Mode,10/11/2026,Showdown Captain Mode 10/11 1:00PM (CIN @ MIA),300,44420659,0,0.18,0,0.9,,,,,,,,,,,,,,,,10/11/2026,,,,,,,,,,,,,,,,,,,,,,,,,,
AJ Henning,CPT,MIA,Showdown Captain Mode,10/11/2026,Showdown Captain Mode 10/11 1:00PM (CIN @ MIA),300,44420660,0,0.18,0,0.9,,,,,,,,,,,,,,,,10/11/2026,,,,,,,,,,,,,,,,,,,,,,,,,,
Will Sheppard,CPT,MIA,Showdown Captain Mode,10/11/2026,Showdown Captain Mode 10/11 1:00PM (CIN @ MIA),300,44420661,0,0.18,0,0.9,,,,,,,,,,,,,,,,10/11/2026,,,,,,,,,,,,,,,,,,,,,,,,,,
Noah Thomas,CPT,CIN,Showdown Captain Mode,10/11/2026,Showdown Captain Mode 10/11 1:00PM (CIN @ MIA),300,44420662,0,0.18,0,0.9,,,,,,,,,,,,,,,,10/11/2026,,,,,,,,,,,,,,,,,,,,,,,,,,
Jordan Moore,CPT,CIN,Showdown Captain Mode,10/11/2026,Showdown Captain Mode 10/11 1:00PM (CIN @ MIA),300,44420663,0,0.18,0,0.9,,,,,,,,,,,,,,,,10/11/2026,,,,,,,,,,,,,,,,,,,,,,,,,,
Jalen Reagor,CPT,MIA,Showdown Captain Mode,10/11/2026,Showdown Captain Mode 10/11 1:00PM (CIN @ MIA),300,44420664,0,0.18,0,0.9,,,,,,,,,,,,,,,,10/11/2026,,,,,,,,,,,,,,,,,,,,,,,,,,
Ke'Shawn Williams,CPT,CIN,Showdown Captain Mode,10/11/2026,Showdown Captain Mode 10/11 1:00PM (CIN @ MIA),300,44420665,0,0.18,0,0.9,,,,,,,,,,,,,,,,10/11/2026,,,,,,,,,,,,,,,,,,,,,,,,,,
William Wagner,CPT,CIN,Showdown Captain Mode,10/11/2026,Showdown Captain Mode 10/11 1:00PM (CIN @ MIA),300,44420666,0,0.18,0,0.9,,,,,,,,,,,,,,,,10/11/2026,,,,,,,,,,,,,,,,,,,,,,,,,,
Tre Watson,CPT,MIA,Showdown Captain Mode,10/11/2026,Showdown Captain Mode 10/11 1:00PM (CIN @ MIA),300,44420667,0,0.18,0,0.9,,,,,,,,,,,,,,,,10/11/2026,,,,,,,,,,,,,,,,,,,,,,,,,,
Cole Turner,CPT,MIA,Showdown Captain Mode,10/11/2026,Showdown Captain Mode 10/11 1:00PM (CIN @ MIA),300,44420669,0,0.18,0,0.9,,,,,,,,,,,,,,,,10/11/2026,,,,,,,,,,,,,,,,,,,,,,,,,,
Carlos Washington Jr.,CPT,MIA,Showdown Captain Mode,10/11/2026,Showdown Captain Mode 10/11 1:00PM (CIN @ MIA),300,44448316,0,0.18,0,0.9,,,,,,,,,,,,,,,,10/11/2026,,,,,,,,,,,,,,,,,,,,,,,,,,
Craig Reynolds,CPT,WAS,Showdown Captain Mode,10/11/2026,Showdown Captain Mode 10/11 1:00PM (NYG @ WAS),300,44420764,0,0.18,0,0.9,,,,,,,,,,,,,,,,10/11/2026,,,,,,,,,,,,,,,,,,,,,,,,,,
Phil Mafah,CPT,NYG,Showdown Captain Mode,10/11/2026,Showdown Captain Mode 10/11 1:00PM (NYG @ WAS),300,44420765,0,0.18,0,0.9,,,,,,,,,,,,,,,,10/11/2026,,,,,,,,,,,,,,,,,,,,,,,,,,
Grant Finley,CPT,NYG,Showdown Captain Mode,10/11/2026,Showdown Captain Mode 10/11 1:00PM (NYG @ WAS),300,44420767,0,0.18,0,0.9,,,,,,,,,,,,,,,,10/11/2026,,,,,,,,,,,,,,,,,,,,,,,,,,
Jeremy McNichols,CPT,WAS,Showdown Captain Mode,10/11/2026,Showdown Captain Mode 10/11 1:00PM (NYG @ WAS),300,44420768,0,0.18,0,0.9,,,,,,,,,,,,,,,,10/11/2026,,,,,,,,,,,,,,,,,,,,,,,,,,
Jaylin Lane,CPT,WAS,Showdown Captain Mode,10/11/2026,Showdown Captain Mode 10/11 1:00PM (NYG @ WAS),300,44420769,0,0.18,0,0.9,,,,,,,,,,,,,,,,10/11/2026,,,,,,,,,,,,,,,,,,,,,,,,,,
Jalin Hyatt,CPT,NYG,Showdown Captain Mode,10/11/2026,Showdown Captain Mode 10/11 1:00PM (NYG @ WAS),300,44420770,0,0.18,0,0.9,,,,,,,,,,,,,,,,10/11/2026,,,,,,,,,,,,,,,,,,,,,,,,,,
Jaden Bradley,CPT,WAS,Showdown Captain Mode,10/11/2026,Showdown Captain Mode 10/11 1:00PM (NYG @ WAS),300,44420771,0,0.18,0,0.9,,,,,,,,,,,,,,,,10/11/2026,,,,,,,,,,,,,,,,,,,,,,,,,,
Dalen Cambre,CPT,NYG,Showdown Captain Mode,10/11/2026,Showdown Captain Mode 10/11 1:00PM (NYG @ WAS),300,44420772,0,0.18,0,0.9,,,,,,,,,,,,,,,,10/11/2026,,,,,,,,,,,,,,,,,,,,,,,,,,
Van Jefferson,CPT,WAS,Showdown Captain Mode,10/11/2026,Showdown Captain Mode 10/11 1:00PM (NYG @ WAS),300,44420773,0,0.18,0,0.9,,,,,,,,,,,,,,,,10/11/2026,,,,,,,,,,,,,,,,,,,,,,,,,,
River Cracraft,CPT,WAS,Showdown Captain Mode,10/11/2026,Showdown Captain Mode 10/11 1:00PM (NYG @ WAS),300,44420774,0,0.18,0,0.9,,,,,,,,,,,,,,,,10/11/2026,,,,,,,,,,,,,,,,,,,,,,,,,,
Gunner Olszewski,CPT,NYG,Showdown Captain Mode,10/11/2026,Showdown Captain Mode 10/11 1:00PM (NYG @ WAS),300,44420775,0,0.18,0,0.9,,,,,,,,,,,,,,,,10/11/2026,,,,,,,,,,,,,,,,,,,,,,,,,,
Calvin Austin III,CPT,NYG,Showdown Captain Mode,10/11/2026,Showdown Captain Mode 10/11 1:00PM (NYG @ WAS),300,44420777,0,0.18,0,0.9,,,,,,,,,,,,,,,,10/11/2026,,,,,,,,,,,,,,,,,,,,,,,,,,
Jack Westover,CPT,WAS,Showdown Captain Mode,10/11/2026,Showdown Captain Mode 10/11 1:00PM (NYG @ WAS),300,44420779,0,0.18,0,0.9,,,,,,,,,,,,,,,,10/11/2026,,,,,,,,,,,,,,,,,,,,,,,,,,
Ben Mann,CPT,NYG,Showdown Captain Mode,10/11/2026,Showdown Captain Mode 10/11 1:00PM (NYG @ WAS),300,44420780,0,0.18,0,0.9,,,,,,,,,,,,,,,,10/11/2026,,,,,,,,,,,,,,,,,,,,,,,,,,
Tyler Ott,CPT,WAS,Showdown Captain Mode,10/11/2026,Showdown Captain Mode 10/11 1:00PM (NYG @ WAS),300,44420781,0,0.18,0,0.9,,,,,,,,,,,,,,,,10/11/2026,,,,,,,,,,,,,,,,,,,,,,,,,,
Dontae Fleming,CPT,NYG,Showdown Captain Mode,10/11/2026,Showdown Captain Mode 10/11 1:00PM (NYG @ WAS),300,44448319,0,0.18,0,0.9,,,,,,,,,,,,,,,,10/11/2026,,,,,,,,,,,,,,,,,,,,,,,,,,
Nick DeGennaro,CPT,WAS,Showdown Captain Mode,10/11/2026,Showdown Captain Mode 10/11 1:00PM (NYG @ WAS),300,44448320,0,0.18,0,0.9,,,,,,,,,,,,,,,,10/11/2026,,,,,,,,,,,,,,,,,,,,,,,,,,
Kalel Mullings,CPT,TEN,Showdown Captain Mode,10/11/2026,Showdown Captain Mode 10/11 1:00PM (HOU @ TEN),300,44420983,0,0.18,0,0.9,,,,,,,,,,,,,,,,10/11/2026,,,,,,,,,,,,,,,,,,,,,,,,,,
Jawhar Jordan,CPT,HOU,Showdown Captain Mode,10/11/2026,Showdown Captain Mode 10/11 1:00PM (HOU @ TEN),300,44420984,0,0.18,0,0.9,,,,,,,,,,,,,,,,10/11/2026,,,,,,,,,,,,,,,,,,,,,,,,,,
British Brooks,CPT,HOU,Showdown Captain Mode,10/11/2026,Showdown Captain Mode 10/11 1:00PM (HOU @ TEN),300,44420987,0,0.18,0,0.9,,,,,,,,,,,,,,,,10/11/2026,,,,,,,,,,,,,,,,,,,,,,,,,,
Treyvhon Saunders,CPT,HOU,Showdown Captain Mode,10/11/2026,Showdown Captain Mode 10/11 1:00PM (HOU @ TEN),300,44420988,0,0.18,0,0.9,,,,,,,,,,,,,,,,10/11/2026,,,,,,,,,,,,,,,,,,,,,,,,,,
Xavier Restrepo,CPT,TEN,Showdown Captain Mode,10/11/2026,Showdown Captain Mode 10/11 1:00PM (HOU @ TEN),300,44420989,0,0.18,0,0.9,,,,,,,,,,,,,,,,10/11/2026,,,,,,,,,,,,,,,,,,,,,,,,,,
Tyren Montgomery,CPT,TEN,Showdown Captain Mode,10/11/2026,Showdown Captain Mode 10/11 1:00PM (HOU @ TEN),300,44420990,0,0.18,0,0.9,,,,,,,,,,,,,,,,10/11/2026,,,,,,,,,,,,,,,,,,,,,,,,,,
Josh Kelly,CPT,HOU,Showdown Captain Mode,10/11/2026,Showdown Captain Mode 10/11 1:00PM (HOU @ TEN),300,44420991,0,0.18,0,0.9,,,,,,,,,,,,,,,,10/11/2026,,,,,,,,,,,,,,,,,,,,,,,,,,
Daniel Sobkowicz,CPT,HOU,Showdown Captain Mode,10/11/2026,Showdown Captain Mode 10/11 1:00PM (HOU @ TEN),300,44420993,0,0.18,0,0.9,,,,,,,,,,,,,,,,10/11/2026,,,,,,,,,,,,,,,,,,,,,,,,,,
K.J. Osborn,CPT,TEN,Showdown Captain Mode,10/11/2026,Showdown Captain Mode 10/11 1:00PM (HOU @ TEN),300,44420994,0,0.18,0,0.9,,,,,,,,,,,,,,,,10/11/2026,,,,,,,,,,,,,,,,,,,,,,,,,,
Jayden Higgins,CPT,HOU,Showdown Captain Mode,10/11/2026,Showdown Captain Mode 10/11 1:00PM (HOU @ TEN),300,44420995,0,0.18,0,0.9,,,,,,,,,,,,,,,,10/11/2026,,,,,,,,,,,,,,,,,,,,,,,,,,
Joel Wilson,CPT,TEN,Showdown Captain Mode,10/11/2026,Showdown Captain Mode 10/11 1:00PM (HOU @ TEN),300,44420997,0,0.18,0,0.9,,,,,,,,,,,,,,,,10/11/2026,,,,,,,,,,,,,,,,,,,,,,,,,,
Zaire Mitchell-Paden,CPT,HOU,Showdown Captain Mode,10/11/2026,Showdown Captain Mode 10/11 1:00PM (HOU @ TEN),300,44420998,0,0.18,0,0.9,,,,,,,,,,,,,,,,10/11/2026,,,,,,,,,,,,,,,,,,,,,,,,,,
Jaren Kanak,CPT,TEN,Showdown Captain Mode,10/11/2026,Showdown Captain Mode 10/11 1:00PM (HOU @ TEN),300,44420999,0,0.18,0,0.9,,,,,,,,,,,,,,,,10/11/2026,,,,,,,,,,,,,,,,,,,,,,,,,,
Deuce Vaughn,CPT,HOU,Showdown Captain Mode,10/11/2026,Showdown Captain Mode 10/11 1:00PM (HOU @ TEN),300,44448324,0,0.18,0,0.9,,,,,,,,,,,,,,,,10/11/2026,,,,,,,,,,,,,,,,,,,,,,,,,,
Al-Jay Henderson,CPT,NYJ,Showdown Captain Mode,10/11/2026,Showdown Captain Mode 10/11 1:00PM (CLE @ NYJ),300,44422381,0,0.18,0,0.9,,,,,,,,,,,,,,,,10/11/2026,,,,,,,,,,,,,,,,,,,,,,,,,,
Eric Gray,CPT,CLE,Showdown Captain Mode,10/11/2026,Showdown Captain Mode 10/11 1:00PM (CLE @ NYJ),300,44422382,0,0.18,0,0.9,,,,,,,,,,,,,,,,10/11/2026,,,,,,,,,,,,,,,,,,,,,,,,,,
Chip Trayanum,CPT,NYJ,Showdown Captain Mode,10/11/2026,Showdown Captain Mode 10/11 1:00PM (CLE @ NYJ),300,44422383,0,0.18,0,0.9,,,,,,,,,,,,,,,,10/11/2026,,,,,,,,,,,,,,,,,,,,,,,,,,
Dylan Sampson,CPT,CLE,Showdown Captain Mode,10/11/2026,Showdown Captain Mode 10/11 1:00PM (CLE @ NYJ),300,44422385,0,0.18,0,0.9,,,,,,,,,,,,,,,,10/11/2026,,,,,,,,,,,,,,,,,,,,,,,,,,
Omar Cooper Jr.,CPT,NYJ,Showdown Captain Mode,10/11/2026,Showdown Captain Mode 10/11 1:00PM (CLE @ NYJ),300,44422386,0,0.18,0,0.9,,,,,,,,,,,,,,,,10/11/2026,,,,,,,,,,,,,,,,,,,,,,,,,,
Bub Means,CPT,CLE,Showdown Captain Mode,10/11/2026,Showdown Captain Mode 10/11 1:00PM (CLE @ NYJ),300,44422387,0,0.18,0,0.9,,,,,,,,,,,,,,,,10/11/2026,,,,,,,,,,,,,,,,,,,,,,,,,,
Tyler Johnson,CPT,NYJ,Showdown Captain Mode,10/11/2026,Showdown Captain Mode 10/11 1:00PM (CLE @ NYJ),300,44422388,0,0.18,0,0.9,,,,,,,,,,,,,,,,10/11/2026,,,,,,,,,,,,,,,,,,,,,,,,,,
Arian Smith,CPT,NYJ,Showdown Captain Mode,10/11/2026,Showdown Captain Mode 10/11 1:00PM (CLE @ NYJ),300,44422389,0,0.18,0,0.9,,,,,,,,,,,,,,,,10/11/2026,,,,,,,,,,,,,,,,,,,,,,,,,,
Tim Patrick,CPT,NYJ,Showdown Captain Mode,10/11/2026,Showdown Captain Mode 10/11 1:00PM (CLE @ NYJ),300,44422390,0,0.18,0,0.9,,,,,,,,,,,,,,,,10/11/2026,,,,,,,,,,,,,,,,,,,,,,,,,,
Jimmy Horn Jr.,CPT,CLE,Showdown Captain Mode,10/11/2026,Showdown Captain Mode 10/11 1:00PM (CLE @ NYJ),300,44422393,0,0.18,0,0.9,,,,,,,,,,,,,,,,10/11/2026,,,,,,,,,,,,,,,,,,,,,,,,,,
Cody Hardy,CPT,NYJ,Showdown Captain Mode,10/11/2026,Showdown Captain Mode 10/11 1:00PM (CLE @ NYJ),300,44422394,0,0.18,0,0.9,,,,,,,,,,,,,,,,10/11/2026,,,,,,,,,,,,,,,,,,,,,,,,,,
John FitzPatrick,CPT,CLE,Showdown Captain Mode,10/11/2026,Showdown Captain Mode 10/11 1:00PM (CLE @ NYJ),300,44422395,0,0.18,0,0.9,,,,,,,,,,,,,,,,10/11/2026,,,,,,,,,,,,,,,,,,,,,,,,,,
Joe Royer,CPT,CLE,Showdown Captain Mode,10/11/2026,Showdown Captain Mode 10/11 1:00PM (CLE @ NYJ),300,44422397,0,0.18,0,0.9,,,,,,,,,,,,,,,,10/11/2026,,,,,,,,,,,,,,,,,,,,,,,,,,
Jaret Patterson,CPT,CLE,Showdown Captain Mode,10/11/2026,Showdown Captain Mode 10/11 1:00PM (CLE @ NYJ),300,44448327,0,0.18,0,0.9,,,,,,,,,,,,,,,,10/11/2026,,,,,,,,,,,,,,,,,,,,,,,,,,
James Proche II,CPT,CLE,Showdown Captain Mode,10/11/2026,Showdown Captain Mode 10/11 1:00PM (CLE @ NYJ),300,44448328,0,0.18,0,0.9,,,,,,,,,,,,,,,,10/11/2026,,,,,,,,,,,,,,,,,,,,,,,,,,
Jonah Coleman,CPT,DEN,Showdown Captain Mode,10/11/2026,Showdown Captain Mode 10/11 4:05PM (DEN @ LAC),300,44434522,0,0.18,0,0.9,,,,,,,,,,,,,,,,10/11/2026,,,,,,,,,,,,,,,,,,,,,,,,,,
Gregory Desrosiers,CPT,LAC,Showdown Captain Mode,10/11/2026,Showdown Captain Mode 10/11 4:05PM (DEN @ LAC),300,44434524,0,0.18,0,0.9,,,,,,,,,,,,,,,,10/11/2026,,,,,,,,,,,,,,,,,,,,,,,,,,
Amar Johnson,CPT,LAC,Showdown Captain Mode,10/11/2026,Showdown Captain Mode 10/11 4:05PM (DEN @ LAC),300,44434525,0,0.18,0,0.9,,,,,,,,,,,,,,,,10/11/2026,,,,,,,,,,,,,,,,,,,,,,,,,,
Cody Schrader,CPT,DEN,Showdown Captain Mode,10/11/2026,Showdown Captain Mode 10/11 4:05PM (DEN @ LAC),300,44434526,0,0.18,0,0.9,,,,,,,,,,,,,,,,10/11/2026,,,,,,,,,,,,,,,,,,,,,,,,,,
Scott Matlock,CPT,LAC,Showdown Captain Mode,10/11/2026,Showdown Captain Mode 10/11 4:05PM (DEN @ LAC),300,44434527,0,0.18,0,0.9,,,,,,,,,,,,,,,,10/11/2026,,,,,,,,,,,,,,,,,,,,,,,,,,
Cameron Ross,CPT,DEN,Showdown Captain Mode,10/11/2026,Showdown Captain Mode 10/11 4:05PM (DEN @ LAC),300,44434529,0,0.18,0,0.9,,,,,,,,,,,,,,,,10/11/2026,,,,,,,,,,,,,,,,,,,,,,,,,,
Theo Wease Jr.,CPT,LAC,Showdown Captain Mode,10/11/2026,Showdown Captain Mode 10/11 4:05PM (DEN @ LAC),300,44434530,0,0.18,0,0.9,,,,,,,,,,,,,,,,10/11/2026,,,,,,,,,,,,,,,,,,,,,,,,,,
Dane Key,CPT,DEN,Showdown Captain Mode,10/11/2026,Showdown Captain Mode 10/11 4:05PM (DEN @ LAC),300,44434531,0,0.18,0,0.9,,,,,,,,,,,,,,,,10/11/2026,,,,,,,,,,,,,,,,,,,,,,,,,,
Kolbe Katsis,CPT,DEN,Showdown Captain Mode,10/11/2026,Showdown Captain Mode 10/11 4:05PM (DEN @ LAC),300,44434532,0,0.18,0,0.9,,,,,,,,,,,,,,,,10/11/2026,,,,,,,,,,,,,,,,,,,,,,,,,,
Michael Bandy,CPT,DEN,Showdown Captain Mode,10/11/2026,Showdown Captain Mode 10/11 4:05PM (DEN @ LAC),300,44434535,0,0.18,0,0.9,,,,,,,,,,,,,,,,10/11/2026,,,,,,,,,,,,,,,,,,,,,,,,,,
KeAndre Lambert-Smith,CPT,LAC,Showdown Captain Mode,10/11/2026,Showdown Captain Mode 10/11 4:05PM (DEN @ LAC),300,44434536,0,0.18,0,0.9,,,,,,,,,,,,,,,,10/11/2026,,,,,,,,,,,,,,,,,,,,,,,,,,
David Njoku,CPT,LAC,Showdown Captain Mode,10/11/2026,Showdown Captain Mode 10/11 4:05PM (DEN @ LAC),300,44434537,0,0.18,0,0.9,,,,,,,,,,,,,,,,10/11/2026,,,,,,,,,,,,,,,,,,,,,,,,,,
Mitchell Fraboni,CPT,DEN,Showdown Captain Mode,10/11/2026,Showdown Captain Mode 10/11 4:05PM (DEN @ LAC),300,44434538,0,0.18,0,0.9,,,,,,,,,,,,,,,,10/11/2026,,,,,,,,,,,,,,,,,,,,,,,,,,
Patrick Herbert,CPT,LAC,Showdown Captain Mode,10/11/2026,Showdown Captain Mode 10/11 4:05PM (DEN @ LAC),300,44434539,0,0.18,0,0.9,,,,,,,,,,,,,,,,10/11/2026,,,,,,,,,,,,,,,,,,,,,,,,,,
Evan Svoboda,CPT,LAC,Showdown Captain Mode,10/11/2026,Showdown Captain Mode 10/11 4:05PM (DEN @ LAC),300,44434540,0,0.18,0,0.9,,,,,,,,,,,,,,,,10/11/2026,,,,,,,,,,,,,,,,,,,,,,,,,,
Lucas Krull,CPT,DEN,Showdown Captain Mode,10/11/2026,Showdown Captain Mode 10/11 4:05PM (DEN @ LAC),300,44434541,0,0.18,0,0.9,,,,,,,,,,,,,,,,10/11/2026,,,,,,,,,,,,,,,,,,,,,,,,,,
Caleb Lohner,CPT,DEN,Showdown Captain Mode,10/11/2026,Showdown Captain Mode 10/11 4:05PM (DEN @ LAC),300,44434542,0,0.18,0,0.9,,,,,,,,,,,,,,,,10/11/2026,,,,,,,,,,,,,,,,,,,,,,,,,,
Beaux Collins,CPT,ATL,Showdown 2nd Half,10/11/2026,Showdown 2nd Half 10/11 9:20PM 2H (BAL @ ATL),300,44447406,0,0.18,0,0.9,,,,,,,,,,,,,,,,10/11/2026,,,,,,,,,,,,,,,,,,,,,,,,,,
Jam Miller,CPT,ATL,Showdown 2nd Half,10/11/2026,Showdown 2nd Half 10/11 9:20PM 2H (BAL @ ATL),300,44447407,0,0.18,0,0.9,,,,,,,,,,,,,,,,10/11/2026,,,,,,,,,,,,,,,,,,,,,,,,,,
Antwane Wells Jr.,CPT,ATL,Showdown 2nd Half,10/11/2026,Showdown 2nd Half 10/11 9:20PM 2H (BAL @ ATL),300,44447408,0,0.18,0,0.9,,,,,,,,,,,,,,,,10/11/2026,,,,,,,,,,,,,,,,,,,,,,,,,,
Xavier Guillory,CPT,BAL,Showdown 2nd Half,10/11/2026,Showdown 2nd Half 10/11 9:20PM 2H (BAL @ ATL),300,44447409,0,0.18,0,0.9,,,,,,,,,,,,,,,,10/11/2026,,,,,,,,,,,,,,,,,,,,,,,,,,
Dylan Drummond,CPT,ATL,Showdown 2nd Half,10/11/2026,Showdown 2nd Half 10/11 9:20PM 2H (BAL @ ATL),300,44447410,0,0.18,0,0.9,,,,,,,,,,,,,,,,10/11/2026,,,,,,,,,,,,,,,,,,,,,,,,,,
Adam Randall,CPT,BAL,Showdown 2nd Half,10/11/2026,Showdown 2nd Half 10/11 9:20PM 2H (BAL @ ATL),300,44447411,0,0.18,0,0.9,,,,,,,,,,,,,,,,10/11/2026,,,,,,,,,,,,,,,,,,,,,,,,,,
Ja'Kobi Lane,CPT,BAL,Showdown 2nd Half,10/11/2026,Showdown 2nd Half 10/11 9:20PM 2H (BAL @ ATL),300,44447412,0,0.18,0,0.9,,,,,,,,,,,,,,,,10/11/2026,,,,,,,,,,,,,,,,,,,,,,,,,,
Ty Pezza,CPT,BAL,Showdown 2nd Half,10/11/2026,Showdown 2nd Half 10/11 9:20PM 2H (BAL @ ATL),300,44447415,0,0.18,0,0.9,,,,,,,,,,,,,,,,10/11/2026,,,,,,,,,,,,,,,,,,,,,,,,,,
Vinny Anthony II,CPT,ATL,Showdown 2nd Half,10/11/2026,Showdown 2nd Half 10/11 9:20PM 2H (BAL @ ATL),300,44447416,0,0.18,0,0.9,,,,,,,,,,,,,,,,10/11/2026,,,,,,,,,,,,,,,,,,,,,,,,,,
Khalil Herbert,CPT,ATL,Showdown 2nd Half,10/11/2026,Showdown 2nd Half 10/11 9:20PM 2H (BAL @ ATL),300,44447418,0,0.18,0,0.9,,,,,,,,,,,,,,,,10/11/2026,,,,,,,,,,,,,,,,,,,,,,,,,,
Trey Sermon,CPT,ATL,Showdown 2nd Half,10/11/2026,Showdown 2nd Half 10/11 9:20PM 2H (BAL @ ATL),300,44447419,0,0.18,0,0.9,,,,,,,,,,,,,,,,10/11/2026,,,,,,,,,,,,,,,,,,,,,,,,,,
Jack Velling,CPT,ATL,Showdown 2nd Half,10/11/2026,Showdown 2nd Half 10/11 9:20PM 2H (BAL @ ATL),300,44447420,0,0.18,0,0.9,,,,,,,,,,,,,,,,10/11/2026,,,,,,,,,,,,,,,,,,,,,,,,,,
Gage Larvadain,CPT,BAL,Showdown 2nd Half,10/11/2026,Showdown 2nd Half 10/11 9:20PM 2H (BAL @ ATL),300,44447421,0,0.18,0,0.9,,,,,,,,,,,,,,,,10/11/2026,,,,,,,,,,,,,,,,,,,,,,,,,,
Lucas Scott,CPT,BAL,Showdown 2nd Half,10/11/2026,Showdown 2nd Half 10/11 9:20PM 2H (BAL @ ATL),300,44447422,0,0.18,0,0.9,,,,,,,,,,,,,,,,10/11/2026,,,,,,,,,,,,,,,,,,,,,,,,,,
Jonathan Ward,CPT,BAL,Showdown 2nd Half,10/11/2026,Showdown 2nd Half 10/11 9:20PM 2H (BAL @ ATL),300,44447423,0,0.18,0,0.9,,,,,,,,,,,,,,,,10/11/2026,,,,,,,,,,,,,,,,,,,,,,,,,,
Lucas Scott,CPT,BAL,Showdown 4th Quarter,10/11/2026,Showdown 4th Quarter 10/11 9:50PM Q4 (BAL @ ATL),300,44447551,0,0.18,0,0.9,,,,,,,,,,,,,,,,10/11/2026,,,,,,,,,,,,,,,,,,,,,,,,,,
Khalil Herbert,CPT,ATL,Showdown 4th Quarter,10/11/2026,Showdown 4th Quarter 10/11 9:50PM Q4 (BAL @ ATL),300,44447552,0,0.18,0,0.9,,,,,,,,,,,,,,,,10/11/2026,,,,,,,,,,,,,,,,,,,,,,,,,,
Jonathan Ward,CPT,BAL,Showdown 4th Quarter,10/11/2026,Showdown 4th Quarter 10/11 9:50PM Q4 (BAL @ ATL),300,44447553,0,0.18,0,0.9,,,,,,,,,,,,,,,,10/11/2026,,,,,,,,,,,,,,,,,,,,,,,,,,
Ty Pezza,CPT,BAL,Showdown 4th Quarter,10/11/2026,Showdown 4th Quarter 10/11 9:50PM Q4 (BAL @ ATL),300,44447555,0,0.18,0,0.9,,,,,,,,,,,,,,,,10/11/2026,,,,,,,,,,,,,,,,,,,,,,,,,,
Beaux Collins,CPT,ATL,Showdown 4th Quarter,10/11/2026,Showdown 4th Quarter 10/11 9:50PM Q4 (BAL @ ATL),300,44447557,0,0.18,0,0.9,,,,,,,,,,,,,,,,10/11/2026,,,,,,,,,,,,,,,,,,,,,,,,,,
Adam Randall,CPT,BAL,Showdown 4th Quarter,10/11/2026,Showdown 4th Quarter 10/11 9:50PM Q4 (BAL @ ATL),300,44447558,0,0.18,0,0.9,,,,,,,,,,,,,,,,10/11/2026,,,,,,,,,,,,,,,,,,,,,,,,,,
Vinny Anthony II,CPT,ATL,Showdown 4th Quarter,10/11/2026,Showdown 4th Quarter 10/11 9:50PM Q4 (BAL @ ATL),300,44447559,0,0.18,0,0.9,,,,,,,,,,,,,,,,10/11/2026,,,,,,,,,,,,,,,,,,,,,,,,,,
Ja'Kobi Lane,CPT,BAL,Showdown 4th Quarter,10/11/2026,Showdown 4th Quarter 10/11 9:50PM Q4 (BAL @ ATL),300,44447561,0,0.18,0,0.9,,,,,,,,,,,,,,,,10/11/2026,,,,,,,,,,,,,,,,,,,,,,,,,,
Gage Larvadain,CPT,BAL,Showdown 4th Quarter,10/11/2026,Showdown 4th Quarter 10/11 9:50PM Q4 (BAL @ ATL),300,44447562,0,0.18,0,0.9,,,,,,,,,,,,,,,,10/11/2026,,,,,,,,,,,,,,,,,,,,,,,,,,
Jam Miller,CPT,ATL,Showdown 4th Quarter,10/11/2026,Showdown 4th Quarter 10/11 9:50PM Q4 (BAL @ ATL),300,44447563,0,0.18,0,0.9,,,,,,,,,,,,,,,,10/11/2026,,,,,,,,,,,,,,,,,,,,,,,,,,
Trey Sermon,CPT,ATL,Showdown 4th Quarter,10/11/2026,Showdown 4th Quarter 10/11 9:50PM Q4 (BAL @ ATL),300,44447565,0,0.18,0,0.9,,,,,,,,,,,,,,,,10/11/2026,,,,,,,,,,,,,,,,,,,,,,,,,,
Antwane Wells Jr.,CPT,ATL,Showdown 4th Quarter,10/11/2026,Showdown 4th Quarter 10/11 9:50PM Q4 (BAL @ ATL),300,44447566,0,0.18,0,0.9,,,,,,,,,,,,,,,,10/11/2026,,,,,,,,,,,,,,,,,,,,,,,,,,
Jack Velling,CPT,ATL,Showdown 4th Quarter,10/11/2026,Showdown 4th Quarter 10/11 9:50PM Q4 (BAL @ ATL),300,44447567,0,0.18,0,0.9,,,,,,,,,,,,,,,,10/11/2026,,,,,,,,,,,,,,,,,,,,,,,,,,
Dylan Drummond,CPT,ATL,Showdown 4th Quarter,10/11/2026,Showdown 4th Quarter 10/11 9:50PM Q4 (BAL @ ATL),300,44447568,0,0.18,0,0.9,,,,,,,,,,,,,,,,10/11/2026,,,,,,,,,,,,,,,,,,,,,,,,,,
Xavier Guillory,CPT,BAL,Showdown 4th Quarter,10/11/2026,Showdown 4th Quarter 10/11 9:50PM Q4 (BAL @ ATL),300,44447569,0,0.18,0,0.9,,,,,,,,,,,,,,,,10/11/2026,,,,,,,,,,,,,,,,,,,,,,,,,,
Brock Lampe,CPT,BUF,Showdown 2nd Half,10/12/2026,Showdown 2nd Half 10/12 9:15PM 2H (BUF @ LAR),300,44447656,0,0.18,0,0.9,,,,,,,,,,,,,,,,10/12/2026,,,,,,,,,,,,,,,,,,,,,,,,,,
Trent Sherfield Sr.,CPT,BUF,Showdown 2nd Half,10/12/2026,Showdown 2nd Half 10/12 9:15PM 2H (BUF @ LAR),300,44447657,0,0.18,0,0.9,,,,,,,,,,,,,,,,10/12/2026,,,,,,,,,,,,,,,,,,,,,,,,,,
Frank Gore Jr.,CPT,BUF,Showdown 2nd Half,10/12/2026,Showdown 2nd Half 10/12 9:15PM 2H (BUF @ LAR),300,44447659,0,0.18,0,0.9,,,,,,,,,,,,,,,,10/12/2026,,,,,,,,,,,,,,,,,,,,,,,,,,
Terrance Ferguson,CPT,LAR,Showdown 2nd Half,10/12/2026,Showdown 2nd Half 10/12 9:15PM 2H (BUF @ LAR),300,44447660,0,0.18,0,0.9,,,,,,,,,,,,,,,,10/12/2026,,,,,,,,,,,,,,,,,,,,,,,,,,
Brennan Presley,CPT,LAR,Showdown 2nd Half,10/12/2026,Showdown 2nd Half 10/12 9:15PM 2H (BUF @ LAR),300,44447661,0,0.18,0,0.9,,,,,,,,,,,,,,,,10/12/2026,,,,,,,,,,,,,,,,,,,,,,,,,,
Ronnie Rivers,CPT,LAR,Showdown 2nd Half,10/12/2026,Showdown 2nd Half 10/12 9:15PM 2H (BUF @ LAR),300,44447662,0,0.18,0,0.9,,,,,,,,,,,,,,,,10/12/2026,,,,,,,,,,,,,,,,,,,,,,,,,,
Dan Villari,CPT,LAR,Showdown 2nd Half,10/12/2026,Showdown 2nd Half 10/12 9:15PM 2H (BUF @ LAR),300,44447664,0,0.18,0,0.9,,,,,,,,,,,,,,,,10/12/2026,,,,,,,,,,,,,,,,,,,,,,,,,,
Ja'Mori Maclin,CPT,BUF,Showdown 2nd Half,10/12/2026,Showdown 2nd Half 10/12 9:15PM 2H (BUF @ LAR),300,44447666,0,0.18,0,0.9,,,,,,,,,,,,,,,,10/12/2026,,,,,,,,,,,,,,,,,,,,,,,,,,
Jordan Waters,CPT,LAR,Showdown 2nd Half,10/12/2026,Showdown 2nd Half 10/12 9:15PM 2H (BUF @ LAR),300,44447667,0,0.18,0,0.9,,,,,,,,,,,,,,,,10/12/2026,,,,,,,,,,,,,,,,,,,,,,,,,,
Stephen Gosnell,CPT,BUF,Showdown 2nd Half,10/12/2026,Showdown 2nd Half 10/12 9:15PM 2H (BUF @ LAR),300,44447668,0,0.18,0,0.9,,,,,,,,,,,,,,,,10/12/2026,,,,,,,,,,,,,,,,,,,,,,,,,,
Tyrell Shavers,CPT,BUF,Showdown 2nd Half,10/12/2026,Showdown 2nd Half 10/12 9:15PM 2H (BUF @ LAR),300,44447670,0,0.18,0,0.9,,,,,,,,,,,,,,,,10/12/2026,,,,,,,,,,,,,,,,,,,,,,,,,,
Brock Lampe,CPT,BUF,Showdown 4th Quarter,10/12/2026,Showdown 4th Quarter 10/12 9:45PM Q4 (BUF @ LAR),300,44447756,0,0.18,0,0.9,,,,,,,,,,,,,,,,10/12/2026,,,,,,,,,,,,,,,,,,,,,,,,,,
Ronnie Rivers,CPT,LAR,Showdown 4th Quarter,10/12/2026,Showdown 4th Quarter 10/12 9:45PM Q4 (BUF @ LAR),300,44447757,0,0.18,0,0.9,,,,,,,,,,,,,,,,10/12/2026,,,,,,,,,,,,,,,,,,,,,,,,,,
Ja'Mori Maclin,CPT,BUF,Showdown 4th Quarter,10/12/2026,Showdown 4th Quarter 10/12 9:45PM Q4 (BUF @ LAR),300,44447758,0,0.18,0,0.9,,,,,,,,,,,,,,,,10/12/2026,,,,,,,,,,,,,,,,,,,,,,,,,,
Jordan Waters,CPT,LAR,Showdown 4th Quarter,10/12/2026,Showdown 4th Quarter 10/12 9:45PM Q4 (BUF @ LAR),300,44447759,0,0.18,0,0.9,,,,,,,,,,,,,,,,10/12/2026,,,,,,,,,,,,,,,,,,,,,,,,,,
Dan Villari,CPT,LAR,Showdown 4th Quarter,10/12/2026,Showdown 4th Quarter 10/12 9:45PM Q4 (BUF @ LAR),300,44447760,0,0.18,0,0.9,,,,,,,,,,,,,,,,10/12/2026,,,,,,,,,,,,,,,,,,,,,,,,,,
Brennan Presley,CPT,LAR,Showdown 4th Quarter,10/12/2026,Showdown 4th Quarter 10/12 9:45PM Q4 (BUF @ LAR),300,44447761,0,0.18,0,0.9,,,,,,,,,,,,,,,,10/12/2026,,,,,,,,,,,,,,,,,,,,,,,,,,
Terrance Ferguson,CPT,LAR,Showdown 4th Quarter,10/12/2026,Showdown 4th Quarter 10/12 9:45PM Q4 (BUF @ LAR),300,44447763,0,0.18,0,0.9,,,,,,,,,,,,,,,,10/12/2026,,,,,,,,,,,,,,,,,,,,,,,,,,
Stephen Gosnell,CPT,BUF,Showdown 4th Quarter,10/12/2026,Showdown 4th Quarter 10/12 9:45PM Q4 (BUF @ LAR),300,44447764,0,0.18,0,0.9,,,,,,,,,,,,,,,,10/12/2026,,,,,,,,,,,,,,,,,,,,,,,,,,
Trent Sherfield Sr.,CPT,BUF,Showdown 4th Quarter,10/12/2026,Showdown 4th Quarter 10/12 9:45PM Q4 (BUF @ LAR),300,44447765,0,0.18,0,0.9,,,,,,,,,,,,,,,,10/12/2026,,,,,,,,,,,,,,,,,,,,,,,,,,
Tyrell Shavers,CPT,BUF,Showdown 4th Quarter,10/12/2026,Showdown 4th Quarter 10/12 9:45PM Q4 (BUF @ LAR),300,44447766,0,0.18,0,0.9,,,,,,,,,,,,,,,,10/12/2026,,,,,,,,,,,,,,,,,,,,,,,,,,
Frank Gore Jr.,CPT,BUF,Showdown 4th Quarter,10/12/2026,Showdown 4th Quarter 10/12 9:45PM Q4 (BUF @ LAR),300,44447768,0,0.18,0,0.9,,,,,,,,,,,,,,,,10/12/2026,,,,,,,,,,,,,,,,,,,,,,,,,,
Tank Bigsby,RB,PHI,Showdown Captain Mode,10/11/2026,Showdown Captain Mode 10/11 9:30AM (PHI @ JAX),200,44420495,0,0.12,0,0.6,,,,,,,,,,,,,,,,10/11/2026,,,,,,,,,,,,,,,,,,,,,,,,,,
J'Mari Taylor,RB,JAX,Showdown Captain Mode,10/11/2026,Showdown Captain Mode 10/11 9:30AM (PHI @ JAX),200,44420497,0,0.12,0,0.6,,,,,,,,,,,,,,,,10/11/2026,,,,,,,,,,,,,,,,,,,,,,,,,,
Johnny Wilson,WR,PHI,Showdown Captain Mode,10/11/2026,Showdown Captain Mode 10/11 9:30AM (PHI @ JAX),200,44420498,0,0.12,0,0.6,,,,,,,,,,,,,,,,10/11/2026,,,,,,,,,,,,,,,,,,,,,,,,,,
Xavier Gipson,WR,PHI,Showdown Captain Mode,10/11/2026,Showdown Captain Mode 10/11 9:30AM (PHI @ JAX),200,44420499,0,0.12,0,0.6,,,,,,,,,,,,,,,,10/11/2026,,,,,,,,,,,,,,,,,,,,,,,,,,
Michael Wortham,WR,JAX,Showdown Captain Mode,10/11/2026,Showdown Captain Mode 10/11 9:30AM (PHI @ JAX),200,44420500,0,0.12,0,0.6,,,,,,,,,,,,,,,,10/11/2026,,,,,,,,,,,,,,,,,,,,,,,,,,
Trebor Pena,WR,JAX,Showdown Captain Mode,10/11/2026,Showdown Captain Mode 10/11 9:30AM (PHI @ JAX),200,44420501,0,0.12,0,0.6,,,,,,,,,,,,,,,,10/11/2026,,,,,,,,,,,,,,,,,,,,,,,,,,
Austin Trammell,WR,JAX,Showdown Captain Mode,10/11/2026,Showdown Captain Mode 10/11 9:30AM (PHI @ JAX),200,44420502,0,0.12,0,0.6,,,,,,,,,,,,,,,,10/11/2026,,,,,,,,,,,,,,,,,,,,,,,,,,
Tim Jones,WR,JAX,Showdown Captain Mode,10/11/2026,Showdown Captain Mode 10/11 9:30AM (PHI @ JAX),200,44420503,0,0.12,0,0.6,,,,,,,,,,,,,,,,10/11/2026,,,,,,,,,,,,,,,,,,,,,,,,,,
Rocco Underwood,TE,PHI,Showdown Captain Mode,10/11/2026,Showdown Captain Mode 10/11 9:30AM (PHI @ JAX),200,44420507,0,0.12,0,0.6,,,,,,,,,,,,,,,,10/11/2026,,,,,,,,,,,,,,,,,,,,,,,,,,
Brenden Bates,TE,JAX,Showdown Captain Mode,10/11/2026,Showdown Captain Mode 10/11 9:30AM (PHI @ JAX),200,44420508,0,0.12,0,0.6,,,,,,,,,,,,,,,,10/11/2026,,,,,,,,,,,,,,,,,,,,,,,,,,
Grant Calcaterra,TE,PHI,Showdown Captain Mode,10/11/2026,Showdown Captain Mode 10/11 9:30AM (PHI @ JAX),200,44420510,0,0.12,0,0.6,,,,,,,,,,,,,,,,10/11/2026,,,,,,,,,,,,,,,,,,,,,,,,,,
Erik Ezukanma,WR,PHI,Showdown Captain Mode,10/11/2026,Showdown Captain Mode 10/11 9:30AM (PHI @ JAX),200,44448313,0,0.12,0,0.6,,,,,,,,,,,,,,,,10/11/2026,,,,,,,,,,,,,,,,,,,,,,,,,,
Zavier Scott,RB,CHI,Showdown Captain Mode,10/11/2026,Showdown Captain Mode 10/11 1:00PM (CHI @ GB),200,44423831,0,0.12,0,0.6,,,,,,,,,,,,,,,,10/11/2026,,,,,,,,,,,,,,,,,,,,,,,,,,
Brittain Brown,RB,CHI,Showdown Captain Mode,10/11/2026,Showdown Captain Mode 10/11 1:00PM (CHI @ GB),200,44423834,0,0.12,0,0.6,,,,,,,,,,,,,,,,10/11/2026,,,,,,,,,,,,,,,,,,,,,,,,,,
Jayden Reed,WR,GB,Showdown Captain Mode,10/11/2026,Showdown Captain Mode 10/11 1:00PM (CHI @ GB),200,44423835,0,0.12,0,0.6,,,,,,,,,,,,,,,,10/11/2026,,,,,,,,,,,,,,,,,,,,,,,,,,
Coleman Owen,WR,GB,Showdown Captain Mode,10/11/2026,Showdown Captain Mode 10/11 1:00PM (CHI @ GB),200,44423836,0,0.12,0,0.6,,,,,,,,,,,,,,,,10/11/2026,,,,,,,,,,,,,,,,,,,,,,,,,,
Isaiah Neyor,WR,GB,Showdown Captain Mode,10/11/2026,Showdown Captain Mode 10/11 1:00PM (CHI @ GB),200,44423837,0,0.12,0,0.6,,,,,,,,,,,,,,,,10/11/2026,,,,,,,,,,,,,,,,,,,,,,,,,,
JP Richardson,WR,CHI,Showdown Captain Mode,10/11/2026,Showdown Captain Mode 10/11 1:00PM (CHI @ GB),200,44423838,0,0.12,0,0.6,,,,,,,,,,,,,,,,10/11/2026,,,,,,,,,,,,,,,,,,,,,,,,,,
Quincy Skinner Jr.,WR,GB,Showdown Captain Mode,10/11/2026,Showdown Captain Mode 10/11 1:00PM (CHI @ GB),200,44423839,0,0.12,0,0.6,,,,,,,,,,,,,,,,10/11/2026,,,,,,,,,,,,,,,,,,,,,,,,,,
Kaden Davis,WR,CHI,Showdown Captain Mode,10/11/2026,Showdown Captain Mode 10/11 1:00PM (CHI @ GB),200,44423840,0,0.12,0,0.6,,,,,,,,,,,,,,,,10/11/2026,,,,,,,,,,,,,,,,,,,,,,,,,,
Savion Williams,WR,GB,Showdown Captain Mode,10/11/2026,Showdown Captain Mode 10/11 1:00PM (CHI @ GB),200,44423841,0,0.12,0,0.6,,,,,,,,,,,,,,,,10/11/2026,,,,,,,,,,,,,,,,,,,,,,,,,,
Drake Dabney,TE,GB,Showdown Captain Mode,10/11/2026,Showdown Captain Mode 10/11 1:00PM (CHI @ GB),200,44423842,0,0.12,0,0.6,,,,,,,,,,,,,,,,10/11/2026,,,,,,,,,,,,,,,,,,,,,,,,,,
Stephen Carlson,TE,CHI,Showdown Captain Mode,10/11/2026,Showdown Captain Mode 10/11 1:00PM (CHI @ GB),200,44423843,0,0.12,0,0.6,,,,,,,,,,,,,,,,10/11/2026,,,,,,,,,,,,,,,,,,,,,,,,,,
Qadir Ismail,TE,CHI,Showdown Captain Mode,10/11/2026,Showdown Captain Mode 10/11 1:00PM (CHI @ GB),200,44423844,0,0.12,0,0.6,,,,,,,,,,,,,,,,10/11/2026,,,,,,,,,,,,,,,,,,,,,,,,,,
Thomas Yassmin,TE,GB,Showdown Captain Mode,10/11/2026,Showdown Captain Mode 10/11 1:00PM (CHI @ GB),200,44423845,0,0.12,0,0.6,,,,,,,,,,,,,,,,10/11/2026,,,,,,,,,,,,,,,,,,,,,,,,,,
Hayden Large,TE,CHI,Showdown Captain Mode,10/11/2026,Showdown Captain Mode 10/11 1:00PM (CHI @ GB),200,44423846,0,0.12,0,0.6,,,,,,,,,,,,,,,,10/11/2026,,,,,,,,,,,,,,,,,,,,,,,,,,
Nikola Kalinic,TE,CHI,Showdown Captain Mode,10/11/2026,Showdown Captain Mode 10/11 1:00PM (CHI @ GB),200,44423848,0,0.12,0,0.6,,,,,,,,,,,,,,,,10/11/2026,,,,,,,,,,,,,,,,,,,,,,,,,,
Damon Bankston,RB,GB,Showdown Captain Mode,10/11/2026,Showdown Captain Mode 10/11 1:00PM (CHI @ GB),200,44448335,0,0.12,0,0.6,,,,,,,,,,,,,,,,10/11/2026,,,,,,,,,,,,,,,,,,,,,,,,,,
Scotty Miller,WR,CHI,Showdown Captain Mode,10/11/2026,Showdown Captain Mode 10/11 1:00PM (CHI @ GB),200,44448336,0,0.12,0,0.6,,,,,,,,,,,,,,,,10/11/2026,,,,,,,,,,,,,,,,,,,,,,,,,,
Trey Sermon,RB,ATL,Showdown Captain Mode,10/11/2026,Showdown Captain Mode 10/11 8:20PM (BAL @ ATL),200,44446725,0,0.12,0,0.6,,,,,,,,,,,,,,,,10/11/2026,,,,,,,,,,,,,,,,,,,,,,,,,,
Adam Randall,RB,BAL,Showdown Captain Mode,10/11/2026,Showdown Captain Mode 10/11 8:20PM (BAL @ ATL),200,44446726,0,0.12,0,0.6,,,,,,,,,,,,,,,,10/11/2026,,,,,,,,,,,,,,,,,,,,,,,,,,
Jonathan Ward,RB,BAL,Showdown Captain Mode,10/11/2026,Showdown Captain Mode 10/11 8:20PM (BAL @ ATL),200,44446727,0,0.12,0,0.6,,,,,,,,,,,,,,,,10/11/2026,,,,,,,,,,,,,,,,,,,,,,,,,,
Jam Miller,RB,ATL,Showdown Captain Mode,10/11/2026,Showdown Captain Mode 10/11 8:20PM (BAL @ ATL),200,44446728,0,0.12,0,0.6,,,,,,,,,,,,,,,,10/11/2026,,,,,,,,,,,,,,,,,,,,,,,,,,
Lucas Scott,RB,BAL,Showdown Captain Mode,10/11/2026,Showdown Captain Mode 10/11 8:20PM (BAL @ ATL),200,44446729,0,0.12,0,0.6,,,,,,,,,,,,,,,,10/11/2026,,,,,,,,,,,,,,,,,,,,,,,,,,
Khalil Herbert,RB,ATL,Showdown Captain Mode,10/11/2026,Showdown Captain Mode 10/11 8:20PM (BAL @ ATL),200,44446730,0,0.12,0,0.6,,,,,,,,,,,,,,,,10/11/2026,,,,,,,,,,,,,,,,,,,,,,,,,,
Ja'Kobi Lane,WR,BAL,Showdown Captain Mode,10/11/2026,Showdown Captain Mode 10/11 8:20PM (BAL @ ATL),200,44446731,0,0.12,0,0.6,,,,,,,,,,,,,,,,10/11/2026,,,,,,,,,,,,,,,,,,,,,,,,,,
Beaux Collins,WR,ATL,Showdown Captain Mode,10/11/2026,Showdown Captain Mode 10/11 8:20PM (BAL @ ATL),200,44446732,0,0.12,0,0.6,,,,,,,,,,,,,,,,10/11/2026,,,,,,,,,,,,,,,,,,,,,,,,,,
Gage Larvadain,WR,BAL,Showdown Captain Mode,10/11/2026,Showdown Captain Mode 10/11 8:20PM (BAL @ ATL),200,44446733,0,0.12,0,0.6,,,,,,,,,,,,,,,,10/11/2026,,,,,,,,,,,,,,,,,,,,,,,,,,
Dylan Drummond,WR,ATL,Showdown Captain Mode,10/11/2026,Showdown Captain Mode 10/11 8:20PM (BAL @ ATL),200,44446734,0,0.12,0,0.6,,,,,,,,,,,,,,,,10/11/2026,,,,,,,,,,,,,,,,,,,,,,,,,,
Xavier Guillory,WR,BAL,Showdown Captain Mode,10/11/2026,Showdown Captain Mode 10/11 8:20PM (BAL @ ATL),200,44446735,0,0.12,0,0.6,,,,,,,,,,,,,,,,10/11/2026,,,,,,,,,,,,,,,,,,,,,,,,,,
Antwane Wells Jr.,WR,ATL,Showdown Captain Mode,10/11/2026,Showdown Captain Mode 10/11 8:20PM (BAL @ ATL),200,44446736,0,0.12,0,0.6,,,,,,,,,,,,,,,,10/11/2026,,,,,,,,,,,,,,,,,,,,,,,,,,
Vinny Anthony II,WR,ATL,Showdown Captain Mode,10/11/2026,Showdown Captain Mode 10/11 8:20PM (BAL @ ATL),200,44446737,0,0.12,0,0.6,,,,,,,,,,,,,,,,10/11/2026,,,,,,,,,,,,,,,,,,,,,,,,,,
Ty Pezza,TE,BAL,Showdown Captain Mode,10/11/2026,Showdown Captain Mode 10/11 8:20PM (BAL @ ATL),200,44446739,0,0.12,0,0.6,,,,,,,,,,,,,,,,10/11/2026,,,,,,,,,,,,,,,,,,,,,,,,,,
Jack Velling,TE,ATL,Showdown Captain Mode,10/11/2026,Showdown Captain Mode 10/11 8:20PM (BAL @ ATL),200,44446742,0,0.12,0,0.6,,,,,,,,,,,,,,,,10/11/2026,,,,,,,,,,,,,,,,,,,,,,,,,,
Ronnie Rivers,RB,LAR,Showdown Captain Mode,10/12/2026,Showdown Captain Mode 10/12 8:15PM (BUF @ LAR),200,44446830,0,0.12,0,0.6,,,,,,,,,,,,,,,,10/12/2026,,,,,,,,,,,,,,,,,,,,,,,,,,
Brock Lampe,RB,BUF,Showdown Captain Mode,10/12/2026,Showdown Captain Mode 10/12 8:15PM (BUF @ LAR),200,44446831,0,0.12,0,0.6,,,,,,,,,,,,,,,,10/12/2026,,,,,,,,,,,,,,,,,,,,,,,,,,
Jordan Waters,RB,LAR,Showdown Captain Mode,10/12/2026,Showdown Captain Mode 10/12 8:15PM (BUF @ LAR),200,44446832,0,0.12,0,0.6,,,,,,,,,,,,,,,,10/12/2026,,,,,,,,,,,,,,,,,,,,,,,,,,
Frank Gore Jr.,RB,BUF,Showdown Captain Mode,10/12/2026,Showdown Captain Mode 10/12 8:15PM (BUF @ LAR),200,44446833,0,0.12,0,0.6,,,,,,,,,,,,,,,,10/12/2026,,,,,,,,,,,,,,,,,,,,,,,,,,
Trent Sherfield Sr.,WR,BUF,Showdown Captain Mode,10/12/2026,Showdown Captain Mode 10/12 8:15PM (BUF @ LAR),200,44446835,0,0.12,0,0.6,,,,,,,,,,,,,,,,10/12/2026,,,,,,,,,,,,,,,,,,,,,,,,,,
Ja'Mori Maclin,WR,BUF,Showdown Captain Mode,10/12/2026,Showdown Captain Mode 10/12 8:15PM (BUF @ LAR),200,44446837,0,0.12,0,0.6,,,,,,,,,,,,,,,,10/12/2026,,,,,,,,,,,,,,,,,,,,,,,,,,
Stephen Gosnell,WR,BUF,Showdown Captain Mode,10/12/2026,Showdown Captain Mode 10/12 8:15PM (BUF @ LAR),200,44446838,0,0.12,0,0.6,,,,,,,,,,,,,,,,10/12/2026,,,,,,,,,,,,,,,,,,,,,,,,,,
Brennan Presley,WR,LAR,Showdown Captain Mode,10/12/2026,Showdown Captain Mode 10/12 8:15PM (BUF @ LAR),200,44446839,0,0.12,0,0.6,,,,,,,,,,,,,,,,10/12/2026,,,,,,,,,,,,,,,,,,,,,,,,,,
Terrance Ferguson,TE,LAR,Showdown Captain Mode,10/12/2026,Showdown Captain Mode 10/12 8:15PM (BUF @ LAR),200,44446841,0,0.12,0,0.6,,,,,,,,,,,,,,,,10/12/2026,,,,,,,,,,,,,,,,,,,,,,,,,,
Dan Villari,TE,LAR,Showdown Captain Mode,10/12/2026,Showdown Captain Mode 10/12 8:15PM (BUF @ LAR),200,44446842,0,0.12,0,0.6,,,,,,,,,,,,,,,,10/12/2026,,,,,,,,,,,,,,,,,,,,,,,,,,
Tyrell Shavers,WR,BUF,Showdown Captain Mode,10/12/2026,Showdown Captain Mode 10/12 8:15PM (BUF @ LAR),200,44446844,0,0.12,0,0.6,,,,,,,,,,,,,,,,10/12/2026,,,,,,,,,,,,,,,,,,,,,,,,,,
Jadarian Price,RB,SEA,Showdown Captain Mode,10/11/2026,Showdown Captain Mode 10/11 4:25PM (SF @ SEA),200,44434578,0,0.12,0,0.6,,,,,,,,,,,,,,,,10/11/2026,,,,,,,,,,,,,,,,,,,,,,,,,,
Dontae McMillan,RB,SEA,Showdown Captain Mode,10/11/2026,Showdown Captain Mode 10/11 4:25PM (SF @ SEA),200,44434579,0,0.12,0,0.6,,,,,,,,,,,,,,,,10/11/2026,,,,,,,,,,,,,,,,,,,,,,,,,,
Sincere McCormick,RB,SF,Showdown Captain Mode,10/11/2026,Showdown Captain Mode 10/11 4:25PM (SF @ SEA),200,44434580,0,0.12,0,0.6,,,,,,,,,,,,,,,,10/11/2026,,,,,,,,,,,,,,,,,,,,,,,,,,
Robbie Ouzts,RB,SEA,Showdown Captain Mode,10/11/2026,Showdown Captain Mode 10/11 4:25PM (SF @ SEA),200,44434581,0,0.12,0,0.6,,,,,,,,,,,,,,,,10/11/2026,,,,,,,,,,,,,,,,,,,,,,,,,,
Irvin Charles,WR,SEA,Showdown Captain Mode,10/11/2026,Showdown Captain Mode 10/11 4:25PM (SF @ SEA),200,44434583,0,0.12,0,0.6,,,,,,,,,,,,,,,,10/11/2026,,,,,,,,,,,,,,,,,,,,,,,,,,
Wesley Grimes,WR,SF,Showdown Captain Mode,10/11/2026,Showdown Captain Mode 10/11 4:25PM (SF @ SEA),200,44434584,0,0.12,0,0.6,,,,,,,,,,,,,,,,10/11/2026,,,,,,,,,,,,,,,,,,,,,,,,,,
Dante Pettis,WR,SF,Showdown Captain Mode,10/11/2026,Showdown Captain Mode 10/11 4:25PM (SF @ SEA),200,44434585,0,0.12,0,0.6,,,,,,,,,,,,,,,,10/11/2026,,,,,,,,,,,,,,,,,,,,,,,,,,
Demarcus Robinson,WR,SF,Showdown Captain Mode,10/11/2026,Showdown Captain Mode 10/11 4:25PM (SF @ SEA),200,44434586,0,0.12,0,0.6,,,,,,,,,,,,,,,,10/11/2026,,,,,,,,,,,,,,,,,,,,,,,,,,
Will Pauling,WR,SF,Showdown Captain Mode,10/11/2026,Showdown Captain Mode 10/11 4:25PM (SF @ SEA),200,44434587,0,0.12,0,0.6,,,,,,,,,,,,,,,,10/11/2026,,,,,,,,,,,,,,,,,,,,,,,,,,
Malick Meiga,WR,SEA,Showdown Captain Mode,10/11/2026,Showdown Captain Mode 10/11 4:25PM (SF @ SEA),200,44434588,0,0.12,0,0.6,,,,,,,,,,,,,,,,10/11/2026,,,,,,,,,,,,,,,,,,,,,,,,,,
Emmanuel Henderson Jr.,WR,SEA,Showdown Captain Mode,10/11/2026,Showdown Captain Mode 10/11 4:25PM (SF @ SEA),200,44434589,0,0.12,0,0.6,,,,,,,,,,,,,,,,10/11/2026,,,,,,,,,,,,,,,,,,,,,,,,,,
Ricky White III,WR,SEA,Showdown Captain Mode,10/11/2026,Showdown Captain Mode 10/11 4:25PM (SF @ SEA),200,44434590,0,0.12,0,0.6,,,,,,,,,,,,,,,,10/11/2026,,,,,,,,,,,,,,,,,,,,,,,,,,
Ricky Pearsall,WR,SF,Showdown Captain Mode,10/11/2026,Showdown Captain Mode 10/11 4:25PM (SF @ SEA),200,44434592,0,0.12,0,0.6,,,,,,,,,,,,,,,,10/11/2026,,,,,,,,,,,,,,,,,,,,,,,,,,
De'Zhaun Stribling,WR,SF,Showdown Captain Mode,10/11/2026,Showdown Captain Mode 10/11 4:25PM (SF @ SEA),200,44434593,0,0.12,0,0.6,,,,,,,,,,,,,,,,10/11/2026,,,,,,,,,,,,,,,,,,,,,,,,,,
Jake Bobo,WR,SEA,Showdown Captain Mode,10/11/2026,Showdown Captain Mode 10/11 4:25PM (SF @ SEA),200,44434594,0,0.12,0,0.6,,,,,,,,,,,,,,,,10/11/2026,,,,,,,,,,,,,,,,,,,,,,,,,,
Khalil Dinkins,TE,SF,Showdown Captain Mode,10/11/2026,Showdown Captain Mode 10/11 4:25PM (SF @ SEA),200,44434597,0,0.12,0,0.6,,,,,,,,,,,,,,,,10/11/2026,,,,,,,,,,,,,,,,,,,,,,,,,,
Jack Stoll,TE,SF,Showdown Captain Mode,10/11/2026,Showdown Captain Mode 10/11 4:25PM (SF @ SEA),200,44434599,0,0.12,0,0.6,,,,,,,,,,,,,,,,10/11/2026,,,,,,,,,,,,,,,,,,,,,,,,,,
Jake Tonges,TE,SF,Showdown Captain Mode,10/11/2026,Showdown Captain Mode 10/11 4:25PM (SF @ SEA),200,44434601,0,0.12,0,0.6,,,,,,,,,,,,,,,,10/11/2026,,,,,,,,,,,,,,,,,,,,,,,,,,
Isaac Guerendo,RB,SF,Showdown Captain Mode,10/11/2026,Showdown Captain Mode 10/11 4:25PM (SF @ SEA),200,44434602,0,0.12,0,0.6,,,,,,,,,,,,,,,,10/11/2026,,,,,,,,,,,,,,,,,,,,,,,,,,
Brandon Aiyuk,WR,SF,Showdown Captain Mode,10/11/2026,Showdown Captain Mode 10/11 4:25PM (SF @ SEA),200,44434603,0,0.12,0,0.6,,,,,,,,,,,,,,,,10/11/2026,,,,,,,,,,,,,,,,,,,,,,,,,,
Xavier Smith,WR,SF,Showdown Captain Mode,10/11/2026,Showdown Captain Mode 10/11 4:25PM (SF @ SEA),200,44448339,0,0.12,0,0.6,,,,,,,,,,,,,,,,10/11/2026,,,,,,,,,,,,,,,,,,,,,,,,,,
Evan Hull,RB,ARI,Showdown Captain Mode,10/11/2026,Showdown Captain Mode 10/11 4:25PM (DET @ ARI),200,44434795,0,0.12,0,0.6,,,,,,,,,,,,,,,,10/11/2026,,,,,,,,,,,,,,,,,,,,,,,,,,
Jabari Small,RB,DET,Showdown Captain Mode,10/11/2026,Showdown Captain Mode 10/11 4:25PM (DET @ ARI),200,44434796,0,0.12,0,0.6,,,,,,,,,,,,,,,,10/11/2026,,,,,,,,,,,,,,,,,,,,,,,,,,
Trey Benson,RB,ARI,Showdown Captain Mode,10/11/2026,Showdown Captain Mode 10/11 4:25PM (DET @ ARI),200,44434797,0,0.12,0,0.6,,,,,,,,,,,,,,,,10/11/2026,,,,,,,,,,,,,,,,,,,,,,,,,,
Isiah Pacheco,RB,DET,Showdown Captain Mode,10/11/2026,Showdown Captain Mode 10/11 4:25PM (DET @ ARI),200,44434798,0,0.12,0,0.6,,,,,,,,,,,,,,,,10/11/2026,,,,,,,,,,,,,,,,,,,,,,,,,,
Kendrick Law,WR,DET,Showdown Captain Mode,10/11/2026,Showdown Captain Mode 10/11 4:25PM (DET @ ARI),200,44434799,0,0.12,0,0.6,,,,,,,,,,,,,,,,10/11/2026,,,,,,,,,,,,,,,,,,,,,,,,,,
Harrison Wallace III,WR,ARI,Showdown Captain Mode,10/11/2026,Showdown Captain Mode 10/11 4:25PM (DET @ ARI),200,44434800,0,0.12,0,0.6,,,,,,,,,,,,,,,,10/11/2026,,,,,,,,,,,,,,,,,,,,,,,,,,
Dominic Lovett,WR,DET,Showdown Captain Mode,10/11/2026,Showdown Captain Mode 10/11 4:25PM (DET @ ARI),200,44434801,0,0.12,0,0.6,,,,,,,,,,,,,,,,10/11/2026,,,,,,,,,,,,,,,,,,,,,,,,,,
Lucky Jackson,WR,DET,Showdown Captain Mode,10/11/2026,Showdown Captain Mode 10/11 4:25PM (DET @ ARI),200,44434802,0,0.12,0,0.6,,,,,,,,,,,,,,,,10/11/2026,,,,,,,,,,,,,,,,,,,,,,,,,,
Lawrence Keys III,WR,DET,Showdown Captain Mode,10/11/2026,Showdown Captain Mode 10/11 4:25PM (DET @ ARI),200,44434803,0,0.12,0,0.6,,,,,,,,,,,,,,,,10/11/2026,,,,,,,,,,,,,,,,,,,,,,,,,,
Ihmir Smith-Marsette,WR,ARI,Showdown Captain Mode,10/11/2026,Showdown Captain Mode 10/11 4:25PM (DET @ ARI),200,44434804,0,0.12,0,0.6,,,,,,,,,,,,,,,,10/11/2026,,,,,,,,,,,,,,,,,,,,,,,,,,
Jameson Geers,TE,ARI,Showdown Captain Mode,10/11/2026,Showdown Captain Mode 10/11 4:25PM (DET @ ARI),200,44434807,0,0.12,0,0.6,,,,,,,,,,,,,,,,10/11/2026,,,,,,,,,,,,,,,,,,,,,,,,,,
Shawn Bowman,TE,ARI,Showdown Captain Mode,10/11/2026,Showdown Captain Mode 10/11 4:25PM (DET @ ARI),200,44434809,0,0.12,0,0.6,,,,,,,,,,,,,,,,10/11/2026,,,,,,,,,,,,,,,,,,,,,,,,,,
Miles Kitselman,TE,DET,Showdown Captain Mode,10/11/2026,Showdown Captain Mode 10/11 4:25PM (DET @ ARI),200,44434810,0,0.12,0,0.6,,,,,,,,,,,,,,,,10/11/2026,,,,,,,,,,,,,,,,,,,,,,,,,,
Thomas Gordon,TE,DET,Showdown Captain Mode,10/11/2026,Showdown Captain Mode 10/11 4:25PM (DET @ ARI),200,44434811,0,0.12,0,0.6,,,,,,,,,,,,,,,,10/11/2026,,,,,,,,,,,,,,,,,,,,,,,,,,
Kenny Yeboah,TE,ARI,Showdown Captain Mode,10/11/2026,Showdown Captain Mode 10/11 4:25PM (DET @ ARI),200,44434812,0,0.12,0,0.6,,,,,,,,,,,,,,,,10/11/2026,,,,,,,,,,,,,,,,,,,,,,,,,,
Tip Reiman,TE,ARI,Showdown Captain Mode,10/11/2026,Showdown Captain Mode 10/11 4:25PM (DET @ ARI),200,44434815,0,0.12,0,0.6,,,,,,,,,,,,,,,,10/11/2026,,,,,,,,,,,,,,,,,,,,,,,,,,
Lan Larison,RB,NE,Showdown Captain Mode,10/11/2026,Showdown Captain Mode 10/11 1:00PM (LV @ NE),200,44420819,0,0.12,0,0.6,,,,,,,,,,,,,,,,10/11/2026,,,,,,,,,,,,,,,,,,,,,,,,,,
Roman Hemby,RB,LV,Showdown Captain Mode,10/11/2026,Showdown Captain Mode 10/11 1:00PM (LV @ NE),200,44420820,0,0.12,0,0.6,,,,,,,,,,,,,,,,10/11/2026,,,,,,,,,,,,,,,,,,,,,,,,,,
Owen Wright,RB,LV,Showdown Captain Mode,10/11/2026,Showdown Captain Mode 10/11 1:00PM (LV @ NE),200,44420821,0,0.12,0,0.6,,,,,,,,,,,,,,,,10/11/2026,,,,,,,,,,,,,,,,,,,,,,,,,,
Chris Collier,RB,LV,Showdown Captain Mode,10/11/2026,Showdown Captain Mode 10/11 1:00PM (LV @ NE),200,44420822,0,0.12,0,0.6,,,,,,,,,,,,,,,,10/11/2026,,,,,,,,,,,,,,,,,,,,,,,,,,
Myles Montgomery,RB,NE,Showdown Captain Mode,10/11/2026,Showdown Captain Mode 10/11 1:00PM (LV @ NE),200,44420823,0,0.12,0,0.6,,,,,,,,,,,,,,,,10/11/2026,,,,,,,,,,,,,,,,,,,,,,,,,,
A.J. Brown,WR,NE,Showdown Captain Mode,10/11/2026,Showdown Captain Mode 10/11 1:00PM (LV @ NE),200,44420824,0,0.12,0,0.6,,,,,,,,,,,,,,,,10/11/2026,,,,,,,,,,,,,,,,,,,,,,,,,,
Jack Bech,WR,LV,Showdown Captain Mode,10/11/2026,Showdown Captain Mode 10/11 1:00PM (LV @ NE),200,44420825,0,0.12,0,0.6,,,,,,,,,,,,,,,,10/11/2026,,,,,,,,,,,,,,,,,,,,,,,,,,
Chandler Brayboy,WR,NE,Showdown Captain Mode,10/11/2026,Showdown Captain Mode 10/11 1:00PM (LV @ NE),200,44420826,0,0.12,0,0.6,,,,,,,,,,,,,,,,10/11/2026,,,,,,,,,,,,,,,,,,,,,,,,,,
Kyle Dixon,WR,NE,Showdown Captain Mode,10/11/2026,Showdown Captain Mode 10/11 1:00PM (LV @ NE),200,44420827,0,0.12,0,0.6,,,,,,,,,,,,,,,,10/11/2026,,,,,,,,,,,,,,,,,,,,,,,,,,
Cameron Dorner,WR,NE,Showdown Captain Mode,10/11/2026,Showdown Captain Mode 10/11 1:00PM (LV @ NE),200,44420828,0,0.12,0,0.6,,,,,,,,,,,,,,,,10/11/2026,,,,,,,,,,,,,,,,,,,,,,,,,,
Tyler Scott,WR,LV,Showdown Captain Mode,10/11/2026,Showdown Captain Mode 10/11 1:00PM (LV @ NE),200,44420829,0,0.12,0,0.6,,,,,,,,,,,,,,,,10/11/2026,,,,,,,,,,,,,,,,,,,,,,,,,,
Phillip Dorsett II,WR,LV,Showdown Captain Mode,10/11/2026,Showdown Captain Mode 10/11 1:00PM (LV @ NE),200,44420830,0,0.12,0,0.6,,,,,,,,,,,,,,,,10/11/2026,,,,,,,,,,,,,,,,,,,,,,,,,,
Deven Thompkins,WR,LV,Showdown Captain Mode,10/11/2026,Showdown Captain Mode 10/11 1:00PM (LV @ NE),200,44420831,0,0.12,0,0.6,,,,,,,,,,,,,,,,10/11/2026,,,,,,,,,,,,,,,,,,,,,,,,,,
Corey Rucker,WR,LV,Showdown Captain Mode,10/11/2026,Showdown Captain Mode 10/11 1:00PM (LV @ NE),200,44420832,0,0.12,0,0.6,,,,,,,,,,,,,,,,10/11/2026,,,,,,,,,,,,,,,,,,,,,,,,,,
Jeremiah Webb,WR,NE,Showdown Captain Mode,10/11/2026,Showdown Captain Mode 10/11 1:00PM (LV @ NE),200,44420833,0,0.12,0,0.6,,,,,,,,,,,,,,,,10/11/2026,,,,,,,,,,,,,,,,,,,,,,,,,,
Patrick Gurd,TE,LV,Showdown Captain Mode,10/11/2026,Showdown Captain Mode 10/11 1:00PM (LV @ NE),200,44420834,0,0.12,0,0.6,,,,,,,,,,,,,,,,10/11/2026,,,,,,,,,,,,,,,,,,,,,,,,,,
Tanner Conner,TE,NE,Showdown Captain Mode,10/11/2026,Showdown Captain Mode 10/11 1:00PM (LV @ NE),200,44420835,0,0.12,0,0.6,,,,,,,,,,,,,,,,10/11/2026,,,,,,,,,,,,,,,,,,,,,,,,,,
Chris Myarick,TE,LV,Showdown Captain Mode,10/11/2026,Showdown Captain Mode 10/11 1:00PM (LV @ NE),200,44420836,0,0.12,0,0.6,,,,,,,,,,,,,,,,10/11/2026,,,,,,,,,,,,,,,,,,,,,,,,,,
Julian Hill,TE,NE,Showdown Captain Mode,10/11/2026,Showdown Captain Mode 10/11 1:00PM (LV @ NE),200,44420837,0,0.12,0,0.6,,,,,,,,,,,,,,,,10/11/2026,,,,,,,,,,,,,,,,,,,,,,,,,,
Carter Runyon,TE,LV,Showdown Captain Mode,10/11/2026,Showdown Captain Mode 10/11 1:00PM (LV @ NE),200,44420839,0,0.12,0,0.6,,,,,,,,,,,,,,,,10/11/2026,,,,,,,,,,,,,,,,,,,,,,,,,,
Jordan Mason,RB,MIN,Showdown Captain Mode,10/11/2026,Showdown Captain Mode 10/11 1:00PM (MIN @ NO),200,44422676,0,0.12,0,0.6,,,,,,,,,,,,,,,,10/11/2026,,,,,,,,,,,,,,,,,,,,,,,,,,
Travis Etienne Jr.,RB,NO,Showdown Captain Mode,10/11/2026,Showdown Captain Mode 10/11 1:00PM (MIN @ NO),200,44422677,0,0.12,0,0.6,,,,,,,,,,,,,,,,10/11/2026,,,,,,,,,,,,,,,,,,,,,,,,,,
Ulysses Bentley IV,RB,NO,Showdown Captain Mode,10/11/2026,Showdown Captain Mode 10/11 1:00PM (MIN @ NO),200,44422679,0,0.12,0,0.6,,,,,,,,,,,,,,,,10/11/2026,,,,,,,,,,,,,,,,,,,,,,,,,,
Devin Neal,RB,MIN,Showdown Captain Mode,10/11/2026,Showdown Captain Mode 10/11 1:00PM (MIN @ NO),200,44422680,0,0.12,0,0.6,,,,,,,,,,,,,,,,10/11/2026,,,,,,,,,,,,,,,,,,,,,,,,,,
Zamir White,RB,NO,Showdown Captain Mode,10/11/2026,Showdown Captain Mode 10/11 1:00PM (MIN @ NO),200,44422681,0,0.12,0,0.6,,,,,,,,,,,,,,,,10/11/2026,,,,,,,,,,,,,,,,,,,,,,,,,,
Ty Chandler,RB,NO,Showdown Captain Mode,10/11/2026,Showdown Captain Mode 10/11 1:00PM (MIN @ NO),200,44422682,0,0.12,0,0.6,,,,,,,,,,,,,,,,10/11/2026,,,,,,,,,,,,,,,,,,,,,,,,,,
Michael Briscoe,WR,MIN,Showdown Captain Mode,10/11/2026,Showdown Captain Mode 10/11 1:00PM (MIN @ NO),200,44422683,0,0.12,0,0.6,,,,,,,,,,,,,,,,10/11/2026,,,,,,,,,,,,,,,,,,,,,,,,,,
Kyrese Rowan,WR,NO,Showdown Captain Mode,10/11/2026,Showdown Captain Mode 10/11 1:00PM (MIN @ NO),200,44422684,0,0.12,0,0.6,,,,,,,,,,,,,,,,10/11/2026,,,,,,,,,,,,,,,,,,,,,,,,,,
Dillon Bell,WR,MIN,Showdown Captain Mode,10/11/2026,Showdown Captain Mode 10/11 1:00PM (MIN @ NO),200,44422685,0,0.12,0,0.6,,,,,,,,,,,,,,,,10/11/2026,,,,,,,,,,,,,,,,,,,,,,,,,,
Cedric Tillman,WR,NO,Showdown Captain Mode,10/11/2026,Showdown Captain Mode 10/11 1:00PM (MIN @ NO),200,44422686,0,0.12,0,0.6,,,,,,,,,,,,,,,,10/11/2026,,,,,,,,,,,,,,,,,,,,,,,,,,
Trey Palmer,WR,NO,Showdown Captain Mode,10/11/2026,Showdown Captain Mode 10/11 1:00PM (MIN @ NO),200,44422687,0,0.12,0,0.6,,,,,,,,,,,,,,,,10/11/2026,,,,,,,,,,,,,,,,,,,,,,,,,,
Jalen Moreno-Cropper,WR,NO,Showdown Captain Mode,10/11/2026,Showdown Captain Mode 10/11 1:00PM (MIN @ NO),200,44422688,0,0.12,0,0.6,,,,,,,,,,,,,,,,10/11/2026,,,,,,,,,,,,,,,,,,,,,,,,,,
Josh Oliver,TE,MIN,Showdown Captain Mode,10/11/2026,Showdown Captain Mode 10/11 1:00PM (MIN @ NO),200,44422690,0,0.12,0,0.6,,,,,,,,,,,,,,,,10/11/2026,,,,,,,,,,,,,,,,,,,,,,,,,,
Cam Grandy,TE,MIN,Showdown Captain Mode,10/11/2026,Showdown Captain Mode 10/11 1:00PM (MIN @ NO),200,44422691,0,0.12,0,0.6,,,,,,,,,,,,,,,,10/11/2026,,,,,,,,,,,,,,,,,,,,,,,,,,
Cal Adomitis,TE,NO,Showdown Captain Mode,10/11/2026,Showdown Captain Mode 10/11 1:00PM (MIN @ NO),200,44422692,0,0.12,0,0.6,,,,,,,,,,,,,,,,10/11/2026,,,,,,,,,,,,,,,,,,,,,,,,,,
Andrew DePaola,TE,MIN,Showdown Captain Mode,10/11/2026,Showdown Captain Mode 10/11 1:00PM (MIN @ NO),200,44422693,0,0.12,0,0.6,,,,,,,,,,,,,,,,10/11/2026,,,,,,,,,,,,,,,,,,,,,,,,,,
Zach Wood,TE,NO,Showdown Captain Mode,10/11/2026,Showdown Captain Mode 10/11 1:00PM (MIN @ NO),200,44422694,0,0.12,0,0.6,,,,,,,,,,,,,,,,10/11/2026,,,,,,,,,,,,,,,,,,,,,,,,,,
Stone Smartt,TE,NO,Showdown Captain Mode,10/11/2026,Showdown Captain Mode 10/11 1:00PM (MIN @ NO),200,44422695,0,0.12,0,0.6,,,,,,,,,,,,,,,,10/11/2026,,,,,,,,,,,,,,,,,,,,,,,,,,
Moliki Matavao,TE,NO,Showdown Captain Mode,10/11/2026,Showdown Captain Mode 10/11 1:00PM (MIN @ NO),200,44422696,0,0.12,0,0.6,,,,,,,,,,,,,,,,10/11/2026,,,,,,,,,,,,,,,,,,,,,,,,,,
Ben Yurosek,TE,MIN,Showdown Captain Mode,10/11/2026,Showdown Captain Mode 10/11 1:00PM (MIN @ NO),200,44422698,0,0.12,0,0.6,,,,,,,,,,,,,,,,10/11/2026,,,,,,,,,,,,,,,,,,,,,,,,,,
Mason Tipton,WR,NO,Showdown Captain Mode,10/11/2026,Showdown Captain Mode 10/11 1:00PM (MIN @ NO),200,44422699,0,0.12,0,0.6,,,,,,,,,,,,,,,,10/11/2026,,,,,,,,,,,,,,,,,,,,,,,,,,
Davon Booth,RB,IND,Showdown Captain Mode,10/11/2026,Showdown Captain Mode 10/11 1:00PM (IND @ PIT),200,44423208,0,0.12,0,0.6,,,,,,,,,,,,,,,,10/11/2026,,,,,,,,,,,,,,,,,,,,,,,,,,
Lew Nichols,RB,PIT,Showdown Captain Mode,10/11/2026,Showdown Captain Mode 10/11 1:00PM (IND @ PIT),200,44423210,0,0.12,0,0.6,,,,,,,,,,,,,,,,10/11/2026,,,,,,,,,,,,,,,,,,,,,,,,,,
Alec Pierce,WR,IND,Showdown Captain Mode,10/11/2026,Showdown Captain Mode 10/11 1:00PM (IND @ PIT),200,44423212,0,0.12,0,0.6,,,,,,,,,,,,,,,,10/11/2026,,,,,,,,,,,,,,,,,,,,,,,,,,
Eli Pancol,WR,IND,Showdown Captain Mode,10/11/2026,Showdown Captain Mode 10/11 1:00PM (IND @ PIT),200,44423214,0,0.12,0,0.6,,,,,,,,,,,,,,,,10/11/2026,,,,,,,,,,,,,,,,,,,,,,,,,,
Isaiah Hodgins,WR,PIT,Showdown Captain Mode,10/11/2026,Showdown Captain Mode 10/11 1:00PM (IND @ PIT),200,44423216,0,0.12,0,0.6,,,,,,,,,,,,,,,,10/11/2026,,,,,,,,,,,,,,,,,,,,,,,,,,
Brandon Johnson,WR,PIT,Showdown Captain Mode,10/11/2026,Showdown Captain Mode 10/11 1:00PM (IND @ PIT),200,44423218,0,0.12,0,0.6,,,,,,,,,,,,,,,,10/11/2026,,,,,,,,,,,,,,,,,,,,,,,,,,
Brandon Smith,WR,PIT,Showdown Captain Mode,10/11/2026,Showdown Captain Mode 10/11 1:00PM (IND @ PIT),200,44423220,0,0.12,0,0.6,,,,,,,,,,,,,,,,10/11/2026,,,,,,,,,,,,,,,,,,,,,,,,,,
D.J. Montgomery,WR,IND,Showdown Captain Mode,10/11/2026,Showdown Captain Mode 10/11 1:00PM (IND @ PIT),200,44423222,0,0.12,0,0.6,,,,,,,,,,,,,,,,10/11/2026,,,,,,,,,,,,,,,,,,,,,,,,,,
Cole Burgess,WR,PIT,Showdown Captain Mode,10/11/2026,Showdown Captain Mode 10/11 1:00PM (IND @ PIT),200,44423224,0,0.12,0,0.6,,,,,,,,,,,,,,,,10/11/2026,,,,,,,,,,,,,,,,,,,,,,,,,,
Kenny Fletcher Jr.,TE,IND,Showdown Captain Mode,10/11/2026,Showdown Captain Mode 10/11 1:00PM (IND @ PIT),200,44423227,0,0.12,0,0.6,,,,,,,,,,,,,,,,10/11/2026,,,,,,,,,,,,,,,,,,,,,,,,,,
Lake McRee,TE,PIT,Showdown Captain Mode,10/11/2026,Showdown Captain Mode 10/11 1:00PM (IND @ PIT),200,44423229,0,0.12,0,0.6,,,,,,,,,,,,,,,,10/11/2026,,,,,,,,,,,,,,,,,,,,,,,,,,
Pharaoh Brown,TE,IND,Showdown Captain Mode,10/11/2026,Showdown Captain Mode 10/11 1:00PM (IND @ PIT),200,44423231,0,0.12,0,0.6,,,,,,,,,,,,,,,,10/11/2026,,,,,,,,,,,,,,,,,,,,,,,,,,
Carson Towt,TE,IND,Showdown Captain Mode,10/11/2026,Showdown Captain Mode 10/11 1:00PM (IND @ PIT),200,44423233,0,0.12,0,0.6,,,,,,,,,,,,,,,,10/11/2026,,,,,,,,,,,,,,,,,,,,,,,,,,
Will Mallory,TE,IND,Showdown Captain Mode,10/11/2026,Showdown Captain Mode 10/11 1:00PM (IND @ PIT),200,44423235,0,0.12,0,0.6,,,,,,,,,,,,,,,,10/11/2026,,,,,,,,,,,,,,,,,,,,,,,,,,
Quez Watkins,WR,IND,Showdown Captain Mode,10/11/2026,Showdown Captain Mode 10/11 1:00PM (IND @ PIT),200,44448333,0,0.12,0,0.6,,,,,,,,,,,,,,,,10/11/2026,,,,,,,,,,,,,,,,,,,,,,,,,,
De'Von Achane,RB,MIA,Showdown Captain Mode,10/11/2026,Showdown Captain Mode 10/11 1:00PM (CIN @ MIA),200,44420603,0,0.12,0,0.6,,,,,,,,,,,,,,,,10/11/2026,,,,,,,,,,,,,,,,,,,,,,,,,,
Jarquez Hunter,RB,MIA,Showdown Captain Mode,10/11/2026,Showdown Captain Mode 10/11 1:00PM (CIN @ MIA),200,44420604,0,0.12,0,0.6,,,,,,,,,,,,,,,,10/11/2026,,,,,,,,,,,,,,,,,,,,,,,,,,
Kendall Milton,RB,CIN,Showdown Captain Mode,10/11/2026,Showdown Captain Mode 10/11 1:00PM (CIN @ MIA),200,44420605,0,0.12,0,0.6,,,,,,,,,,,,,,,,10/11/2026,,,,,,,,,,,,,,,,,,,,,,,,,,
Kentrel Bullock,RB,CIN,Showdown Captain Mode,10/11/2026,Showdown Captain Mode 10/11 1:00PM (CIN @ MIA),200,44420606,0,0.12,0,0.6,,,,,,,,,,,,,,,,10/11/2026,,,,,,,,,,,,,,,,,,,,,,,,,,
Andrei Iosivas,WR,CIN,Showdown Captain Mode,10/11/2026,Showdown Captain Mode 10/11 1:00PM (CIN @ MIA),200,44420607,0,0.12,0,0.6,,,,,,,,,,,,,,,,10/11/2026,,,,,,,,,,,,,,,,,,,,,,,,,,
AJ Henning,WR,MIA,Showdown Captain Mode,10/11/2026,Showdown Captain Mode 10/11 1:00PM (CIN @ MIA),200,44420608,0,0.12,0,0.6,,,,,,,,,,,,,,,,10/11/2026,,,,,,,,,,,,,,,,,,,,,,,,,,
Will Sheppard,WR,MIA,Showdown Captain Mode,10/11/2026,Showdown Captain Mode 10/11 1:00PM (CIN @ MIA),200,44420609,0,0.12,0,0.6,,,,,,,,,,,,,,,,10/11/2026,,,,,,,,,,,,,,,,,,,,,,,,,,
Noah Thomas,WR,CIN,Showdown Captain Mode,10/11/2026,Showdown Captain Mode 10/11 1:00PM (CIN @ MIA),200,44420610,0,0.12,0,0.6,,,,,,,,,,,,,,,,10/11/2026,,,,,,,,,,,,,,,,,,,,,,,,,,
Jordan Moore,WR,CIN,Showdown Captain Mode,10/11/2026,Showdown Captain Mode 10/11 1:00PM (CIN @ MIA),200,44420611,0,0.12,0,0.6,,,,,,,,,,,,,,,,10/11/2026,,,,,,,,,,,,,,,,,,,,,,,,,,
Jalen Reagor,WR,MIA,Showdown Captain Mode,10/11/2026,Showdown Captain Mode 10/11 1:00PM (CIN @ MIA),200,44420612,0,0.12,0,0.6,,,,,,,,,,,,,,,,10/11/2026,,,,,,,,,,,,,,,,,,,,,,,,,,
Ke'Shawn Williams,WR,CIN,Showdown Captain Mode,10/11/2026,Showdown Captain Mode 10/11 1:00PM (CIN @ MIA),200,44420613,0,0.12,0,0.6,,,,,,,,,,,,,,,,10/11/2026,,,,,,,,,,,,,,,,,,,,,,,,,,
William Wagner,TE,CIN,Showdown Captain Mode,10/11/2026,Showdown Captain Mode 10/11 1:00PM (CIN @ MIA),200,44420614,0,0.12,0,0.6,,,,,,,,,,,,,,,,10/11/2026,,,,,,,,,,,,,,,,,,,,,,,,,,
Tre Watson,TE,MIA,Showdown Captain Mode,10/11/2026,Showdown Captain Mode 10/11 1:00PM (CIN @ MIA),200,44420615,0,0.12,0,0.6,,,,,,,,,,,,,,,,10/11/2026,,,,,,,,,,,,,,,,,,,,,,,,,,
Cole Turner,TE,MIA,Showdown Captain Mode,10/11/2026,Showdown Captain Mode 10/11 1:00PM (CIN @ MIA),200,44420617,0,0.12,0,0.6,,,,,,,,,,,,,,,,10/11/2026,,,,,,,,,,,,,,,,,,,,,,,,,,
Carlos Washington Jr.,RB,MIA,Showdown Captain Mode,10/11/2026,Showdown Captain Mode 10/11 1:00PM (CIN @ MIA),200,44448315,0,0.12,0,0.6,,,,,,,,,,,,,,,,10/11/2026,,,,,,,,,,,,,,,,,,,,,,,,,,
Craig Reynolds,RB,WAS,Showdown Captain Mode,10/11/2026,Showdown Captain Mode 10/11 1:00PM (NYG @ WAS),200,44420708,0,0.12,0,0.6,,,,,,,,,,,,,,,,10/11/2026,,,,,,,,,,,,,,,,,,,,,,,,,,
Phil Mafah,RB,NYG,Showdown Captain Mode,10/11/2026,Showdown Captain Mode 10/11 1:00PM (NYG @ WAS),200,44420709,0,0.12,0,0.6,,,,,,,,,,,,,,,,10/11/2026,,,,,,,,,,,,,,,,,,,,,,,,,,
Grant Finley,RB,NYG,Showdown Captain Mode,10/11/2026,Showdown Captain Mode 10/11 1:00PM (NYG @ WAS),200,44420711,0,0.12,0,0.6,,,,,,,,,,,,,,,,10/11/2026,,,,,,,,,,,,,,,,,,,,,,,,,,
Jeremy McNichols,RB,WAS,Showdown Captain Mode,10/11/2026,Showdown Captain Mode 10/11 1:00PM (NYG @ WAS),200,44420712,0,0.12,0,0.6,,,,,,,,,,,,,,,,10/11/2026,,,,,,,,,,,,,,,,,,,,,,,,,,
Jaylin Lane,WR,WAS,Showdown Captain Mode,10/11/2026,Showdown Captain Mode 10/11 1:00PM (NYG @ WAS),200,44420713,0,0.12,0,0.6,,,,,,,,,,,,,,,,10/11/2026,,,,,,,,,,,,,,,,,,,,,,,,,,
Jalin Hyatt,WR,NYG,Showdown Captain Mode,10/11/2026,Showdown Captain Mode 10/11 1:00PM (NYG @ WAS),200,44420714,0,0.12,0,0.6,,,,,,,,,,,,,,,,10/11/2026,,,,,,,,,,,,,,,,,,,,,,,,,,
Jaden Bradley,WR,WAS,Showdown Captain Mode,10/11/2026,Showdown Captain Mode 10/11 1:00PM (NYG @ WAS),200,44420715,0,0.12,0,0.6,,,,,,,,,,,,,,,,10/11/2026,,,,,,,,,,,,,,,,,,,,,,,,,,
Dalen Cambre,WR,NYG,Showdown Captain Mode,10/11/2026,Showdown Captain Mode 10/11 1:00PM (NYG @ WAS),200,44420716,0,0.12,0,0.6,,,,,,,,,,,,,,,,10/11/2026,,,,,,,,,,,,,,,,,,,,,,,,,,
Van Jefferson,WR,WAS,Showdown Captain Mode,10/11/2026,Showdown Captain Mode 10/11 1:00PM (NYG @ WAS),200,44420717,0,0.12,0,0.6,,,,,,,,,,,,,,,,10/11/2026,,,,,,,,,,,,,,,,,,,,,,,,,,
River Cracraft,WR,WAS,Showdown Captain Mode,10/11/2026,Showdown Captain Mode 10/11 1:00PM (NYG @ WAS),200,44420718,0,0.12,0,0.6,,,,,,,,,,,,,,,,10/11/2026,,,,,,,,,,,,,,,,,,,,,,,,,,
Gunner Olszewski,WR,NYG,Showdown Captain Mode,10/11/2026,Showdown Captain Mode 10/11 1:00PM (NYG @ WAS),200,44420719,0,0.12,0,0.6,,,,,,,,,,,,,,,,10/11/2026,,,,,,,,,,,,,,,,,,,,,,,,,,
Calvin Austin III,WR,NYG,Showdown Captain Mode,10/11/2026,Showdown Captain Mode 10/11 1:00PM (NYG @ WAS),200,44420721,0,0.12,0,0.6,,,,,,,,,,,,,,,,10/11/2026,,,,,,,,,,,,,,,,,,,,,,,,,,
Jack Westover,TE,WAS,Showdown Captain Mode,10/11/2026,Showdown Captain Mode 10/11 1:00PM (NYG @ WAS),200,44420723,0,0.12,0,0.6,,,,,,,,,,,,,,,,10/11/2026,,,,,,,,,,,,,,,,,,,,,,,,,,
Ben Mann,TE,NYG,Showdown Captain Mode,10/11/2026,Showdown Captain Mode 10/11 1:00PM (NYG @ WAS),200,44420724,0,0.12,0,0.6,,,,,,,,,,,,,,,,10/11/2026,,,,,,,,,,,,,,,,,,,,,,,,,,
Tyler Ott,TE,WAS,Showdown Captain Mode,10/11/2026,Showdown Captain Mode 10/11 1:00PM (NYG @ WAS),200,44420725,0,0.12,0,0.6,,,,,,,,,,,,,,,,10/11/2026,,,,,,,,,,,,,,,,,,,,,,,,,,
Dontae Fleming,WR,NYG,Showdown Captain Mode,10/11/2026,Showdown Captain Mode 10/11 1:00PM (NYG @ WAS),200,44448317,0,0.12,0,0.6,,,,,,,,,,,,,,,,10/11/2026,,,,,,,,,,,,,,,,,,,,,,,,,,
Nick DeGennaro,WR,WAS,Showdown Captain Mode,10/11/2026,Showdown Captain Mode 10/11 1:00PM (NYG @ WAS),200,44448318,0,0.12,0,0.6,,,,,,,,,,,,,,,,10/11/2026,,,,,,,,,,,,,,,,,,,,,,,,,,
Kalel Mullings,RB,TEN,Showdown Captain Mode,10/11/2026,Showdown Captain Mode 10/11 1:00PM (HOU @ TEN),200,44420931,0,0.12,0,0.6,,,,,,,,,,,,,,,,10/11/2026,,,,,,,,,,,,,,,,,,,,,,,,,,
Jawhar Jordan,RB,HOU,Showdown Captain Mode,10/11/2026,Showdown Captain Mode 10/11 1:00PM (HOU @ TEN),200,44420932,0,0.12,0,0.6,,,,,,,,,,,,,,,,10/11/2026,,,,,,,,,,,,,,,,,,,,,,,,,,
British Brooks,RB,HOU,Showdown Captain Mode,10/11/2026,Showdown Captain Mode 10/11 1:00PM (HOU @ TEN),200,44420935,0,0.12,0,0.6,,,,,,,,,,,,,,,,10/11/2026,,,,,,,,,,,,,,,,,,,,,,,,,,
Treyvhon Saunders,WR,HOU,Showdown Captain Mode,10/11/2026,Showdown Captain Mode 10/11 1:00PM (HOU @ TEN),200,44420936,0,0.12,0,0.6,,,,,,,,,,,,,,,,10/11/2026,,,,,,,,,,,,,,,,,,,,,,,,,,
Xavier Restrepo,WR,TEN,Showdown Captain Mode,10/11/2026,Showdown Captain Mode 10/11 1:00PM (HOU @ TEN),200,44420937,0,0.12,0,0.6,,,,,,,,,,,,,,,,10/11/2026,,,,,,,,,,,,,,,,,,,,,,,,,,
Tyren Montgomery,WR,TEN,Showdown Captain Mode,10/11/2026,Showdown Captain Mode 10/11 1:00PM (HOU @ TEN),200,44420938,0,0.12,0,0.6,,,,,,,,,,,,,,,,10/11/2026,,,,,,,,,,,,,,,,,,,,,,,,,,
Josh Kelly,WR,HOU,Showdown Captain Mode,10/11/2026,Showdown Captain Mode 10/11 1:00PM (HOU @ TEN),200,44420939,0,0.12,0,0.6,,,,,,,,,,,,,,,,10/11/2026,,,,,,,,,,,,,,,,,,,,,,,,,,
Daniel Sobkowicz,WR,HOU,Showdown Captain Mode,10/11/2026,Showdown Captain Mode 10/11 1:00PM (HOU @ TEN),200,44420941,0,0.12,0,0.6,,,,,,,,,,,,,,,,10/11/2026,,,,,,,,,,,,,,,,,,,,,,,,,,
K.J. Osborn,WR,TEN,Showdown Captain Mode,10/11/2026,Showdown Captain Mode 10/11 1:00PM (HOU @ TEN),200,44420942,0,0.12,0,0.6,,,,,,,,,,,,,,,,10/11/2026,,,,,,,,,,,,,,,,,,,,,,,,,,
Jayden Higgins,WR,HOU,Showdown Captain Mode,10/11/2026,Showdown Captain Mode 10/11 1:00PM (HOU @ TEN),200,44420943,0,0.12,0,0.6,,,,,,,,,,,,,,,,10/11/2026,,,,,,,,,,,,,,,,,,,,,,,,,,
Joel Wilson,TE,TEN,Showdown Captain Mode,10/11/2026,Showdown Captain Mode 10/11 1:00PM (HOU @ TEN),200,44420945,0,0.12,0,0.6,,,,,,,,,,,,,,,,10/11/2026,,,,,,,,,,,,,,,,,,,,,,,,,,
Zaire Mitchell-Paden,TE,HOU,Showdown Captain Mode,10/11/2026,Showdown Captain Mode 10/11 1:00PM (HOU @ TEN),200,44420946,0,0.12,0,0.6,,,,,,,,,,,,,,,,10/11/2026,,,,,,,,,,,,,,,,,,,,,,,,,,
Jaren Kanak,TE,TEN,Showdown Captain Mode,10/11/2026,Showdown Captain Mode 10/11 1:00PM (HOU @ TEN),200,44420947,0,0.12,0,0.6,,,,,,,,,,,,,,,,10/11/2026,,,,,,,,,,,,,,,,,,,,,,,,,,
Deuce Vaughn,RB,HOU,Showdown Captain Mode,10/11/2026,Showdown Captain Mode 10/11 1:00PM (HOU @ TEN),200,44448322,0,0.12,0,0.6,,,,,,,,,,,,,,,,10/11/2026,,,,,,,,,,,,,,,,,,,,,,,,,,
Al-Jay Henderson,RB,NYJ,Showdown Captain Mode,10/11/2026,Showdown Captain Mode 10/11 1:00PM (CLE @ NYJ),200,44422328,0,0.12,0,0.6,,,,,,,,,,,,,,,,10/11/2026,,,,,,,,,,,,,,,,,,,,,,,,,,
Eric Gray,RB,CLE,Showdown Captain Mode,10/11/2026,Showdown Captain Mode 10/11 1:00PM (CLE @ NYJ),200,44422329,0,0.12,0,0.6,,,,,,,,,,,,,,,,10/11/2026,,,,,,,,,,,,,,,,,,,,,,,,,,
Chip Trayanum,RB,NYJ,Showdown Captain Mode,10/11/2026,Showdown Captain Mode 10/11 1:00PM (CLE @ NYJ),200,44422330,0,0.12,0,0.6,,,,,,,,,,,,,,,,10/11/2026,,,,,,,,,,,,,,,,,,,,,,,,,,
Dylan Sampson,RB,CLE,Showdown Captain Mode,10/11/2026,Showdown Captain Mode 10/11 1:00PM (CLE @ NYJ),200,44422332,0,0.12,0,0.6,,,,,,,,,,,,,,,,10/11/2026,,,,,,,,,,,,,,,,,,,,,,,,,,
Omar Cooper Jr.,WR,NYJ,Showdown Captain Mode,10/11/2026,Showdown Captain Mode 10/11 1:00PM (CLE @ NYJ),200,44422333,0,0.12,0,0.6,,,,,,,,,,,,,,,,10/11/2026,,,,,,,,,,,,,,,,,,,,,,,,,,
Bub Means,WR,CLE,Showdown Captain Mode,10/11/2026,Showdown Captain Mode 10/11 1:00PM (CLE @ NYJ),200,44422334,0,0.12,0,0.6,,,,,,,,,,,,,,,,10/11/2026,,,,,,,,,,,,,,,,,,,,,,,,,,
Tyler Johnson,WR,NYJ,Showdown Captain Mode,10/11/2026,Showdown Captain Mode 10/11 1:00PM (CLE @ NYJ),200,44422335,0,0.12,0,0.6,,,,,,,,,,,,,,,,10/11/2026,,,,,,,,,,,,,,,,,,,,,,,,,,
Arian Smith,WR,NYJ,Showdown Captain Mode,10/11/2026,Showdown Captain Mode 10/11 1:00PM (CLE @ NYJ),200,44422336,0,0.12,0,0.6,,,,,,,,,,,,,,,,10/11/2026,,,,,,,,,,,,,,,,,,,,,,,,,,
Tim Patrick,WR,NYJ,Showdown Captain Mode,10/11/2026,Showdown Captain Mode 10/11 1:00PM (CLE @ NYJ),200,44422337,0,0.12,0,0.6,,,,,,,,,,,,,,,,10/11/2026,,,,,,,,,,,,,,,,,,,,,,,,,,
Jimmy Horn Jr.,WR,CLE,Showdown Captain Mode,10/11/2026,Showdown Captain Mode 10/11 1:00PM (CLE @ NYJ),200,44422340,0,0.12,0,0.6,,,,,,,,,,,,,,,,10/11/2026,,,,,,,,,,,,,,,,,,,,,,,,,,
Cody Hardy,TE,NYJ,Showdown Captain Mode,10/11/2026,Showdown Captain Mode 10/11 1:00PM (CLE @ NYJ),200,44422341,0,0.12,0,0.6,,,,,,,,,,,,,,,,10/11/2026,,,,,,,,,,,,,,,,,,,,,,,,,,
John FitzPatrick,TE,CLE,Showdown Captain Mode,10/11/2026,Showdown Captain Mode 10/11 1:00PM (CLE @ NYJ),200,44422342,0,0.12,0,0.6,,,,,,,,,,,,,,,,10/11/2026,,,,,,,,,,,,,,,,,,,,,,,,,,
Joe Royer,TE,CLE,Showdown Captain Mode,10/11/2026,Showdown Captain Mode 10/11 1:00PM (CLE @ NYJ),200,44422344,0,0.12,0,0.6,,,,,,,,,,,,,,,,10/11/2026,,,,,,,,,,,,,,,,,,,,,,,,,,
Jaret Patterson,RB,CLE,Showdown Captain Mode,10/11/2026,Showdown Captain Mode 10/11 1:00PM (CLE @ NYJ),200,44448325,0,0.12,0,0.6,,,,,,,,,,,,,,,,10/11/2026,,,,,,,,,,,,,,,,,,,,,,,,,,
James Proche II,WR,CLE,Showdown Captain Mode,10/11/2026,Showdown Captain Mode 10/11 1:00PM (CLE @ NYJ),200,44448326,0,0.12,0,0.6,,,,,,,,,,,,,,,,10/11/2026,,,,,,,,,,,,,,,,,,,,,,,,,,
Jonah Coleman,RB,DEN,Showdown Captain Mode,10/11/2026,Showdown Captain Mode 10/11 4:05PM (DEN @ LAC),200,44434467,0,0.12,0,0.6,,,,,,,,,,,,,,,,10/11/2026,,,,,,,,,,,,,,,,,,,,,,,,,,
Gregory Desrosiers,RB,LAC,Showdown Captain Mode,10/11/2026,Showdown Captain Mode 10/11 4:05PM (DEN @ LAC),200,44434469,0,0.12,0,0.6,,,,,,,,,,,,,,,,10/11/2026,,,,,,,,,,,,,,,,,,,,,,,,,,
Amar Johnson,RB,LAC,Showdown Captain Mode,10/11/2026,Showdown Captain Mode 10/11 4:05PM (DEN @ LAC),200,44434470,0,0.12,0,0.6,,,,,,,,,,,,,,,,10/11/2026,,,,,,,,,,,,,,,,,,,,,,,,,,
Cody Schrader,RB,DEN,Showdown Captain Mode,10/11/2026,Showdown Captain Mode 10/11 4:05PM (DEN @ LAC),200,44434471,0,0.12,0,0.6,,,,,,,,,,,,,,,,10/11/2026,,,,,,,,,,,,,,,,,,,,,,,,,,
Scott Matlock,RB,LAC,Showdown Captain Mode,10/11/2026,Showdown Captain Mode 10/11 4:05PM (DEN @ LAC),200,44434472,0,0.12,0,0.6,,,,,,,,,,,,,,,,10/11/2026,,,,,,,,,,,,,,,,,,,,,,,,,,
Cameron Ross,WR,DEN,Showdown Captain Mode,10/11/2026,Showdown Captain Mode 10/11 4:05PM (DEN @ LAC),200,44434474,0,0.12,0,0.6,,,,,,,,,,,,,,,,10/11/2026,,,,,,,,,,,,,,,,,,,,,,,,,,
Theo Wease Jr.,WR,LAC,Showdown Captain Mode,10/11/2026,Showdown Captain Mode 10/11 4:05PM (DEN @ LAC),200,44434475,0,0.12,0,0.6,,,,,,,,,,,,,,,,10/11/2026,,,,,,,,,,,,,,,,,,,,,,,,,,
Dane Key,WR,DEN,Showdown Captain Mode,10/11/2026,Showdown Captain Mode 10/11 4:05PM (DEN @ LAC),200,44434476,0,0.12,0,0.6,,,,,,,,,,,,,,,,10/11/2026,,,,,,,,,,,,,,,,,,,,,,,,,,
Kolbe Katsis,WR,DEN,Showdown Captain Mode,10/11/2026,Showdown Captain Mode 10/11 4:05PM (DEN @ LAC),200,44434477,0,0.12,0,0.6,,,,,,,,,,,,,,,,10/11/2026,,,,,,,,,,,,,,,,,,,,,,,,,,
Michael Bandy,WR,DEN,Showdown Captain Mode,10/11/2026,Showdown Captain Mode 10/11 4:05PM (DEN @ LAC),200,44434480,0,0.12,0,0.6,,,,,,,,,,,,,,,,10/11/2026,,,,,,,,,,,,,,,,,,,,,,,,,,
KeAndre Lambert-Smith,WR,LAC,Showdown Captain Mode,10/11/2026,Showdown Captain Mode 10/11 4:05PM (DEN @ LAC),200,44434481,0,0.12,0,0.6,,,,,,,,,,,,,,,,10/11/2026,,,,,,,,,,,,,,,,,,,,,,,,,,
David Njoku,TE,LAC,Showdown Captain Mode,10/11/2026,Showdown Captain Mode 10/11 4:05PM (DEN @ LAC),200,44434482,0,0.12,0,0.6,,,,,,,,,,,,,,,,10/11/2026,,,,,,,,,,,,,,,,,,,,,,,,,,
Mitchell Fraboni,TE,DEN,Showdown Captain Mode,10/11/2026,Showdown Captain Mode 10/11 4:05PM (DEN @ LAC),200,44434483,0,0.12,0,0.6,,,,,,,,,,,,,,,,10/11/2026,,,,,,,,,,,,,,,,,,,,,,,,,,
Patrick Herbert,TE,LAC,Showdown Captain Mode,10/11/2026,Showdown Captain Mode 10/11 4:05PM (DEN @ LAC),200,44434484,0,0.12,0,0.6,,,,,,,,,,,,,,,,10/11/2026,,,,,,,,,,,,,,,,,,,,,,,,,,
Evan Svoboda,TE,LAC,Showdown Captain Mode,10/11/2026,Showdown Captain Mode 10/11 4:05PM (DEN @ LAC),200,44434485,0,0.12,0,0.6,,,,,,,,,,,,,,,,10/11/2026,,,,,,,,,,,,,,,,,,,,,,,,,,
Lucas Krull,TE,DEN,Showdown Captain Mode,10/11/2026,Showdown Captain Mode 10/11 4:05PM (DEN @ LAC),200,44434486,0,0.12,0,0.6,,,,,,,,,,,,,,,,10/11/2026,,,,,,,,,,,,,,,,,,,,,,,,,,
Caleb Lohner,TE,DEN,Showdown Captain Mode,10/11/2026,Showdown Captain Mode 10/11 4:05PM (DEN @ LAC),200,44434487,0,0.12,0,0.6,,,,,,,,,,,,,,,,10/11/2026,,,,,,,,,,,,,,,,,,,,,,,,,,
Beaux Collins,WR,ATL,Showdown 2nd Half,10/11/2026,Showdown 2nd Half 10/11 9:20PM 2H (BAL @ ATL),200,44447476,0,0.12,0,0.6,,,,,,,,,,,,,,,,10/11/2026,,,,,,,,,,,,,,,,,,,,,,,,,,
Jam Miller,RB,ATL,Showdown 2nd Half,10/11/2026,Showdown 2nd Half 10/11 9:20PM 2H (BAL @ ATL),200,44447466,0,0.12,0,0.6,,,,,,,,,,,,,,,,10/11/2026,,,,,,,,,,,,,,,,,,,,,,,,,,
Antwane Wells Jr.,WR,ATL,Showdown 2nd Half,10/11/2026,Showdown 2nd Half 10/11 9:20PM 2H (BAL @ ATL),200,44447459,0,0.12,0,0.6,,,,,,,,,,,,,,,,10/11/2026,,,,,,,,,,,,,,,,,,,,,,,,,,
Xavier Guillory,WR,BAL,Showdown 2nd Half,10/11/2026,Showdown 2nd Half 10/11 9:20PM 2H (BAL @ ATL),200,44447461,0,0.12,0,0.6,,,,,,,,,,,,,,,,10/11/2026,,,,,,,,,,,,,,,,,,,,,,,,,,
Dylan Drummond,WR,ATL,Showdown 2nd Half,10/11/2026,Showdown 2nd Half 10/11 9:20PM 2H (BAL @ ATL),200,44447458,0,0.12,0,0.6,,,,,,,,,,,,,,,,10/11/2026,,,,,,,,,,,,,,,,,,,,,,,,,,
Adam Randall,RB,BAL,Showdown 2nd Half,10/11/2026,Showdown 2nd Half 10/11 9:20PM 2H (BAL @ ATL),200,44447470,0,0.12,0,0.6,,,,,,,,,,,,,,,,10/11/2026,,,,,,,,,,,,,,,,,,,,,,,,,,
Ja'Kobi Lane,WR,BAL,Showdown 2nd Half,10/11/2026,Showdown 2nd Half 10/11 9:20PM 2H (BAL @ ATL),200,44447467,0,0.12,0,0.6,,,,,,,,,,,,,,,,10/11/2026,,,,,,,,,,,,,,,,,,,,,,,,,,
Ty Pezza,TE,BAL,Showdown 2nd Half,10/11/2026,Showdown 2nd Half 10/11 9:20PM 2H (BAL @ ATL),200,44447468,0,0.12,0,0.6,,,,,,,,,,,,,,,,10/11/2026,,,,,,,,,,,,,,,,,,,,,,,,,,
Vinny Anthony II,WR,ATL,Showdown 2nd Half,10/11/2026,Showdown 2nd Half 10/11 9:20PM 2H (BAL @ ATL),200,44447464,0,0.12,0,0.6,,,,,,,,,,,,,,,,10/11/2026,,,,,,,,,,,,,,,,,,,,,,,,,,
Khalil Herbert,RB,ATL,Showdown 2nd Half,10/11/2026,Showdown 2nd Half 10/11 9:20PM 2H (BAL @ ATL),200,44447471,0,0.12,0,0.6,,,,,,,,,,,,,,,,10/11/2026,,,,,,,,,,,,,,,,,,,,,,,,,,
Trey Sermon,RB,ATL,Showdown 2nd Half,10/11/2026,Showdown 2nd Half 10/11 9:20PM 2H (BAL @ ATL),200,44447465,0,0.12,0,0.6,,,,,,,,,,,,,,,,10/11/2026,,,,,,,,,,,,,,,,,,,,,,,,,,
Jack Velling,TE,ATL,Showdown 2nd Half,10/11/2026,Showdown 2nd Half 10/11 9:20PM 2H (BAL @ ATL),200,44447475,0,0.12,0,0.6,,,,,,,,,,,,,,,,10/11/2026,,,,,,,,,,,,,,,,,,,,,,,,,,
Gage Larvadain,WR,BAL,Showdown 2nd Half,10/11/2026,Showdown 2nd Half 10/11 9:20PM 2H (BAL @ ATL),200,44447460,0,0.12,0,0.6,,,,,,,,,,,,,,,,10/11/2026,,,,,,,,,,,,,,,,,,,,,,,,,,
Lucas Scott,RB,BAL,Showdown 2nd Half,10/11/2026,Showdown 2nd Half 10/11 9:20PM 2H (BAL @ ATL),200,44447463,0,0.12,0,0.6,,,,,,,,,,,,,,,,10/11/2026,,,,,,,,,,,,,,,,,,,,,,,,,,
Jonathan Ward,RB,BAL,Showdown 2nd Half,10/11/2026,Showdown 2nd Half 10/11 9:20PM 2H (BAL @ ATL),200,44447469,0,0.12,0,0.6,,,,,,,,,,,,,,,,10/11/2026,,,,,,,,,,,,,,,,,,,,,,,,,,
Lucas Scott,RB,BAL,Showdown 4th Quarter,10/11/2026,Showdown 4th Quarter 10/11 9:50PM Q4 (BAL @ ATL),200,44447603,0,0.12,0,0.6,,,,,,,,,,,,,,,,10/11/2026,,,,,,,,,,,,,,,,,,,,,,,,,,
Khalil Herbert,RB,ATL,Showdown 4th Quarter,10/11/2026,Showdown 4th Quarter 10/11 9:50PM Q4 (BAL @ ATL),200,44447618,0,0.12,0,0.6,,,,,,,,,,,,,,,,10/11/2026,,,,,,,,,,,,,,,,,,,,,,,,,,
Jonathan Ward,RB,BAL,Showdown 4th Quarter,10/11/2026,Showdown 4th Quarter 10/11 9:50PM Q4 (BAL @ ATL),200,44447610,0,0.12,0,0.6,,,,,,,,,,,,,,,,10/11/2026,,,,,,,,,,,,,,,,,,,,,,,,,,
Ty Pezza,TE,BAL,Showdown 4th Quarter,10/11/2026,Showdown 4th Quarter 10/11 9:50PM Q4 (BAL @ ATL),200,44447621,0,0.12,0,0.6,,,,,,,,,,,,,,,,10/11/2026,,,,,,,,,,,,,,,,,,,,,,,,,,
Beaux Collins,WR,ATL,Showdown 4th Quarter,10/11/2026,Showdown 4th Quarter 10/11 9:50PM Q4 (BAL @ ATL),200,44447608,0,0.12,0,0.6,,,,,,,,,,,,,,,,10/11/2026,,,,,,,,,,,,,,,,,,,,,,,,,,
Adam Randall,RB,BAL,Showdown 4th Quarter,10/11/2026,Showdown 4th Quarter 10/11 9:50PM Q4 (BAL @ ATL),200,44447620,0,0.12,0,0.6,,,,,,,,,,,,,,,,10/11/2026,,,,,,,,,,,,,,,,,,,,,,,,,,
Vinny Anthony II,WR,ATL,Showdown 4th Quarter,10/11/2026,Showdown 4th Quarter 10/11 9:50PM Q4 (BAL @ ATL),200,44447612,0,0.12,0,0.6,,,,,,,,,,,,,,,,10/11/2026,,,,,,,,,,,,,,,,,,,,,,,,,,
Ja'Kobi Lane,WR,BAL,Showdown 4th Quarter,10/11/2026,Showdown 4th Quarter 10/11 9:50PM Q4 (BAL @ ATL),200,44447616,0,0.12,0,0.6,,,,,,,,,,,,,,,,10/11/2026,,,,,,,,,,,,,,,,,,,,,,,,,,
Gage Larvadain,WR,BAL,Showdown 4th Quarter,10/11/2026,Showdown 4th Quarter 10/11 9:50PM Q4 (BAL @ ATL),200,44447609,0,0.12,0,0.6,,,,,,,,,,,,,,,,10/11/2026,,,,,,,,,,,,,,,,,,,,,,,,,,
Jam Miller,RB,ATL,Showdown 4th Quarter,10/11/2026,Showdown 4th Quarter 10/11 9:50PM Q4 (BAL @ ATL),200,44447613,0,0.12,0,0.6,,,,,,,,,,,,,,,,10/11/2026,,,,,,,,,,,,,,,,,,,,,,,,,,
Trey Sermon,RB,ATL,Showdown 4th Quarter,10/11/2026,Showdown 4th Quarter 10/11 9:50PM Q4 (BAL @ ATL),200,44447617,0,0.12,0,0.6,,,,,,,,,,,,,,,,10/11/2026,,,,,,,,,,,,,,,,,,,,,,,,,,
Antwane Wells Jr.,WR,ATL,Showdown 4th Quarter,10/11/2026,Showdown 4th Quarter 10/11 9:50PM Q4 (BAL @ ATL),200,44447607,0,0.12,0,0.6,,,,,,,,,,,,,,,,10/11/2026,,,,,,,,,,,,,,,,,,,,,,,,,,
Jack Velling,TE,ATL,Showdown 4th Quarter,10/11/2026,Showdown 4th Quarter 10/11 9:50PM Q4 (BAL @ ATL),200,44447606,0,0.12,0,0.6,,,,,,,,,,,,,,,,10/11/2026,,,,,,,,,,,,,,,,,,,,,,,,,,
Dylan Drummond,WR,ATL,Showdown 4th Quarter,10/11/2026,Showdown 4th Quarter 10/11 9:50PM Q4 (BAL @ ATL),200,44447615,0,0.12,0,0.6,,,,,,,,,,,,,,,,10/11/2026,,,,,,,,,,,,,,,,,,,,,,,,,,
Xavier Guillory,WR,BAL,Showdown 4th Quarter,10/11/2026,Showdown 4th Quarter 10/11 9:50PM Q4 (BAL @ ATL),200,44447605,0,0.12,0,0.6,,,,,,,,,,,,,,,,10/11/2026,,,,,,,,,,,,,,,,,,,,,,,,,,
Brock Lampe,RB,BUF,Showdown 2nd Half,10/12/2026,Showdown 2nd Half 10/12 9:15PM 2H (BUF @ LAR),200,44447717,0,0.12,0,0.6,,,,,,,,,,,,,,,,10/12/2026,,,,,,,,,,,,,,,,,,,,,,,,,,
Trent Sherfield Sr.,WR,BUF,Showdown 2nd Half,10/12/2026,Showdown 2nd Half 10/12 9:15PM 2H (BUF @ LAR),200,44447718,0,0.12,0,0.6,,,,,,,,,,,,,,,,10/12/2026,,,,,,,,,,,,,,,,,,,,,,,,,,
Frank Gore Jr.,RB,BUF,Showdown 2nd Half,10/12/2026,Showdown 2nd Half 10/12 9:15PM 2H (BUF @ LAR),200,44447710,0,0.12,0,0.6,,,,,,,,,,,,,,,,10/12/2026,,,,,,,,,,,,,,,,,,,,,,,,,,
Terrance Ferguson,TE,LAR,Showdown 2nd Half,10/12/2026,Showdown 2nd Half 10/12 9:15PM 2H (BUF @ LAR),200,44447708,0,0.12,0,0.6,,,,,,,,,,,,,,,,10/12/2026,,,,,,,,,,,,,,,,,,,,,,,,,,
Brennan Presley,WR,LAR,Showdown 2nd Half,10/12/2026,Showdown 2nd Half 10/12 9:15PM 2H (BUF @ LAR),200,44447712,0,0.12,0,0.6,,,,,,,,,,,,,,,,10/12/2026,,,,,,,,,,,,,,,,,,,,,,,,,,
Ronnie Rivers,RB,LAR,Showdown 2nd Half,10/12/2026,Showdown 2nd Half 10/12 9:15PM 2H (BUF @ LAR),200,44447706,0,0.12,0,0.6,,,,,,,,,,,,,,,,10/12/2026,,,,,,,,,,,,,,,,,,,,,,,,,,
Dan Villari,TE,LAR,Showdown 2nd Half,10/12/2026,Showdown 2nd Half 10/12 9:15PM 2H (BUF @ LAR),200,44447707,0,0.12,0,0.6,,,,,,,,,,,,,,,,10/12/2026,,,,,,,,,,,,,,,,,,,,,,,,,,
Ja'Mori Maclin,WR,BUF,Showdown 2nd Half,10/12/2026,Showdown 2nd Half 10/12 9:15PM 2H (BUF @ LAR),200,44447714,0,0.12,0,0.6,,,,,,,,,,,,,,,,10/12/2026,,,,,,,,,,,,,,,,,,,,,,,,,,
Jordan Waters,RB,LAR,Showdown 2nd Half,10/12/2026,Showdown 2nd Half 10/12 9:15PM 2H (BUF @ LAR),200,44447715,0,0.12,0,0.6,,,,,,,,,,,,,,,,10/12/2026,,,,,,,,,,,,,,,,,,,,,,,,,,
Stephen Gosnell,WR,BUF,Showdown 2nd Half,10/12/2026,Showdown 2nd Half 10/12 9:15PM 2H (BUF @ LAR),200,44447716,0,0.12,0,0.6,,,,,,,,,,,,,,,,10/12/2026,,,,,,,,,,,,,,,,,,,,,,,,,,
Tyrell Shavers,WR,BUF,Showdown 2nd Half,10/12/2026,Showdown 2nd Half 10/12 9:15PM 2H (BUF @ LAR),200,44447709,0,0.12,0,0.6,,,,,,,,,,,,,,,,10/12/2026,,,,,,,,,,,,,,,,,,,,,,,,,,
Brock Lampe,RB,BUF,Showdown 4th Quarter,10/12/2026,Showdown 4th Quarter 10/12 9:45PM Q4 (BUF @ LAR),200,44447809,0,0.12,0,0.6,,,,,,,,,,,,,,,,10/12/2026,,,,,,,,,,,,,,,,,,,,,,,,,,
Ronnie Rivers,RB,LAR,Showdown 4th Quarter,10/12/2026,Showdown 4th Quarter 10/12 9:45PM Q4 (BUF @ LAR),200,44447806,0,0.12,0,0.6,,,,,,,,,,,,,,,,10/12/2026,,,,,,,,,,,,,,,,,,,,,,,,,,
Ja'Mori Maclin,WR,BUF,Showdown 4th Quarter,10/12/2026,Showdown 4th Quarter 10/12 9:45PM Q4 (BUF @ LAR),200,44447803,0,0.12,0,0.6,,,,,,,,,,,,,,,,10/12/2026,,,,,,,,,,,,,,,,,,,,,,,,,,
Jordan Waters,RB,LAR,Showdown 4th Quarter,10/12/2026,Showdown 4th Quarter 10/12 9:45PM Q4 (BUF @ LAR),200,44447808,0,0.12,0,0.6,,,,,,,,,,,,,,,,10/12/2026,,,,,,,,,,,,,,,,,,,,,,,,,,
Dan Villari,TE,LAR,Showdown 4th Quarter,10/12/2026,Showdown 4th Quarter 10/12 9:45PM Q4 (BUF @ LAR),200,44447807,0,0.12,0,0.6,,,,,,,,,,,,,,,,10/12/2026,,,,,,,,,,,,,,,,,,,,,,,,,,
Brennan Presley,WR,LAR,Showdown 4th Quarter,10/12/2026,Showdown 4th Quarter 10/12 9:45PM Q4 (BUF @ LAR),200,44447813,0,0.12,0,0.6,,,,,,,,,,,,,,,,10/12/2026,,,,,,,,,,,,,,,,,,,,,,,,,,
Terrance Ferguson,TE,LAR,Showdown 4th Quarter,10/12/2026,Showdown 4th Quarter 10/12 9:45PM Q4 (BUF @ LAR),200,44447811,0,0.12,0,0.6,,,,,,,,,,,,,,,,10/12/2026,,,,,,,,,,,,,,,,,,,,,,,,,,
Stephen Gosnell,WR,BUF,Showdown 4th Quarter,10/12/2026,Showdown 4th Quarter 10/12 9:45PM Q4 (BUF @ LAR),200,44447814,0,0.12,0,0.6,,,,,,,,,,,,,,,,10/12/2026,,,,,,,,,,,,,,,,,,,,,,,,,,
Trent Sherfield Sr.,WR,BUF,Showdown 4th Quarter,10/12/2026,Showdown 4th Quarter 10/12 9:45PM Q4 (BUF @ LAR),200,44447804,0,0.12,0,0.6,,,,,,,,,,,,,,,,10/12/2026,,,,,,,,,,,,,,,,,,,,,,,,,,
Tyrell Shavers,WR,BUF,Showdown 4th Quarter,10/12/2026,Showdown 4th Quarter 10/12 9:45PM Q4 (BUF @ LAR),200,44447815,0,0.12,0,0.6,,,,,,,,,,,,,,,,10/12/2026,,,,,,,,,,,,,,,,,,,,,,,,,,
Frank Gore Jr.,RB,BUF,Showdown 4th Quarter,10/12/2026,Showdown 4th Quarter 10/12 9:45PM Q4 (BUF @ LAR),200,44447812,0,0.12,0,0.6,,,,,,,,,,,,,,,,10/12/2026,,,,,,,,,,,,,,,,,,,,,,,,,,